Process,Image Path,Max Temp,Min Temp,X_0,Y_0,Z_0,Vis_0,Pres_0,X_1,Y_1,Z_1,Vis_1,Pres_1,X_2,Y_2,Z_2,Vis_2,Pres_2,X_3,Y_3,Z_3,Vis_3,Pres_3,X_4,Y_4,Z_4,Vis_4,Pres_4,X_5,Y_5,Z_5,Vis_5,Pres_5,X_6,Y_6,Z_6,Vis_6,Pres_6,X_7,Y_7,Z_7,Vis_7,Pres_7,X_8,Y_8,Z_8,Vis_8,Pres_8,X_9,Y_9,Z_9,Vis_9,Pres_9,X_10,Y_10,Z_10,Vis_10,Pres_10,X_11,Y_11,Z_11,Vis_11,Pres_11,X_12,Y_12,Z_12,Vis_12,Pres_12,X_13,Y_13,Z_13,Vis_13,Pres_13,X_14,Y_14,Z_14,Vis_14,Pres_14,X_15,Y_15,Z_15,Vis_15,Pres_15,X_16,Y_16,Z_16,Vis_16,Pres_16,X_17,Y_17,Z_17,Vis_17,Pres_17,X_18,Y_18,Z_18,Vis_18,Pres_18,X_19,Y_19,Z_19,Vis_19,Pres_19,X_20,Y_20,Z_20,Vis_20,Pres_20,X_21,Y_21,Z_21,Vis_21,Pres_21,X_22,Y_22,Z_22,Vis_22,Pres_22,X_23,Y_23,Z_23,Vis_23,Pres_23,X_24,Y_24,Z_24,Vis_24,Pres_24,X_25,Y_25,Z_25,Vis_25,Pres_25,X_26,Y_26,Z_26,Vis_26,Pres_26,X_27,Y_27,Z_27,Vis_27,Pres_27,X_28,Y_28,Z_28,Vis_28,Pres_28,X_29,Y_29,Z_29,Vis_29,Pres_29,X_30,Y_30,Z_30,Vis_30,Pres_30,X_31,Y_31,Z_31,Vis_31,Pres_31,X_32,Y_32,Z_32,Vis_32,Pres_32,torso_x,torso_y,left_hand_x,left_hand_y,right_hand_x,right_hand_y,left_foot_x,left_foot_y,right_foot_x,right_foot_y
False,/data/uabcvmsc/shared/newborn/29/16.08.24/HM20240816075621.jpeg,37.9,24.4
False,/data/uabcvmsc/shared/newborn/29/16.08.24/HM20240816075723.jpeg,37.9,23.8
False,/data/uabcvmsc/shared/newborn/29/16.08.24/HM20240816075825.jpeg,38.1,24.0
False,/data/uabcvmsc/shared/newborn/29/16.08.24/HM20240816075927.jpeg,38.4,25.1
False,/data/uabcvmsc/shared/newborn/29/16.08.24/HM20240816080032.jpeg,37.2,20.4
False,/data/uabcvmsc/shared/newborn/29/16.08.24/HM20240816080133.jpeg,37.3,23.3
False,/data/uabcvmsc/shared/newborn/29/16.08.24/HM20240816080234.jpeg,38.5,23.1
False,/data/uabcvmsc/shared/newborn/29/16.08.24/HM20240816080336.jpeg,37.6,23.3
False,/data/uabcvmsc/shared/newborn/29/16.08.24/HM20240816080438.jpeg,37.5,24.9
False,/data/uabcvmsc/shared/newborn/29/16.08.24/HM20240816080540.jpeg,37.6,26.2,2325,1348,0.015416373498737812,0.9981397390365601,0.9999750852584839,2355,1398,0.032960034906864166,0.9976770281791687,0.9999560117721558,2347,1415,0.03279847651720047,0.9970147609710693,0.9999547004699707,2337,1432,0.03283671289682388,0.9975464940071106,0.9999333620071411,2384,1354,0.026982316747307777,0.9991674423217773,0.9999440908432007,2398,1338,0.026832591742277145,0.9991868138313293,0.999940037727356,2413,1322,0.026730040088295937,0.999312162399292,0.9999063014984131,2335,1450,0.12112315744161606,0.997255265712738,0.9999545812606812,2445,1294,0.0943160355091095,0.9986063838005066,0.999893069267273,2286,1349,0.05193110555410385,0.993198573589325,0.9999417066574097,2321,1297,0.04221029952168465,0.9947015643119812,0.9998836517333984,2212,1518,0.10576476156711578,0.9999526739120483,0.9999696016311646,2430,1083,0.0796472579240799,0.9998058676719666,0.9998223185539246,2137,1663,-0.09676175564527512,0.19353067874908447,0.9995500445365906,2160,826,-0.08729477226734161,0.008622013963758945,0.9904628396034241,2372,1879,-0.34997498989105225,0.3345728814601898,0.9998998641967773,1899,906,-0.2770451605319977,0.013856889680027962,0.9994609951972961,2415,1932,-0.4070066511631012,0.4825601875782013,0.9994409680366516,1805,900,-0.32438987493515015,0.0312592051923275,0.9990918636322021,2471,1945,-0.394070029258728,0.48884400725364685,0.9996991157531738,1823,1002,-0.3205646574497223,0.02849138341844082,0.9995787739753723,2458,1910,-0.3517962098121643,0.40378308296203613,0.9998767375946045,1859,992,-0.2805502414703369,0.020536696538329124,0.9997819066047668,2010,1203,0.0023895076010376215,0.9999737739562988,0.9999997615814209,2164,958,-0.002745971782132983,0.9999338388442993,0.9999994039535522,1882,1400,-0.33550265431404114,0.3498363494873047,0.9999988079071045,2329,618,-0.3437323570251465,0.23280400037765503,0.9999898672103882,1564,922,-0.39610201120376587,0.5196417570114136,0.9999936819076538,1698,761,-0.3555326759815216,0.3150903582572937,0.9999881982803345,1502,765,-0.40490269660949707,0.5535714626312256,0.9999598264694214,1585,809,-0.35445359349250793,0.5462316870689392,0.9999784231185913,1426,799,-0.544062077999115,0.3571551442146301,0.9996019005775452,1590,700,-0.4672579765319824,0.302543580532074,0.9996956586837769
True,/data/uabcvmsc/shared/newborn/29/16.08.24/HM20240816080641.jpeg,37.5,27.7,1703,541,-0.253587931394577,0.9947232007980347,0.9972214698791504,1703,498,-0.2384052872657776,0.9912342429161072,0.9929755926132202,1712,502,-0.23877635598182678,0.9874009490013123,0.9943243265151978,1723,541,-0.2388155609369278,0.9948858618736267,0.9934061765670776,1671,520,-0.2563215494155884,0.9958093166351318,0.992763102054596,1650,592,-0.256625771522522,0.9951109290122986,0.9944688081741333,1635,606,-0.2568381130695343,0.9974712133407593,0.9944250583648682,1741,604,-0.15322351455688477,0.9972383975982666,0.9972336888313293,1620,697,-0.23518092930316925,0.9957165122032166,0.9968029260635376,1732,578,-0.21803100407123566,0.9964281916618347,0.9990523457527161,1703,646,-0.24408294260501862,0.9961259961128235,0.9987788796424866,2008,734,-0.16462789475917816,0.9997949004173279,0.9998624324798584,1749,1073,-0.18564912676811218,0.9988736510276794,0.9997007846832275,2272,602,-0.3213314414024353,0.5135607719421387,0.9987039566040039,1841,1214,-0.29191944003105164,0.7297703623771667,0.9988833069801331,1886,874,-0.45520856976509094,0.21805773675441742,0.9999171495437622,1532,916,-0.33830100297927856,0.5974759459495544,0.9998958110809326,1836,958,-0.492484450340271,0.1114981397986412,0.9998279809951782,1451,841,-0.3662465214729309,0.46297311782836914,0.9997945427894592,1771,939,-0.4540478587150574,0.09645676612854004,0.9998888969421387,1478,824,-0.34380316734313965,0.41649991273880005,0.9998249411582947,1806,920,-0.44258996844291687,0.08658406883478165,0.9999327659606934,1506,815,-0.3317757248878479,0.30526724457740784,0.9999076128005981,2417,1144,-0.013432878069579601,0.9997134804725647,0.9999788999557495,2269,1320,0.013151682913303375,0.9996997117996216,0.9999858140945435,2534,1492,0.19432765245437622,0.002892792224884033,0.999803364276886,2333,1711,0.10021113604307175,0.0032672227825969458,0.9998904466629028,2632,1871,0.4299846291542053,0.006084222812205553,0.9995145797729492,2492,1995,0.32032957673072815,0.007019984070211649,0.9993871450424194,2657,1904,0.45153433084487915,0.013273126445710659,0.9988583326339722,2534,2024,0.3418244421482086,0.008698537945747375,0.9992632269859314,2658,2045,0.37857475876808167,0.011822687461972237,0.9981780052185059,2545,2121,0.2614958584308624,0.009793013334274292,0.9965823292732239,None,None,None,None,None,None,None,None,None,None
False,/data/uabcvmsc/shared/newborn/29/16.08.24/HM20240816080743.jpeg,37.9,28.6
True,/data/uabcvmsc/shared/newborn/29/16.08.24/HM20240816080845.jpeg,37.9,27.6,2600,1661,0.23444963991641998,0.9986957907676697,0.9999734163284302,2582,1671,0.2639942467212677,0.9977134466171265,0.9999427795410156,2570,1676,0.2638201415538788,0.9961297512054443,0.9999420642852783,2572,1699,0.26386380195617676,0.9975370168685913,0.9999244213104248,2628,1639,0.2649475634098053,0.9990941286087036,0.9999409914016724,2638,1630,0.2647458612918854,0.9989014863967896,0.9999474287033081,2646,1623,0.2646833062171936,0.9994903802871704,0.9999396800994873,2522,1682,0.3402544856071472,0.9957127571105957,0.999956488609314,2640,1577,0.344716340303421,0.9973777532577515,0.9999240636825562,2560,1645,0.2579621970653534,0.9981608986854553,0.9999785423278809,2595,1595,0.25658118724823,0.9985833168029785,0.9999620914459229,2384,1655,0.27541667222976685,0.999956488609314,0.9999760389328003,2588,1305,0.27998843789100647,0.9999358654022217,0.9999198913574219,2379,1909,0.23657071590423584,0.43166953325271606,0.99997878074646,2454,1039,0.1663062572479248,0.041710298508405685,0.9997202754020691,2568,1840,0.305159330368042,0.039523642510175705,0.9999951124191284,2366,731,0.04620664566755295,0.062326088547706604,0.9999462366104126,2603,1826,0.31091639399528503,0.024452965706586838,0.9999704360961914,2384,701,0.019261842593550682,0.05529007688164711,0.9997764229774475,2606,1795,0.325504869222641,0.022539544850587845,0.9999744892120361,2360,643,0.011444974690675735,0.05274449661374092,0.9998047947883606,2588,1790,0.31277230381965637,0.022948073223233223,0.9999901056289673,2351,690,0.0365532711148262,0.04967508465051651,0.9999315738677979,2181,1255,-0.005222915671765804,0.9999898672103882,0.9999998807907104,2308,1038,0.004696528892964125,0.9999871253967285,0.9999998807907104,1933,1376,-0.32092779874801636,0.5233320593833923,0.999995231628418,2259,543,-0.27111417055130005,0.30383414030075073,0.9999608993530273,1560,1025,-0.32991307973861694,0.22748975455760956,0.9999725818634033,1707,769,-0.2326824814081192,0.1022801622748375,0.9999607801437378,1501,934,-0.32998424768447876,0.30372995138168335,0.9998807907104492,1651,842,-0.2249993532896042,0.21876977384090424,0.9999425411224365,1475,838,-0.44723284244537354,0.1538008451461792,0.9986949563026428,1508,758,-0.33084216713905334,0.0974387601017952,0.9991589784622192,None,None,None,None,None,None,None,None,None,None
True,/data/uabcvmsc/shared/newborn/29/16.08.24/HM20240816080948.jpeg,37.9,27.4,2720,1588,0.28245601058006287,0.9997757077217102,0.9999959468841553,2749,1598,0.307895690202713,0.9995821118354797,0.9999902248382568,2750,1598,0.3078012764453888,0.9993280172348022,0.99998939037323,2719,1642,0.3078688085079193,0.9994877576828003,0.9999849796295166,2757,1567,0.3138200640678406,0.9998319149017334,0.9999908208847046,2758,1565,0.31361329555511475,0.999809205532074,0.9999921321868896,2752,1559,0.31358322501182556,0.9998975992202759,0.9999909400939941,2671,1641,0.37293803691864014,0.9991512298583984,0.9999858140945435,2718,1530,0.40000954270362854,0.9995515942573547,0.9999874830245972,2664,1588,0.30242589116096497,0.9994465708732605,0.999991774559021,2681,1544,0.3078629672527313,0.9995297193527222,0.9999842643737793,2441,1628,0.2923835217952728,0.9999423027038574,0.9999774694442749,2600,1317,0.31859418749809265,0.9999653100967407,0.9999686479568481,2410,1867,0.09372716397047043,0.5277484059333801,0.9998639822006226,2553,1095,0.17956650257110596,0.170035719871521,0.9998608827590942,2611,1883,-0.015099871903657913,0.23885101079940796,0.9999868869781494,2470,838,0.04590415582060814,0.40470102429389954,0.9999761581420898,2640,1895,-0.038222599774599075,0.22261059284210205,0.9999423027038574,2461,755,0.018717240542173386,0.3718057870864868,0.9998981952667236,2657,1875,-0.015061122365295887,0.20875044167041779,0.9999539852142334,2429,756,0.011297071352601051,0.3507351875305176,0.9999092817306519,2630,1853,-0.008103468455374241,0.19082626700401306,0.9999799728393555,2408,723,0.03628438711166382,0.33963796496391296,0.9999674558639526,2153,1177,-0.0054369294084608555,0.9999967813491821,1.0,2278,981,0.004916206933557987,0.9999970197677612,1.0,1994,1355,-0.3429092764854431,0.8750176429748535,0.9999980926513672,2264,542,-0.3077232539653778,0.8826019167900085,0.9999904632568359,1554,996,-0.43641364574432373,0.6488130688667297,0.9999895095825195,1799,814,-0.33815860748291016,0.4713474214076996,0.9999823570251465,1529,850,-0.4462087154388428,0.6547078490257263,0.9999459981918335,1683,826,-0.33760780096054077,0.6431180834770203,0.9999701976776123,1372,782,-0.5661287903785706,0.5460680723190308,0.9992544054985046,1579,784,-0.4391171634197235,0.43836918473243713,0.9995809197425842,None,None,None,None,None,None,None,None,None,None
False,/data/uabcvmsc/shared/newborn/29/16.08.24/HM20240816081050.jpeg,37.9,28.8
False,/data/uabcvmsc/shared/newborn/29/16.08.24/HM20240816081152.jpeg,37.8,28.8
True,/data/uabcvmsc/shared/newborn/29/16.08.24/HM20240816081254.jpeg,37.9,29.0,2671,1644,0.2916627526283264,0.9999523162841797,0.999998927116394,2686,1675,0.3197524845600128,0.9999257326126099,0.9999969005584717,2679,1688,0.31960785388946533,0.9998881816864014,0.9999969005584717,2672,1700,0.31969183683395386,0.9999146461486816,0.9999957084655762,2703,1635,0.3231954276561737,0.9999644756317139,0.9999967813491821,2708,1620,0.3229729235172272,0.9999580383300781,0.9999970197677612,2713,1605,0.322966068983078,0.9999732971191406,0.999996542930603,2632,1689,0.3962647616863251,0.9998593330383301,0.9999967813491821,2691,1562,0.41208842396736145,0.999871015548706,0.9999951124191284,2618,1636,0.3162190020084381,0.9998763799667358,0.9999983310699463,2640,1586,0.31822288036346436,0.9998663663864136,0.9999958276748657,2421,1654,0.312320351600647,0.9999709129333496,0.9999948740005493,2608,1349,0.33549177646636963,0.999963641166687,0.9999794960021973,2400,1855,0.11324425041675568,0.3098343312740326,0.9998784065246582,2635,1116,0.14045307040214539,0.17942194640636444,0.999797523021698,2566,1867,-0.049495574086904526,0.3696291744709015,0.9999845027923584,2624,1080,-0.06549537181854248,0.6286789774894714,0.999987006187439,2606,1897,-0.08057274669408798,0.40880826115608215,0.9999415874481201,2618,1053,-0.10659821331501007,0.6760260462760925,0.999964714050293,2612,1868,-0.06146984174847603,0.3885209262371063,0.999957799911499,2600,1099,-0.10333546996116638,0.6517952680587769,0.9999761581420898,2596,1841,-0.04427282512187958,0.34291768074035645,0.9999802112579346,2596,1107,-0.07275491207838058,0.5872889757156372,0.9999895095825195,2156,1162,0.0002650547248777002,0.9999955892562866,1.0,2260,960,-0.0007965861004777253,0.9999953508377075,0.9999998807907104,1950,1374,-0.3144512474536896,0.850496768951416,0.9999991655349731,2318,521,-0.29811909794807434,0.8879645466804504,0.9999947547912598,1546,930,-0.446460098028183,0.6592189073562622,0.9999911785125732,1739,747,-0.3406948149204254,0.44713258743286133,0.9999885559082031,1488,808,-0.46123072504997253,0.7052533626556396,0.9999485015869141,1651,797,-0.34134864807128906,0.591136634349823,0.9999783039093018,1393,967,-0.5859125852584839,0.6058433651924133,0.9994062185287476,1568,782,-0.4412160813808441,0.4287143051624298,0.9997155070304871,2514,1502,None,None,None,None,None,None,1488,808
True,/data/uabcvmsc/shared/newborn/29/16.08.24/HM20240816081356.jpeg,37.9,28.8,2636,1902,0.23695620894432068,0.9999712705612183,0.9999984502792358,2589,1922,0.2753126919269562,0.9999717473983765,0.9999970197677612,2595,1926,0.27511975169181824,0.9999532699584961,0.9999972581863403,2584,1929,0.27519482374191284,0.9999746084213257,0.9999966621398926,2633,1907,0.2614172399044037,0.9999803304672241,0.9999964237213135,2650,1869,0.26117634773254395,0.9999728202819824,0.999996542930603,2656,1860,0.2612135112285614,0.9999847412109375,0.9999955892562866,2575,1880,0.39235249161720276,0.999964714050293,0.9999979734420776,2663,1791,0.3269296884536743,0.9999308586120605,0.9999939203262329,2567,1857,0.27669599652290344,0.9999434947967529,0.9999970197677612,2636,1827,0.25515154004096985,0.9999414682388306,0.9999938011169434,2441,1719,0.34406644105911255,0.9999653100967407,0.999991774559021,2699,1531,0.2653646171092987,0.9999426603317261,0.9999427795410156,2367,1833,0.2318195402622223,0.2611081600189209,0.9999103546142578,2847,1453,0.09481912106275558,0.7262535095214844,0.9996277093887329,2546,1855,0.12207458913326263,0.3505895733833313,0.999993085861206,2710,1682,-0.0016748105408623815,0.8186495900154114,0.9999878406524658,2589,1854,0.10370442271232605,0.2887914478778839,0.9999744892120361,2622,1722,-0.027851279824972153,0.7225185036659241,0.9999618530273438,2596,1863,0.12996020913124084,0.24798698723316193,0.9999755620956421,2611,1758,0.001321101444773376,0.67634516954422,0.9999721050262451,2580,1836,0.1313832849264145,0.20992302894592285,0.9999891519546509,2645,1730,0.006126516964286566,0.6159740686416626,0.9999880790710449,2228,1288,0.023155542090535164,0.9999967813491821,0.9999998807907104,2411,1114,-0.023729151114821434,0.9999959468841553,0.9999998807907104,1880,1403,-0.22278670966625214,0.8446447849273682,0.9999936819076538,2291,605,-0.28752872347831726,0.8760700225830078,0.9999648332595825,1545,901,-0.30590617656707764,0.6512503027915955,0.9999620914459229,1771,766,-0.22895686328411102,0.40664950013160706,0.9999312162399292,1537,768,-0.3151995539665222,0.6647562980651855,0.9998213648796082,1719,816,-0.21848946809768677,0.493843138217926,0.9998937845230103,1334,818,-0.4354836940765381,0.5760306715965271,0.9968653321266174,1550,766,-0.3129562735557556,0.3470718562602997,0.9981790781021118,2570,1625,2666,1702,None,None,None,None,None,None
True,/data/uabcvmsc/shared/newborn/29/16.08.24/HM20240816081457.jpeg,37.6,29.3,2638,1771,0.2695057988166809,0.9997221827507019,0.9999949932098389,2647,1793,0.30505865812301636,0.9996938705444336,0.9999898672103882,2640,1800,0.30488744378089905,0.999467670917511,0.9999902248382568,2631,1807,0.3049581050872803,0.999721109867096,0.9999880790710449,2671,1766,0.29670339822769165,0.9997900128364563,0.9999876022338867,2679,1755,0.2964622974395752,0.9996768236160278,0.9999876022338867,2688,1745,0.29645660519599915,0.9998176693916321,0.9999841451644897,2611,1776,0.4082516133785248,0.9995593428611755,0.9999927282333374,2698,1682,0.3694895803928375,0.9991318583488464,0.9999784231185913,2601,1746,0.3031766414642334,0.9994482398033142,0.9999910593032837,2630,1713,0.2894915044307709,0.999339759349823,0.9999785423278809,2449,1674,0.34370309114456177,0.9999059438705444,0.9999699592590332,2683,1475,0.2926524877548218,0.9998268485069275,0.9998088479042053,2389,1821,0.16552262008190155,0.10165514051914215,0.9996737241744995,2854,1476,0.08037213981151581,0.2798125743865967,0.9993662238121033,2540,1870,0.013695715926587582,0.11873423308134079,0.9999799728393555,2685,1700,-0.03673051297664642,0.2673191726207733,0.999931812286377,2587,1880,-0.0118266511708498,0.10155763477087021,0.999933123588562,2621,1716,-0.06923414766788483,0.17652210593223572,0.9997833371162415,2579,1871,0.013215480372309685,0.08504611998796463,0.9999418258666992,2596,1735,-0.03846737742424011,0.1454084813594818,0.9998452663421631,2565,1846,0.020929004997015,0.06786905974149704,0.9999716281890869,2612,1715,-0.030382297933101654,0.12178922444581985,0.9999289512634277,2244,1272,0.011787756346166134,0.9999932050704956,0.9999998807907104,2383,1095,-0.01239069364964962,0.999993085861206,0.9999997615814209,1925,1393,-0.1944345086812973,0.3945166766643524,0.9999935626983643,2235,699,-0.2682977616786957,0.5501562356948853,0.9999750852584839,1543,941,-0.3093844950199127,0.3789866864681244,0.9999383687973022,1780,682,-0.26267701387405396,0.23118528723716736,0.9999090433120728,1515,819,-0.3251183331012726,0.36761990189552307,0.9996941089630127,1715,707,-0.2611004412174225,0.32046210765838623,0.999832034111023,1332,788,-0.4691740870475769,0.30444690585136414,0.9948851466178894,1626,598,-0.3772657811641693,0.19252391159534454,0.9965611100196838,2566,1574,None,None,None,None,None,None,None,None
False,/data/uabcvmsc/shared/newborn/29/16.08.24/HM20240816081559.jpeg,37.6,29.1
False,/data/uabcvmsc/shared/newborn/29/16.08.24/HM20240816081700.jpeg,37.9,28.6,2746,1609,0.20611999928951263,0.9996751546859741,0.9999957084655762,2767,1621,0.23221367597579956,0.9997703433036804,0.9999942779541016,2748,1639,0.23202556371688843,0.999607503414154,0.9999942779541016,2745,1643,0.2321685403585434,0.9998171925544739,0.999993085861206,2786,1599,0.23265524208545685,0.9998170733451843,0.9999920129776001,2774,1577,0.23235800862312317,0.9997251629829407,0.9999915361404419,2777,1573,0.2322901338338852,0.9998443126678467,0.9999886751174927,2721,1652,0.3187388479709625,0.9997444748878479,0.9999953508377075,2771,1563,0.3206852078437805,0.999359667301178,0.9999845027923584,2696,1618,0.2375502586364746,0.9995354413986206,0.9999909400939941,2720,1588,0.2354741096496582,0.9992146492004395,0.9999699592590332,2515,1648,0.30555596947669983,0.9999046325683594,0.9999774694442749,2692,1417,0.288919061422348,0.9996126294136047,0.9998213648796082,2406,1856,0.3203674256801605,0.2871190309524536,0.9999158382415771,2757,1458,0.2387358546257019,0.24285708367824554,0.9997014403343201,2570,1869,0.37114256620407104,0.2386983335018158,0.9999914169311523,2704,1712,0.21920105814933777,0.27941036224365234,0.9999663829803467,2600,1866,0.37882620096206665,0.2384336292743683,0.9999656677246094,2657,1750,0.20113727450370789,0.2693272829055786,0.9999083280563354,2607,1860,0.3850589692592621,0.22420275211334229,0.9999686479568481,2648,1773,0.22367946803569794,0.23739907145500183,0.9999138116836548,2599,1843,0.37697017192840576,0.199030801653862,0.9999854564666748,2655,1757,0.22489893436431885,0.20943434536457062,0.9999613761901855,2232,1273,-0.006924189627170563,0.999988317489624,0.9999998807907104,2377,1100,0.0063994103111326694,0.9999833106994629,0.9999997615814209,1891,1357,-0.19742043316364288,0.8295614123344421,0.9999909400939941,2266,553,-0.20768852531909943,0.826233446598053,0.9999696016311646,1587,869,-0.23515239357948303,0.8473036885261536,0.9999852180480957,1767,687,-0.15728680789470673,0.6608832478523254,0.9999802112579346,1575,728,-0.2397223263978958,0.760346531867981,0.9999434947967529,1702,762,-0.1494942605495453,0.6538622379302979,0.9999722242355347,1416,624,-0.3704991042613983,0.776098906993866,0.9987950325012207,1584,577,-0.25405430793762207,0.6004016995429993,0.9992936849594116
False,/data/uabcvmsc/shared/newborn/29/16.08.24/HM20240816081801.jpeg,37.4,29.8
False,/data/uabcvmsc/shared/newborn/29/16.08.24/HM20240816081902.jpeg,37.5,26.2,1585,1290,-0.19171148538589478,0.998114824295044,0.999903678894043,1525,1280,-0.1805318295955658,0.9978640675544739,0.9998371601104736,1514,1263,-0.18081553280353546,0.9973241090774536,0.999848484992981,1504,1245,-0.1808740645647049,0.9986120462417603,0.9997954964637756,1551,1324,-0.17008338868618011,0.9986365437507629,0.9997749924659729,1560,1338,-0.17048220336437225,0.998282790184021,0.9997674822807312,1567,1353,-0.17078666388988495,0.9987736344337463,0.9996691942214966,1496,1185,-0.10983432084321976,0.9986531734466553,0.9998877048492432,1582,1342,-0.05554332956671715,0.9956111311912537,0.9997394680976868,1607,1229,-0.16179753839969635,0.9951587319374084,0.9998724460601807,1640,1279,-0.14793957769870758,0.9918134212493896,0.9994996786117554,1651,908,-0.0634978860616684,0.9999470710754395,0.9999791383743286,1757,1376,-0.01849113591015339,0.9996610879898071,0.9999040365219116,1791,687,-0.11607034504413605,0.04193413257598877,0.999122679233551,1968,1500,-0.10605040937662125,0.03723699972033501,0.9979661703109741,1572,494,-0.1900801807641983,0.0905703753232956,0.9996739625930786,1881,1325,-0.25897884368896484,0.02440248802304268,0.9996678829193115,1522,417,-0.20687143504619598,0.1103278324007988,0.9992693066596985,1866,1274,-0.29233989119529724,0.02388562262058258,0.9995365142822266,1497,411,-0.22450678050518036,0.12611691653728485,0.9994034767150879,1814,1247,-0.2892906069755554,0.022407159209251404,0.9995834231376648,1519,445,-0.19858375191688538,0.10438072681427002,0.9996598958969116,1815,1257,-0.2632576525211334,0.018655089661478996,0.9997559189796448,2129,976,-0.039397090673446655,0.9989625215530396,0.9999312162399292,2129,1224,0.03903351351618767,0.9990975856781006,0.9999439716339111,2172,968,-0.02067466825246811,0.003958145622164011,0.99974125623703,2215,1534,0.09238070249557495,0.0033406626898795366,0.9997419714927673,2123,1282,0.06676200777292252,0.0018976695137098432,0.999792754650116,2238,1617,0.094856396317482,0.003106561955064535,0.9980548620223999,2146,1317,0.0737609788775444,0.0065900967456400394,0.9994348883628845,2288,1571,0.0958704799413681,0.013772573322057724,0.9978686571121216,2058,1376,0.015843912959098816,0.0030491971410810947,0.9995474219322205,2196,1791,0.04937135800719261,0.00467925239354372,0.996738851070404
False,/data/uabcvmsc/shared/newborn/29/16.08.24/HM20240816082004.jpeg,37.5,24.7
True,/data/uabcvmsc/shared/newborn/29/16.08.24/HM20240816082106.jpeg,37.7,25.1,2759,1531,0.11714473366737366,0.9993963241577148,0.9999847412109375,2811,1548,0.14689970016479492,0.9992092847824097,0.9999737739562988,2781,1567,0.14663641154766083,0.9990144968032837,0.9999784231185913,2775,1579,0.146664097905159,0.9994727969169617,0.9999754428863525,2801,1513,0.1401170939207077,0.9993712306022644,0.9999442100524902,2806,1498,0.13986772298812866,0.9991580247879028,0.9999344348907471,2813,1482,0.13983288407325745,0.999286949634552,0.9998958110809326,2754,1573,0.26119568943977356,0.9993038177490234,0.9999868869781494,2811,1434,0.23204728960990906,0.9967707395553589,0.9998377561569214,2710,1526,0.15899136662483215,0.9992151260375977,0.9999878406524658,2727,1480,0.14804501831531525,0.998516857624054,0.9999450445175171,2554,1608,0.24308085441589355,0.9999740123748779,0.9999903440475464,2732,1209,0.22794607281684875,0.9995015859603882,0.9994924068450928,2352,1733,0.06284333020448685,0.22046874463558197,0.9997431635856628,2547,1022,0.04723215475678444,0.05327446758747101,0.9923132061958313,2432,1862,-0.23630674183368683,0.5891915559768677,0.9999669790267944,2658,1144,-0.18585669994354248,0.2175837755203247,0.9997701048851013,2481,1953,-0.2872042655944824,0.6554632186889648,0.999885082244873,2693,1170,-0.23309344053268433,0.3044610619544983,0.9997064471244812,2523,1927,-0.2881055772304535,0.6531148552894592,0.9999196529388428,2749,1196,-0.2364068627357483,0.2809644937515259,0.9998117089271545,2467,1869,-0.24398252367973328,0.5521783232688904,0.999962329864502,2731,1195,-0.19581012427806854,0.19645890593528748,0.9999047517776489,2129,1253,0.0006823759176768363,0.9999619722366333,0.9999991655349731,2236,1002,-0.001171223004348576,0.9999167919158936,0.9999967813491821,1948,1534,-0.23254460096359253,0.5314326286315918,0.9999947547912598,2137,573,-0.26396676898002625,0.568151593208313,0.9999672174453735,1606,1248,-0.22737713158130646,0.6686508059501648,0.999975323677063,1644,528,-0.22119000554084778,0.5616744756698608,0.9998692274093628,1528,1111,-0.2333398014307022,0.6574198603630066,0.9998911619186401,1535,583,-0.21990886330604553,0.5114186406135559,0.9997721314430237,1428,1320,-0.36354005336761475,0.5616056323051453,0.9988448619842529,1557,356,-0.3407505452632904,0.39056143164634705,0.9966349005699158,2643,1408,None,None,None,None,None,None,None,None
False,/data/uabcvmsc/shared/newborn/29/16.08.24/HM20240816082208.jpeg,37.6,25.6
True,/data/uabcvmsc/shared/newborn/29/16.08.24/HM20240816082309.jpeg,37.6,26.4,2745,1481,0.09196826070547104,0.9998869895935059,0.9999972581863403,2771,1509,0.1261157989501953,0.9998588562011719,0.9999945163726807,2767,1525,0.1258699595928192,0.9998161196708679,0.999995231628418,2761,1540,0.1259247213602066,0.999896764755249,0.999994158744812,2785,1459,0.12006033957004547,0.9998952150344849,0.9999879598617554,2790,1441,0.11982046067714691,0.9998496770858765,0.9999849796295166,2795,1422,0.11978192627429962,0.9998645782470703,0.9999736547470093,2729,1541,0.25200238823890686,0.9998108744621277,0.999996542930603,2781,1372,0.22616787254810333,0.9992815852165222,0.9999561309814453,2685,1483,0.13696397840976715,0.9997133612632751,0.9999957084655762,2700,1427,0.12697526812553406,0.9994841814041138,0.9999802112579346,2488,1605,0.22715876996517181,0.9999656677246094,0.9999929666519165,2639,1137,0.2169986218214035,0.9993315935134888,0.9996224641799927,2336,1748,0.022994091734290123,0.18409466743469238,0.9997405409812927,2477,970,-0.002054259181022644,0.023161187767982483,0.992747962474823,2468,1888,-0.28701841831207275,0.4769856929779053,0.9999716281890869,2601,1023,-0.2729802131652832,0.04935760051012039,0.9992758631706238,2491,1949,-0.3429624140262604,0.5744825005531311,0.9999022483825684,2629,1026,-0.3298690915107727,0.09488283097743988,0.9990743398666382,2531,1923,-0.3478805422782898,0.5744625926017761,0.9999377727508545,2678,1076,-0.33093175292015076,0.08546717464923859,0.9994983673095703,2523,1887,-0.2972986400127411,0.46523624658584595,0.9999716281890869,2663,1083,-0.2836548089981079,0.061039481312036514,0.9997356534004211,2066,1242,-0.006555821746587753,0.9999700784683228,0.9999996423721313,2168,964,0.006069949362426996,0.9999266862869263,0.9999986886978149,1949,1551,-0.27888643741607666,0.5879306197166443,0.9999986886978149,2146,540,-0.2713025212287903,0.46252578496932983,0.9999895095825195,1586,1260,-0.33257225155830383,0.7446394562721252,0.9999914169311523,1657,591,-0.2908250093460083,0.625466525554657,0.9999690055847168,1509,1130,-0.3456430435180664,0.7421236634254456,0.9999518394470215,1505,631,-0.2970479726791382,0.6745485067367554,0.9999345541000366,1427,1318,-0.49395716190338135,0.6623727679252625,0.9995866417884827,1587,346,-0.427498459815979,0.49966442584991455,0.9991089701652527,None,None,None,None,None,None,None,None,1548,1195
False,/data/uabcvmsc/shared/newborn/29/16.08.24/HM20240816082410.jpeg,37.5,28.6,2653,1714,0.08417323976755142,0.9969603419303894,0.9995940327644348,2685,1744,0.09977086633443832,0.9959442019462585,0.9991027116775513,2681,1757,0.0995456799864769,0.9952200055122375,0.999207079410553,2676,1769,0.09943210333585739,0.9974430799484253,0.9990767240524292,2699,1705,0.09995830059051514,0.9979532957077026,0.9988699555397034,2704,1689,0.09974644333124161,0.9974769949913025,0.998982846736908,2709,1674,0.09960183501243591,0.9986734390258789,0.998856782913208,2655,1755,0.1434064656496048,0.9972009658813477,0.9994544386863708,2702,1626,0.14627641439437866,0.9956679344177246,0.9986410737037659,2607,1707,0.09992865473031998,0.9986036419868469,0.9998946189880371,2626,1656,0.09838532656431198,0.9984416365623474,0.9997331500053406,2403,1686,0.09816351532936096,0.9999909400939941,0.999990701675415,2629,1346,0.09750163555145264,0.9999706745147705,0.9999366998672485,2252,1708,-0.0853833481669426,0.518463671207428,0.9999035596847534,2312,962,-0.0011550331255421042,0.13177773356437683,0.999489426612854,2436,1892,-0.25487449765205383,0.7212119698524475,0.9999973773956299,1888,890,-0.15056893229484558,0.2384924590587616,0.9999642372131348,2499,1971,-0.2946837842464447,0.6821466088294983,0.9999873638153076,1761,838,-0.19467876851558685,0.2325269877910614,0.9998811483383179,2490,1971,-0.26945188641548157,0.6571952700614929,0.9999920129776001,1741,916,-0.1920553296804428,0.22591453790664673,0.9999192953109741,2475,1929,-0.24676896631717682,0.549923300743103,0.9999966621398926,1786,947,-0.15422466397285461,0.17924948036670685,0.9999649524688721,2228,1233,0.006291711237281561,0.9999759197235107,0.9999988079071045,2355,1025,-0.006590935867279768,0.9999798536300659,0.9999977350234985,2036,1403,-0.013403757475316525,0.04537760838866234,0.9999738931655884,2235,685,-0.2217675894498825,0.20045442879199982,0.9998914003372192,1967,1228,0.02117241732776165,0.02509135566651821,0.9999256134033203,1874,835,-0.12143445014953613,0.0308624729514122,0.9997015595436096,1960,1191,0.02477279305458069,0.0333050973713398,0.9998075366020203,1829,869,-0.10615011304616928,0.04666084051132202,0.9996263980865479,1899,1219,-0.03892804682254791,0.027529777958989143,0.9992656111717224,1711,846,-0.16894027590751648,0.02930123545229435,0.9980149269104004
False,/data/uabcvmsc/shared/newborn/29/16.08.24/HM20240816082511.jpeg,37.7,29.1
True,/data/uabcvmsc/shared/newborn/29/16.08.24/HM20240816082612.jpeg,37.5,30.4,2745,1531,0.2473537176847458,0.9999977350234985,1.0,2764,1544,0.29138609766960144,0.9999927282333374,1.0,2759,1557,0.29130974411964417,0.9999872446060181,1.0,2753,1569,0.2913637161254883,0.9999886751174927,0.9999998807907104,2778,1497,0.278876930475235,0.9999978542327881,1.0,2782,1478,0.27872318029403687,0.9999977350234985,1.0,2786,1459,0.27879878878593445,0.9999982118606567,1.0,2717,1547,0.4263283312320709,0.9999767541885376,0.9999998807907104,2763,1388,0.3685724139213562,0.9999927282333374,0.9999998807907104,2703,1510,0.2915741801261902,0.999974250793457,0.9999997615814209,2705,1471,0.2732081115245819,0.9999815225601196,0.9999996423721313,2564,1602,0.3648596704006195,0.9999620914459229,0.9999784231185913,2625,1160,0.3042266368865967,0.9999699592590332,0.999976396560669,2608,1876,0.18911957740783691,0.5813412666320801,0.9997273087501526,2716,1020,0.06075740605592728,0.9401161074638367,0.9998577833175659,2681,1893,0.0016453476855531335,0.530667245388031,0.9999221563339233,2753,1132,-0.1337345987558365,0.9562047123908997,0.9999896287918091,2679,1917,-0.031900715082883835,0.5315622091293335,0.9996004700660706,2780,1134,-0.17821456491947174,0.9418614506721497,0.9999560117721558,2664,1871,-0.019485797733068466,0.4804514944553375,0.9997486472129822,2775,1181,-0.1575043499469757,0.923003077507019,0.9999762773513794,2687,1857,0.0003987720119766891,0.47222718596458435,0.9998958110809326,2751,1197,-0.13298074901103973,0.9008617997169495,0.9999911785125732,2160,1374,0.005434057209640741,0.9999949932098389,0.9999998807907104,2227,1116,-0.005934813991189003,0.999995231628418,1.0,1964,1601,-0.3812558054924011,0.9916768074035645,0.9999978542327881,2164,710,-0.36918121576309204,0.9897136688232422,0.9999969005584717,1553,1577,-0.4700726866722107,0.896134078502655,0.9999756813049316,1717,1120,-0.36144354939460754,0.765031099319458,0.9999963045120239,1450,1536,-0.4844644367694855,0.9860852956771851,0.999908447265625,1657,1208,-0.36333900690078735,0.9528262615203857,0.9999939203262329,1387,1628,-0.6343839764595032,0.9775902628898621,0.9989135265350342,1596,1089,-0.4912739098072052,0.9203749895095825,0.9998706579208374,None,None,2765,1161,None,None,1657,1139,1463,1580
False,/data/uabcvmsc/shared/newborn/29/16.08.24/HM20240816082714.jpeg,37.5,30.3,1374,1672,-0.14860136806964874,0.9997085928916931,0.9999648332595825,1361,1659,-0.14791835844516754,0.9994094371795654,0.9998987913131714,1358,1644,-0.14833270013332367,0.9993948936462402,0.9999129772186279,1355,1638,-0.14840547740459442,0.999617338180542,0.99988853931427,1369,1670,-0.13705143332481384,0.9994686245918274,0.9998600482940674,1374,1672,-0.13735051453113556,0.9994762539863586,0.9998624324798584,1378,1676,-0.13740217685699463,0.9995228052139282,0.9998190999031067,1389,1605,-0.12380558997392654,0.999713122844696,0.9999227523803711,1420,1661,-0.07024407386779785,0.9982268214225769,0.9997788071632385,1428,1647,-0.13666975498199463,0.9991076588630676,0.9999469518661499,1423,1669,-0.12321453541517258,0.9988313317298889,0.9998517036437988,1561,1457,-0.15083827078342438,0.999922513961792,0.9999909400939941,1624,1754,-0.029106607660651207,0.9997380375862122,0.9999361038208008,1627,1270,-0.22523988783359528,0.21408604085445404,0.9998764991760254,1689,1926,-0.14939840137958527,0.20999930799007416,0.9997962117195129,1585,1095,-0.34984081983566284,0.22762738168239594,0.9999498128890991,1629,2245,-0.34420251846313477,0.3366723656654358,0.99988853931427,1568,1056,-0.3808288872241974,0.23369340598583221,0.9998801946640015,1608,2265,-0.37391018867492676,0.38332101702690125,0.9997115731239319,1560,1064,-0.4071463942527771,0.23232188820838928,0.999862551689148,1596,2271,-0.40272074937820435,0.4074287712574005,0.9997426867485046,1569,1080,-0.3647317588329315,0.19707748293876648,0.9999227523803711,1609,2239,-0.36490070819854736,0.3890584111213684,0.9998760223388672,2134,1294,-0.04486047476530075,0.999951958656311,0.9999969005584717,2192,1507,0.04429467022418976,0.9999319314956665,0.9999947547912598,2124,794,-0.1499023288488388,0.5304126739501953,0.9999386072158813,2303,1635,0.2489742785692215,0.015282857231795788,0.9999245405197144,1855,1040,-0.07465066015720367,0.09196926653385162,0.9999920129776001,2249,1623,0.35154131054878235,0.019158145412802696,0.9999593496322632,1858,1092,-0.0689082071185112,0.2072414755821228,0.9999823570251465,2272,1577,0.36140623688697815,0.05684966966509819,0.9999614953994751,1676,1081,-0.10174597799777985,0.16481643915176392,0.9999858140945435,2188,1758,0.3594376742839813,0.02891784906387329,0.99996018409729
False,/data/uabcvmsc/shared/newborn/29/16.08.24/HM20240816082816.jpeg,37.3,30.3,1350,1686,-0.14613890647888184,0.9996315240859985,0.9999028444290161,1351,1654,-0.1468132883310318,0.9993817806243896,0.9996942281723022,1352,1647,-0.1472073793411255,0.9992939233779907,0.999711811542511,1351,1640,-0.14729103446006775,0.9995704293251038,0.9996252059936523,1358,1675,-0.13424523174762726,0.9995436072349548,0.9996585845947266,1363,1676,-0.1345573216676712,0.9995669722557068,0.9997060894966125,1367,1678,-0.1346248835325241,0.9996650218963623,0.9996544122695923,1374,1591,-0.1337047517299652,0.9997014403343201,0.9997010231018066,1387,1644,-0.07254955172538757,0.9991616010665894,0.9996488094329834,1412,1657,-0.13890258967876434,0.999268114566803,0.9998822212219238,1416,1670,-0.12326019257307053,0.9991258978843689,0.9997491240501404,1600,1422,-0.14259642362594604,0.9998206496238708,0.9999750852584839,1648,1715,-0.06465692818164825,0.9996429681777954,0.9999300241470337,1629,1213,-0.1900748759508133,0.42771926522254944,0.9998314380645752,1710,1765,-0.17286448180675507,0.36678391695022583,0.9998558759689331,1588,1044,-0.2902246415615082,0.40042349696159363,0.9999330043792725,1579,1979,-0.33118975162506104,0.676659107208252,0.9999465942382812,1562,982,-0.31158459186553955,0.4033011794090271,0.9998262524604797,1539,2046,-0.3606902062892914,0.7132405638694763,0.9998534917831421,1545,1009,-0.3413836658000946,0.383190393447876,0.999810516834259,1519,2057,-0.3863171637058258,0.7233851552009583,0.9998584985733032,1563,1030,-0.3051304221153259,0.3429628610610962,0.9998984336853027,1537,2032,-0.34941595792770386,0.6976354718208313,0.9999370574951172,2220,1244,-0.02494700811803341,0.9999759197235107,0.9999978542327881,2273,1450,0.024558264762163162,0.999976634979248,0.999997615814209,2140,695,-0.12000364810228348,0.853306233882904,0.9998812675476074,2354,1646,0.05365615710616112,0.2648186981678009,0.9999486207962036,1900,1029,-0.029312672093510628,0.22555682063102722,0.9999951124191284,2263,1475,0.0491333082318306,0.16667596995830536,0.9999810457229614,1881,1093,-0.019757628440856934,0.3716147840023041,0.9999899864196777,2264,1418,0.05049204081296921,0.2574904263019562,0.9999778270721436,1725,1097,-0.034821294248104095,0.3137143552303314,0.9999895095825195,2187,1552,0.03512909635901451,0.2280849814414978,0.9999550580978394
False,/data/uabcvmsc/shared/newborn/29/16.08.24/HM20240816082918.jpeg,37.4,29.3,1340,1704,-0.18808132410049438,0.9999144077301025,0.9999634027481079,1335,1675,-0.1940559446811676,0.9998570680618286,0.9999146461486816,1334,1666,-0.19445441663265228,0.999842643737793,0.9999240636825562,1331,1650,-0.19452209770679474,0.9999042749404907,0.999901294708252,1346,1692,-0.17418280243873596,0.9998657703399658,0.9998892545700073,1352,1694,-0.17448939383029938,0.9998605251312256,0.9998989105224609,1357,1698,-0.17456093430519104,0.9998915195465088,0.9998745918273926,1364,1609,-0.1882227212190628,0.9999165534973145,0.9999192953109741,1403,1673,-0.09503284841775894,0.9996469020843506,0.9998652935028076,1378,1678,-0.18174421787261963,0.9997619986534119,0.9999511241912842,1386,1689,-0.15693533420562744,0.9997113347053528,0.9998890161514282,1556,1458,-0.20067916810512543,0.9999481439590454,0.9999909400939941,1627,1719,-0.03980005159974098,0.9998687505722046,0.9999622106552124,1598,1274,-0.25150027871131897,0.654130220413208,0.9999558925628662,1695,1765,-0.055044081062078476,0.2944272756576538,0.9999302625656128,1602,1056,-0.34721603989601135,0.4733324646949768,0.9999533891677856,1673,1784,-0.15247255563735962,0.24915048480033875,0.9999063014984131,1600,982,-0.3789817988872528,0.4355691075325012,0.9998461008071899,1675,1788,-0.17264239490032196,0.256178617477417,0.9996979236602783,1562,998,-0.40185362100601196,0.41664206981658936,0.9998154044151306,1655,1783,-0.20057016611099243,0.26691150665283203,0.9996840953826904,1594,1020,-0.35906702280044556,0.35779309272766113,0.9999061822891235,1655,1784,-0.16956959664821625,0.27908167243003845,0.9998514652252197,2118,1281,-0.04826962947845459,0.9999871253967285,0.9999990463256836,2192,1450,0.04792517423629761,0.9999885559082031,0.9999986886978149,2102,782,-0.05900563299655914,0.7028031349182129,0.9999014139175415,2375,1529,0.1669410914182663,0.1853313446044922,0.9999363422393799,1882,974,0.09521667659282684,0.18799813091754913,0.9999815225601196,2395,1378,0.28340691328048706,0.10900324583053589,0.9999200105667114,1870,1020,0.1101115271449089,0.2647997736930847,0.9999679327011108,2403,1335,0.29576772451400757,0.1714749038219452,0.999915361404419,1751,997,0.09061520546674728,0.22361025214195251,0.9999676942825317,2371,1417,0.28120461106300354,0.1196015402674675,0.9998726844787598
False,/data/uabcvmsc/shared/newborn/29/16.08.24/HM20240816083019.jpeg,37.4,30.3,1794,939,0.026474174112081528,0.9999496936798096,0.9999943971633911,1749,953,-0.0007030923152342439,0.9999330043792725,0.9999860525131226,1737,981,-0.0009336383081972599,0.9999170303344727,0.9999865293502808,1731,992,-0.0008220977615565062,0.9999377727508545,0.9999825954437256,1773,909,-0.010579816997051239,0.9999717473983765,0.9999923706054688,1781,901,-0.010962236672639847,0.99997878074646,0.999995231628418,1798,887,-0.01103715505450964,0.9999873638153076,0.9999958276748657,1733,1047,-0.07445765286684036,0.9999632835388184,0.9999901056289673,1840,903,-0.12205619364976883,0.9999784231185913,0.9999979734420776,1817,994,0.011045140214264393,0.9999399185180664,0.9999955892562866,1849,963,-0.004471503663808107,0.9999557733535767,0.9999954700469971,1924,1339,-0.05332200601696968,0.9999463558197021,0.9999932050704956,2122,912,-0.1288316398859024,0.9999716281890869,0.9999979734420776,1988,1381,0.05209420248866081,0.0583232119679451,0.9998518228530884,2166,654,-0.009891127236187458,0.39483562111854553,0.9999735355377197,1825,1244,0.15681934356689453,0.049067627638578415,0.9999333620071411,1840,786,0.15644828975200653,0.5709859132766724,0.99998939037323,1764,1207,0.15306882560253143,0.06095633655786514,0.9999053478240967,1764,781,0.14762644469738007,0.6522048115730286,0.9999816417694092,1777,1189,0.14585188031196594,0.06336754560470581,0.999873161315918,1781,868,0.1126406192779541,0.6687447428703308,0.9999772310256958,1807,1192,0.15381000936031342,0.06072861701250076,0.9999140501022339,1803,891,0.143760547041893,0.6079951524734497,0.9999864101409912,2473,1607,0.01686033047735691,0.9999209642410278,0.9999936819076538,2581,1383,-0.01723049022257328,0.9999487400054932,0.9999969005584717,2335,1477,0.33942946791648865,0.0047859190963208675,0.9999805688858032,2379,1085,0.22303913533687592,0.015439296141266823,0.9999980926513672,2558,1523,0.6059580445289612,0.01716463826596737,0.999913215637207,2645,1259,0.4443255066871643,0.03866635262966156,0.9999648332595825,2620,1536,0.6332566738128662,0.041133880615234375,0.9998599290847778,2712,1322,0.4693073630332947,0.07346004992723465,0.99994957447052,2476,1493,0.6664968132972717,0.03496110066771507,0.9999655485153198,2592,1162,0.4887883961200714,0.09081898629665375,0.9999761581420898
False,/data/uabcvmsc/shared/newborn/29/16.08.24/HM20240816083121.jpeg,37.4,30.3
False,/data/uabcvmsc/shared/newborn/29/16.08.24/HM20240816083223.jpeg,37.3,30.3
False,/data/uabcvmsc/shared/newborn/29/16.08.24/HM20240816083325.jpeg,37.4,29.7,1780,979,-0.16734831035137177,0.9998786449432373,0.999966025352478,1750,970,-0.18874827027320862,0.9998053908348083,0.9998816251754761,1745,978,-0.18899305164813995,0.9996838569641113,0.9998760223388672,1742,987,-0.18889686465263367,0.9997894167900085,0.9998103976249695,1766,948,-0.19463135302066803,0.9999349117279053,0.9999350309371948,1774,942,-0.19505976140499115,0.9999382495880127,0.9999591112136841,1781,935,-0.19521069526672363,0.9999696016311646,0.9999613761901855,1770,1024,-0.2262621521949768,0.999803364276886,0.9999047517776489,1827,944,-0.25474196672439575,0.999943733215332,0.9999839067459106,1810,1017,-0.17018409073352814,0.9997974038124084,0.9999735355377197,1829,997,-0.18008136749267578,0.9998875856399536,0.9999756813049316,1939,1290,-0.18006722629070282,0.9999326467514038,0.9999821186065674,2078,948,-0.23005454242229462,0.9999690055847168,0.9999961853027344,2066,1389,-0.07520315051078796,0.012904088012874126,0.9991034865379333,2196,875,-0.12254989147186279,0.014996480196714401,0.9999040365219116,1941,1233,0.023888060823082924,0.004233022220432758,0.9989736080169678,1998,994,0.001955569488927722,0.057156648486852646,0.9998807907104492,1892,1205,0.020780649036169052,0.007320262957364321,0.998485267162323,1949,998,-0.00676006730645895,0.08847133815288544,0.9997033476829529,1886,1174,0.006180808879435062,0.0075469305738806725,0.998136043548584,1962,1066,-0.03674466907978058,0.0920942947268486,0.9996285438537598,1913,1174,0.018443694338202477,0.008006845600903034,0.9987492561340332,1978,1080,-0.00913790613412857,0.07804135978221893,0.9998158812522888,2445,1543,0.006443007383495569,0.9999399185180664,0.9999973773956299,2508,1345,-0.006792168132960796,0.999968409538269,0.9999990463256836,2440,1601,0.3212900757789612,0.0054749916307628155,0.999961256980896,2350,1207,0.1781882792711258,0.001937648979946971,0.9999959468841553,2584,1676,0.5557908415794373,0.017650175839662552,0.9997397065162659,2594,1430,0.3777044415473938,0.0036917617544531822,0.9999079704284668,2630,1680,0.5809182524681091,0.0439707487821579,0.9994723200798035,2640,1482,0.4010360538959503,0.009411171078681946,0.9998400211334229,2515,1691,0.6141643524169922,0.0213562473654747,0.9997642636299133,2606,1385,0.4241054654121399,0.006974065210670233,0.9998760223388672
False,/data/uabcvmsc/shared/newborn/29/16.08.24/HM20240816083427.jpeg,37.5,29.9
False,/data/uabcvmsc/shared/newborn/29/16.08.24/HM20240816083529.jpeg,37.4,29.3
False,/data/uabcvmsc/shared/newborn/29/16.08.24/HM20240816083631.jpeg,38.1,29.0
False,/data/uabcvmsc/shared/newborn/29/16.08.24/HM20240816083733.jpeg,36.7,27.7,2780,1309,0.16769403219223022,0.9982692003250122,0.9999934434890747,2797,1326,0.18600992858409882,0.9970098733901978,0.9999864101409912,2787,1354,0.18592102825641632,0.9958949089050293,0.9999873638153076,2785,1369,0.185957670211792,0.9971892237663269,0.9999831914901733,2802,1290,0.2034679502248764,0.9981992840766907,0.9999818801879883,2803,1287,0.2032538652420044,0.9980220794677734,0.9999830722808838,2786,1275,0.2032376229763031,0.9985388517379761,0.9999778270721436,2754,1409,0.2531416416168213,0.9978840947151184,0.9999921321868896,2759,1281,0.33666232228279114,0.9945523142814636,0.9999771118164062,2753,1330,0.19177596271038055,0.9987872242927551,0.9999958276748657,2715,1289,0.21445484459400177,0.9975230097770691,0.9999814033508301,2538,1486,0.2060222178697586,0.9999916553497314,0.9999969005584717,2645,1216,0.34407588839530945,0.9999364614486694,0.9999853372573853,2286,1433,0.043233729898929596,0.06551770865917206,0.9993345141410828,2459,1085,0.2411067634820938,0.04784490913152695,0.9999220371246338,2191,1301,-0.15887990593910217,0.06232273206114769,0.9996139407157898,2397,957,0.03118407540023327,0.1689939796924591,0.9998732805252075,2163,1273,-0.19975349307060242,0.10140927881002426,0.9994213581085205,2378,918,-0.010278087109327316,0.22879932820796967,0.9997721314430237,2187,1272,-0.20345152914524078,0.10893717408180237,0.9995949864387512,2390,925,-0.021940425038337708,0.21666917204856873,0.9997838139533997,2195,1276,-0.1631433665752411,0.07368993759155273,0.9996999502182007,2392,945,0.01816246099770069,0.17175021767616272,0.9998743534088135,2237,1166,-0.054839860647916794,0.9999551773071289,0.9999988079071045,2336,1014,0.054377272725105286,0.9999746084213257,0.9999994039535522,2145,1315,-0.3554862141609192,0.9409027099609375,0.9999871253967285,2435,772,-0.21524405479431152,0.8801699280738831,0.9999891519546509,1999,992,-0.3381853401660919,0.6542109251022339,0.9998601675033569,2332,479,-0.19246545433998108,0.6053264737129211,0.9997205138206482,1963,947,-0.3396763205528259,0.6526496410369873,0.9995276927947998,2274,458,-0.19205458462238312,0.756801426410675,0.9996140599250793,2005,853,-0.4792464077472687,0.6655769944190979,0.9985505938529968,2365,314,-0.3110288381576538,0.6187664866447449,0.9970086216926575
True,/data/uabcvmsc/shared/newborn/29/16.08.24/HM20240816083835.jpeg,37.1,28.2,2776,938,0.08071291446685791,0.9999619722366333,0.9999991655349731,2820,922,0.09423761069774628,0.9999324083328247,0.9999971389770508,2835,939,0.0940256416797638,0.9999144077301025,0.9999973773956299,2844,946,0.09404993802309036,0.9999504089355469,0.9999960660934448,2769,907,0.10691069811582565,0.9999604225158691,0.9999947547912598,2758,902,0.10669507086277008,0.9999496936798096,0.9999942779541016,2748,896,0.10659900307655334,0.9999552965164185,0.9999908208847046,2853,1015,0.14157669246196747,0.9999523162841797,0.9999982118606567,2719,910,0.2014078050851822,0.9997832179069519,0.9999921321868896,2778,999,0.09775546938180923,0.9998809099197388,0.9999985694885254,2735,976,0.11290957033634186,0.9997318387031555,0.9999938011169434,2845,1271,0.07699616253376007,0.9999898672103882,0.9999985694885254,2546,1029,0.20998835563659668,0.9998167157173157,0.9999649524688721,2815,1452,-0.09998232871294022,0.5582007765769958,0.9997879862785339,2438,1097,0.03104519098997116,0.005018311087042093,0.9995394945144653,2739,1067,-0.19283989071846008,0.2919163703918457,0.9999967813491821,2471,995,-0.16400617361068726,0.008356082253158092,0.9997407793998718,2692,1019,-0.21639011800289154,0.24938826262950897,0.999991774559021,2464,967,-0.19721661508083344,0.017736507579684258,0.9996091723442078,2742,958,-0.19697368144989014,0.2123061865568161,0.9999948740005493,2499,957,-0.18900007009506226,0.015111426822841167,0.9997605681419373,2715,1019,-0.18467281758785248,0.14258180558681488,0.9999973773956299,2504,976,-0.16876092553138733,0.014302792027592659,0.999864935874939,2440,1581,-0.0443127416074276,0.9999107122421265,0.9999953508377075,2293,1405,0.04387712851166725,0.9998353719711304,0.9999935626983643,2307,1692,-0.2582726776599884,0.4096056818962097,0.9999924898147583,2048,1356,-0.19714052975177765,0.08593788743019104,0.9999858140945435,2007,1889,-0.5146598815917969,0.2662148177623749,0.999855637550354,1759,1487,-0.4710349142551422,0.10524898767471313,0.9996188879013062,1881,1963,-0.5473613739013672,0.4254109263420105,0.9986295700073242,1732,1611,-0.5026207566261292,0.3668208122253418,0.9986315369606018,1943,1786,-0.6727520227432251,0.4509640038013458,0.9974527955055237,1696,1266,-0.5997729301452637,0.2962132692337036,0.9950560331344604,2696,1150,None,None,None,None,None,None,None,None
False,/data/uabcvmsc/shared/newborn/29/16.08.24/HM20240816083936.jpeg,37.0,26.6
False,/data/uabcvmsc/shared/newborn/29/16.08.24/HM20240816084037.jpeg,36.9,24.0
False,/data/uabcvmsc/shared/newborn/29/16.08.24/HM20240816084139.jpeg,36.0,25.9,2619,1249,0.20333121716976166,0.9999716281890869,0.9999998807907104,2638,1232,0.23083509504795074,0.999950647354126,0.9999998807907104,2648,1236,0.2306889444589615,0.9999505281448364,0.9999998807907104,2658,1240,0.2306879609823227,0.9999635219573975,0.9999997615814209,2605,1219,0.22479256987571716,0.9999723434448242,0.9999997615814209,2592,1214,0.2246847152709961,0.999974250793457,0.9999995231628418,2580,1209,0.22471658885478973,0.9999656677246094,0.9999991655349731,2654,1252,0.31941553950309753,0.9999654293060303,0.9999998807907104,2541,1206,0.29420989751815796,0.9997484087944031,0.9999980926513672,2618,1280,0.23438885807991028,0.9997727274894714,0.9999995231628418,2581,1265,0.2251642942428589,0.9996302127838135,0.9999982118606567,2676,1350,0.2807616591453552,0.9999974966049194,0.9999994039535522,2410,1265,0.25931936502456665,0.9999260902404785,0.9999750852584839,2876,1494,0.13955703377723694,0.3399657607078552,0.999913215637207,2393,1320,0.08632995933294296,0.019776513800024986,0.9993727803230286,2853,1365,-0.03160957247018814,0.5134477019309998,0.9999963045120239,2461,1242,-0.04787416756153107,0.0915248915553093,0.9997661709785461,2844,1336,-0.05677285045385361,0.5481802821159363,0.9999864101409912,2467,1222,-0.07800528407096863,0.16114269196987152,0.9994930028915405,2823,1290,-0.046936847269535065,0.49462834000587463,0.9999923706054688,2491,1204,-0.06576132029294968,0.1371290236711502,0.9997103810310364,2818,1300,-0.03090621903538704,0.4049597680568695,0.9999964237213135,2492,1213,-0.04878486692905426,0.11044756323099136,0.9998372793197632,2475,1617,0.002623444888740778,0.9999449253082275,0.9999985694885254,2324,1524,-0.0033403877168893814,0.999854564666748,0.9999951124191284,2708,1580,-0.21680057048797607,0.7525064945220947,0.999997615814209,2484,1381,-0.21068818867206573,0.430260568857193,0.9999978542327881,2326,1585,-0.36806413531303406,0.14248739182949066,0.9999929666519165,2304,1451,-0.4623154103755951,0.20666499435901642,0.9999587535858154,2257,1603,-0.3856484293937683,0.7210699915885925,0.999970555305481,2266,1537,-0.4883786141872406,0.8362706899642944,0.9998961687088013,2207,1533,-0.45564404129981995,0.4298875033855438,0.9999369382858276,2252,1345,-0.549933135509491,0.6992814540863037,0.9993365406990051
False,/data/uabcvmsc/shared/newborn/29/16.08.24/HM20240816084240.jpeg,36.2,26.7
False,/data/uabcvmsc/shared/newborn/29/16.08.24/HM20240816084341.jpeg,36.3,27.8,1737,1392,0.038269687443971634,0.9986757636070251,0.9999116659164429,1703,1406,0.0017109306063503027,0.9984613656997681,0.9998334646224976,1710,1423,0.0014354961458593607,0.9982070922851562,0.9998531341552734,1717,1439,0.0015062030870467424,0.9987649917602539,0.9998134970664978,1687,1361,-0.0004201398405712098,0.9992007613182068,0.9998798370361328,1682,1344,-0.0008193650864996016,0.9993327260017395,0.9999194145202637,1677,1327,-0.0009451563819311559,0.9996620416641235,0.9999284744262695,1755,1461,-0.09642034024000168,0.9991720914840698,0.9999032020568848,1695,1296,-0.10830748081207275,0.9995536208152771,0.999968409538269,1789,1422,0.0174271110445261,0.9985504746437073,0.9999455213546753,1771,1368,0.012205737642943859,0.9991664886474609,0.9999418258666992,2080,1635,-0.09582075476646423,0.9998791217803955,0.9999842643737793,1870,1147,-0.1087675467133522,0.9999181032180786,0.9999889135360718,2220,1882,-0.05810258165001869,0.16542908549308777,0.9998636245727539,1914,1058,-0.027936426922678947,0.030143173411488533,0.9998718500137329,1872,1778,-0.016796613112092018,0.3009471893310547,0.9999728202819824,1610,1297,0.05600958690047264,0.3015490472316742,0.9999724626541138,1794,1826,-0.04079296067357063,0.3772435784339905,0.9999589920043945,1550,1272,0.0368478000164032,0.4362833797931671,0.9999630451202393,1761,1761,-0.05315262824296951,0.3775300681591034,0.9999439716339111,1554,1340,0.021070057526230812,0.4372738003730774,0.9999514818191528,1788,1740,-0.0240851491689682,0.32672402262687683,0.9999645948410034,1588,1344,0.04816998541355133,0.35699400305747986,0.9999715089797974,2609,1367,0.002181870397180319,0.9999184608459473,0.9999945163726807,2511,1138,-0.002545266877859831,0.9999468326568604,0.9999961853027344,2481,1436,0.3475741446018219,0.001915483269840479,0.9999755620956421,2256,1104,0.2964547872543335,0.0008214605622924864,0.9999955892562866,2547,1393,0.6474613547325134,0.01209972519427538,0.9999384880065918,2481,1143,0.5980457663536072,0.0038471866864711046,0.9999557733535767,2584,1361,0.6783215999603271,0.026109479367733,0.9998823404312134,2553,1159,0.6308098435401917,0.0087500074878335,0.9999358654022217,2441,1478,0.688032865524292,0.010045680217444897,0.9999709129333496,2377,1113,0.6333371996879578,0.004383916035294533,0.9999774694442749
True,/data/uabcvmsc/shared/newborn/29/16.08.24/HM20240816084443.jpeg,36.5,28.4,2848,1142,0.10794438421726227,0.9999772310256958,0.9999997615814209,2881,1176,0.13973797857761383,0.9999492168426514,0.999998927116394,2882,1196,0.13952979445457458,0.999906063079834,0.9999985694885254,2883,1213,0.1396014243364334,0.9999316930770874,0.999997615814209,2859,1114,0.14618387818336487,0.9999803304672241,0.9999990463256836,2848,1096,0.14595480263233185,0.9999762773513794,0.9999991655349731,2839,1079,0.14594098925590515,0.9999834299087524,0.999998927116394,2851,1258,0.23997776210308075,0.9999393224716187,0.999997615814209,2799,1059,0.2675352096557617,0.9999603033065796,0.9999990463256836,2790,1190,0.14064565300941467,0.9999667406082153,0.9999992847442627,2774,1125,0.14609113335609436,0.9999762773513794,0.9999991655349731,2648,1453,0.12880301475524902,0.9999638795852661,0.9999793767929077,2557,973,0.2608296573162079,0.9999905824661255,0.9999942779541016,2547,1466,-0.20553871989250183,0.9156473278999329,0.999107301235199,2354,870,-0.012066083960235119,0.7166829705238342,0.9998975992202759,2642,1074,-0.46555212140083313,0.8679457306861877,0.9999830722808838,2185,821,-0.35317009687423706,0.957900881767273,0.9999881982803345,2648,1021,-0.5354416370391846,0.7855462431907654,0.9999504089355469,2080,784,-0.42314302921295166,0.9483649730682373,0.999954104423523,2663,1001,-0.5070340633392334,0.7441343665122986,0.9999728202819824,2111,880,-0.4211057722568512,0.9417311549186707,0.9999805688858032,2664,1025,-0.4607989490032196,0.6070359349250793,0.9999867677688599,2137,909,-0.36454227566719055,0.907335102558136,0.9999920129776001,2172,1462,-0.03935493156313896,0.9999769926071167,0.9999973773956299,2111,1135,0.03889419510960579,0.9999829530715942,0.9999984502792358,1946,1891,-0.3329622149467468,0.8037142157554626,0.9999802112579346,1985,934,-0.38281506299972534,0.566314697265625,0.9999899864196777,1403,1949,-0.2698914706707001,0.5247610807418823,0.9993884563446045,1483,1269,-0.37055081129074097,0.41573476791381836,0.9998680353164673,1310,1893,-0.2724146544933319,0.4896478056907654,0.996885359287262,1371,1401,-0.37562835216522217,0.5668390989303589,0.9996079802513123,1265,2154,-0.4198329746723175,0.4060036242008209,0.9867391586303711,1377,1071,-0.5153206586837769,0.37925779819488525,0.9956372380256653,2602,1213,2128,848,2651,1032,None,None,None,None
True,/data/uabcvmsc/shared/newborn/29/16.08.24/HM20240816084545.jpeg,37.0,29.4,2894,1127,0.18150761723518372,0.9999963045120239,0.9999998807907104,2909,1154,0.22179065644741058,0.9999927282333374,0.9999997615814209,2907,1174,0.22155600786209106,0.9999898672103882,0.9999997615814209,2905,1198,0.22169849276542664,0.9999920129776001,0.9999996423721313,2893,1105,0.22217431664466858,0.9999971389770508,0.9999998807907104,2880,1089,0.2218286395072937,0.9999973773956299,0.9999998807907104,2866,1070,0.22176305949687958,0.9999978542327881,0.9999998807907104,2849,1260,0.3502058684825897,0.9999898672103882,0.9999997615814209,2798,1061,0.35240375995635986,0.9999936819076538,0.9999998807907104,2844,1178,0.22421064972877502,0.9999960660934448,0.9999998807907104,2819,1111,0.2224443554878235,0.9999964237213135,0.9999998807907104,2632,1483,0.3270726203918457,0.9999954700469971,0.999998927116394,2550,970,0.3337382972240448,0.9999984502792358,0.9999995231628418,2339,1637,0.2011471390724182,0.39298325777053833,0.9998962879180908,2281,889,0.15193115174770355,0.8821954727172852,0.9999815225601196,2116,1740,-0.04158234968781471,0.6408665776252747,0.9999583959579468,2117,850,-0.15470357239246368,0.988436222076416,0.999997615814209,2083,1799,-0.09129150211811066,0.7212222218513489,0.9999085664749146,2021,796,-0.21993786096572876,0.989321231842041,0.9999939203262329,2104,1793,-0.11930203437805176,0.7296490669250488,0.999932050704956,2034,886,-0.24019168317317963,0.9887461066246033,0.9999964237213135,2105,1756,-0.059197306632995605,0.6898577809333801,0.9999648332595825,2059,916,-0.1732328087091446,0.9818164110183716,0.9999983310699463,2227,1508,-0.009189040400087833,0.9999942779541016,0.9999997615814209,2186,1158,0.008567091077566147,0.9999960660934448,0.9999998807907104,1912,1842,-0.33819183707237244,0.987082839012146,0.9999970197677612,1933,1036,-0.3956591486930847,0.9797119498252869,0.9999982118606567,1367,1790,-0.3148493468761444,0.9442127346992493,0.9999539852142334,1400,1339,-0.37112921476364136,0.8899632692337036,0.9999619722366333,1225,1709,-0.3222368061542511,0.948876678943634,0.999784529209137,1281,1436,-0.3747585713863373,0.8852526545524597,0.9999140501022339,1251,2016,-0.48237478733062744,0.9565802216529846,0.9986149072647095,1299,1146,-0.521782636642456,0.9162499308586121,0.9991171956062317,2591,1226,2058,862,2094,1796,1327,1307,None,None
True,/data/uabcvmsc/shared/newborn/29/16.08.24/HM20240816084647.jpeg,37.9,30.2,2881,1130,0.2008281946182251,0.9998741149902344,0.9999990463256836,2897,1154,0.24420347809791565,0.9996780157089233,0.9999959468841553,2897,1175,0.24393722414970398,0.999568521976471,0.9999949932098389,2896,1199,0.2440209537744522,0.9996531009674072,0.9999922513961792,2884,1103,0.24441008269786835,0.9998860359191895,0.9999974966049194,2873,1086,0.24401485919952393,0.9999077320098877,0.9999980926513672,2863,1069,0.24395021796226501,0.9999312162399292,0.9999979734420776,2847,1260,0.3819388151168823,0.999640941619873,0.9999949932098389,2809,1055,0.38271287083625793,0.9998185038566589,0.9999985694885254,2832,1181,0.24611595273017883,0.9999048709869385,0.9999992847442627,2821,1114,0.24412870407104492,0.9999301433563232,0.9999991655349731,2617,1482,0.36855870485305786,0.9999717473983765,0.9999862909317017,2554,973,0.36004000902175903,0.9999958276748657,0.9999977350234985,2313,1624,0.29394766688346863,0.1428995132446289,0.9996429681777954,2301,891,0.19325441122055054,0.8236516714096069,0.999966025352478,2146,1741,0.09700605273246765,0.34737181663513184,0.9998799562454224,2120,847,-0.10371521860361099,0.9850507974624634,0.9999960660934448,2126,1808,0.055622849613428116,0.5150233507156372,0.9997521042823792,2032,800,-0.16768395900726318,0.9878061413764954,0.9999892711639404,2136,1794,0.025027936324477196,0.5034447312355042,0.999804675579071,2030,867,-0.18726971745491028,0.9867886900901794,0.999993085861206,2140,1754,0.07919677346944809,0.46715912222862244,0.9999065399169922,2066,898,-0.12129665166139603,0.9785705208778381,0.9999972581863403,2200,1503,-0.013009552843868732,0.9999918937683105,0.9999995231628418,2156,1163,0.012344442307949066,0.9999957084655762,0.9999998807907104,1962,1923,-0.39349937438964844,0.9846733808517456,0.9999945163726807,1916,954,-0.3930615186691284,0.9577807784080505,0.9999977350234985,1416,1749,-0.33968666195869446,0.9214472770690918,0.9999555349349976,1411,1354,-0.32620659470558167,0.8631132245063782,0.9999566078186035,1284,1668,-0.34352701902389526,0.9667971730232239,0.9998255372047424,1321,1492,-0.3256632685661316,0.9353582262992859,0.999914288520813,1325,1990,-0.5112874507904053,0.9279112219810486,0.9982873797416687,1252,1144,-0.47801870107650757,0.8814683556556702,0.9990859031677246,2586,1228,2062,853,None,None,1328,1330,None,None
True,/data/uabcvmsc/shared/newborn/29/16.08.24/HM20240816084748.jpeg,39.2,30.3,2864,1122,0.14115625619888306,0.9999459981918335,0.9999992847442627,2888,1156,0.18011336028575897,0.9999240636825562,0.9999985694885254,2890,1180,0.17983923852443695,0.9999032020568848,0.9999985694885254,2891,1201,0.1799343228340149,0.9999356269836426,0.9999979734420776,2869,1096,0.18439385294914246,0.9999567270278931,0.9999983310699463,2858,1077,0.18400628864765167,0.9999570846557617,0.9999985694885254,2848,1058,0.18390727043151855,0.9999650716781616,0.9999982118606567,2848,1271,0.3074831962585449,0.9999494552612305,0.9999990463256836,2788,1051,0.326555073261261,0.9999175071716309,0.9999986886978149,2823,1170,0.18427270650863647,0.9999583959579468,0.9999994039535522,2807,1104,0.18751628696918488,0.9999563694000244,0.9999986886978149,2625,1474,0.30376318097114563,0.9999799728393555,0.9999958276748657,2548,978,0.34453219175338745,0.999982476234436,0.9999912977218628,2334,1624,0.28997206687927246,0.3026961386203766,0.9998981952667236,2288,895,0.31167757511138916,0.4297972023487091,0.9998788833618164,2150,1753,0.1915527731180191,0.5804136991500854,0.9999713897705078,2090,860,0.17260926961898804,0.8414781093597412,0.9999845027923584,2125,1820,0.16939441859722137,0.6229446530342102,0.9999173879623413,2012,808,0.14376260340213776,0.8569790720939636,0.9999642372131348,2130,1803,0.14034324884414673,0.6211511492729187,0.9999213218688965,2017,872,0.11953386664390564,0.851357102394104,0.9999716281890869,2130,1764,0.1778949350118637,0.5714612603187561,0.9999655485153198,2049,902,0.15780794620513916,0.8112317323684692,0.999988317489624,2190,1496,-0.01656281016767025,0.9999955892562866,0.9999997615814209,2149,1161,0.016093004494905472,0.9999948740005493,0.9999996423721313,1946,1926,-0.35825321078300476,0.9839291572570801,0.9999948740005493,1892,953,-0.35833263397216797,0.9483257532119751,0.9999936819076538,1438,1747,-0.2560529112815857,0.9361021518707275,0.9999552965164185,1420,1337,-0.27520981431007385,0.8859991431236267,0.9999022483825684,1311,1647,-0.252500981092453,0.9369576573371887,0.9998094439506531,1333,1478,-0.2713017463684082,0.8871191740036011,0.9998236298561096,1308,1990,-0.3965967893600464,0.9015575647354126,0.9975752234458923,1237,1150,-0.4070155620574951,0.8395254611968994,0.9971604347229004,2586,1226,2042,860,None,None,1330,1322,None,None
True,/data/uabcvmsc/shared/newborn/29/16.08.24/HM20240816084849.jpeg,39.9,30.3,2860,1128,0.10723601281642914,0.9999768733978271,0.9999995231628418,2886,1159,0.14586062729358673,0.999963641166687,0.9999986886978149,2885,1186,0.14561860263347626,0.9999433755874634,0.9999985694885254,2883,1207,0.14571867883205414,0.9999638795852661,0.9999977350234985,2870,1098,0.14837370812892914,0.9999834299087524,0.9999988079071045,2860,1078,0.14800626039505005,0.9999821186065674,0.9999990463256836,2849,1057,0.14792846143245697,0.9999873638153076,0.9999988079071045,2831,1277,0.27384403347969055,0.9999616146087646,0.9999985694885254,2785,1045,0.28506484627723694,0.999961256980896,0.9999990463256836,2808,1174,0.15047501027584076,0.9999797344207764,0.9999995231628418,2802,1111,0.1515786051750183,0.9999814033508301,0.9999992847442627,2620,1468,0.2734106779098511,0.9999831914901733,0.9999955892562866,2549,982,0.2877953052520752,0.9999923706054688,0.9999964237213135,2343,1622,0.2425594925880432,0.3299594819545746,0.9998883008956909,2294,907,0.18407593667507172,0.736765444278717,0.9999421834945679,2153,1754,0.11237923055887222,0.607948362827301,0.9999518394470215,2108,867,-0.038260508328676224,0.9736542701721191,0.9999932050704956,2122,1814,0.08458038419485092,0.6578921675682068,0.9998594522476196,2020,814,-0.08519595116376877,0.9738972187042236,0.9999806880950928,2130,1802,0.05292436107993126,0.6586340069770813,0.9998800754547119,2030,874,-0.10841989517211914,0.9725636839866638,0.9999867677688599,2135,1767,0.09670041501522064,0.6200527548789978,0.9999485015869141,2053,906,-0.05513486638665199,0.9593509435653687,0.9999948740005493,2204,1488,-0.012930060736835003,0.9999958276748657,0.9999997615814209,2150,1165,0.012396412901580334,0.9999960660934448,0.9999997615814209,1948,1932,-0.3267768621444702,0.9911441802978516,0.9999964237213135,1890,951,-0.33540239930152893,0.9621577858924866,0.9999969005584717,1429,1762,-0.22902342677116394,0.9752182364463806,0.9999508857727051,1418,1335,-0.24716849625110626,0.919813871383667,0.9999287128448486,1299,1661,-0.2267480194568634,0.9697609543800354,0.9997654557228088,1331,1463,-0.242985799908638,0.9095505475997925,0.9998462200164795,1331,2013,-0.3675338327884674,0.9491804242134094,0.9973055124282837,1246,1134,-0.3715643286705017,0.8721465468406677,0.9975693821907043,2584,1225,2053,865,None,None,1332,1311,None,None
True,/data/uabcvmsc/shared/newborn/29/16.08.24/HM20240816084950.jpeg,40.3,30.3,2878,1122,0.15775121748447418,0.9999569654464722,0.9999995231628418,2897,1160,0.19902922213077545,0.9999334812164307,0.9999986886978149,2898,1183,0.19877409934997559,0.9999064207077026,0.9999985694885254,2897,1203,0.198893204331398,0.9999364614486694,0.9999978542327881,2881,1100,0.20006896555423737,0.9999691247940063,0.9999988079071045,2871,1080,0.199673593044281,0.999969482421875,0.9999990463256836,2861,1058,0.19961071014404297,0.999976634979248,0.9999988079071045,2846,1267,0.3328692317008972,0.9999451637268066,0.999998927116394,2818,1040,0.33695289492607117,0.9999417066574097,0.9999991655349731,2832,1167,0.20271070301532745,0.999972939491272,0.9999996423721313,2823,1101,0.20156313478946686,0.9999754428863525,0.9999995231628418,2627,1467,0.3256518244743347,0.9999864101409912,0.9999971389770508,2569,959,0.3345371186733246,0.9999933242797852,0.9999974966049194,2337,1615,0.2726585566997528,0.2341797947883606,0.9998935461044312,2279,891,0.2342826873064041,0.6237099170684814,0.9999406337738037,2145,1757,0.105063296854496,0.5321027636528015,0.9999634027481079,2076,858,0.016481589525938034,0.9514573216438293,0.9999912977218628,2123,1818,0.07239582389593124,0.6137441992759705,0.9999140501022339,2004,805,-0.028681574389338493,0.9577722549438477,0.9999799728393555,2137,1805,0.04299769178032875,0.6132715344429016,0.9999254941940308,2000,860,-0.0520968958735466,0.9558559656143188,0.999985933303833,2131,1774,0.08927852660417557,0.5669083595275879,0.9999648332595825,2030,891,-0.00012968953524250537,0.9353175759315491,0.9999940395355225,2214,1493,-0.008693045936524868,0.9999958276748657,0.9999997615814209,2173,1155,0.008093921467661858,0.9999960660934448,0.9999997615814209,1947,1931,-0.35176801681518555,0.9936051964759827,0.9999963045120239,1910,942,-0.3884449899196625,0.9781977534294128,0.9999972581863403,1439,1756,-0.25745850801467896,0.9776527881622314,0.9999626874923706,1423,1336,-0.3180069327354431,0.9424720406532288,0.9999442100524902,1301,1670,-0.25558650493621826,0.9746783375740051,0.9998378753662109,1334,1474,-0.31555110216140747,0.930483341217041,0.9998821020126343,1323,2008,-0.40732893347740173,0.9612637162208557,0.9983733892440796,1241,1143,-0.4571469724178314,0.9139077067375183,0.9982604384422302,2598,1213,2028,854,None,None,1333,1318,None,None
True,/data/uabcvmsc/shared/newborn/29/16.08.24/HM20240816085051.jpeg,40.0,30.0,2876,1120,0.15243646502494812,0.9999414682388306,0.9999992847442627,2896,1159,0.19291436672210693,0.9999274015426636,0.9999986886978149,2895,1185,0.1926240473985672,0.9999102354049683,0.9999986886978149,2892,1206,0.19271472096443176,0.9999392032623291,0.9999982118606567,2881,1093,0.1942531168460846,0.9999572038650513,0.9999983310699463,2871,1072,0.19388464093208313,0.999956488609314,0.9999985694885254,2863,1052,0.19381503760814667,0.9999618530273438,0.9999979734420776,2838,1270,0.32302579283714294,0.9999576807022095,0.9999992847442627,2799,1042,0.3285979628562927,0.9999163150787354,0.9999985694885254,2830,1170,0.19654180109500885,0.9999526739120483,0.9999994039535522,2822,1098,0.19577787816524506,0.9999481439590454,0.9999986886978149,2633,1468,0.3131401836872101,0.9999823570251465,0.999996542930603,2554,962,0.3429928123950958,0.9999740123748779,0.9999884366989136,2338,1621,0.28188130259513855,0.17492008209228516,0.9998645782470703,2270,899,0.3003714978694916,0.24795866012573242,0.9997676014900208,2149,1759,0.15937502682209015,0.36436727643013,0.9999651908874512,2037,873,0.175999253988266,0.6310049891471863,0.9999606609344482,2116,1821,0.13524122536182404,0.4364367723464966,0.9999169111251831,1980,814,0.14957578480243683,0.6819397807121277,0.9999251365661621,2131,1805,0.10986059904098511,0.42544621229171753,0.9999215602874756,1999,853,0.12666745483875275,0.6672689914703369,0.999941349029541,2127,1773,0.14652352035045624,0.3808124363422394,0.9999632835388184,2010,874,0.16194109618663788,0.6099751591682434,0.9999741315841675,2202,1497,-0.013628916814923286,0.999995231628418,0.9999997615814209,2160,1147,0.013115941546857357,0.9999933242797852,0.9999996423721313,1947,1931,-0.3495868444442749,0.9875673055648804,0.999996542930603,1886,952,-0.34847384691238403,0.9432991147041321,0.9999943971633911,1442,1753,-0.24861934781074524,0.9541343450546265,0.99996018409729,1416,1336,-0.26548996567726135,0.8926258683204651,0.9999098777770996,1298,1668,-0.2455367147922516,0.9540013074874878,0.999810516834259,1335,1485,-0.26164528727531433,0.9053831100463867,0.9998283386230469,1326,2016,-0.3905903995037079,0.9214986562728882,0.9977232813835144,1232,1142,-0.393534392118454,0.8435840010643005,0.9971572160720825,2594,1215,None,None,None,None,1328,1321,None,None
True,/data/uabcvmsc/shared/newborn/29/16.08.24/HM20240816085152.jpeg,40.4,30.6,2845,1117,0.25330042839050293,1.0,1.0,2867,1146,0.30068692564964294,1.0,1.0,2873,1169,0.30074697732925415,1.0,1.0,2876,1185,0.3007044196128845,1.0,1.0,2847,1088,0.29686790704727173,1.0,1.0,2836,1067,0.29656559228897095,1.0,1.0,2828,1052,0.29677534103393555,1.0,1.0,2852,1239,0.4535013735294342,1.0,1.0,2772,1040,0.4305763840675354,1.0,1.0,2802,1162,0.29887789487838745,1.0,1.0,2782,1098,0.29188773036003113,1.0,1.0,2619,1459,0.4008846879005432,1.0,1.0,2512,970,0.3692536950111389,1.0,1.0,2358,1699,0.18197059631347656,0.9979146122932434,0.999998927116394,2235,928,0.062188442796468735,0.9807153940200806,0.9999998807907104,2192,1742,-0.140472412109375,0.9773757457733154,0.999998927116394,2104,868,-0.3129521608352661,0.9901384115219116,0.9999992847442627,2137,1751,-0.20955593883991241,0.9808406233787537,0.9999963045120239,2058,846,-0.40006911754608154,0.9915063977241516,0.9999978542327881,2163,1716,-0.22209811210632324,0.9760159254074097,0.9999980926513672,2081,861,-0.4019005596637726,0.9872950911521912,0.9999988079071045,2177,1695,-0.15499122440814972,0.9764343500137329,0.9999991655349731,2122,889,-0.32643643021583557,0.986622154712677,0.9999995231628418,2289,1459,-0.0015878151170909405,1.0,1.0,2195,1130,0.0013664287980645895,1.0,1.0,2153,1798,-0.6621828079223633,0.9999998807907104,1.0,2031,981,-0.6476960778236389,0.9999996423721313,1.0,1603,1624,-0.9517591595649719,0.9805043339729309,1.0,1564,1359,-0.8561305403709412,0.9936906099319458,1.0,1432,1634,-0.9939742684364319,0.9999986886978149,1.0,1450,1463,-0.888713538646698,0.9999995231628418,1.0,1595,1584,-1.237269401550293,0.9999990463256836,0.9999998807907104,1552,1364,-1.113746166229248,0.9999998807907104,1.0,2566,1214,2091,866,2167,1726,1522,1395,1543,1614
True,/data/uabcvmsc/shared/newborn/29/16.08.24/HM20240816085254.jpeg,40.1,30.2,2864,1138,0.1054936870932579,0.9999958276748657,1.0,2890,1172,0.1509568691253662,0.9999922513961792,1.0,2889,1194,0.15080054104328156,0.9999891519546509,1.0,2889,1217,0.15087808668613434,0.9999896287918091,0.9999998807907104,2880,1110,0.14997881650924683,0.9999972581863403,1.0,2871,1090,0.14973187446594238,0.9999977350234985,1.0,2861,1067,0.1497311294078827,0.9999977350234985,1.0,2836,1282,0.3029637932777405,0.99998939037323,1.0,2795,1043,0.2975848913192749,0.999993085861206,1.0,2800,1190,0.15560828149318695,0.9999958276748657,1.0,2801,1112,0.15225844085216522,0.9999961853027344,1.0,2592,1461,0.27998456358909607,0.9999954700469971,0.9999991655349731,2517,957,0.2728480100631714,0.999997615814209,0.9999992847442627,2294,1681,0.08857690542936325,0.3858451247215271,0.9998136162757874,2188,906,0.02388523332774639,0.721621036529541,0.9999376535415649,2081,1793,-0.2165258526802063,0.46149107813835144,0.9998890161514282,2074,843,-0.30970484018325806,0.9085484743118286,0.9999693632125854,2020,1836,-0.27739134430885315,0.6469221115112305,0.9998071789741516,2019,811,-0.3845050036907196,0.9479503631591797,0.9999473094940186,2057,1820,-0.2976045310497284,0.6215852499008179,0.9998922348022461,2049,834,-0.3925457298755646,0.9411329627037048,0.9999762773513794,2057,1774,-0.23258385062217712,0.5556207895278931,0.9999414682388306,2062,867,-0.324203222990036,0.903450071811676,0.9999878406524658,2194,1489,0.0017489943420514464,0.999997615814209,1.0,2151,1146,-0.002306109992787242,0.9999980926513672,1.0,2069,1889,-0.4735093414783478,0.9991094470024109,0.9999988079071045,1981,962,-0.5216354727745056,0.9981020092964172,0.9999992847442627,1565,1687,-0.4330805242061615,0.990744948387146,0.9999923706054688,1503,1365,-0.48897430300712585,0.9803851842880249,0.9999932050704956,1413,1608,-0.43913036584854126,0.9980812072753906,0.9999703168869019,1428,1491,-0.49329066276550293,0.9924382567405701,0.9999841451644897,1461,1817,-0.6518039703369141,0.9971392154693604,0.9998231530189514,1321,1316,-0.696555495262146,0.9935104250907898,0.9997654557228088,2554,1209,2051,839,None,None,1417,1391,1480,1704
True,/data/uabcvmsc/shared/newborn/29/16.08.24/HM20240816085355.jpeg,39.9,30.0,2839,1139,0.10465318709611893,0.9999381303787231,0.999998927116394,2864,1165,0.14492492377758026,0.9999135732650757,0.9999959468841553,2863,1186,0.14473490417003632,0.9998407363891602,0.999995231628418,2862,1205,0.14482463896274567,0.9999048709869385,0.9999924898147583,2855,1107,0.14421309530735016,0.9999676942825317,0.9999969005584717,2847,1088,0.14388366043567657,0.9999619722366333,0.999997615814209,2835,1068,0.14383147656917572,0.9999756813049316,0.9999971389770508,2822,1267,0.2797381579875946,0.9998925924301147,0.9999954700469971,2772,1050,0.2752998173236847,0.999923586845398,0.9999979734420776,2783,1176,0.1497512310743332,0.9999696016311646,0.9999992847442627,2773,1117,0.1465059518814087,0.9999754428863525,0.9999991655349731,2594,1459,0.2693062424659729,0.9999771118164062,0.9999912977218628,2527,968,0.265883207321167,0.9999924898147583,0.9999959468841553,2324,1627,0.1902903914451599,0.09789704531431198,0.9995300769805908,2270,903,0.08347699046134949,0.5446247458457947,0.9998700618743896,2114,1780,0.0013670595362782478,0.18525776267051697,0.9996932744979858,2092,856,-0.21879732608795166,0.9192069172859192,0.9999622106552124,2084,1826,-0.038003649562597275,0.2813633978366852,0.9992432594299316,2012,812,-0.2830066382884979,0.9338858127593994,0.9998856782913208,2081,1826,-0.066477932035923,0.281981498003006,0.9994727969169617,2018,880,-0.2995777428150177,0.9306749701499939,0.9999414682388306,2093,1792,-0.014711112715303898,0.24512113630771637,0.9997492432594299,2040,918,-0.23530636727809906,0.8910311460494995,0.9999760389328003,2207,1487,-0.008530046790838242,0.9999923706054688,0.9999996423721313,2161,1150,0.007978100329637527,0.9999945163726807,0.9999997615814209,2001,1933,-0.3424943685531616,0.9759740233421326,0.999983549118042,1939,966,-0.4100879430770874,0.9292073249816895,0.9999912977218628,1497,1715,-0.24800775945186615,0.9363749027252197,0.9998602867126465,1473,1370,-0.3301217257976532,0.824057936668396,0.9998701810836792,1364,1626,-0.24567794799804688,0.9364474415779114,0.9994576573371887,1395,1503,-0.32628321647644043,0.8226412534713745,0.9997268319129944,1373,1929,-0.40374040603637695,0.8850078582763672,0.9954231381416321,1267,1258,-0.47541332244873047,0.7391097545623779,0.995707631111145,2560,1214,2040,866,None,None,1378,1377,1411,1757
True,/data/uabcvmsc/shared/newborn/29/16.08.24/HM20240816085457.jpeg,40.1,30.2,2840,1128,0.1054021418094635,0.9998170733451843,0.9999964237213135,2869,1163,0.14303074777126312,0.9997881054878235,0.9999922513961792,2871,1190,0.14281333982944489,0.9996703863143921,0.9999918937683105,2871,1209,0.14290669560432434,0.999799907207489,0.999988317489624,2854,1100,0.14444130659103394,0.9998934268951416,0.9999922513961792,2844,1079,0.14410313963890076,0.9998805522918701,0.9999935626983643,2833,1056,0.1440243273973465,0.9999157190322876,0.999991774559021,2829,1273,0.2721869945526123,0.9998263716697693,0.999994158744812,2780,1040,0.2769213616847992,0.9997753500938416,0.999994158744812,2792,1177,0.14961731433868408,0.9998940229415894,0.9999977350234985,2775,1111,0.14891597628593445,0.9998942613601685,0.9999964237213135,2609,1452,0.26389726996421814,0.9999701976776123,0.9999908208847046,2543,960,0.28144219517707825,0.9999707937240601,0.9999843835830688,2301,1621,0.19361244142055511,0.09493068605661392,0.9995306730270386,2261,903,0.13904006779193878,0.1981906145811081,0.9995436072349548,2079,1764,0.02653050236403942,0.13586077094078064,0.9997056126594543,2049,872,-0.10539841651916504,0.5288787484169006,0.9998421669006348,2006,1834,-0.008403097279369831,0.20618553459644318,0.9993715882301331,2011,820,-0.15566785633563995,0.6242032051086426,0.9996914863586426,2021,1811,-0.03243044763803482,0.19924789667129517,0.9994888305664062,2022,854,-0.17231950163841248,0.6122933626174927,0.9998099207878113,2039,1775,0.013072139583528042,0.17131471633911133,0.9997395873069763,2035,887,-0.12028123438358307,0.5382804870605469,0.999911904335022,2205,1472,-0.006989919114857912,0.9999963045120239,0.9999998807907104,2164,1133,0.006470702588558197,0.9999959468841553,0.9999998807907104,1998,1943,-0.34858182072639465,0.9927911758422852,0.9999953508377075,1930,945,-0.417836457490921,0.9767233729362488,0.9999964237213135,1498,1716,-0.23714682459831238,0.987245500087738,0.999964714050293,1479,1352,-0.32356417179107666,0.9471861124038696,0.9999607801437378,1362,1636,-0.2326791137456894,0.9818779826164246,0.9998582601547241,1417,1471,-0.3175034523010254,0.9305210113525391,0.9999194145202637,1377,1941,-0.3926176130771637,0.9709942936897278,0.9982616305351257,1240,1251,-0.4664875864982605,0.9105615019798279,0.9981416463851929,2576,1206,None,None,None,None,1379,1358,1412,1764
True,/data/uabcvmsc/shared/newborn/29/16.08.24/HM20240816085559.jpeg,40.0,30.4,2844,1124,-0.03144324570894241,0.9995450377464294,0.9999834299087524,2865,1154,0.0015750378370285034,0.9994441866874695,0.9999626874923706,2865,1179,0.0013045152882114053,0.9991384744644165,0.9999635219573975,2863,1202,0.0013655801303684711,0.9995371103286743,0.9999487400054932,2857,1097,0.005180920008569956,0.9996969699859619,0.9999605417251587,2847,1076,0.004830880090594292,0.9996485710144043,0.9999682903289795,2835,1053,0.004700794816017151,0.9997768998146057,0.9999604225158691,2815,1282,0.12862461805343628,0.9995658993721008,0.999975323677063,2774,1039,0.1433688849210739,0.999370276927948,0.9999768733978271,2787,1171,0.013676989823579788,0.9997437596321106,0.9999916553497314,2769,1103,0.01578398421406746,0.9997609257698059,0.999987006187439,2607,1459,0.1385532021522522,0.9999560117721558,0.999981164932251,2540,962,0.18609003722667694,0.999953031539917,0.9999701976776123,2269,1637,0.08508160710334778,0.09065178781747818,0.9993084669113159,2253,901,0.10218047350645065,0.09739711135625839,0.9994509816169739,2029,1804,-0.06106095016002655,0.05675420165061951,0.9991725087165833,2042,865,-0.09143995493650436,0.3241150677204132,0.9998435974121094,1976,1866,-0.0958368331193924,0.07526630908250809,0.9980283379554749,2014,827,-0.13203436136245728,0.40231654047966003,0.9996758699417114,1992,1842,-0.12232378870248795,0.07218074053525925,0.9982025623321533,2006,845,-0.156804621219635,0.39314571022987366,0.9997807145118713,2012,1807,-0.07490236312150955,0.06611138582229614,0.9991528987884521,2014,870,-0.10774021595716476,0.3396945297718048,0.9999011754989624,2230,1467,-0.01728934794664383,0.9999955892562866,0.9999998807907104,2171,1137,0.016758190467953682,0.9999948740005493,0.9999997615814209,2010,1927,-0.36704221367836,0.9583503007888794,0.9999903440475464,1905,947,-0.38460221886634827,0.8369228839874268,0.9999932050704956,1494,1709,-0.22934912145137787,0.8928854465484619,0.9999369382858276,1460,1343,-0.2657202482223511,0.7375605702400208,0.9999200105667114,1365,1623,-0.22149991989135742,0.8750000596046448,0.9997633099555969,1383,1477,-0.2567692995071411,0.7248681783676147,0.9998559951782227,1343,1908,-0.3643399178981781,0.7898319959640503,0.9973405003547668,1283,1212,-0.3894718587398529,0.6265149712562561,0.9972656965255737,2574,1210,None,None,None,None,1422,1410,1401,1747
True,/data/uabcvmsc/shared/newborn/29/16.08.24/HM20240816085700.jpeg,40.0,30.2,2851,1132,-0.0013373341644182801,0.999460756778717,0.9999858140945435,2875,1165,0.03150516375899315,0.9993823766708374,0.9999691247940063,2875,1187,0.03123384341597557,0.999054491519928,0.9999697208404541,2872,1211,0.031321968883275986,0.99950110912323,0.9999592304229736,2858,1104,0.03565267473459244,0.9996758699417114,0.9999657869338989,2847,1084,0.03528990224003792,0.9996199607849121,0.9999719858169556,2836,1064,0.035158462822437286,0.9997616410255432,0.9999654293060303,2825,1281,0.15595518052577972,0.9994907379150391,0.9999808073043823,2777,1054,0.17363987863063812,0.9993168115615845,0.9999803304672241,2804,1176,0.0426010824739933,0.9997062087059021,0.9999934434890747,2790,1115,0.04548170417547226,0.9997319579124451,0.9999895095825195,2614,1457,0.1654597371816635,0.9999527931213379,0.999984860420227,2532,969,0.2126436084508896,0.9999508857727051,0.9999778270721436,2285,1631,0.11813614517450333,0.056147024035453796,0.9995599389076233,2214,926,0.15300284326076508,0.05194557458162308,0.9995710253715515,2130,1726,-0.031127823516726494,0.05386043339967728,0.9997490048408508,2024,864,-0.020534401759505272,0.19511225819587708,0.999896764755249,2084,1769,-0.06667391955852509,0.07960715144872665,0.9994131326675415,2006,805,-0.056694209575653076,0.2695973515510559,0.999804675579071,2075,1760,-0.0899231880903244,0.07676049321889877,0.9994749426841736,1998,836,-0.08392620086669922,0.2623645067214966,0.999860405921936,2076,1755,-0.043733205646276474,0.06455180048942566,0.9997498393058777,2005,861,-0.037065982818603516,0.22280053794384003,0.9999368190765381,2231,1486,-0.01641486957669258,0.9999963045120239,0.9999998807907104,2170,1141,0.01587064191699028,0.9999954700469971,0.9999998807907104,2003,1945,-0.34230273962020874,0.9374440312385559,0.999995231628418,1926,931,-0.35609567165374756,0.783564031124115,0.9999964237213135,1489,1695,-0.2116878628730774,0.8715572953224182,0.999977707862854,1459,1340,-0.24647316336631775,0.7382184863090515,0.9999679327011108,1377,1600,-0.20434553921222687,0.8434172868728638,0.9999151229858398,1395,1475,-0.23789432644844055,0.7253371477127075,0.999941349029541,1334,1880,-0.3458724915981293,0.7692896127700806,0.9989591836929321,1268,1215,-0.3662450909614563,0.650722861289978,0.9987454414367676,2573,1213,None,None,None,None,1427,1408,1400,1725
True,/data/uabcvmsc/shared/newborn/29/16.08.24/HM20240816085801.jpeg,40.0,30.3,2833,1129,-0.022656438872218132,0.9998443126678467,0.9999960660934448,2849,1162,0.01113046519458294,0.9998389482498169,0.9999923706054688,2849,1189,0.010865885764360428,0.9997671246528625,0.999992847442627,2847,1210,0.010917394421994686,0.9998728036880493,0.9999903440475464,2850,1099,0.01275776606053114,0.9999043941497803,0.9999902248382568,2841,1078,0.012417802587151527,0.999885082244873,0.9999912977218628,2829,1054,0.01231175847351551,0.99991774559021,0.999988317489624,2802,1282,0.14241597056388855,0.9998915195465088,0.9999958276748657,2765,1038,0.14857125282287598,0.9997751116752625,0.9999923706054688,2767,1176,0.0243887510150671,0.9999068975448608,0.9999977350234985,2751,1107,0.024040356278419495,0.9999004602432251,0.9999955892562866,2589,1458,0.1619415134191513,0.99997878074646,0.9999947547912598,2507,958,0.19313563406467438,0.9999607801437378,0.9999830722808838,2281,1645,0.12008805572986603,0.11399137228727341,0.9997487664222717,2192,925,0.134578138589859,0.08999155461788177,0.9995083808898926,2055,1802,-0.02219415083527565,0.10907310247421265,0.9998466968536377,1996,862,-0.025173496454954147,0.22653594613075256,0.9998319149017334,2007,1858,-0.054153166711330414,0.14679796993732452,0.99967360496521,1957,834,-0.059374526143074036,0.3090161383152008,0.9997243285179138,2022,1836,-0.0802040845155716,0.1399306058883667,0.9996949434280396,1978,864,-0.08419276028871536,0.2994495928287506,0.9997995495796204,2036,1797,-0.03567591682076454,0.12184113264083862,0.9998520612716675,1987,890,-0.04036615788936615,0.25934380292892456,0.999904990196228,2195,1480,-0.013003219850361347,0.9999971389770508,0.9999998807907104,2141,1120,0.012513992376625538,0.9999960660934448,0.9999998807907104,1990,1943,-0.3592257499694824,0.9882972836494446,0.9999974966049194,1902,937,-0.3846995234489441,0.9452040195465088,0.9999972581863403,1499,1701,-0.2420448213815689,0.9772167205810547,0.9999856948852539,1459,1345,-0.2771005928516388,0.9148603677749634,0.9999758005142212,1367,1617,-0.23676012456417084,0.9666451215744019,0.9999407529830933,1396,1488,-0.2697608172893524,0.8934661746025085,0.9999535083770752,1352,1923,-0.3885043263435364,0.9505730867385864,0.9991893172264099,1241,1209,-0.40812239050865173,0.8688093423843384,0.9989120960235596,2548,1208,None,None,None,None,1365,1347,1406,1747
True,/data/uabcvmsc/shared/newborn/29/16.08.24/HM20240816085903.jpeg,39.7,30.1,2830,1127,0.06630978733301163,0.999850869178772,0.9999958276748657,2859,1158,0.10596082359552383,0.9998026490211487,0.9999891519546509,2853,1180,0.10572817921638489,0.9996780157089233,0.9999880790710449,2853,1209,0.10583537071943283,0.9998130202293396,0.9999821186065674,2842,1094,0.10835090279579163,0.999902606010437,0.99998939037323,2831,1070,0.10801507532596588,0.9998855590820312,0.9999910593032837,2821,1049,0.1079268604516983,0.9999226331710815,0.9999885559082031,2812,1286,0.24616676568984985,0.9997689127922058,0.999988317489624,2767,1039,0.25548887252807617,0.999756395816803,0.9999909400939941,2775,1181,0.1144011914730072,0.9998708963394165,0.9999959468841553,2761,1106,0.1149708554148674,0.9998821020126343,0.9999938011169434,2613,1446,0.24597780406475067,0.9999402761459351,0.9999760389328003,2526,969,0.2682530879974365,0.999958872795105,0.9999725818634033,2318,1614,0.17861893773078918,0.13966134190559387,0.9993964433670044,2276,898,0.1424206644296646,0.33834120631217957,0.9996024966239929,2109,1767,0.011277307756245136,0.23677359521389008,0.9997063279151917,2105,841,-0.09195980429649353,0.7763888239860535,0.9999215602874756,2066,1839,-0.024274390190839767,0.31230273842811584,0.9992107152938843,2038,802,-0.14180225133895874,0.811930239200592,0.9997953772544861,2076,1816,-0.05183980613946915,0.3106214702129364,0.9993618130683899,2040,857,-0.1620038002729416,0.8041176199913025,0.9998711347579956,2072,1790,-0.003749677911400795,0.2750547528266907,0.9997114539146423,2057,891,-0.10815645754337311,0.7473939061164856,0.9999476671218872,2190,1500,-0.010309260338544846,0.9999932050704956,0.9999997615814209,2122,1159,0.009778868407011032,0.9999935626983643,0.9999997615814209,1993,1922,-0.328506201505661,0.9717199802398682,0.9999927282333374,1904,940,-0.38961896300315857,0.934308648109436,0.9999954700469971,1514,1715,-0.19548344612121582,0.9610291123390198,0.9999581575393677,1457,1346,-0.27570536732673645,0.9050934314727783,0.9999566078186035,1378,1638,-0.18910397589206696,0.951426088809967,0.9998387098312378,1390,1477,-0.2681451737880707,0.8801229000091553,0.9999139308929443,1409,1944,-0.3426779508590698,0.923891544342041,0.9981998205184937,1238,1232,-0.4130593538284302,0.8397541046142578,0.9982796907424927,2570,1208,2060,848,None,None,1362,1352,None,None
True,/data/uabcvmsc/shared/newborn/29/16.08.24/HM20240816090005.jpeg,39.8,30.2,2894,1091,0.20684292912483215,0.9997468590736389,0.9999988079071045,2916,1126,0.247458353638649,0.9996010661125183,0.9999964237213135,2917,1140,0.24721750617027283,0.9994580149650574,0.9999963045120239,2920,1161,0.24728189408779144,0.9996336698532104,0.9999948740005493,2905,1070,0.24700568616390228,0.9997994303703308,0.9999964237213135,2894,1042,0.24666178226470947,0.999796450138092,0.9999969005584717,2884,1022,0.24660706520080566,0.9998371601104736,0.9999959468841553,2874,1209,0.3748507797718048,0.9997121691703796,0.9999979734420776,2826,996,0.37267598509788513,0.999636173248291,0.9999973773956299,2853,1133,0.24870918691158295,0.9998329877853394,0.9999992847442627,2834,1059,0.24578121304512024,0.9998090863227844,0.9999988079071045,2635,1425,0.33134180307388306,0.9999853372573853,0.9999961853027344,2551,931,0.3408365547657013,0.9999854564666748,0.9999942779541016,2321,1592,0.17606957256793976,0.036460574716329575,0.9997102618217468,2215,901,0.1437819004058838,0.11308954656124115,0.9998096823692322,2134,1750,-0.08177489787340164,0.05055616423487663,0.9997889399528503,2052,868,-0.1266590803861618,0.31627848744392395,0.9998849630355835,2106,1790,-0.13155344128608704,0.0972970724105835,0.999588668346405,2006,839,-0.18360479176044464,0.4537007212638855,0.9998031258583069,2124,1775,-0.15098194777965546,0.09149254113435745,0.9997020363807678,2049,840,-0.19678595662117004,0.42812126874923706,0.9998875856399536,2120,1761,-0.09654883295297623,0.07547257095575333,0.9998449087142944,2052,845,-0.14154165983200073,0.3414646089076996,0.9999440908432007,2225,1454,-0.004001464694738388,0.9999943971633911,0.9999998807907104,2152,1124,0.0033319820649921894,0.9999945163726807,0.9999998807907104,1979,1935,-0.3719308376312256,0.9827204346656799,0.9999953508377075,1899,952,-0.4473213851451874,0.9620290994644165,0.9999969005584717,1498,1705,-0.31797030568122864,0.8561503887176514,0.9999754428863525,1465,1362,-0.44383570551872253,0.7766497731208801,0.9999561309814453,1353,1612,-0.3195945620536804,0.9529757499694824,0.999907374382019,1389,1495,-0.4472961723804474,0.8923456072807312,0.9999041557312012,1398,1885,-0.4643111824989319,0.8842691779136658,0.99933260679245,1289,1194,-0.587308406829834,0.8322899341583252,0.9985359907150269,2593,1178,None,None,None,None,1381,1350,None,None
True,/data/uabcvmsc/shared/newborn/29/16.08.24/HM20240816090107.jpeg,39.7,30.3,2854,1094,0.21729470789432526,0.9998660087585449,0.9999991655349731,2885,1121,0.25666165351867676,0.9997765421867371,0.9999977350234985,2889,1137,0.2564270496368408,0.9996731281280518,0.9999970197677612,2893,1156,0.25655150413513184,0.999646782875061,0.9999951124191284,2867,1073,0.2563862204551697,0.9999145269393921,0.9999988079071045,2860,1056,0.2560223937034607,0.9999393224716187,0.9999992847442627,2855,1039,0.25599345564842224,0.9999544620513916,0.9999991655349731,2865,1195,0.38746291399002075,0.9996988773345947,0.9999960660934448,2807,1018,0.3837549388408661,0.9999063014984131,0.9999992847442627,2824,1128,0.2603696584701538,0.9999114274978638,0.9999990463256836,2806,1073,0.25737515091896057,0.9999408721923828,0.9999991655349731,2655,1396,0.37117084860801697,0.9999701976776123,0.9999760389328003,2536,942,0.3349778652191162,0.9999977350234985,0.9999978542327881,2331,1565,0.24297472834587097,0.10943317413330078,0.9987829327583313,2281,866,0.15545468032360077,0.8764355182647705,0.9999499320983887,2135,1764,-0.023959584534168243,0.2005038857460022,0.99906986951828,2127,838,-0.14960888028144836,0.9943121671676636,0.9999933242797852,2087,1823,-0.0745316669344902,0.36490243673324585,0.9980040192604065,2035,795,-0.21506525576114655,0.9951500296592712,0.9999754428863525,2076,1815,-0.09791787713766098,0.354294091463089,0.9986094236373901,2044,867,-0.2335197776556015,0.9950252175331116,0.9999855756759644,2088,1781,-0.04053743556141853,0.33551159501075745,0.9992513060569763,2071,891,-0.16713666915893555,0.9912108182907104,0.9999945163726807,2266,1442,0.016215575858950615,0.9999964237213135,0.9999998807907104,2192,1131,-0.01686995103955269,0.9999986886978149,0.9999998807907104,2061,2003,-0.3482511043548584,0.9796879887580872,0.9998902082443237,1929,932,-0.4255862832069397,0.9911076426506042,0.9999712705612183,1541,1931,-0.32246702909469604,0.8148375749588013,0.9997743964195251,1694,1531,-0.40383589267730713,0.8248808979988098,0.9999150037765503,1425,1852,-0.32422444224357605,0.955896258354187,0.9993917942047119,1680,1638,-0.40277957916259766,0.9376237988471985,0.9998841285705566,1405,2174,-0.4937173128128052,0.8209635615348816,0.9938166737556458,1484,1686,-0.5686473250389099,0.847346305847168,0.9983687996864319,2596,1169,2069,848,None,None,1619,1618,None,None
True,/data/uabcvmsc/shared/newborn/29/16.08.24/HM20240816090209.jpeg,39.7,30.6,2827,1081,0.22532646358013153,0.9999371767044067,0.9999996423721313,2852,1105,0.26065823435783386,0.9999094009399414,0.9999990463256836,2856,1120,0.2604503035545349,0.9998406171798706,0.9999986886978149,2862,1139,0.2606118321418762,0.9998412132263184,0.9999977350234985,2837,1057,0.2627212405204773,0.9999669790267944,0.9999996423721313,2830,1040,0.2623195946216583,0.9999736547470093,0.9999997615814209,2824,1024,0.2623033821582794,0.9999823570251465,0.9999997615814209,2842,1190,0.37622037529945374,0.9998656511306763,0.9999979734420776,2774,1019,0.383694589138031,0.9999668598175049,0.9999997615814209,2794,1119,0.26318490505218506,0.9999657869338989,0.9999996423721313,2783,1069,0.26348692178726196,0.9999771118164062,0.9999997615814209,2620,1378,0.35610151290893555,0.9999741315841675,0.9999829530715942,2558,954,0.3247109353542328,0.999998927116394,0.9999992847442627,2342,1560,0.23235778510570526,0.07579183578491211,0.9988279938697815,2326,886,0.1424427032470703,0.9227182865142822,0.9999810457229614,2127,1763,-0.020670011639595032,0.1643853336572647,0.9990414977073669,2142,858,-0.16369059681892395,0.9974817633628845,0.9999967813491821,2084,1833,-0.06819584220647812,0.316993772983551,0.9978579878807068,2051,814,-0.22886238992214203,0.9975568056106567,0.9999853372573853,2088,1802,-0.09309409558773041,0.315012127161026,0.9986022114753723,2064,892,-0.24489445984363556,0.9975255131721497,0.9999922513961792,2089,1792,-0.037232205271720886,0.28429752588272095,0.9992321729660034,2090,923,-0.1801106333732605,0.9952620267868042,0.9999970197677612,2277,1445,0.012319828383624554,0.9999977350234985,0.9999998807907104,2218,1163,-0.012983248569071293,0.9999992847442627,1.0,2052,2021,-0.32112541794776917,0.9913841485977173,0.9998648166656494,1931,930,-0.3925916254520416,0.9948270916938782,0.9999773502349854,1548,1946,-0.2891025245189667,0.9310038089752197,0.9997865557670593,1680,1529,-0.36936256289482117,0.892223596572876,0.9999192953109741,1444,1864,-0.28890109062194824,0.974970817565918,0.9994279742240906,1705,1619,-0.3669795095920563,0.9391506314277649,0.9998807907104492,1393,2181,-0.44531354308128357,0.8897697925567627,0.9940894842147827,1466,1667,-0.5182827115058899,0.861405074596405,0.9979144930839539,2589,1166,2087,872,None,None,1617,1605,None,None
True,/data/uabcvmsc/shared/newborn/29/16.08.24/HM20240816090311.jpeg,39.0,30.2,2815,1082,0.11502273380756378,0.9999314546585083,0.9999991655349731,2853,1115,0.15230350196361542,0.9999104738235474,0.999997615814209,2856,1129,0.15215720236301422,0.9998612403869629,0.9999971389770508,2864,1153,0.15226143598556519,0.9998860359191895,0.9999957084655762,2833,1064,0.15227152407169342,0.9999593496322632,0.9999979734420776,2821,1042,0.15197394788265228,0.9999617338180542,0.9999983310699463,2816,1029,0.15190279483795166,0.9999692440032959,0.9999980926513672,2839,1207,0.28149038553237915,0.9998844861984253,0.9999970197677612,2769,1019,0.28032857179641724,0.9999326467514038,0.9999983310699463,2788,1127,0.1581549048423767,0.9999567270278931,0.9999990463256836,2766,1065,0.15619179606437683,0.9999594688415527,0.9999985694885254,2625,1406,0.2708362936973572,0.9999701976776123,0.999984622001648,2537,958,0.24192479252815247,0.9999878406524658,0.9999898672103882,2320,1601,0.14315104484558105,0.2083197981119156,0.9992408752441406,2304,895,0.06839263439178467,0.8062924146652222,0.9998446702957153,2133,1812,-0.09124227613210678,0.32806020975112915,0.9996016621589661,2103,845,-0.18213237822055817,0.9523807764053345,0.9998962879180908,2104,1869,-0.13315637409687042,0.46230563521385193,0.9989666938781738,2037,783,-0.23615992069244385,0.9561923146247864,0.9996178150177002,2106,1857,-0.16182217001914978,0.4667291045188904,0.999244213104248,2036,825,-0.25244396924972534,0.9564840197563171,0.9997654557228088,2101,1827,-0.10900337994098663,0.4371073842048645,0.9996230602264404,2058,866,-0.19736450910568237,0.9407449960708618,0.9999072551727295,2244,1472,0.007773127406835556,0.9999947547912598,0.9999997615814209,2187,1156,-0.008394786156713963,0.9999966621398926,0.9999998807907104,2109,1896,-0.38056710362434387,0.9962783455848694,0.9998855590820312,1972,913,-0.40385928750038147,0.9935692548751831,0.9999345541000366,1598,1678,-0.37568435072898865,0.9625009894371033,0.9998947381973267,1723,1464,-0.3832959532737732,0.8969857692718506,0.9998643398284912,1513,1585,-0.37889644503593445,0.9826969504356384,0.999677300453186,1694,1567,-0.38255250453948975,0.9374840259552002,0.9997956156730652,1392,1688,-0.5461944937705994,0.9662209153175354,0.9972146153450012,1528,1503,-0.5346258282661438,0.9274042844772339,0.996380627155304,2581,1182,2058,830,None,None,1648,1511,1501,1650
True,/data/uabcvmsc/shared/newborn/29/16.08.24/HM20240816090413.jpeg,39.8,30.4,2854,1104,0.22966203093528748,0.9999653100967407,0.9999996423721313,2871,1122,0.2725635766983032,0.9999150037765503,0.9999994039535522,2873,1148,0.2723291516304016,0.99991774559021,0.9999991655349731,2874,1162,0.27241942286491394,0.9998769760131836,0.9999986886978149,2856,1079,0.270193487405777,0.999970555305481,0.9999996423721313,2845,1057,0.2697737216949463,0.9999837875366211,0.9999997615814209,2838,1043,0.26969754695892334,0.9999806880950928,0.9999996423721313,2834,1217,0.41078639030456543,0.9999284744262695,0.9999991655349731,2780,1040,0.39744478464126587,0.9999722242355347,0.9999997615814209,2816,1149,0.27489086985588074,0.9999501705169678,0.9999995231628418,2801,1093,0.26900771260261536,0.9999659061431885,0.9999995231628418,2584,1414,0.410659521818161,0.9999679327011108,0.9999836683273315,2526,964,0.3587318956851959,0.9999964237213135,0.9999970197677612,2292,1672,0.3277730643749237,0.43430981040000916,0.9993255138397217,2302,793,0.20943999290466309,0.9312081336975098,0.9999339580535889,2402,1973,0.14175637066364288,0.7218937277793884,0.9997461438179016,2232,586,-0.02843416854739189,0.9937135577201843,0.9999786615371704,2438,2054,0.1178126186132431,0.7906920909881592,0.9993957281112671,2122,502,-0.07307746261358261,0.9925618767738342,0.9999243021011353,2483,2055,0.08729134500026703,0.7811142206192017,0.9994462132453918,2122,581,-0.09153559803962708,0.9924147725105286,0.999941349029541,2474,2019,0.12284509837627411,0.7792118191719055,0.999700665473938,2160,634,-0.045483484864234924,0.9900062680244446,0.9999758005142212,2168,1467,0.013094629161059856,0.9999918937683105,0.999998927116394,2114,1144,-0.01378593035042286,0.9999969005584717,0.9999995231628418,1957,1956,-0.3618159890174866,0.989198625087738,0.9998986721038818,1928,930,-0.4340249300003052,0.9937102794647217,0.9999580383300781,1442,1793,-0.33239248394966125,0.7686516046524048,0.9997934699058533,1648,1495,-0.44243207573890686,0.8376374244689941,0.9998427629470825,1316,1695,-0.3341161012649536,0.9709802269935608,0.9994654059410095,1638,1607,-0.44601452350616455,0.968788206577301,0.9997907280921936,1315,2033,-0.49199211597442627,0.8952859044075012,0.994527280330658,1429,1590,-0.6090887188911438,0.9306005239486694,0.9975492358207703,None,None,2159,576,2449,2025,1572,1564,None,None
True,/data/uabcvmsc/shared/newborn/29/16.08.24/HM20240816090515.jpeg,39.3,29.8,2852,1104,0.2643228769302368,0.9999879598617554,0.9999998807907104,2870,1121,0.3093525171279907,0.9999679327011108,0.9999998807907104,2870,1144,0.3091152012348175,0.9999707937240601,0.9999997615814209,2871,1160,0.30920764803886414,0.9999463558197021,0.9999996423721313,2855,1073,0.30740779638290405,0.9999899864196777,0.9999998807907104,2846,1059,0.3069724440574646,0.9999949932098389,1.0,2837,1043,0.30692777037620544,0.9999933242797852,0.9999998807907104,2827,1199,0.44960474967956543,0.9999736547470093,0.9999997615814209,2774,1031,0.43770667910575867,0.9999923706054688,1.0,2810,1145,0.30930089950561523,0.9999783039093018,0.9999998807907104,2797,1090,0.30387571454048157,0.9999866485595703,0.9999998807907104,2583,1414,0.4393467307090759,0.9999737739562988,0.999982476234436,2519,965,0.39122387766838074,0.9999983310699463,0.9999985694885254,2288,1669,0.3487970232963562,0.49409544467926025,0.999000608921051,2311,784,0.2395552396774292,0.9691166877746582,0.9999628067016602,2396,1960,0.16313780844211578,0.764356791973114,0.9997130036354065,2231,590,0.012187534011900425,0.9974884986877441,0.9999896287918091,2431,2044,0.1380937695503235,0.8317227959632874,0.9993700385093689,2127,508,-0.03276541829109192,0.9967413544654846,0.9999611377716064,2477,2047,0.1095350906252861,0.8190747499465942,0.9994547963142395,2122,588,-0.04818839952349663,0.9966369867324829,0.9999711513519287,2468,2014,0.1447799801826477,0.8127666115760803,0.999699592590332,2157,640,-0.003731638425961137,0.995501697063446,0.9999881982803345,2156,1471,0.009824318811297417,0.9999926090240479,0.9999986886978149,2109,1142,-0.010497977957129478,0.9999978542327881,0.9999996423721313,1943,1951,-0.3506540060043335,0.9967241883277893,0.9998923540115356,1925,926,-0.41873612999916077,0.998250424861908,0.9999678134918213,1444,1794,-0.3105868399143219,0.8365370631217957,0.9997677206993103,1647,1480,-0.4165502190589905,0.9058908224105835,0.9998712539672852,1319,1703,-0.31097647547721863,0.9864100813865662,0.9994381070137024,1647,1604,-0.41893529891967773,0.9876444935798645,0.9998272061347961,1339,2027,-0.460737019777298,0.9437414407730103,0.9944315552711487,1417,1586,-0.5734719038009644,0.9681537747383118,0.9980514049530029,None,None,2159,582,2443,2016,1570,1557,None,None
True,/data/uabcvmsc/shared/newborn/29/16.08.24/HM20240816090616.jpeg,38.7,30.0,2828,1123,0.2511443495750427,1.0,1.0,2850,1145,0.3032497465610504,1.0,1.0,2852,1161,0.303151935338974,1.0,1.0,2854,1184,0.30319878458976746,1.0,1.0,2834,1097,0.2983781099319458,1.0,1.0,2826,1078,0.29798129200935364,1.0,1.0,2820,1066,0.29801997542381287,1.0,1.0,2815,1249,0.4613505005836487,1.0,1.0,2772,1059,0.4372290372848511,1.0,1.0,2791,1175,0.30040425062179565,1.0,1.0,2777,1120,0.29207372665405273,1.0,1.0,2573,1452,0.4520760476589203,0.9999996423721313,0.9999998807907104,2488,977,0.359346866607666,1.0,1.0,2306,1675,0.35543790459632874,0.9533810019493103,0.9999723434448242,2297,781,0.13875941932201385,0.9983643889427185,0.9999982118606567,2395,1936,0.18493391573429108,0.9679475426673889,0.9999880790710449,2202,543,-0.13539323210716248,0.9997004270553589,0.9999963045120239,2414,2029,0.1591600775718689,0.9735105633735657,0.9999605417251587,2098,460,-0.1950938105583191,0.9994819760322571,0.999980092048645,2470,2026,0.13122276961803436,0.9722016453742981,0.9999722242355347,2088,517,-0.20742478966712952,0.9994285702705383,0.9999873638153076,2467,1981,0.16713954508304596,0.970913827419281,0.9999868869781494,2113,574,-0.15170696377754211,0.9992702603340149,0.9999951124191284,2119,1511,0.023476935923099518,0.9999985694885254,0.9999998807907104,2130,1148,-0.024015825241804123,0.9999995231628418,1.0,2000,1906,-0.44575855135917664,0.9999914169311523,0.9999895095825195,2079,1010,-0.5636595487594604,0.9999747276306152,0.9999960660934448,1497,1589,-0.5375537276268005,0.989721953868866,0.9999748468399048,1761,1460,-0.6555851101875305,0.9640502333641052,0.9999755620956421,1416,1488,-0.5526946783065796,0.9999210834503174,0.9999402761459351,1709,1560,-0.6688796281814575,0.9995965361595154,0.9999630451202393,1328,1660,-0.7186742424964905,0.9997261166572571,0.9998005032539368,1692,1542,-0.8300307393074036,0.9993987083435059,0.9997840523719788,2530,1214,2125,524,2436,1993,1721,1521,1414,1579
True,/data/uabcvmsc/shared/newborn/29/16.08.24/HM20240816090719.jpeg,38.9,30.2,2855,1120,0.3092193007469177,1.0,1.0,2874,1145,0.3610306680202484,0.9999998807907104,1.0,2874,1157,0.36094745993614197,0.9999998807907104,1.0,2874,1180,0.36097654700279236,0.9999998807907104,1.0,2859,1103,0.3539208173751831,1.0,1.0,2848,1083,0.3535446226596832,1.0,1.0,2841,1074,0.35359710454940796,1.0,1.0,2836,1220,0.5115537047386169,0.9999998807907104,1.0,2794,1072,0.47721484303474426,1.0,1.0,2810,1170,0.3548407554626465,1.0,1.0,2798,1124,0.3437410593032837,1.0,1.0,2565,1436,0.4820830523967743,0.9999996423721313,0.9999997615814209,2515,985,0.3753449022769928,1.0,1.0,2295,1671,0.3552413284778595,0.8800958395004272,0.9999432563781738,2296,775,0.10623975843191147,0.996535062789917,0.9999963045120239,2396,1938,0.12165705859661102,0.9327089190483093,0.9999825954437256,2208,556,-0.22641295194625854,0.9995595812797546,0.9999951124191284,2426,2032,0.08522568643093109,0.9429400563240051,0.9999343156814575,2118,470,-0.29951030015945435,0.9992151260375977,0.9999697208404541,2474,2027,0.058358192443847656,0.9385231137275696,0.9999576807022095,2109,537,-0.3116888999938965,0.9990981817245483,0.9999825954437256,2461,1987,0.10277613252401352,0.9305540323257446,0.9999818801879883,2132,583,-0.24445876479148865,0.9987951517105103,0.9999939203262329,2122,1495,0.024101682007312775,0.999998927116394,1.0,2132,1135,-0.02463274449110031,0.9999995231628418,1.0,1987,1939,-0.4136725664138794,0.9999849796295166,0.9999847412109375,2034,978,-0.5558862090110779,0.9999463558197021,0.9999897480010986,1488,1587,-0.4947142004966736,0.9504354596138,0.9999650716781616,1733,1473,-0.5967954397201538,0.79368656873703,0.9999724626541138,1405,1487,-0.5079497694969177,0.9997925162315369,0.9999239444732666,1700,1566,-0.6033653616905212,0.998511016368866,0.9999617338180542,1316,1668,-0.6692477464675903,0.9992241859436035,0.9996904134750366,1628,1570,-0.750359833240509,0.9975797533988953,0.9996930360794067,2540,1210,2142,536,2439,1996,1687,1536,1403,1581
True,/data/uabcvmsc/shared/newborn/29/16.08.24/HM20240816090821.jpeg,39.3,30.5,2856,1107,0.3274677097797394,0.9999997615814209,1.0,2874,1124,0.38043761253356934,0.9999994039535522,1.0,2876,1146,0.3802788555622101,0.9999991655349731,1.0,2878,1161,0.3803294897079468,0.999998927116394,1.0,2856,1077,0.3720136880874634,0.9999998807907104,1.0,2848,1066,0.371597558259964,0.9999998807907104,1.0,2842,1054,0.3716287314891815,0.9999998807907104,1.0,2841,1203,0.5360755920410156,0.9999990463256836,1.0,2788,1047,0.49498382210731506,0.9999997615814209,1.0,2820,1156,0.3757447600364685,0.9999994039535522,1.0,2807,1095,0.3623240888118744,0.9999996423721313,1.0,2568,1433,0.5120747685432434,0.9999973773956299,0.9999982118606567,2491,955,0.4050670564174652,0.9999997615814209,0.9999998807907104,2295,1675,0.44336777925491333,0.4467009902000427,0.999799907207489,2304,768,0.17830799520015717,0.9826570153236389,0.9999915361404419,2398,1948,0.2754797041416168,0.709628164768219,0.999944806098938,2198,548,-0.1076875776052475,0.9972556233406067,0.9999916553497314,2427,2041,0.2522940933704376,0.7857558727264404,0.999830961227417,2098,456,-0.169517382979393,0.9956610798835754,0.9999516010284424,2474,2036,0.22116407752037048,0.7784669995307922,0.9998687505722046,2093,528,-0.18250375986099243,0.9953248500823975,0.9999682903289795,2471,1997,0.256340354681015,0.7637608051300049,0.9999380111694336,2128,587,-0.1247430220246315,0.9939822554588318,0.9999889135360718,2130,1479,0.019436076283454895,0.9999959468841553,0.9999997615814209,2106,1136,-0.020013798028230667,0.9999988079071045,0.9999998807907104,1963,1947,-0.39316603541374207,0.999422550201416,0.9999551773071289,1970,947,-0.5455247759819031,0.9990046620368958,0.9999778270721436,1490,1613,-0.45440277457237244,0.7240933179855347,0.9999325275421143,1703,1477,-0.5617710947990417,0.5171889066696167,0.999954104423523,1381,1515,-0.46469393372535706,0.9953901767730713,0.9998531341552734,1703,1574,-0.56471848487854,0.9859144687652588,0.9999427795410156,1317,1721,-0.6266255378723145,0.9801008701324463,0.9992085099220276,1548,1567,-0.7122615575790405,0.9598903059959412,0.9995344877243042,2530,1194,2129,530,2442,2006,1626,1570,None,None
True,/data/uabcvmsc/shared/newborn/29/16.08.24/HM20240816090923.jpeg,39.3,30.6,2839,1092,0.24794912338256836,0.9999849796295166,0.9999998807907104,2862,1125,0.2946482300758362,0.9999665021896362,0.9999997615814209,2862,1144,0.294423371553421,0.9999653100967407,0.9999997615814209,2862,1161,0.2945246398448944,0.9999542236328125,0.9999995231628418,2846,1068,0.2927122116088867,0.999988317489624,0.9999998807907104,2838,1055,0.29231002926826477,0.9999927282333374,0.9999998807907104,2830,1041,0.292247474193573,0.9999914169311523,0.9999998807907104,2820,1227,0.4372638165950775,0.9999673366546631,0.9999996423721313,2775,1032,0.42680418491363525,0.9999847412109375,0.9999998807907104,2797,1142,0.2931796610355377,0.9999724626541138,0.9999997615814209,2781,1080,0.28828170895576477,0.9999778270721436,0.9999996423721313,2565,1428,0.4250352680683136,0.9999732971191406,0.9999876022338867,2495,961,0.3568163812160492,0.9999955892562866,0.9999960660934448,2291,1665,0.34018102288246155,0.44686567783355713,0.9995978474617004,2301,770,0.16541741788387299,0.9437157511711121,0.999924898147583,2401,1952,0.15373556315898895,0.7945709228515625,0.9998724460601807,2201,554,-0.11114361137151718,0.9929068088531494,0.9999667406082153,2425,2047,0.13082139194011688,0.8513436317443848,0.999596893787384,2109,463,-0.16337502002716064,0.9910835027694702,0.9998506307601929,2467,2044,0.09937268495559692,0.853103518486023,0.9996638298034668,2100,532,-0.183332160115242,0.9910051822662354,0.9998883008956909,2466,2003,0.1345820128917694,0.8506472706794739,0.9998337030410767,2136,592,-0.1301981657743454,0.9888036847114563,0.9999586343765259,2096,1490,0.018788116052746773,0.9999862909317017,0.9999983310699463,2091,1142,-0.01946374587714672,0.9999938011169434,0.9999990463256836,1940,1945,-0.3375021815299988,0.9837214350700378,0.9998252987861633,1934,932,-0.4597035348415375,0.9874293208122253,0.9998672008514404,1510,1621,-0.33480215072631836,0.5936101675033569,0.9998151659965515,1701,1469,-0.4123707711696625,0.5441460013389587,0.999736487865448,1408,1513,-0.33793821930885315,0.9442265629768372,0.9995331764221191,1689,1563,-0.40756335854530334,0.9169809818267822,0.9997120499610901,1332,1733,-0.4893861711025238,0.8215250372886658,0.9964446425437927,1512,1573,-0.5421136617660522,0.7858030796051025,0.9976810216903687,2530,1194,2136,535,2440,2012,1600,1568,1370,1623
True,/data/uabcvmsc/shared/newborn/29/16.08.24/HM20240816091025.jpeg,38.6,30.2,2845,1082,0.1550029218196869,0.9999252557754517,0.999998927116394,2871,1096,0.18787218630313873,0.999864935874939,0.9999967813491821,2879,1117,0.18767523765563965,0.9997819066047668,0.999996542930603,2883,1126,0.1876559555530548,0.9998372793197632,0.9999951124191284,2849,1053,0.1892387717962265,0.9999456405639648,0.9999974966049194,2844,1043,0.1889587640762329,0.9999443292617798,0.9999979734420776,2833,1024,0.1888865977525711,0.9999591112136841,0.9999974966049194,2843,1189,0.28587037324905396,0.9997920393943787,0.999997615814209,2779,1017,0.29274964332580566,0.999873161315918,0.9999978542327881,2811,1132,0.1844359189271927,0.9998890161514282,0.9999990463256836,2768,1094,0.18500666320323944,0.9998874664306641,0.9999980926513672,2593,1417,0.26490095257759094,0.9999785423278809,0.9999929666519165,2443,1037,0.21194882690906525,0.9999856948852539,0.9999897480010986,2313,1664,0.18386322259902954,0.09982369095087051,0.9998451471328735,2141,998,0.03405025973916054,0.2514297664165497,0.999896764755249,2271,2018,0.043868422508239746,0.023402662947773933,0.9996730089187622,1969,890,-0.1690354347229004,0.24442453682422638,0.9997517466545105,2253,2093,0.025144221261143684,0.04825882241129875,0.9989431500434875,1928,842,-0.21441073715686798,0.28834837675094604,0.9990766048431396,2255,2092,-0.005996341351419687,0.04810148850083351,0.9991363883018494,1939,860,-0.2315487563610077,0.2889227271080017,0.9992984533309937,2259,2059,0.026829946786165237,0.06617454439401627,0.999583899974823,1960,886,-0.1851935237646103,0.29658782482147217,0.9997442364692688,2166,1518,0.018570832908153534,0.9999966621398926,1.0,2089,1234,-0.01914859376847744,0.9999982118606567,1.0,2200,2006,-0.22405971586704254,0.7386193871498108,0.9999769926071167,1961,904,-0.3323218524456024,0.8377554416656494,0.9999845027923584,1795,1774,-0.2335454672574997,0.12844052910804749,0.9999862909317017,1754,1480,-0.34488198161125183,0.2551218271255493,0.9999798536300659,1705,1684,-0.2376491129398346,0.5717820525169373,0.999963641166687,1692,1606,-0.34616631269454956,0.7367647290229797,0.9999761581420898,1637,1874,-0.36624467372894287,0.3051351010799408,0.9996780157089233,1644,1688,-0.4722491502761841,0.5490151047706604,0.9996845722198486,2518,1227,None,None,None,None,1692,1606,None,None
False,/data/uabcvmsc/shared/newborn/29/16.08.24/HM20240816091126.jpeg,38.5,30.3,2078,1711,0.43834424018859863,0.9753792881965637,0.999870777130127,2061,1698,0.4608256220817566,0.9650233387947083,0.999826967716217,2058,1697,0.46060192584991455,0.9638879895210266,0.9998067021369934,2055,1694,0.46071597933769226,0.9594858288764954,0.9997196793556213,2071,1689,0.4691225290298462,0.982179582118988,0.9998917579650879,2074,1681,0.468928724527359,0.9871370792388916,0.9999141693115234,2077,1673,0.46884459257125854,0.9910734295845032,0.9999226331710815,2067,1634,0.4819808006286621,0.9620184898376465,0.99979168176651,2102,1608,0.5175729393959045,0.9843957424163818,0.9999109506607056,2095,1684,0.4410724937915802,0.9505723714828491,0.9998061060905457,2106,1672,0.44887325167655945,0.9655543565750122,0.9997686743736267,2144,1542,0.3684639632701874,0.9989162683486938,0.9992808699607849,2227,1483,0.4410301446914673,0.9995700716972351,0.9996395111083984,2348,1654,0.2495630979537964,0.04982122778892517,0.993869423866272,2419,1634,0.38265126943588257,0.01729939691722393,0.9991592168807983,2576,1909,0.20473065972328186,0.07715003192424774,0.9995397329330444,2580,1905,0.4228003919124603,0.2875467836856842,0.9998694658279419,2643,1955,0.18539278209209442,0.1224927306175232,0.9994006156921387,2625,1991,0.4164147675037384,0.3194790482521057,0.9997456669807434,2641,1997,0.20968595147132874,0.09359504282474518,0.9995225667953491,2636,1979,0.42386573553085327,0.29999902844429016,0.999795138835907,2628,1979,0.21368195116519928,0.07069380581378937,0.9996564388275146,2619,1960,0.42138564586639404,0.27435699105262756,0.9998841285705566,2131,1259,0.002066991990432143,0.9994850158691406,0.9999161958694458,2183,1232,-0.002912557451054454,0.999705970287323,0.9999412298202515,2003,1680,-0.0434134304523468,0.12184178084135056,0.9999575614929199,1996,1459,-0.13871881365776062,0.22462999820709229,0.9999818801879883,1703,1507,-0.16133682429790497,0.19847895205020905,0.9997556805610657,1679,1633,-0.19488433003425598,0.16601243615150452,0.9998712539672852,1738,1486,-0.1745864897966385,0.7453572750091553,0.9994193315505981,1656,1635,-0.19962266087532043,0.651961624622345,0.9998455047607422,1591,1589,-0.27254465222358704,0.24171771109104156,0.9984018206596375,1514,1722,-0.2975510060787201,0.2623363137245178,0.9993584752082825
True,/data/uabcvmsc/shared/newborn/29/16.08.24/HM20240816091227.jpeg,38.5,30.2,2881,1137,0.17985986173152924,0.9998877048492432,0.9999983310699463,2915,1141,0.2221146672964096,0.9998316764831543,0.9999963045120239,2921,1164,0.2219555526971817,0.9997790455818176,0.9999959468841553,2923,1171,0.22196096181869507,0.9998181462287903,0.9999947547912598,2876,1137,0.21418440341949463,0.9999399185180664,0.9999960660934448,2868,1121,0.21395260095596313,0.9999380111694336,0.9999961853027344,2861,1104,0.21389789879322052,0.9999446868896484,0.9999946355819702,2859,1241,0.3564925193786621,0.9997557997703552,0.9999980926513672,2800,1085,0.3197297155857086,0.9998213648796082,0.9999953508377075,2836,1193,0.2235347032546997,0.9998469352722168,0.999998927116394,2822,1125,0.21131134033203125,0.9998635053634644,0.9999971389770508,2633,1431,0.3489813208580017,0.999983549118042,0.9999940395355225,2480,1041,0.26059389114379883,0.9999648332595825,0.99996018409729,2407,1702,0.24768520891666412,0.028148140758275986,0.9995195865631104,2139,1022,0.11390947550535202,0.020218806341290474,0.9981253743171692,2556,1942,0.06052354350686073,0.050946906208992004,0.9999077320098877,2008,1000,-0.0457499660551548,0.018715960904955864,0.9984592199325562,2586,2017,0.03792311251163483,0.10456229746341705,0.9997363686561584,1975,984,-0.08034185320138931,0.030417516827583313,0.9966233968734741,2628,2008,0.021073825657367706,0.10033543407917023,0.9997931122779846,2000,993,-0.08838723599910736,0.026806121692061424,0.9976293444633484,2619,1961,0.04821193218231201,0.09729842841625214,0.9999057054519653,2021,1007,-0.05565269663929939,0.025956716388463974,0.9989911913871765,2203,1472,0.02572132647037506,0.9999980926513672,1.0,2129,1213,-0.026148155331611633,0.9999983310699463,1.0,2200,1858,-0.28416264057159424,0.8385952711105347,0.9999970197677612,1918,898,-0.3887893557548523,0.8952126502990723,0.9999902248382568,1797,1729,-0.2523956000804901,0.26416683197021484,0.9999969005584717,1754,1464,-0.37450069189071655,0.47784188389778137,0.9999903440475464,1724,1650,-0.2516873776912689,0.7470669150352478,0.9999899864196777,1745,1571,-0.3737560510635376,0.8090764284133911,0.999987006187439,1647,1818,-0.39435210824012756,0.5581973195075989,0.9998564720153809,1591,1586,-0.5245967507362366,0.709985077381134,0.999675989151001,2556,1236,None,None,None,None,1668,1578,1724,1650
False,/data/uabcvmsc/shared/newborn/29/16.08.24/HM20240816091328.jpeg,38.8,30.5,2071,1689,0.4878794550895691,0.989859402179718,0.9998587369918823,2058,1682,0.5092443227767944,0.9835911393165588,0.9998279809951782,2057,1683,0.5090473294258118,0.9859883189201355,0.9998272061347961,2056,1683,0.5090629458427429,0.9839792251586914,0.9997667670249939,2064,1668,0.5190151333808899,0.990878164768219,0.9998809099197388,2066,1659,0.5188390016555786,0.9936615228652954,0.9999020099639893,2068,1650,0.5187598466873169,0.9957102537155151,0.9999103546142578,2067,1639,0.5194836854934692,0.9867191910743713,0.9998821020126343,2090,1598,0.5627856254577637,0.9929357171058655,0.9998983144760132,2089,1670,0.4873766005039215,0.9761385917663574,0.9998495578765869,2095,1653,0.4974181354045868,0.9820581078529358,0.9997734427452087,2122,1624,0.3762628436088562,0.9998441934585571,0.9998821020126343,2226,1452,0.4880357086658478,0.9997873902320862,0.9997263550758362,2267,1753,0.21954160928726196,0.03900429233908653,0.9984920024871826,2410,1650,0.4296075999736786,0.028706101700663567,0.9994269609451294,2503,1905,0.12590451538562775,0.07835996896028519,0.9997972846031189,2514,1902,0.4633104205131531,0.17096522450447083,0.9998601675033569,2586,1981,0.10164133459329605,0.15300682187080383,0.9997521042823792,2578,1953,0.4557045102119446,0.2106609344482422,0.9997466206550598,2591,1971,0.13330727815628052,0.12060295790433884,0.999804675579071,2586,1937,0.4639144241809845,0.18091942369937897,0.999804675579071,2568,1955,0.13810060918331146,0.07827329635620117,0.9998533725738525,2565,1919,0.46153727173805237,0.17735600471496582,0.9998756647109985,2119,1329,-0.012877271510660648,0.9998319149017334,0.9999834299087524,2168,1186,0.01222533080726862,0.9999117851257324,0.9999843835830688,1999,1704,-0.07280416041612625,0.16685806214809418,0.9999876022338867,1930,902,-0.22425417602062225,0.4524453282356262,0.9999629259109497,1706,1575,-0.18917065858840942,0.07322650402784348,0.9998390674591064,1619,1318,-0.20995204150676727,0.048049475997686386,0.9994471669197083,1671,1491,-0.20187057554721832,0.6157556772232056,0.9995414018630981,1588,1357,-0.20465686917304993,0.5156353712081909,0.9995319843292236,1582,1650,-0.2895801067352295,0.21974514424800873,0.9991419315338135,1534,1552,-0.28219783306121826,0.16124868392944336,0.9987945556640625
False,/data/uabcvmsc/shared/newborn/29/16.08.24/HM20240816091429.jpeg,38.7,30.5
False,/data/uabcvmsc/shared/newborn/29/16.08.24/HM20240816091531.jpeg,38.9,30.4,2107,1628,0.5260652899742126,0.9999996423721313,1.0,2097,1626,0.5575250387191772,0.9999990463256836,1.0,2095,1625,0.5572100877761841,0.9999995231628418,1.0,2094,1622,0.557370126247406,0.9999988079071045,1.0,2105,1623,0.563348114490509,0.9999995231628418,1.0,2106,1619,0.56312096118927,0.9999997615814209,1.0,2108,1616,0.5631178021430969,0.9999996423721313,1.0,2108,1579,0.5870914459228516,0.9999995231628418,1.0,2127,1572,0.6041757464408875,0.9999994039535522,1.0,2123,1598,0.5273057818412781,0.9999977350234985,0.9999998807907104,2127,1593,0.5305748581886292,0.9999979734420776,0.9999996423721313,2111,1490,0.4531538784503937,0.9999991655349731,0.9999966621398926,2315,1466,0.4978596270084381,0.9999985694885254,0.9999915361404419,1902,1494,0.2662525773048401,0.3352513313293457,0.9984062314033508,2404,1616,0.3690611720085144,0.7135122418403625,0.9996106028556824,1717,1609,0.07992468774318695,0.5284112691879272,0.999775230884552,2512,1901,0.3072948157787323,0.9242738485336304,0.999944806098938,1661,1647,0.05383573845028877,0.52745521068573,0.9998181462287903,2574,1938,0.2869564890861511,0.8058457970619202,0.9999508857727051,1656,1649,0.06340542435646057,0.4916912019252777,0.9998605251312256,2576,1930,0.29205265641212463,0.7692554593086243,0.9999591112136841,1680,1639,0.0797475054860115,0.5576766729354858,0.9998862743377686,2561,1909,0.3033216595649719,0.8175824880599976,0.999964714050293,2126,1323,0.002222636714577675,0.999982476234436,0.9999892711639404,2225,1254,-0.0028973782900720835,0.9999886751174927,0.9999861717224121,1957,1654,-0.1075248122215271,0.9993988275527954,0.999997615814209,1950,1127,-0.27561092376708984,0.9998306035995483,0.9999957084655762,1720,1525,-0.3418954014778137,0.9293450117111206,0.9999628067016602,1637,1401,-0.42512866854667664,0.9578016400337219,0.9999431371688843,1755,1515,-0.3704921305179596,0.9994818568229675,0.9998730421066284,1612,1403,-0.44226470589637756,0.9993044137954712,0.9999293088912964,1606,1639,-0.47886425256729126,0.9995747208595276,0.9998254179954529,1524,1603,-0.5467643737792969,0.9996153116226196,0.9998871088027954
False,/data/uabcvmsc/shared/newborn/29/16.08.24/HM20240816091634.jpeg,38.9,30.2,2082,1699,0.4795604646205902,0.9998206496238708,0.9999986886978149,2068,1716,0.4949229061603546,0.9996479749679565,0.9999978542327881,2068,1715,0.4946812689304352,0.9997112154960632,0.9999983310699463,2067,1713,0.4946548640727997,0.9996743202209473,0.9999973773956299,2067,1715,0.5096086859703064,0.9997794032096863,0.9999980926513672,2063,1713,0.5093922019004822,0.9998263716697693,0.9999980926513672,2060,1712,0.5094530582427979,0.9998424053192139,0.9999978542327881,2071,1688,0.4924158751964569,0.9997649788856506,0.999998927116394,2061,1689,0.554728090763092,0.9994773268699646,0.9999973773956299,2098,1671,0.4732682704925537,0.9995734095573425,0.9999977350234985,2094,1670,0.48943570256233215,0.9995940327644348,0.9999955892562866,2073,1634,0.3457079529762268,0.9999967813491821,0.9999945163726807,2248,1536,0.5075222849845886,0.9999897480010986,0.9999555349349976,1897,1593,0.11403518915176392,0.004882307257503271,0.9982301592826843,2408,1616,0.3934648931026459,0.021151317283511162,0.9989184141159058,1716,1652,-0.08419011533260345,0.015621013008058071,0.9996569156646729,2513,1876,0.3078194260597229,0.18143253028392792,0.9998868703842163,1625,1710,-0.12021200358867645,0.02655792608857155,0.9996077418327332,2563,1937,0.2873460650444031,0.16109278798103333,0.9998559951782227,1661,1674,-0.10336728394031525,0.021311594173312187,0.9997046589851379,2569,1928,0.28669071197509766,0.13522998988628387,0.9998928308486938,1690,1659,-0.08182267844676971,0.018412400037050247,0.999786913394928,2552,1910,0.29863137006759644,0.14085514843463898,0.999923586845398,2131,1395,-0.03132683411240578,0.9999433755874634,0.9999964237213135,2203,1272,0.03063521534204483,0.99996018409729,0.9999915361404419,1970,1710,-0.12309318780899048,0.3915865123271942,0.9999974966049194,1944,1090,-0.19081805646419525,0.6377558708190918,0.9999918937683105,1729,1584,-0.332199364900589,0.015624817460775375,0.9999444484710693,1623,1317,-0.313465416431427,0.019609568640589714,0.9998916387557983,1742,1531,-0.35867685079574585,0.7576722502708435,0.9998196959495544,1595,1321,-0.3274916112422943,0.7444243431091309,0.9998661279678345,1587,1676,-0.45963308215141296,0.6404315233230591,0.9997361302375793,1531,1568,-0.415548175573349,0.6372421979904175,0.9996993541717529
True,/data/uabcvmsc/shared/newborn/29/16.08.24/HM20240816091736.jpeg,38.0,30.3,2813,1049,0.011257292702794075,0.9999986886978149,0.9999998807907104,2854,1078,0.04383924603462219,0.9999970197677612,0.9999998807907104,2868,1106,0.0436154343187809,0.9999974966049194,0.9999998807907104,2879,1133,0.04367465525865555,0.9999966621398926,0.9999998807907104,2824,1034,0.044063255190849304,0.9999982118606567,0.9999998807907104,2812,1019,0.043712012469768524,0.999998927116394,0.9999998807907104,2807,1011,0.04361092299222946,0.9999982118606567,0.9999997615814209,2839,1207,0.16981272399425507,0.9999985694885254,0.9999998807907104,2773,1014,0.17061439156532288,0.9999972581863403,0.9999997615814209,2784,1118,0.05483946204185486,0.9999923706054688,0.9999997615814209,2754,1057,0.05354185402393341,0.9999901056289673,0.9999992847442627,2599,1430,0.21337062120437622,0.9999581575393677,0.9999964237213135,2498,1013,0.14280158281326294,0.9999457597732544,0.999984860420227,2392,1666,0.13800488412380219,0.9608572125434875,0.9999068975448608,2269,805,0.01756131276488304,0.9797371029853821,0.9997014403343201,2510,1882,-0.003499350743368268,0.9613531231880188,0.9999291896820068,2286,331,-0.13966329395771027,0.9923195242881775,0.999639630317688,2553,1961,-0.014754079282283783,0.9748035073280334,0.999815046787262,2362,251,-0.16568149626255035,0.9949341416358948,0.9993010759353638,2598,1937,-0.04762594401836395,0.9756091833114624,0.9998243451118469,2387,221,-0.1883961707353592,0.9952303171157837,0.9994151592254639,2586,1900,-0.022398659959435463,0.9801791906356812,0.9998959302902222,2373,273,-0.1570291519165039,0.9958993792533875,0.9996942281723022,2104,1548,0.03716634213924408,0.9999964237213135,0.9999998807907104,2067,1253,-0.037759311497211456,0.999996542930603,0.9999997615814209,2120,2023,-0.29059192538261414,0.9998836517333984,0.9999823570251465,2072,947,-0.37889426946640015,0.9998729228973389,0.9999895095825195,1680,1677,-0.3146606683731079,0.9976818561553955,0.999995231628418,1781,1474,-0.4148440957069397,0.9972455501556396,0.9999805688858032,1585,1574,-0.31900498270988464,0.9996340274810791,0.9999865293502808,1723,1542,-0.41796424984931946,0.9987967014312744,0.9999736547470093,1550,1811,-0.41956695914268494,0.9991729855537415,0.9998490810394287,1752,1654,-0.5209012031555176,0.9991662502288818,0.9996514320373535,2548,1222,2352,269,2562,1920,1752,1557,1605,1687
True,/data/uabcvmsc/shared/newborn/29/16.08.24/HM20240816091837.jpeg,38.2,30.2,2857,1087,-0.04766644909977913,0.9999985694885254,0.9999998807907104,2899,1114,-0.018013715744018555,0.999996542930603,0.9999997615814209,2910,1136,-0.01825343817472458,0.9999972581863403,0.9999997615814209,2913,1147,-0.018224477767944336,0.9999961853027344,0.9999997615814209,2874,1073,-0.017426688224077225,0.9999983310699463,0.9999997615814209,2860,1052,-0.017741311341524124,0.999998927116394,0.9999997615814209,2857,1044,-0.017834331840276718,0.9999984502792358,0.9999997615814209,2876,1218,0.10056033730506897,0.9999984502792358,0.9999998807907104,2808,1050,0.10375232249498367,0.999997615814209,0.9999997615814209,2828,1147,-0.006744627840816975,0.9999958276748657,0.9999998807907104,2806,1093,-0.007293789181858301,0.9999954700469971,0.9999996423721313,2632,1468,0.13050025701522827,0.9999905824661255,0.9999990463256836,2487,1015,0.10008201748132706,0.9999853372573853,0.9999972581863403,2366,1694,0.051268480718135834,0.9908327460289001,0.9999673366546631,2177,868,0.004238695837557316,0.9911656975746155,0.9999309778213501,2507,1878,-0.10740354657173157,0.9886646270751953,0.9999839067459106,2236,387,-0.17154642939567566,0.9982864260673523,0.9999747276306152,2538,1948,-0.12470962107181549,0.990633487701416,0.9999570846557617,2271,259,-0.19967134296894073,0.9989571571350098,0.9999533891677856,2584,1925,-0.15232235193252563,0.99090975522995,0.9999595880508423,2279,203,-0.23397083580493927,0.9990542531013489,0.9999598264694214,2574,1889,-0.12423677742481232,0.9929277300834656,0.9999775886535645,2282,270,-0.19347244501113892,0.9991167187690735,0.9999804496765137,2153,1527,0.020839203149080276,0.9999992847442627,1.0,2089,1225,-0.021327082067728043,0.9999994039535522,1.0,2084,2039,-0.2470065951347351,0.9998999834060669,0.9999971389770508,1970,890,-0.3032771944999695,0.9998748302459717,0.9999985694885254,1717,1729,-0.15164391696453094,0.9983440637588501,0.9999996423721313,1746,1451,-0.2840149998664856,0.9989601373672485,0.9999994039535522,1628,1643,-0.14294719696044922,0.9996583461761475,0.9999992847442627,1690,1560,-0.2818421721458435,0.9994284510612488,0.9999992847442627,1570,1883,-0.231887087225914,0.9994420409202576,0.9999902248382568,1644,1608,-0.39173510670661926,0.9996596574783325,0.9999829530715942,None,None,2267,280,2551,1910,1693,1540,1638,1752
False,/data/uabcvmsc/shared/newborn/29/16.08.24/HM20240816091938.jpeg,38.6,30.5
True,/data/uabcvmsc/shared/newborn/29/16.08.24/HM20240816092039.jpeg,39.0,30.4,2941,1139,0.1264851689338684,0.9999383687973022,0.9999988079071045,2969,1141,0.15664297342300415,0.9999464750289917,0.9999977350234985,2987,1127,0.15639948844909668,0.9999274015426636,0.9999977350234985,2979,1169,0.15635542571544647,0.9999512434005737,0.9999972581863403,2950,1099,0.15274088084697723,0.9999688863754272,0.9999972581863403,2941,1086,0.1524817794561386,0.9999643564224243,0.9999974966049194,2933,1072,0.15235017240047455,0.9999710321426392,0.9999966621398926,2944,1184,0.2567594349384308,0.9999527931213379,0.999998927116394,2877,1062,0.24105829000473022,0.999923586845398,0.9999969005584717,2903,1141,0.15941062569618225,0.9999477863311768,0.9999992847442627,2896,1101,0.15351572632789612,0.9999179840087891,0.9999972581863403,2687,1431,0.26711127161979675,0.9999814033508301,0.9999958276748657,2610,1011,0.17108972370624542,0.9999679327011108,0.999974250793457,2376,1630,0.2031434178352356,0.07579858601093292,0.999591052532196,2431,945,-0.04886835813522339,0.7711352109909058,0.9992663264274597,2433,1943,0.08731595426797867,0.12560658156871796,0.9999055862426758,2726,989,-0.24063484370708466,0.8702161908149719,0.9999741315841675,2448,2011,0.07978077977895737,0.2401171326637268,0.9997979998588562,2810,1008,-0.2832137644290924,0.8687088489532471,0.9999632835388184,2493,2022,0.0566074512898922,0.2197975516319275,0.9998089671134949,2840,995,-0.26637980341911316,0.8302682638168335,0.9999688863754272,2491,1973,0.0750209391117096,0.2421172708272934,0.9999045133590698,2812,1002,-0.24190662801265717,0.777154803276062,0.9999868869781494,2236,1443,0.019422488287091255,0.9999985694885254,1.0,2200,1163,-0.019862568005919456,0.9999992847442627,1.0,2261,1892,-0.19272999465465546,0.974816620349884,0.9999985694885254,2037,830,-0.2734956443309784,0.9950357675552368,0.9999986886978149,1855,1792,-0.15918375551700592,0.8709527850151062,0.9999990463256836,1701,1341,-0.27347445487976074,0.9687756299972534,0.999997615814209,1753,1710,-0.15913470089435577,0.9731666445732117,0.999996542930603,1692,1444,-0.2742350995540619,0.9839420914649963,0.9999958276748657,1721,1938,-0.2732259929180145,0.9462639093399048,0.999882698059082,1527,1440,-0.40055689215660095,0.982528805732727,0.9997904896736145,2648,1221,2797,998,None,None,1640,1408,1776,1813
False,/data/uabcvmsc/shared/newborn/29/16.08.24/HM20240816092140.jpeg,38.6,30.2
True,/data/uabcvmsc/shared/newborn/29/16.08.24/HM20240816092241.jpeg,38.7,30.0,2885,1108,0.09755132347345352,0.9999654293060303,0.9999992847442627,2924,1134,0.12503185868263245,0.9999691247940063,0.9999992847442627,2927,1143,0.12477685511112213,0.9999657869338989,0.9999992847442627,2930,1151,0.1247839406132698,0.9999754428863525,0.9999991655349731,2900,1082,0.12473967671394348,0.9999786615371704,0.9999986886978149,2897,1074,0.12450035661458969,0.9999781847000122,0.9999986886978149,2894,1066,0.12441603094339371,0.9999781847000122,0.9999980926513672,2904,1194,0.2231251746416092,0.999984860420227,0.9999997615814209,2847,1046,0.2234392911195755,0.9999581575393677,0.9999983310699463,2861,1144,0.13263770937919617,0.9999459981918335,0.9999991655349731,2851,1106,0.13100707530975342,0.9999210834503174,0.999996542930603,2725,1387,0.2392537146806717,0.9999681711196899,0.9999955892562866,2592,1034,0.23873355984687805,0.9998266100883484,0.999932050704956,2575,1576,0.2249312698841095,0.1567247360944748,0.9997984766960144,2410,1015,0.2461054027080536,0.16828173398971558,0.999313235282898,2582,1737,0.15966017544269562,0.28242430090904236,0.9999620914459229,2546,916,0.23866356909275055,0.4416036605834961,0.9999648332595825,2617,1778,0.15208066999912262,0.38099488615989685,0.9999092817306519,2592,893,0.23299244046211243,0.5580729842185974,0.9999548196792603,2640,1751,0.1360764503479004,0.3535642623901367,0.9999065399169922,2611,871,0.22740523517131805,0.5156992077827454,0.9999539852142334,2625,1728,0.15146006643772125,0.33352935314178467,0.9999539852142334,2600,888,0.23403258621692657,0.4764805734157562,0.9999783039093018,2319,1450,-0.004790096543729305,0.9999985694885254,1.0,2254,1173,0.004526073113083839,0.9999982118606567,1.0,2206,1986,-0.21234814822673798,0.987801730632782,0.9999982118606567,1979,855,-0.20081649720668793,0.9777945280075073,0.9999973773956299,1805,1794,-0.13769865036010742,0.9149121642112732,0.9999985694885254,1736,1385,-0.16035424172878265,0.9344174265861511,0.9999970197677612,1697,1694,-0.13300642371177673,0.970527172088623,0.999995231628418,1720,1510,-0.15775972604751587,0.9632159471511841,0.9999960660934448,1693,1959,-0.24389909207820892,0.9528430104255676,0.9998642206192017,1522,1436,-0.27068060636520386,0.9620254635810852,0.9998094439506531,2658,1210,None,None,None,None,1659,1444,None,None
False,/data/uabcvmsc/shared/newborn/29/16.08.24/HM20240816092343.jpeg,38.9,30.8
False,/data/uabcvmsc/shared/newborn/29/16.08.24/HM20240816092444.jpeg,39.2,30.6
True,/data/uabcvmsc/shared/newborn/29/16.08.24/HM20240816092545.jpeg,38.5,30.3,2924,1116,0.07910764962434769,0.9999359846115112,0.9999990463256836,2954,1121,0.10295606404542923,0.9999415874481201,0.9999972581863403,2960,1136,0.10275693237781525,0.9998911619186401,0.9999973773956299,2962,1141,0.10278154164552689,0.9999516010284424,0.9999969005584717,2939,1099,0.09490009397268295,0.9999719858169556,0.9999969005584717,2931,1088,0.09465701878070831,0.9999614953994751,0.9999971389770508,2924,1077,0.09460153430700302,0.9999784231185913,0.9999961853027344,2954,1156,0.1972782015800476,0.9999430179595947,0.9999986886978149,2880,1060,0.1633683443069458,0.9999288320541382,0.9999967813491821,2903,1142,0.11384844034910202,0.9999656677246094,0.9999995231628418,2891,1116,0.10250883549451828,0.9999579191207886,0.9999985694885254,2755,1353,0.2132803052663803,0.9999911785125732,0.9999984502792358,2637,1011,0.13603799045085907,0.999971866607666,0.9999934434890747,2540,1553,0.13293272256851196,0.13030311465263367,0.9998912811279297,2366,1158,-0.00678322883322835,0.4792584478855133,0.9998252987861633,2649,1597,-0.04277364909648895,0.2059774100780487,0.9999936819076538,2606,1286,-0.15893323719501495,0.7167243957519531,0.9999973773956299,2703,1612,-0.07071111351251602,0.2680560350418091,0.9999849796295166,2668,1333,-0.1959010660648346,0.6948919892311096,0.9999961853027344,2713,1589,-0.07725652307271957,0.24973110854625702,0.9999881982803345,2705,1306,-0.18195722997188568,0.6351481080055237,0.9999971389770508,2684,1573,-0.04919734597206116,0.1913963109254837,0.9999943971633911,2686,1297,-0.15729428827762604,0.4786717891693115,0.9999986886978149,2293,1414,0.00908950436860323,0.9999997615814209,1.0,2253,1181,-0.009418812580406666,0.9999997615814209,1.0,2076,1880,-0.21742187440395355,0.9783185720443726,0.9999996423721313,1949,854,-0.1956629604101181,0.9475560784339905,0.9999997615814209,1698,1755,-0.11673548072576523,0.9272263050079346,0.9999995231628418,1688,1389,-0.17412209510803223,0.9399173259735107,0.9999994039535522,1625,1662,-0.10804585367441177,0.9334359765052795,0.9999983310699463,1651,1516,-0.17285175621509552,0.9144882559776306,0.9999988079071045,1562,1920,-0.20514489710330963,0.8834720849990845,0.9999616146087646,1467,1395,-0.28373584151268005,0.9188500046730042,0.9999282360076904,2696,1182,2606,1286,None,None,1602,1433,1628,1779
False,/data/uabcvmsc/shared/newborn/29/16.08.24/HM20240816092647.jpeg,37.8,30.4,2027,1641,0.6790614128112793,1.0,1.0,2024,1639,0.7167671322822571,1.0,1.0,2027,1639,0.7161841988563538,1.0,1.0,2028,1636,0.7166767120361328,1.0,1.0,2037,1642,0.7155477404594421,1.0,1.0,2043,1641,0.7154668569564819,1.0,1.0,2049,1640,0.7156709432601929,1.0,1.0,2069,1601,0.7395204305648804,1.0,1.0,2091,1609,0.7223297953605652,1.0,1.0,2059,1607,0.6753829121589661,1.0,1.0,2061,1608,0.6699602007865906,1.0,1.0,2097,1512,0.5329359769821167,1.0,1.0,2235,1503,0.5637046694755554,1.0,1.0,1818,1640,0.29594066739082336,0.9993426203727722,0.9999996423721313,2408,1593,0.42967161536216736,0.998250424861908,0.9999996423721313,1658,1769,0.05733615159988403,0.9994094371795654,0.9999998807907104,2593,1630,0.4168911874294281,0.9991760849952698,0.9999998807907104,1605,1769,0.018101364374160767,0.9947432279586792,0.9999995231628418,2633,1647,0.4160107970237732,0.9745081663131714,0.9999997615814209,1623,1771,0.03027743101119995,0.9919976592063904,0.9999997615814209,2645,1644,0.4024803340435028,0.9578995704650879,0.9999997615814209,1641,1756,0.05873359367251396,0.9970797896385193,0.9999998807907104,2620,1637,0.4134159982204437,0.9803179502487183,0.9999998807907104,2101,1296,0.011392174288630486,1.0,1.0,2212,1292,-0.012480254285037518,1.0,1.0,1776,1347,-0.3700534403324127,1.0,1.0,1970,1494,-0.3340795934200287,1.0,1.0,1664,1434,-0.7748234272003174,0.9997966885566711,1.0,1621,1573,-0.6746583580970764,0.9999686479568481,1.0,1688,1368,-0.823344349861145,1.0,1.0,1585,1495,-0.7186657190322876,1.0,1.0,1605,1628,-0.9581813216209412,1.0,1.0,1437,1785,-0.852705180644989,1.0,1.0
True,/data/uabcvmsc/shared/newborn/29/16.08.24/HM20240816092749.jpeg,38.3,30.2,2886,1106,0.1725955456495285,0.9999943971633911,1.0,2920,1124,0.2108021229505539,0.9999943971633911,1.0,2927,1141,0.2106064409017563,0.9999945163726807,1.0,2932,1151,0.21066901087760925,0.9999947547912598,0.9999998807907104,2899,1082,0.20602211356163025,0.9999953508377075,0.9999998807907104,2893,1070,0.20570412278175354,0.9999959468841553,0.9999998807907104,2884,1049,0.2056661993265152,0.9999943971633911,0.9999998807907104,2901,1198,0.33218637108802795,0.9999979734420776,1.0,2841,1029,0.31053921580314636,0.9999942779541016,0.9999998807907104,2852,1133,0.213896244764328,0.9999918937683105,0.9999998807907104,2836,1092,0.20580577850341797,0.9999858140945435,0.9999996423721313,2652,1384,0.3423859775066376,0.9999860525131226,0.9999969005584717,2625,975,0.28227347135543823,0.9999673366546631,0.9999648332595825,2338,1636,0.2881598472595215,0.6781512498855591,0.9996094107627869,2487,889,0.2479361891746521,0.9328610897064209,0.999382734298706,2284,2009,0.1890149861574173,0.8586722612380981,0.9996738433837891,2669,796,0.25861528515815735,0.9785414338111877,0.9999374151229858,2277,2108,0.18277467787265778,0.8956109881401062,0.9993477463722229,2734,773,0.25168678164482117,0.9787641763687134,0.9999145269393921,2308,2121,0.15771658718585968,0.8913611769676208,0.9993725419044495,2738,753,0.25699079036712646,0.9759495854377747,0.9999241828918457,2306,2085,0.17577166855335236,0.898064136505127,0.9996576309204102,2716,767,0.2578950524330139,0.9699832201004028,0.9999598264694214,2305,1413,0.025817081332206726,0.9999921321868896,0.9999994039535522,2279,1115,-0.0261966735124588,0.9999933242797852,0.9999986886978149,2179,2002,-0.24163369834423065,0.9996399879455566,0.9999607801437378,1948,864,-0.36754995584487915,0.9998612403869629,0.9999620914459229,1762,1800,-0.20636169612407684,0.9968915581703186,0.9999678134918213,1729,1434,-0.3063807785511017,0.9937654733657837,0.999910831451416,1657,1720,-0.20585019886493683,0.9993891716003418,0.9999207258224487,1678,1522,-0.3007749617099762,0.9967515468597412,0.9999018907546997,1671,2026,-0.3469569683074951,0.9981197714805603,0.9990123510360718,1567,1570,-0.44333645701408386,0.9962490200996399,0.9984369874000549,2638,1180,None,None,2294,2081,1658,1509,None,None
False,/data/uabcvmsc/shared/newborn/29/16.08.24/HM20240816092851.jpeg,38.4,30.2,2154,1971,0.15790477395057678,0.9998935461044312,0.9999990463256836,2143,1984,0.15697993338108063,0.9999198913574219,0.9999980926513672,2143,1985,0.15670263767242432,0.9998844861984253,0.9999983310699463,2143,1984,0.1565830558538437,0.9999352693557739,0.9999978542327881,2140,1977,0.16910739243030548,0.9999369382858276,0.9999974966049194,2136,1971,0.16885951161384583,0.9999217987060547,0.9999973773956299,2133,1966,0.16887345910072327,0.9999504089355469,0.9999963045120239,2142,1941,0.1309792399406433,0.9999170303344727,0.9999979734420776,2126,1917,0.18528731167316437,0.9997685551643372,0.9999940395355225,2164,1935,0.14847400784492493,0.999785840511322,0.9999973773956299,2159,1925,0.1622893363237381,0.9997808337211609,0.9999938011169434,2168,1787,0.06047970801591873,0.9999793767929077,0.9999973773956299,2174,1729,0.11977364867925644,0.9999344348907471,0.9999876022338867,2095,1828,-0.048349764198064804,0.13085243105888367,0.9999701976776123,2038,1695,-0.06453306972980499,0.06609765440225601,0.9998434782028198,1802,1900,-0.14228321611881256,0.26605162024497986,0.9999810457229614,1736,1706,-0.2367849051952362,0.11158784478902817,0.9999696016311646,1711,1932,-0.16784003376960754,0.34816309809684753,0.9999600648880005,1652,1699,-0.2773447632789612,0.13638415932655334,0.999951958656311,1700,1924,-0.17560820281505585,0.3252917528152466,0.9999580383300781,1631,1712,-0.2696191966533661,0.12555564939975739,0.9999593496322632,1734,1912,-0.14779403805732727,0.266038715839386,0.9999740123748779,1669,1721,-0.2415132373571396,0.10070683807134628,0.9999736547470093,2181,1306,-0.013834105804562569,0.9999842643737793,0.9999990463256836,2196,1281,0.013481258414685726,0.999983549118042,0.9999982118606567,1961,1171,-0.08765028417110443,0.39198362827301025,0.9999860525131226,1970,1181,-0.07398296892642975,0.21007387340068817,0.9999897480010986,1716,1377,-0.09974278509616852,0.1099497452378273,0.9999873638153076,1654,1465,-0.1511877328157425,0.1759885549545288,0.9999814033508301,1695,1377,-0.10179474949836731,0.23389331996440887,0.999966025352478,1638,1481,-0.15821708738803864,0.33431485295295715,0.9999765157699585,1616,1516,-0.14456818997859955,0.20060953497886658,0.9999696016311646,1482,1630,-0.20918847620487213,0.28404897451400757,0.9999538660049438
False,/data/uabcvmsc/shared/newborn/29/16.08.24/HM20240816092952.jpeg,38.4,30.3
False,/data/uabcvmsc/shared/newborn/29/16.08.24/HM20240816093054.jpeg,38.4,30.2
False,/data/uabcvmsc/shared/newborn/29/16.08.24/HM20240816093155.jpeg,38.5,30.3
False,/data/uabcvmsc/shared/newborn/29/16.08.24/HM20240816093257.jpeg,38.5,30.2
False,/data/uabcvmsc/shared/newborn/29/16.08.24/HM20240816093401.jpeg,38.3,30.9
False,/data/uabcvmsc/shared/newborn/29/16.08.24/HM20240816093503.jpeg,38.5,30.7
False,/data/uabcvmsc/shared/newborn/29/16.08.24/HM20240816093604.jpeg,38.3,30.8
False,/data/uabcvmsc/shared/newborn/29/16.08.24/HM20240816093706.jpeg,37.9,30.1
False,/data/uabcvmsc/shared/newborn/29/16.08.24/HM20240816093810.jpeg,37.9,30.1
False,/data/uabcvmsc/shared/newborn/29/16.08.24/HM20240816093911.jpeg,37.6,30.4
False,/data/uabcvmsc/shared/newborn/29/16.08.24/HM20240816094012.jpeg,37.6,30.4
True,/data/uabcvmsc/shared/newborn/29/16.08.24/HM20240816094114.jpeg,37.8,30.6,2774,1088,-0.013267907314002514,0.9999991655349731,0.9999998807907104,2816,1129,0.022551801055669785,0.9999992847442627,0.9999998807907104,2821,1154,0.022295702248811722,0.999998927116394,0.9999998807907104,2814,1176,0.022412819787859917,0.9999995231628418,0.9999998807907104,2793,1066,0.021929780021309853,0.9999994039535522,0.9999997615814209,2782,1043,0.021611791104078293,0.999998927116394,0.9999997615814209,2776,1025,0.021587055176496506,0.9999990463256836,0.9999996423721313,2775,1245,0.1644480675458908,0.9999994039535522,0.9999998807907104,2745,1016,0.15838594734668732,0.9999970197677612,0.9999996423721313,2727,1133,0.03810535743832588,0.9999988079071045,0.9999998807907104,2705,1061,0.033761586993932724,0.9999982118606567,0.9999995231628418,2573,1412,0.18931126594543457,0.9999880790710449,0.9999974966049194,2506,952,0.21162964403629303,0.9999620914459229,0.9999780654907227,2331,1711,0.08599366992712021,0.81388258934021,0.9996249675750732,2478,768,0.20143042504787445,0.5470057725906372,0.9994193315505981,2492,1630,-0.0957961305975914,0.9377099871635437,0.9999963045120239,2569,731,0.16693586111068726,0.7187294363975525,0.9999027252197266,2539,1649,-0.1293565034866333,0.9360247850418091,0.9999901056289673,2583,706,0.1505911648273468,0.702033281326294,0.9997442364692688,2555,1612,-0.13594020903110504,0.9277123808860779,0.999992847442627,2598,738,0.14929959177970886,0.6724368929862976,0.9998327493667603,2535,1592,-0.10154885053634644,0.8810165524482727,0.9999969005584717,2590,758,0.16296054422855377,0.6391575336456299,0.9999287128448486,2145,1501,-0.006374266464263201,0.9999959468841553,0.9999997615814209,2044,1193,0.006060784682631493,0.9999938011169434,0.9999994039535522,1935,1971,-0.31027156114578247,0.9871906638145447,0.9999972581863403,1746,1010,-0.3670220673084259,0.9686764478683472,0.9999943971633911,1406,1902,-0.22272427380084991,0.9761722087860107,0.9999849796295166,1356,1468,-0.24540863931179047,0.946221113204956,0.9999755620956421,1281,1831,-0.21890398859977722,0.9572397470474243,0.9999326467514038,1306,1599,-0.23600079119205475,0.9175013899803162,0.9999536275863647,1338,2213,-0.3571888208389282,0.9569190740585327,0.998596727848053,1105,1396,-0.35783132910728455,0.9047825336456299,0.9986109733581543,None,None,None,None,2530,1621,1256,1488,None,None
True,/data/uabcvmsc/shared/newborn/29/16.08.24/HM20240816094216.jpeg,37.8,30.6,2817,1111,0.2993885576725006,0.9999797344207764,0.9999998807907104,2833,1133,0.34067144989967346,0.9999756813049316,0.9999997615814209,2842,1159,0.3404645323753357,0.9999699592590332,0.9999997615814209,2847,1173,0.3405557870864868,0.9999768733978271,0.9999997615814209,2814,1088,0.34161385893821716,0.999982476234436,0.9999997615814209,2809,1077,0.3412889540195465,0.9999798536300659,0.9999997615814209,2806,1066,0.34126007556915283,0.9999803304672241,0.9999996423721313,2806,1222,0.4646666347980499,0.9999843835830688,0.9999998807907104,2757,1047,0.4667145907878876,0.9999604225158691,0.9999996423721313,2771,1151,0.3396833539009094,0.999985933303833,0.9999998807907104,2753,1096,0.33806803822517395,0.9999768733978271,0.9999995231628418,2576,1450,0.4217962622642517,0.9999911785125732,0.9999966621398926,2511,974,0.43038904666900635,0.9999839067459106,0.9999841451644897,2332,1707,0.26991039514541626,0.5272706747055054,0.999519944190979,2477,791,0.26946407556533813,0.6442722678184509,0.9995686411857605,2488,1800,0.05326320603489876,0.7925201058387756,0.9999823570251465,2531,831,0.1063418909907341,0.7486222982406616,0.9998791217803955,2534,1838,0.02030761167407036,0.8325092792510986,0.9999587535858154,2553,828,0.07110956311225891,0.7345272302627563,0.9997374415397644,2558,1803,0.0166096780449152,0.8068934082984924,0.9999691247940063,2565,838,0.08302921801805496,0.6833553314208984,0.9998059868812561,2540,1776,0.046975262463092804,0.7507826685905457,0.9999847412109375,2558,849,0.10295848548412323,0.6467532515525818,0.9999113082885742,2156,1525,-0.000291844509774819,0.9999909400939941,0.9999995231628418,2071,1190,-0.0002820434747263789,0.9999924898147583,0.9999992847442627,1884,1914,-0.3096926808357239,0.9871456623077393,0.9999744892120361,1743,1013,-0.36202284693717957,0.9895977973937988,0.9999507665634155,1330,1954,-0.21040134131908417,0.8577982187271118,0.9997724890708923,1294,1469,-0.23564770817756653,0.8682777285575867,0.9997138381004333,1210,1908,-0.20560809969902039,0.9360213875770569,0.9992197751998901,1273,1584,-0.22566935420036316,0.9034806489944458,0.9996008276939392,1146,2150,-0.37083446979522705,0.9254337549209595,0.9892372488975525,1029,1532,-0.38239943981170654,0.9022156596183777,0.9920946955680847,2544,1212,2542,830,2530,1804,1199,1528,1229,2004
True,/data/uabcvmsc/shared/newborn/29/16.08.24/HM20240816094324.jpeg,37.5,30.8,2763,1129,0.1941765695810318,0.9999982118606567,1.0,2791,1141,0.23536808788776398,0.9999978542327881,1.0,2787,1176,0.2351701259613037,0.9999971389770508,1.0,2790,1194,0.23522524535655975,0.9999973773956299,1.0,2774,1098,0.2309870719909668,0.9999985694885254,1.0,2763,1075,0.23072350025177002,0.9999983310699463,1.0,2759,1062,0.23071405291557312,0.9999980926513672,1.0,2754,1231,0.3720715343952179,0.9999979734420776,1.0,2705,1034,0.350620836019516,0.9999949932098389,1.0,2716,1170,0.23936450481414795,0.9999946355819702,1.0,2692,1112,0.231318861246109,0.9999905824661255,0.9999998807907104,2544,1446,0.3458859324455261,0.9999864101409912,0.9999972581863403,2467,982,0.3080916702747345,0.9999793767929077,0.9999890327453613,2355,1674,0.1817699670791626,0.5659145712852478,0.9994542002677917,2423,854,0.13080139458179474,0.5540514588356018,0.9996757507324219,2476,1775,-0.03760586306452751,0.6420931220054626,0.9999467134475708,2459,762,-0.047009892761707306,0.7748415470123291,0.9997497200965881,2529,1820,-0.06867381185293198,0.7159993648529053,0.9998613595962524,2477,718,-0.0827963650226593,0.8278861045837402,0.9993403553962708,2558,1784,-0.07701581716537476,0.6737580299377441,0.9998975992202759,2495,718,-0.08033785223960876,0.79770427942276,0.9995399713516235,2538,1756,-0.04703007638454437,0.6480128765106201,0.9999505281448364,2490,743,-0.054357610642910004,0.7707275152206421,0.9998069405555725,2100,1528,0.0126562574878335,0.9999938011169434,0.9999996423721313,2040,1202,-0.013240053318440914,0.9999938011169434,0.9999994039535522,2015,2010,-0.31530457735061646,0.9900922179222107,0.9999557733535767,1878,883,-0.3461627960205078,0.9903908967971802,0.9999392032623291,1486,1894,-0.37263327836990356,0.6847195625305176,0.9998692274093628,1659,1473,-0.3867471218109131,0.788996696472168,0.9998146891593933,1365,1823,-0.38158705830574036,0.9549430012702942,0.999484658241272,1626,1581,-0.392284631729126,0.9614072442054749,0.9997009038925171,1317,2066,-0.5152615308761597,0.8446714878082275,0.9913227558135986,1467,1610,-0.5156488418579102,0.89146888256073,0.9936190247535706,2506,1214,2480,735,2529,1820,1584,1555,None,None
False,/data/uabcvmsc/shared/newborn/29/16.08.24/HM20240816094425.jpeg,37.5,30.4
True,/data/uabcvmsc/shared/newborn/29/16.08.24/HM20240816094527.jpeg,37.6,30.5,2749,1142,0.12392844259738922,0.9999998807907104,1.0,2785,1171,0.16408289968967438,0.9999998807907104,1.0,2788,1190,0.1639000028371811,0.9999997615814209,1.0,2791,1217,0.16400480270385742,0.9999997615814209,1.0,2763,1106,0.1601182073354721,0.9999998807907104,1.0,2757,1089,0.159881129860878,0.9999998807907104,1.0,2749,1066,0.15987171232700348,0.9999998807907104,1.0,2771,1262,0.31151166558265686,0.9999997615814209,1.0,2694,1035,0.29305508732795715,0.9999995231628418,1.0,2697,1215,0.17624971270561218,0.9999990463256836,1.0,2693,1123,0.16885635256767273,0.9999985694885254,0.9999998807907104,2568,1445,0.3098115622997284,0.9999856948852539,0.9999985694885254,2458,993,0.29437577724456787,0.999964714050293,0.9999897480010986,2502,1652,0.15528298914432526,0.7490185499191284,0.9998494386672974,2456,835,0.22170592844486237,0.8543773293495178,0.9998635053634644,2592,1664,-0.06148691102862358,0.8900241851806641,0.9999730587005615,2509,735,0.11607789993286133,0.9682024717330933,0.9999568462371826,2623,1694,-0.10022381693124771,0.9166564345359802,0.9999101161956787,2492,730,0.08902040123939514,0.9767716526985168,0.999869704246521,2636,1654,-0.10443748533725739,0.9092484712600708,0.9999423027038574,2532,718,0.08123400062322617,0.9740988612174988,0.9999169111251831,2619,1642,-0.06938327103853226,0.884699285030365,0.9999736547470093,2511,773,0.10726876556873322,0.9679214954376221,0.9999654293060303,2067,1506,0.006692179944366217,0.9999940395355225,0.9999998807907104,2004,1198,-0.007134251296520233,0.9999915361404419,0.9999997615814209,1888,1919,-0.31893783807754517,0.9976605176925659,0.9999920129776001,1788,961,-0.32254356145858765,0.9943634271621704,0.9999752044677734,1370,1817,-0.3992629051208496,0.9809670448303223,0.9999407529830933,1671,1506,-0.2916467487812042,0.8325204849243164,0.9999450445175171,1235,1704,-0.41105109453201294,0.995510458946228,0.9997314810752869,1679,1615,-0.2899332642555237,0.9610358476638794,0.9999150037765503,1193,1964,-0.5486607551574707,0.98848956823349,0.9967606663703918,1549,1625,-0.39394620060920715,0.921612560749054,0.9986905455589294,2513,1219,2511,739,2618,1664,1633,1582,None,None
False,/data/uabcvmsc/shared/newborn/29/16.08.24/HM20240816094629.jpeg,37.2,30.5
True,/data/uabcvmsc/shared/newborn/29/16.08.24/HM20240816094731.jpeg,37.4,30.8,2720,1187,0.2040524184703827,0.9999600648880005,0.9999996423721313,2764,1218,0.2348363846540451,0.999943733215332,0.9999996423721313,2773,1238,0.2347194105386734,0.9999499320983887,0.9999996423721313,2781,1258,0.2347707897424698,0.9999496936798096,0.9999994039535522,2761,1131,0.24281786382198334,0.9999511241912842,0.9999992847442627,2743,1117,0.24267172813415527,0.9999502897262573,0.9999990463256836,2746,1095,0.24257884919643402,0.9999426603317261,0.9999984502792358,2740,1311,0.33130866289138794,0.9999663829803467,0.9999997615814209,2697,1104,0.37224045395851135,0.9998231530189514,0.9999970197677612,2685,1250,0.23791584372520447,0.9998621940612793,0.9999990463256836,2654,1176,0.24764779210090637,0.999632716178894,0.9999903440475464,2541,1498,0.34887275099754333,0.9999793767929077,0.9999926090240479,2475,1091,0.3454771041870117,0.9998657703399658,0.9997205138206482,2380,1689,0.23623158037662506,0.5985233187675476,0.9991474151611328,2513,980,0.321552574634552,0.4221082031726837,0.9990028738975525,2555,1693,0.13744397461414337,0.8962814211845398,0.9999878406524658,2730,1012,0.2839601933956146,0.8846595287322998,0.9999542236328125,2611,1672,0.13035325706005096,0.881894052028656,0.9999706745147705,2801,1008,0.27062731981277466,0.8823084831237793,0.9999107122421265,2628,1657,0.14046016335487366,0.8600006699562073,0.999983549118042,2819,1024,0.27783647179603577,0.8565270900726318,0.9999234676361084,2602,1651,0.14173687994480133,0.8245905041694641,0.9999916553497314,2774,1039,0.28207018971443176,0.834679126739502,0.9999679327011108,2165,1372,0.026740172877907753,0.9999186992645264,0.9999966621398926,2155,1139,-0.02689860388636589,0.9999327659606934,0.9999921321868896,1941,1754,-0.23788444697856903,0.7760836482048035,0.9999232292175293,1867,914,-0.34983423352241516,0.9827133417129517,0.9996452331542969,1491,1765,-0.3660840094089508,0.4472101926803589,0.9995647072792053,1675,1424,-0.39996325969696045,0.36498773097991943,0.9994149208068848,1393,1717,-0.3831411302089691,0.9158815145492554,0.9985074400901794,1551,1436,-0.4048938453197479,0.8579961657524109,0.9993997812271118,1359,1972,-0.5296421051025391,0.666956901550293,0.9944849610328674,1534,1572,-0.5318707227706909,0.642414391040802,0.9965806603431702,2508,1294,2781,1021,2599,1668,None,None,1393,1717
True,/data/uabcvmsc/shared/newborn/29/16.08.24/HM20240816094833.jpeg,36.9,30.6,2737,1238,0.1368977427482605,0.9998867511749268,0.9999985694885254,2777,1240,0.15617090463638306,0.9998737573623657,0.9999978542327881,2784,1255,0.1560550481081009,0.9998503923416138,0.9999980926513672,2790,1271,0.1561405211687088,0.9999071359634399,0.999997615814209,2756,1196,0.16168920695781708,0.9998947381973267,0.9999961853027344,2746,1183,0.16149070858955383,0.9998610019683838,0.9999954700469971,2737,1168,0.1614101082086563,0.9998809099197388,0.9999934434890747,2764,1321,0.23320704698562622,0.9999277591705322,0.999998927116394,2697,1177,0.2615618109703064,0.9995439648628235,0.9999897480010986,2701,1301,0.16656175255775452,0.9998936653137207,0.9999985694885254,2671,1253,0.17300604283809662,0.9996750354766846,0.9999873638153076,2553,1535,0.2767162024974823,0.999976634979248,0.9999969005584717,2548,1195,0.2504954934120178,0.9998809099197388,0.9999010562896729,2461,1704,0.19029930233955383,0.5287476181983948,0.9997574687004089,2551,1039,0.22637535631656647,0.6795386672019958,0.9996678829193115,2555,1690,0.08856286853551865,0.9103418588638306,0.9999967813491821,2760,1034,0.14716045558452606,0.9619894027709961,0.9999840259552002,2612,1659,0.07803178578615189,0.9008675217628479,0.9999914169311523,2829,1034,0.12439252436161041,0.9641024470329285,0.9999690055847168,2630,1663,0.07925576716661453,0.8837100863456726,0.9999951124191284,2851,1045,0.1241164430975914,0.9584901332855225,0.9999746084213257,2606,1662,0.08891928941011429,0.8374500870704651,0.9999977350234985,2818,1062,0.141689732670784,0.9414984583854675,0.9999889135360718,2174,1404,0.029364781454205513,0.9999251365661621,0.9999979734420776,2205,1189,-0.02952605113387108,0.999931812286377,0.9999961853027344,1925,1764,-0.16056916117668152,0.5344967246055603,0.9999780654907227,2036,1018,-0.3099081218242645,0.9815632104873657,0.999954104423523,1472,1718,-0.312466025352478,0.6956496238708496,0.9998281002044678,1669,1391,-0.3469006419181824,0.6656748652458191,0.9999302625656128,1381,1649,-0.33406975865364075,0.9056905508041382,0.9994433522224426,1589,1444,-0.3517528772354126,0.8992314338684082,0.9999164342880249,1426,1932,-0.4812603294849396,0.8374120593070984,0.997437596321106,1607,1553,-0.4666441082954407,0.8087226748466492,0.9994896650314331,2550,1365,2814,1044,2601,1668,1598,1498,None,None
False,/data/uabcvmsc/shared/newborn/29/16.08.24/HM20240816094935.jpeg,37.2,30.6,2722,1151,0.008473370224237442,0.9997122883796692,0.9999938011169434,2742,1192,0.019121259450912476,0.9996094107627869,0.9999903440475464,2750,1211,0.018972009420394897,0.9995260238647461,0.9999908208847046,2757,1229,0.019025446847081184,0.9996665716171265,0.999987006187439,2733,1107,0.035153865814208984,0.9996628761291504,0.9999834299087524,2727,1097,0.03495008125901222,0.9995711445808411,0.9999806880950928,2718,1075,0.034775085747241974,0.999652624130249,0.9999712705612183,2733,1300,0.07356395572423935,0.9997026324272156,0.9999932050704956,2660,1113,0.15080147981643677,0.998565137386322,0.9999569654464722,2693,1215,0.03162923827767372,0.9992815852165222,0.9999924898147583,2651,1156,0.05183786898851395,0.9981256127357483,0.9999334812164307,2535,1545,0.12311767786741257,0.9999597072601318,0.9999934434890747,2487,1194,0.17658600211143494,0.9997231364250183,0.9998223185539246,2459,1720,0.055506642907857895,0.11601522564888,0.9994582533836365,2469,1087,0.17794840037822723,0.05884259566664696,0.9993323683738708,2568,1681,-0.017374152317643166,0.4625489413738251,0.9999822378158569,2678,1028,0.09020765870809555,0.36737060546875,0.9998747110366821,2613,1659,-0.025920897722244263,0.44609203934669495,0.9999581575393677,2733,1017,0.06851142644882202,0.42319872975349426,0.9997355341911316,2622,1653,-0.027901796624064445,0.430070161819458,0.9999747276306152,2764,1029,0.06326538324356079,0.422494500875473,0.9997703433036804,2601,1648,-0.016665339469909668,0.35124507546424866,0.9999858140945435,2740,1040,0.08213964849710464,0.3714253008365631,0.9998879432678223,2166,1393,-0.004546064883470535,0.999784529209137,0.999991774559021,2163,1175,0.004519575275480747,0.9997963309288025,0.9999872446060181,2048,1670,-0.23794086277484894,0.0715947300195694,0.9999181032180786,1997,945,-0.27944353222846985,0.390462189912796,0.9996744394302368,1511,1750,-0.36999088525772095,0.16232210397720337,0.9986692667007446,1790,1222,-0.3171909749507904,0.06995812803506851,0.9994828701019287,1417,1722,-0.3879924714565277,0.27435654401779175,0.9953064322471619,1754,1269,-0.3206886947154999,0.22260092198848724,0.999459445476532,1376,1875,-0.5232579708099365,0.18031121790409088,0.985840916633606,1729,1325,-0.42052772641181946,0.08482209593057632,0.9975637197494507
False,/data/uabcvmsc/shared/newborn/29/16.08.24/HM20240816095037.jpeg,37.3,30.4,2711,1150,-0.07690957188606262,0.9998884201049805,0.9999949932098389,2758,1165,-0.06817097216844559,0.9998471736907959,0.9999915361404419,2749,1205,-0.06829982250928879,0.9997971653938293,0.9999918937683105,2757,1226,-0.06823171675205231,0.9998537302017212,0.9999884366989136,2726,1108,-0.05305769667029381,0.9998822212219238,0.9999880790710449,2725,1090,-0.0532577782869339,0.9998571872711182,0.9999866485595703,2711,1079,-0.053409114480018616,0.9998866319656372,0.9999809265136719,2736,1303,-0.008197207003831863,0.9998763799667358,0.9999914169311523,2688,1092,0.06606430560350418,0.9996030926704407,0.9999676942825317,2648,1244,-0.050384506583213806,0.9996926784515381,0.999991774559021,2612,1183,-0.03098764456808567,0.9992297887802124,0.9999350309371948,2520,1571,0.05106759071350098,0.9999685287475586,0.9999939203262329,2503,1167,0.08667679131031036,0.9998537302017212,0.9999145269393921,2457,1738,-0.060857176780700684,0.3519075810909271,0.9996639490127563,2416,1156,0.06487453728914261,0.3467155992984772,0.9997641444206238,2566,1692,-0.17677976191043854,0.6161061525344849,0.9999750852584839,2513,1149,-0.03349755331873894,0.6827942728996277,0.9999496936798096,2606,1661,-0.19849348068237305,0.5745111107826233,0.9999321699142456,2525,1139,-0.06292411684989929,0.7044165730476379,0.9998847246170044,2621,1642,-0.1963725984096527,0.5617076754570007,0.9999580383300781,2553,1160,-0.06803984194993973,0.7008911967277527,0.9998883008956909,2603,1638,-0.17615298926830292,0.49673038721084595,0.9999768733978271,2544,1170,-0.04132850840687752,0.643609881401062,0.9999423027038574,2160,1413,-0.0027336752973496914,0.9999275207519531,0.9999954700469971,2180,1176,0.002740772208198905,0.9999274015426636,0.9999948740005493,2049,1695,-0.27024686336517334,0.3384212851524353,0.9999737739562988,2007,963,-0.28231480717658997,0.8357487916946411,0.999937891960144,1473,1740,-0.3530723750591278,0.47557517886161804,0.9995935559272766,1890,1181,-0.28819161653518677,0.3546428978443146,0.9998900890350342,1373,1703,-0.3661990463733673,0.47975799441337585,0.9984935522079468,1866,1210,-0.2875482439994812,0.460695743560791,0.9998725652694702,1332,1872,-0.49517181515693665,0.5005707740783691,0.9944579601287842,1844,1299,-0.3772185742855072,0.41036656498908997,0.9994218349456787
True,/data/uabcvmsc/shared/newborn/29/16.08.24/HM20240816095139.jpeg,37.6,30.7,2683,1194,0.19646911323070526,0.9997994303703308,0.9999988079071045,2723,1193,0.21972179412841797,0.999681830406189,0.9999988079071045,2732,1207,0.21959982812404633,0.9997344613075256,0.999998927116394,2740,1222,0.21962034702301025,0.9997546076774597,0.9999986886978149,2725,1131,0.2274102121591568,0.9997231364250183,0.9999978542327881,2686,1139,0.22724220156669617,0.9997517466545105,0.9999974966049194,2675,1126,0.22715529799461365,0.9997346997261047,0.9999963045120239,2712,1275,0.29296770691871643,0.9999104738235474,0.9999994039535522,2630,1138,0.3333026170730591,0.9994046688079834,0.999994158744812,2647,1259,0.2231713980436325,0.9997307658195496,0.9999984502792358,2612,1213,0.23279230296611786,0.9992207288742065,0.999984622001648,2511,1520,0.30055609345436096,0.9999834299087524,0.9999942779541016,2466,1162,0.2969660460948944,0.999876856803894,0.9997751116752625,2436,1717,0.15816806256771088,0.7600662708282471,0.999225378036499,2466,1031,0.23461931943893433,0.6723579168319702,0.9986762404441833,2558,1687,0.034884724766016006,0.9391174912452698,0.9999792575836182,2751,1009,0.15495665371418,0.9406205415725708,0.9998879432678223,2608,1662,0.02113456279039383,0.9133196473121643,0.9999616146087646,2811,1016,0.13393129408359528,0.9433616995811462,0.9998430013656616,2627,1655,0.03243458643555641,0.8942839503288269,0.9999773502349854,2831,1030,0.14152507483959198,0.9278988242149353,0.9998656511306763,2604,1651,0.038649462163448334,0.8654155731201172,0.9999867677688599,2805,1029,0.15204596519470215,0.9085601568222046,0.9999321699142456,2142,1398,0.025067372247576714,0.9999336004257202,0.9999964237213135,2160,1173,-0.02520586922764778,0.9999369382858276,0.9999921321868896,1916,1811,-0.27689483761787415,0.951369047164917,0.9999474287033081,1909,943,-0.3557378351688385,0.9958029389381409,0.9997757077217102,1458,1755,-0.3825186789035797,0.7909885048866272,0.999760091304779,1687,1322,-0.37495842576026917,0.6834315061569214,0.9996304512023926,1393,1660,-0.3978847861289978,0.9716314077377319,0.9992256164550781,1632,1377,-0.37695133686065674,0.9358580708503723,0.9996479749679565,1331,1898,-0.5501342415809631,0.8928999304771423,0.9963870048522949,1635,1484,-0.5015434622764587,0.8560381531715393,0.9981597065925598,2488,1341,2800,1021,2599,1664,1634,1430,None,None
False,/data/uabcvmsc/shared/newborn/29/16.08.24/HM20240816095240.jpeg,38.0,30.6,2444,1516,0.1633489727973938,0.9999052286148071,1.0,2450,1532,0.16749972105026245,0.9999063014984131,1.0,2445,1536,0.16743715107440948,0.999828577041626,1.0,2439,1541,0.16745825111865997,0.9998781681060791,1.0,2464,1520,0.16270677745342255,0.9999696016311646,1.0,2468,1515,0.16255466639995575,0.999971866607666,1.0,2473,1510,0.1626836359500885,0.999985933303833,1.0,2431,1540,0.18665193021297455,0.9998358488082886,1.0,2479,1496,0.16000132262706757,0.9999324083328247,1.0,2420,1514,0.17165206372737885,0.9999169111251831,1.0,2437,1497,0.16315889358520508,0.999953031539917,1.0,2342,1583,0.16449080407619476,0.9999985694885254,0.9999997615814209,2464,1375,0.05618966743350029,0.9999997615814209,1.0,2245,1539,-0.0548456609249115,0.2882549464702606,0.9999122619628906,2365,1387,-0.19068002700805664,0.29727470874786377,0.9999911785125732,2459,1442,-0.3034876585006714,0.19635039567947388,0.9999933242797852,2568,1660,-0.38502946496009827,0.8979166150093079,0.9999996423721313,2498,1386,-0.34483444690704346,0.27214154601097107,0.9999864101409912,2618,1673,-0.43940114974975586,0.9225000143051147,0.9999992847442627,2530,1403,-0.32742005586624146,0.21980854868888855,0.9999927282333374,2618,1667,-0.40930405259132385,0.905351996421814,0.9999996423721313,2520,1418,-0.3010287880897522,0.1926235407590866,0.9999959468841553,2599,1668,-0.37895265221595764,0.8483636379241943,0.9999997615814209,2209,1498,0.06251116842031479,0.999998927116394,1.0,2287,1339,-0.06289080530405045,0.9999992847442627,1.0,1952,1778,-0.25164464116096497,0.9030970931053162,1.0,2146,1417,-0.4363040030002594,0.9819366335868835,1.0,1507,1608,-0.3766612410545349,0.2562432289123535,0.999998927116394,1671,1560,-0.5336106419563293,0.6728735566139221,0.9999998807907104,1420,1550,-0.39579635858535767,0.9318355321884155,0.9999954700469971,1594,1552,-0.5462203025817871,0.9766018986701965,0.9999996423721313,1385,1668,-0.5455998778343201,0.8079150915145874,0.9999837875366211,1563,1711,-0.6900485157966614,0.9743601083755493,0.9999973773956299
True,/data/uabcvmsc/shared/newborn/29/16.08.24/HM20240816095342.jpeg,37.3,31.0,2704,1152,0.05816655606031418,0.9999719858169556,0.9999980926513672,2787,1125,0.06987841427326202,0.9999402761459351,0.9999961853027344,2760,1180,0.06970735639333725,0.9999560117721558,0.9999966621398926,2768,1199,0.06979311257600784,0.9999532699584961,0.9999955892562866,2751,1072,0.08430122584104538,0.9999592304229736,0.9999943971633911,2736,1051,0.08405594527721405,0.9999693632125854,0.9999945163726807,2729,1046,0.08392512053251266,0.9999656677246094,0.999993085861206,2743,1268,0.1265324503183365,0.9999752044677734,0.9999977350234985,2684,1063,0.19772972166538239,0.999919056892395,0.9999912977218628,2670,1230,0.08146603405475616,0.9999603033065796,0.9999984502792358,2632,1174,0.09987697005271912,0.9999196529388428,0.9999897480010986,2536,1539,0.1626642644405365,0.9999923706054688,0.9999977350234985,2499,1168,0.1858791559934616,0.9999762773513794,0.9999778270721436,2453,1684,0.042216721922159195,0.8629708290100098,0.9998176693916321,2452,1035,0.14668649435043335,0.4125604033470154,0.9998395442962646,2577,1691,-0.09055628627538681,0.9655031561851501,0.9999936819076538,2627,941,0.010984157212078571,0.9614154100418091,0.9999783039093018,2625,1684,-0.11185434460639954,0.9513605237007141,0.9999853372573853,2667,916,-0.02059926837682724,0.9709592461585999,0.9999539852142334,2635,1663,-0.11392892152070999,0.9480871558189392,0.9999899864196777,2697,934,-0.035702649503946304,0.9699398279190063,0.9999581575393677,2618,1657,-0.0922592431306839,0.9398736357688904,0.9999946355819702,2673,953,-0.002766198478639126,0.9656359553337097,0.9999812841415405,2187,1388,0.030505646020174026,0.999907374382019,0.9999939203262329,2190,1155,-0.030502256006002426,0.9999374151229858,0.9999912977218628,1916,1699,-0.25911030173301697,0.700655996799469,0.9999490976333618,2066,1145,-0.34176385402679443,0.9733794927597046,0.9999470710754395,1426,1743,-0.4506118893623352,0.7770317792892456,0.9993313550949097,1652,1514,-0.4365871548652649,0.8503795266151428,0.9998292922973633,1325,1697,-0.4764184355735779,0.8414276838302612,0.9968685507774353,1490,1477,-0.4458700716495514,0.9017444849014282,0.9997244477272034,1350,1899,-0.6509376764297485,0.7859317064285278,0.9941012263298035,1494,1670,-0.5845994353294373,0.9028483033180237,0.9991031885147095,2518,1354,None,None,2614,1674,None,None,1367,1780
False,/data/uabcvmsc/shared/newborn/29/16.08.24/HM20240816095444.jpeg,37.5,30.4,1998,1872,0.2902619242668152,0.9995421171188354,0.9999978542327881,1962,1879,0.2980492413043976,0.9987000226974487,0.999995231628418,1955,1877,0.2978275418281555,0.998699426651001,0.9999951124191284,1948,1873,0.2977805733680725,0.9989556074142456,0.999991774559021,1973,1880,0.3223361074924469,0.9993516802787781,0.9999939203262329,1973,1878,0.32205602526664734,0.9993208646774292,0.9999934434890747,1973,1876,0.3220585882663727,0.9994062185287476,0.9999910593032837,1918,1832,0.2885875105857849,0.9991123080253601,0.9999948740005493,1954,1839,0.39900872111320496,0.9971197843551636,0.9999899864196777,1998,1834,0.28332576155662537,0.9968135952949524,0.9999889135360718,2008,1833,0.3132707476615906,0.9969425797462463,0.999975323677063,1873,1711,0.16772198677062988,0.9999719858169556,0.9999815225601196,2079,1699,0.38908651471138,0.9999418258666992,0.9999488592147827,1619,1652,-0.09765416383743286,0.013601821847259998,0.9986149072647095,2289,1693,0.33497685194015503,0.0012935238191857934,0.9993322491645813,1508,1745,-0.30217161774635315,0.025062089785933495,0.9989159107208252,2503,1723,0.26208820939064026,0.00961104966700077,0.9994307160377502,1471,1769,-0.3406580686569214,0.05497833713889122,0.9972237348556519,2565,1713,0.2611086070537567,0.015896959230303764,0.9986222982406616,1481,1793,-0.31931039690971375,0.045932114124298096,0.9981763362884521,2562,1709,0.23038507997989655,0.013589870184659958,0.9987772107124329,1498,1779,-0.2985660135746002,0.039351217448711395,0.9989062547683716,2556,1696,0.24318836629390717,0.0176834836602211,0.9992877840995789,2062,1377,-0.05549771711230278,0.9998494386672974,0.9999934434890747,2180,1337,0.05483170598745346,0.9998782873153687,0.9999916553497314,1852,1360,-0.11635080724954605,0.02692653052508831,0.99993896484375,1962,1053,-0.1417664885520935,0.025255192071199417,0.9999449253082275,1701,1517,-0.3836134970188141,0.0021105101332068443,0.9998449087142944,1924,1261,-0.31130871176719666,0.0013084199745208025,0.9996092915534973,1760,1413,-0.41616299748420715,0.2537696957588196,0.9996470212936401,1953,1238,-0.32929930090904236,0.2683582305908203,0.9994010925292969,1593,1643,-0.4841872453689575,0.13866907358169556,0.9997515082359314,1828,1408,-0.36047622561454773,0.1007942482829094,0.9995392560958862
False,/data/uabcvmsc/shared/newborn/29/16.08.24/HM20240816095546.jpeg,37.4,30.7
False,/data/uabcvmsc/shared/newborn/29/16.08.24/HM20240816095647.jpeg,37.3,30.4
False,/data/uabcvmsc/shared/newborn/29/16.08.24/HM20240816095749.jpeg,37.4,30.6
False,/data/uabcvmsc/shared/newborn/29/16.08.24/HM20240816095851.jpeg,37.3,30.4
False,/data/uabcvmsc/shared/newborn/29/16.08.24/HM20240816095953.jpeg,37.6,30.2,2162,1351,-0.23650340735912323,0.9996020197868347,0.9999977350234985,2192,1328,-0.24940596520900726,0.9994029998779297,0.9999945163726807,2199,1324,-0.2496383637189865,0.9989455342292786,0.9999938011169434,2206,1322,-0.24953962862491608,0.9994625449180603,0.9999909400939941,2170,1320,-0.26047733426094055,0.9998224377632141,0.9999963045120239,2164,1312,-0.26080548763275146,0.9998400211334229,0.9999974966049194,2159,1304,-0.2608987092971802,0.9999043941497803,0.9999974966049194,2235,1250,-0.22230832278728485,0.9997153878211975,0.9999940395355225,2155,1220,-0.2711731195449829,0.9998862743377686,0.999998927116394,2160,1326,-0.21332503855228424,0.9998856782913208,0.9999982118606567,2149,1320,-0.22884011268615723,0.9999281167984009,0.9999983310699463,2334,1272,-0.15703479945659637,0.9999984502792358,0.9999994039535522,2000,1093,-0.22438907623291016,0.9999990463256836,0.9999998807907104,2319,1572,-0.21566270291805267,0.45784345269203186,0.9998883008956909,1773,1338,-0.26435938477516174,0.6580064296722412,0.9999831914901733,2177,1717,-0.33136045932769775,0.1678341180086136,0.9998829364776611,1609,1662,-0.33173415064811707,0.724739134311676,0.9999792575836182,2149,1750,-0.36042526364326477,0.15291215479373932,0.9996976852416992,1533,1726,-0.35588619112968445,0.667363703250885,0.9999314546585083,2148,1705,-0.374028742313385,0.17276126146316528,0.9997188448905945,1581,1754,-0.3759617209434509,0.6994735598564148,0.999944806098938,2152,1691,-0.339588463306427,0.1490030288696289,0.9998113512992859,1615,1729,-0.33945533633232117,0.5986759066581726,0.999974250793457,2088,1600,0.015318546444177628,0.9999967813491821,0.9999998807907104,1920,1415,-0.01580752804875374,0.9999972581863403,0.9999998807907104,2107,2030,-0.20392848551273346,0.9851890802383423,0.9999876022338867,1823,1090,-0.2246226966381073,0.7984533309936523,0.9999979734420776,1594,1957,-0.1508265733718872,0.9196768403053284,0.9999967813491821,1694,1645,-0.17888280749320984,0.6082988381385803,0.9999963045120239,1540,1943,-0.14430779218673706,0.9121126532554626,0.9999922513961792,1674,1691,-0.1733548939228058,0.4160591959953308,0.9999945163726807,1479,2085,-0.20543716847896576,0.9429510831832886,0.999948263168335,1588,1789,-0.22917085886001587,0.7406689524650574,0.9999089241027832
False,/data/uabcvmsc/shared/newborn/29/16.08.24/HM20240816100057.jpeg,37.6,30.4
False,/data/uabcvmsc/shared/newborn/29/16.08.24/HM20240816100158.jpeg,38.5,30.4
False,/data/uabcvmsc/shared/newborn/29/16.08.24/HM20240816100259.jpeg,37.2,30.3
True,/data/uabcvmsc/shared/newborn/29/16.08.24/HM20240816100401.jpeg,38.9,30.2,2780,1052,0.15614300966262817,0.9999678134918213,0.9999992847442627,2808,1072,0.18812087178230286,0.9999691247940063,0.9999982118606567,2811,1083,0.187871053814888,0.9999523162841797,0.9999983310699463,2822,1102,0.18797136843204498,0.9999771118164062,0.9999979734420776,2784,1036,0.18197235465049744,0.9999759197235107,0.9999973773956299,2775,1025,0.18163259327411652,0.9999704360961914,0.9999974966049194,2757,1005,0.18161877989768982,0.9999784231185913,0.9999967813491821,2793,1149,0.30822303891181946,0.9999711513519287,0.9999986886978149,2700,996,0.2775636315345764,0.9999004602432251,0.9999964237213135,2759,1090,0.19720374047756195,0.9999850988388062,0.9999994039535522,2740,1046,0.18635018169879913,0.9999755620956421,0.9999985694885254,2571,1418,0.31014010310173035,0.9999889135360718,0.9999978542327881,2456,956,0.22943952679634094,0.9999814033508301,0.999993085861206,2349,1663,0.21962949633598328,0.22893057763576508,0.9999181032180786,2318,906,0.05843476578593254,0.37640848755836487,0.9998018145561218,2418,1719,-0.0022113092709332705,0.46707379817962646,0.9999926090240479,2396,1058,-0.1836710274219513,0.5227541923522949,0.9999402761459351,2453,1751,-0.042834218591451645,0.5942938923835754,0.9999802112579346,2398,1099,-0.23366448283195496,0.6032283306121826,0.9998464584350586,2500,1704,-0.05725467577576637,0.5911864638328552,0.999984622001648,2435,1119,-0.23406508564949036,0.5901533961296082,0.9998984336853027,2482,1690,-0.012923967093229294,0.4780751168727875,0.9999923706054688,2432,1113,-0.19068224728107452,0.49463972449302673,0.9999562501907349,2056,1603,0.03403668478131294,0.9999961853027344,0.9999998807907104,1985,1312,-0.03465108573436737,0.9999959468841553,0.9999998807907104,2151,2046,-0.2741411030292511,0.969414234161377,0.9999871253967285,1952,941,-0.3200584352016449,0.9654953479766846,0.9999923706054688,1653,1858,-0.34458085894584656,0.932191014289856,0.9999954700469971,1673,1565,-0.36110007762908936,0.9338019490242004,0.9999842643737793,1568,1772,-0.3535177409648895,0.9556869268417358,0.9999849796295166,1637,1624,-0.36512839794158936,0.8876509666442871,0.9999673366546631,1541,2028,-0.5160360336303711,0.9312509298324585,0.9997456669807434,1554,1808,-0.5240887999534607,0.9236270189285278,0.9993535876274109,2514,1187,None,None,None,None,1621,1666,1587,1886
False,/data/uabcvmsc/shared/newborn/29/16.08.24/HM20240816100503.jpeg,38.3,30.6,1787,1750,0.14471599459648132,0.9978686571121216,0.9999713897705078,1758,1761,0.16284918785095215,0.9970786571502686,0.9998992681503296,1748,1754,0.16263362765312195,0.9949936270713806,0.9998797178268433,1740,1745,0.16260631382465363,0.9972209930419922,0.9998056292533875,1784,1784,0.16103175282478333,0.9984257221221924,0.9999150037765503,1795,1791,0.1607300192117691,0.997947633266449,0.9999228715896606,1805,1799,0.1605496108531952,0.9989286065101624,0.9998993873596191,1747,1720,0.22977055609226227,0.9944409728050232,0.9997650980949402,1839,1797,0.2181115448474884,0.9944841265678406,0.999882698059082,1800,1709,0.16913118958473206,0.9925024509429932,0.9998249411582947,1833,1735,0.1638675481081009,0.9931449890136719,0.9997995495796204,1793,1519,0.18925221264362335,0.9996529817581177,0.9998370409011841,2002,1786,0.18396124243736267,0.9998921155929565,0.9999622106552124,1785,1430,0.11734213680028915,0.015322194434702396,0.9980975985527039,2138,2018,-0.02272581122815609,0.17248959839344025,0.9997379183769226,1674,1643,0.07684899866580963,0.01606163941323757,0.999866247177124,1764,1846,-0.18927951157093048,0.230730801820755,0.9999845027923584,1656,1694,0.07027512043714523,0.022021248936653137,0.9997254014015198,1697,1797,-0.22409257292747498,0.17461228370666504,0.9999573230743408,1632,1721,0.07771111279726028,0.019113896414637566,0.9997523427009583,1655,1781,-0.19519522786140442,0.14094793796539307,0.9999690055847168,1644,1709,0.08085718750953674,0.015996044501662254,0.9998592138290405,1681,1790,-0.18273234367370605,0.11087425798177719,0.9999845027923584,2184,1204,-0.012348918244242668,0.9991538524627686,0.9998842477798462,2326,1340,0.011684948578476906,0.9996117949485779,0.9999474287033081,1920,1429,0.04216893017292023,0.010966490022838116,0.9996935129165649,2235,1731,-0.04525917395949364,0.0531620979309082,0.9999638795852661,1799,1577,-0.0328851044178009,0.012609504163265228,0.9994780421257019,2004,1626,-0.2245493084192276,0.07258493453264236,0.9995978474617004,1820,1549,-0.04163477569818497,0.03889641910791397,0.998386025428772,1995,1553,-0.24176746606826782,0.18044091761112213,0.9989929795265198,1704,1706,-0.08836153894662857,0.02030251733958721,0.9972966313362122,1947,1750,-0.3111109435558319,0.1029459536075592,0.9958640336990356
False,/data/uabcvmsc/shared/newborn/29/16.08.24/HM20240816100605.jpeg,38.5,30.5
False,/data/uabcvmsc/shared/newborn/29/16.08.24/HM20240816100707.jpeg,38.6,30.8
True,/data/uabcvmsc/shared/newborn/29/16.08.24/HM20240816100809.jpeg,38.5,30.8,2752,988,0.12699724733829498,0.9999972581863403,0.9999996423721313,2792,1014,0.1666027158498764,0.9999969005584717,0.9999994039535522,2797,1030,0.1663716733455658,0.9999963045120239,0.9999992847442627,2803,1052,0.16647830605506897,0.9999977350234985,0.9999991655349731,2773,976,0.16864445805549622,0.999997615814209,0.9999990463256836,2763,962,0.1682731956243515,0.9999972581863403,0.9999990463256836,2760,955,0.168252632021904,0.9999974966049194,0.9999986886978149,2778,1123,0.30315375328063965,0.9999977350234985,0.9999992847442627,2722,965,0.31164151430130005,0.9999921321868896,0.9999986886978149,2716,1032,0.17318104207515717,0.9999979734420776,0.9999996423721313,2699,995,0.17307883501052856,0.9999971389770508,0.9999991655349731,2583,1373,0.28667205572128296,0.9999909400939941,0.9999969005584717,2479,964,0.3145555853843689,0.9999864101409912,0.9999914169311523,2336,1645,0.1926855593919754,0.8094946146011353,0.9998598098754883,2474,792,0.2542549669742584,0.8105212450027466,0.9999217987060547,2436,1701,-0.030794575810432434,0.9650524258613586,0.9999939203262329,2574,777,0.09373722225427628,0.9671769142150879,0.9999582767486572,2484,1727,-0.0697186067700386,0.9704558849334717,0.9999803304672241,2584,763,0.0541682131588459,0.965764582157135,0.9998303651809692,2524,1693,-0.08862762898206711,0.9707597494125366,0.9999843835830688,2615,785,0.04894827678799629,0.964400589466095,0.9998761415481567,2503,1671,-0.04245832934975624,0.953877866268158,0.999992847442627,2610,799,0.084112249314785,0.9555087089538574,0.9999498128890991,2105,1572,-0.008806700818240643,0.9999831914901733,0.999997615814209,2005,1254,0.008355210535228252,0.9999911785125732,0.9999980926513672,2062,2034,-0.2906019985675812,0.9720727801322937,0.9996131062507629,1739,1170,-0.3780273199081421,0.989959716796875,0.9998853206634521,1661,1665,-0.13678136467933655,0.6717681288719177,0.9998875856399536,1278,1566,-0.32716691493988037,0.9601662755012512,0.9994937181472778,1631,1554,-0.1205437034368515,0.6743465662002563,0.9997854828834534,1245,1679,-0.32042884826660156,0.9121667146682739,0.9992233514785767,1433,1687,-0.22801658511161804,0.6617047190666199,0.9982509016990662,999,1616,-0.45467665791511536,0.9285470247268677,0.985664963722229,2531,1168,2596,781,2487,1698,1174,1620,None,None
False,/data/uabcvmsc/shared/newborn/29/16.08.24/HM20240816100911.jpeg,37.9,31.0
True,/data/uabcvmsc/shared/newborn/29/16.08.24/HM20240816101012.jpeg,37.7,30.7,2742,994,0.08602418005466461,0.9999979734420776,0.9999998807907104,2762,1013,0.12371989339590073,0.9999977350234985,0.9999997615814209,2775,1039,0.12347301095724106,0.9999967813491821,0.9999996423721313,2788,1063,0.1235760822892189,0.9999982118606567,0.9999995231628418,2744,972,0.12492598593235016,0.9999980926513672,0.9999995231628418,2739,963,0.12459524720907211,0.999997615814209,0.9999995231628418,2727,946,0.12460383772850037,0.9999979734420776,0.9999994039535522,2770,1136,0.2606831192970276,0.999997615814209,0.9999995231628418,2680,956,0.26270923018455505,0.9999903440475464,0.9999991655349731,2689,1042,0.132131427526474,0.9999978542327881,0.9999997615814209,2666,999,0.1302156001329422,0.9999967813491821,0.9999995231628418,2577,1407,0.25033125281333923,0.9999934434890747,0.9999977350234985,2445,960,0.2396305799484253,0.9999889135360718,0.9999929666519165,2375,1682,0.08688239008188248,0.8150979280471802,0.9998160004615784,2456,805,0.04802614822983742,0.7790698409080505,0.9998396635055542,2469,1669,-0.19614700973033905,0.9193994402885437,0.9999914169311523,2592,731,-0.24011938273906708,0.946962833404541,0.999950647354126,2520,1701,-0.24674630165100098,0.931587815284729,0.9999761581420898,2566,749,-0.30182114243507385,0.9469799399375916,0.9998310804367065,2544,1656,-0.2583559453487396,0.9308062195777893,0.9999845027923584,2600,775,-0.30669504404067993,0.9442314505577087,0.9998973608016968,2518,1631,-0.20660272240638733,0.8965105414390564,0.9999922513961792,2595,795,-0.2534501850605011,0.9254327416419983,0.9999575614929199,2087,1594,0.018239984288811684,0.9999924898147583,0.9999995231628418,1978,1267,-0.018728943541646004,0.9999943971633911,0.9999992847442627,2100,2043,-0.24772675335407257,0.9550991058349609,0.9999822378158569,1748,1154,-0.4253612756729126,0.9840303659439087,0.9999912977218628,1673,1836,-0.16796763241291046,0.8903765678405762,0.9999903440475464,1281,1544,-0.36006078124046326,0.9594040513038635,0.9999557733535767,1592,1746,-0.16386404633522034,0.8675216436386108,0.9999722242355347,1245,1658,-0.35488179326057434,0.8703097105026245,0.9999134540557861,1571,2029,-0.3008160889148712,0.882194995880127,0.9996610879898071,1068,1655,-0.5076655745506287,0.9341906309127808,0.9984922409057617,2511,1184,2588,762,2513,1664,1198,1619,1612,1870
True,/data/uabcvmsc/shared/newborn/29/16.08.24/HM20240816101114.jpeg,37.0,30.5,2847,1026,0.14720763266086578,0.999988317489624,0.9999998807907104,2864,1039,0.18179012835025787,0.9999809265136719,0.9999995231628418,2875,1060,0.18158701062202454,0.9999767541885376,0.9999994039535522,2879,1072,0.18167071044445038,0.9999834299087524,0.9999991655349731,2839,1002,0.18365122377872467,0.99998939037323,0.9999995231628418,2831,994,0.18337737023830414,0.9999895095825195,0.9999995231628418,2817,974,0.18331818282604218,0.9999910593032837,0.9999994039535522,2845,1137,0.30165374279022217,0.9999822378158569,0.9999994039535522,2763,971,0.30837246775627136,0.9999725818634033,0.9999995231628418,2797,1077,0.18803007900714874,0.9999836683273315,0.9999996423721313,2770,1027,0.18767304718494415,0.9999805688858032,0.9999992847442627,2635,1386,0.28745126724243164,0.9999723434448242,0.9999927282333374,2509,977,0.2917262017726898,0.9999876022338867,0.999994158744812,2426,1593,0.12843699753284454,0.41307175159454346,0.9995313882827759,2472,841,0.24002705514431,0.5536178946495056,0.999956488609314,2519,1558,-0.06344417482614517,0.3936545252799988,0.9999841451644897,2482,891,0.1537221074104309,0.8279427886009216,0.9999916553497314,2552,1551,-0.09950175881385803,0.47465628385543823,0.9999649524688721,2476,882,0.12682439386844635,0.8566760420799255,0.9999737739562988,2597,1528,-0.10170900821685791,0.433588445186615,0.9999746084213257,2499,911,0.1219535619020462,0.8417635560035706,0.9999810457229614,2573,1527,-0.06830557435750961,0.3315262496471405,0.9999879598617554,2501,925,0.14684246480464935,0.8050975799560547,0.9999920129776001,2153,1579,0.019940149039030075,0.9999828338623047,0.9999991655349731,2064,1262,-0.02033517323434353,0.9999903440475464,0.9999992847442627,2106,2015,-0.2779637575149536,0.9342561960220337,0.9999693632125854,1898,1207,-0.39639532566070557,0.967708945274353,0.9999912977218628,1615,1835,-0.3677084743976593,0.5855649709701538,0.9999797344207764,1546,1626,-0.464749276638031,0.7788597941398621,0.9999440908432007,1470,1777,-0.3819291889667511,0.8873974680900574,0.9999330043792725,1433,1738,-0.47484466433525085,0.8857852816581726,0.9998764991760254,1537,1873,-0.5485253930091858,0.8497196435928345,0.9996551275253296,1566,1778,-0.645774245262146,0.9134526252746582,0.9990022778511047,2572,1182,2490,902,None,None,1515,1714,1504,1825
True,/data/uabcvmsc/shared/newborn/29/16.08.24/HM20240816101215.jpeg,37.8,30.9,2828,1010,0.18891450762748718,0.9999722242355347,0.9999998807907104,2846,1031,0.21989844739437103,0.9999688863754272,0.9999994039535522,2848,1043,0.21974799036979675,0.9999352693557739,0.9999992847442627,2862,1067,0.21979916095733643,0.9999693632125854,0.9999990463256836,2820,989,0.21421873569488525,0.9999833106994629,0.9999995231628418,2814,980,0.21397541463375092,0.9999768733978271,0.9999995231628418,2799,961,0.21402941644191742,0.9999868869781494,0.9999994039535522,2817,1086,0.3283161520957947,0.9999527931213379,0.9999992847442627,2752,973,0.3013420104980469,0.9999425411224365,0.9999995231628418,2786,1060,0.2247784435749054,0.9999895095825195,0.9999998807907104,2753,1001,0.21510978043079376,0.999987006187439,0.9999997615814209,2590,1358,0.28135237097740173,0.9999939203262329,0.9999977350234985,2516,947,0.2366006076335907,0.9999977350234985,0.999998927116394,2346,1613,0.08526474982500076,0.14507833123207092,0.9996360540390015,2426,829,0.02869643084704876,0.30482709407806396,0.999970555305481,2446,1607,-0.21467405557632446,0.12684078514575958,0.9999833106994629,2422,956,-0.23497970402240753,0.6135004162788391,0.9999890327453613,2491,1648,-0.2716235816478729,0.18881483376026154,0.9999512434005737,2394,985,-0.29479026794433594,0.6411721706390381,0.9999439716339111,2520,1603,-0.2777235507965088,0.17706307768821716,0.9999715089797974,2432,991,-0.29229578375816345,0.6245883703231812,0.9999725818634033,2490,1575,-0.2241075038909912,0.119725301861763,0.9999872446060181,2443,985,-0.24262630939483643,0.48351576924324036,0.9999903440475464,2140,1497,0.012635204941034317,0.9999971389770508,1.0,2074,1224,-0.013212796300649643,0.9999986886978149,1.0,2138,2052,-0.3120998442173004,0.48456650972366333,0.9999772310256958,1867,947,-0.3428533971309662,0.5718278288841248,0.9999924898147583,1620,1761,-0.2720901668071747,0.04530304670333862,0.9999970197677612,1663,1580,-0.3272765874862671,0.19668331742286682,0.999994158744812,1570,1667,-0.26737648248672485,0.1882055103778839,0.9999923706054688,1668,1660,-0.32439303398132324,0.3505055904388428,0.9999898672103882,1451,1824,-0.39792969822883606,0.07340414822101593,0.9998953342437744,1493,1808,-0.46616876125335693,0.2417784035205841,0.9997411370277405,2553,1152,None,None,None,None,None,None,None,None
True,/data/uabcvmsc/shared/newborn/29/16.08.24/HM20240816101317.jpeg,38.3,31.1,2820,1024,0.28848713636398315,0.9999997615814209,1.0,2848,1014,0.31987783312797546,0.9999998807907104,1.0,2855,1024,0.3196506202220917,0.9999998807907104,1.0,2861,1036,0.31973686814308167,0.9999998807907104,1.0,2840,972,0.31303390860557556,0.9999998807907104,1.0,2825,952,0.3127807080745697,0.9999998807907104,1.0,2820,945,0.31287482380867004,0.9999998807907104,1.0,2844,1061,0.4093243181705475,0.9999998807907104,1.0,2778,949,0.38279667496681213,0.9999994039535522,1.0,2794,1073,0.318096786737442,0.9999997615814209,1.0,2781,998,0.30818432569503784,0.9999994039535522,1.0,2682,1317,0.3802241384983063,0.9999996423721313,1.0,2639,934,0.28014978766441345,0.9999995231628418,0.9999998807907104,2430,1588,0.21982640027999878,0.5481427311897278,0.9999841451644897,2558,924,0.05566748231649399,0.9139464497566223,0.999984860420227,2435,1675,-0.021107278764247894,0.7237574458122253,0.9999996423721313,2784,1124,-0.1247025802731514,0.9361201524734497,0.9999985694885254,2455,1712,-0.06209920719265938,0.7965673804283142,0.9999991655349731,2824,1185,-0.17008693516254425,0.917763888835907,0.9999970197677612,2497,1680,-0.06360891461372375,0.7745593786239624,0.9999994039535522,2858,1192,-0.1434480845928192,0.898738443851471,0.9999980926513672,2484,1661,-0.027142714709043503,0.7240663766860962,0.9999997615814209,2839,1173,-0.12047545611858368,0.8481322526931763,0.9999990463256836,2369,1432,0.034632693976163864,0.9999986886978149,1.0,2357,1177,-0.035247065126895905,0.9999988079071045,1.0,2169,2019,-0.2517128586769104,0.9711517691612244,0.9999994039535522,2331,1291,-0.30939584970474243,0.9901588559150696,0.9999998807907104,1692,1832,-0.2860727906227112,0.8931427001953125,0.9999991655349731,1941,1676,-0.4055413007736206,0.9843591451644897,0.9999980926513672,1620,1720,-0.29302269220352173,0.9714282155036926,0.9999959468841553,1837,1748,-0.4146499037742615,0.9952372312545776,0.999995231628418,1601,1964,-0.39433619379997253,0.9260610342025757,0.9999582767486572,1877,1756,-0.5075969696044922,0.9894362688064575,0.999908447265625,2660,1126,2826,1168,2468,1682,1885,1727,1638,1839
False,/data/uabcvmsc/shared/newborn/29/16.08.24/HM20240816101419.jpeg,37.2,30.6
False,/data/uabcvmsc/shared/newborn/29/16.08.24/HM20240816101521.jpeg,37.9,31.1
False,/data/uabcvmsc/shared/newborn/29/16.08.24/HM20240816101622.jpeg,37.6,30.8,2199,703,0.32907992601394653,0.9999970197677612,1.0,2198,678,0.35434868931770325,0.9999963045120239,1.0,2202,682,0.35406577587127686,0.9999943971633911,1.0,2206,688,0.35414284467697144,0.9999963045120239,1.0,2178,667,0.3326968252658844,0.9999980926513672,1.0,2168,665,0.3323061168193817,0.9999979734420776,1.0,2157,662,0.33229923248291016,0.9999983310699463,1.0,2174,727,0.42687633633613586,0.9999980926513672,1.0,2110,691,0.326876163482666,0.9999963045120239,1.0,2193,758,0.353615403175354,0.9999959468841553,1.0,2164,746,0.3229186534881592,0.9999951124191284,1.0,2176,1010,0.36399611830711365,0.9999980926513672,0.9999998807907104,1996,882,0.22453434765338898,0.9999960660934448,0.9999997615814209,2049,1381,0.34768277406692505,0.049581773579120636,0.9999849796295166,1884,1007,0.029859531670808792,0.06638285517692566,0.9999806880950928,2052,1620,0.28413814306259155,0.03121928870677948,0.9999533891677856,1712,1030,-0.10011197626590729,0.16077207028865814,0.9997819066047668,2054,1690,0.2811658978462219,0.046819254755973816,0.9998793601989746,1656,1033,-0.13246923685073853,0.2357051521539688,0.9994619488716125,2076,1657,0.25731754302978516,0.04539656266570091,0.9998302459716797,1657,1038,-0.1277666985988617,0.22686412930488586,0.999460756778717,2072,1630,0.2726593017578125,0.05460811033844948,0.9998936653137207,1683,1042,-0.10355435311794281,0.18520411849021912,0.9997522234916687,2127,1599,0.04306592047214508,0.9999979734420776,0.9999998807907104,1979,1447,-0.04382859915494919,0.9999982118606567,0.9999998807907104,2423,1906,-0.12643103301525116,0.9907283782958984,0.9999858140945435,1821,972,-0.20073238015174866,0.9417760372161865,0.9999983310699463,1882,2048,-0.10929015278816223,0.7508829236030579,0.9999650716781616,1682,1617,-0.23972368240356445,0.7844985127449036,0.999976396560669,1792,2023,-0.10464806854724884,0.8362556099891663,0.9998748302459717,1683,1701,-0.24124117195606232,0.8003727793693542,0.9999477863311768,1731,2244,-0.15919353067874908,0.7292548418045044,0.9987234473228455,1569,1821,-0.29398342967033386,0.8032649755477905,0.9984581470489502
True,/data/uabcvmsc/shared/newborn/29/16.08.24/HM20240816101723.jpeg,37.3,31.0,2846,996,0.23087826371192932,0.9999552965164185,0.9999988079071045,2893,1030,0.26785343885421753,0.9999545812606812,0.9999980926513672,2898,1049,0.2676818072795868,0.9999314546585083,0.9999980926513672,2907,1073,0.26784682273864746,0.9999566078186035,0.9999973773956299,2865,980,0.27145329117774963,0.9999656677246094,0.9999972581863403,2855,970,0.2711552679538727,0.9999501705169678,0.9999972581863403,2843,955,0.2710968255996704,0.9999650716781616,0.9999961853027344,2878,1117,0.38912034034729004,0.9999390840530396,0.9999982118606567,2800,957,0.401815265417099,0.9998481273651123,0.999995231628418,2820,1046,0.2711663842201233,0.9999598264694214,0.9999988079071045,2793,995,0.27239513397216797,0.9999451637268066,0.9999967813491821,2711,1322,0.3660966753959656,0.9999725818634033,0.9999924898147583,2585,948,0.36025187373161316,0.9999485015869141,0.9999464750289917,2499,1504,0.1339244544506073,0.522033154964447,0.9993346333503723,2400,837,0.1477520614862442,0.38127604126930237,0.9986068606376648,2691,1427,-0.1449645310640335,0.6495022773742676,0.999985933303833,2648,931,-0.10539151728153229,0.4304385185241699,0.9997954964637756,2737,1397,-0.19190341234207153,0.6151955127716064,0.999967098236084,2708,963,-0.16093216836452484,0.3338817358016968,0.9996287822723389,2782,1384,-0.17616012692451477,0.5683290958404541,0.9999802112579346,2749,967,-0.13562767207622528,0.3015612065792084,0.9997743964195251,2757,1384,-0.143472820520401,0.4275270700454712,0.9999898672103882,2726,963,-0.10536794364452362,0.2513342499732971,0.9998830556869507,2237,1426,0.033808764070272446,0.9999768733978271,0.9999983310699463,2154,1158,-0.03419074788689613,0.9999794960021973,0.9999967813491821,2212,1999,-0.21434107422828674,0.8584862947463989,0.9999504089355469,1943,1171,-0.516821026802063,0.9835382103919983,0.9999599456787109,1769,2389,-0.29875946044921875,0.845235288143158,0.9988133907318115,1682,1766,-0.5037960410118103,0.8034986853599548,0.9997113347053528,1655,2397,-0.3153482973575592,0.742225706577301,0.9954177141189575,1596,1823,-0.5041981935501099,0.7224619388580322,0.999363362789154,1672,2619,-0.5314592719078064,0.7728419899940491,0.9764629602432251,1647,2055,-0.6944674253463745,0.7314151525497437,0.9939530491828918,2648,1135,None,None,None,None,1642,1881,1699,2468
False,/data/uabcvmsc/shared/newborn/29/16.08.24/HM20240816101825.jpeg,37.2,30.9
False,/data/uabcvmsc/shared/newborn/29/16.08.24/HM20240816101927.jpeg,37.4,31.4
False,/data/uabcvmsc/shared/newborn/29/16.08.24/HM20240816102029.jpeg,37.1,31.1,1525,1914,-0.086359903216362,0.961559534072876,0.9986334443092346,1521,1897,-0.07308577746152878,0.9418395757675171,0.9963082075119019,1518,1890,-0.07350103557109833,0.9049515128135681,0.9967383742332458,1509,1875,-0.0735238566994667,0.9495744109153748,0.9956945180892944,1534,1906,-0.08643161505460739,0.9577847123146057,0.9957167506217957,1546,1914,-0.08681529015302658,0.9478157162666321,0.996336817741394,1553,1915,-0.08709756284952164,0.9796111583709717,0.9955340623855591,1536,1829,-0.011174825020134449,0.9002257585525513,0.9969878792762756,1600,1891,-0.07294758409261703,0.8664411902427673,0.9957626461982727,1542,1868,-0.059544675052165985,0.8088003396987915,0.9983161687850952,1561,1870,-0.07962451875209808,0.8772111535072327,0.9972355961799622,1698,1603,0.04491950199007988,0.9993414282798767,0.9999115467071533,1806,1738,-0.107417032122612,0.9994382262229919,0.9999428987503052,1996,1464,0.09006697684526443,9.137132292380556e-05,0.9997720122337341,2112,1621,-0.12567764520645142,0.0021304909605532885,0.9997376799583435,2060,1344,0.08103141188621521,3.7356036045821384e-05,0.9994621872901917,2177,1351,-0.11241302639245987,0.000665318570099771,0.9996517896652222,2078,1321,0.07941439002752304,0.00010644571739248931,0.9990780353546143,2202,1284,-0.14142243564128876,0.0008210188243538141,0.9993639588356018,2040,1320,0.04555889219045639,0.00010864527575904503,0.9985733032226562,2165,1282,-0.14046412706375122,0.0008283407660201192,0.9993069171905518,2032,1331,0.06800884008407593,0.00011821158113889396,0.999071478843689,2153,1311,-0.11300978064537048,0.0007894118316471577,0.999612033367157,2203,1246,0.07775280624628067,0.9999382495880127,0.9999995231628418,2241,1337,-0.07799924910068512,0.9999227523803711,0.9999995231628418,2284,926,0.3638937771320343,0.0006621693028137088,0.9999603033065796,1942,1470,-0.06519156694412231,0.003984437789767981,0.9999977350234985,2314,595,0.5297107100486755,0.0032070912420749664,0.9998337030410767,1605,1428,-0.207261860370636,0.019792674109339714,0.9999855756759644,2350,538,0.5432860851287842,0.0087039265781641,0.9993765950202942,1623,1353,-0.22192052006721497,0.03528020903468132,0.9999690055847168,2275,501,0.5013512969017029,0.0038800269830971956,0.9994024038314819,1366,1561,-0.3043650984764099,0.04628272354602814,0.9997784495353699
False,/data/uabcvmsc/shared/newborn/29/16.08.24/HM20240816102131.jpeg,37.2,31.3,1527,1912,-0.011304648593068123,0.9962375164031982,0.9997994303703308,1523,1909,-0.009813633747398853,0.9963768124580383,0.9995500445365906,1527,1892,-0.010164573788642883,0.9945732951164246,0.9995906949043274,1503,1905,-0.010138062760233879,0.9970979690551758,0.9994291663169861,1536,1914,-0.016506964340806007,0.9976468682289124,0.9994668364524841,1521,1912,-0.016885222867131233,0.9969185590744019,0.9995228052139282,1528,1911,-0.01708119362592697,0.9985988736152649,0.9994267225265503,1554,1862,-0.0033826364669948816,0.9956594109535217,0.9994865655899048,1581,1867,-0.03583565726876259,0.9912382960319519,0.9993984699249268,1555,1876,-0.004684966057538986,0.9828793406486511,0.9994215965270996,1559,1882,-0.016381505876779556,0.9869384765625,0.9990424513816833,1730,1689,0.00647595664486289,0.9984347224235535,0.9996227025985718,1757,1651,-0.05763143673539162,0.9979820251464844,0.9996950626373291,1797,1591,0.0014815721660852432,0.00041545514250174165,0.9953044652938843,1874,1651,-0.024652911350131035,0.004919811151921749,0.9970558881759644,1604,1706,0.007463345304131508,0.0003882231831084937,0.9978429079055786,1728,1770,0.05265013501048088,0.010543781332671642,0.998957633972168,1561,1753,0.006125191226601601,0.0009739432134665549,0.9970560073852539,1685,1800,0.035198550671339035,0.015108880586922169,0.9985201954841614,1539,1757,-0.006287107244133949,0.0008825440891087055,0.9962484240531921,1680,1807,0.033853113651275635,0.014258491806685925,0.9983701109886169,1551,1736,0.0031756313983350992,0.0008742747595533729,0.9973613619804382,1692,1803,0.05039612576365471,0.013169818557798862,0.9989608526229858,2233,1321,0.052798766642808914,0.9983616471290588,0.9999243021011353,2223,1285,-0.053145650774240494,0.9987350106239319,0.9999426603317261,2103,1448,0.48500996828079224,0.00010430609108880162,0.9991986155509949,1797,1398,-0.06864909827709198,0.009054134599864483,0.999966025352478,2091,1545,0.6846880912780762,0.0007409605896100402,0.9992153644561768,1449,1556,-0.2685701549053192,0.062246255576610565,0.9995368719100952,2113,1519,0.7038682699203491,0.0027673812583088875,0.9978094696998596,1470,1510,-0.28811565041542053,0.10295774787664413,0.9988088607788086,2049,1643,0.7036920189857483,0.001538318581879139,0.9985498785972595,1200,1735,-0.3679392337799072,0.1356760710477829,0.9949918389320374
False,/data/uabcvmsc/shared/newborn/29/16.08.24/HM20240816102233.jpeg,37.3,31.4
True,/data/uabcvmsc/shared/newborn/29/16.08.24/HM20240816102335.jpeg,37.3,31.2,2782,953,-0.06964138150215149,0.9995519518852234,0.9997974038124084,2825,991,-0.04983653500676155,0.99921715259552,0.9996194839477539,2833,1009,-0.050146814435720444,0.9989784955978394,0.9996415376663208,2846,1035,-0.05007970333099365,0.9994567036628723,0.9995272159576416,2797,948,-0.04683680832386017,0.9994811415672302,0.9995842576026917,2790,939,-0.047246258705854416,0.9994162321090698,0.9996598958969116,2784,930,-0.047387391328811646,0.999647855758667,0.9996218681335449,2843,1108,0.03696314990520477,0.9994344115257263,0.9996774196624756,2743,946,0.0528489388525486,0.9990419745445251,0.9996964931488037,2755,1006,-0.03629310801625252,0.9994457364082336,0.9998897314071655,2731,962,-0.03443925082683563,0.9994122982025146,0.9997724890708923,2671,1319,0.06440617144107819,0.9997883439064026,0.9998857975006104,2456,923,0.07698701322078705,0.9998050332069397,0.9998286962509155,2476,1524,0.018576884642243385,0.16432945430278778,0.9981948733329773,2341,654,0.0073729874566197395,0.5836364030838013,0.9991928935050964,2477,1680,-0.13286946713924408,0.14443856477737427,0.9990997314453125,2426,286,-0.1539439707994461,0.8465022444725037,0.9997245669364929,2467,1729,-0.15837913751602173,0.19039742648601532,0.9972949624061584,2435,191,-0.18772093951702118,0.8535491228103638,0.9990649819374084,2504,1699,-0.185784712433815,0.18862220644950867,0.9976282715797424,2468,198,-0.21114879846572876,0.8521589040756226,0.9992743134498596,2503,1670,-0.14779677987098694,0.18384429812431335,0.9988104104995728,2474,234,-0.17175503075122833,0.847477376461029,0.9997084736824036,2227,1506,0.0055541666224598885,0.9999791383743286,0.9999986886978149,2063,1198,-0.0060362196527421474,0.9999855756759644,0.999998927116394,2180,2048,-0.2351812720298767,0.8001719117164612,0.9999535083770752,1719,1187,-0.3266627788543701,0.8248298764228821,0.9999864101409912,1688,1895,-0.07419285178184509,0.710235595703125,0.9999703168869019,1292,1640,-0.19511833786964417,0.8060234785079956,0.999934196472168,1578,1826,-0.061651501804590225,0.6621320843696594,0.9999258518218994,1274,1771,-0.18118390440940857,0.6637935042381287,0.9998953342437744,1558,2115,-0.149261012673378,0.6295849680900574,0.9990793466567993,985,1678,-0.2740406394004822,0.7003384232521057,0.9976456761360168,2564,1121,None,None,None,None,1138,1659,1688,1895
True,/data/uabcvmsc/shared/newborn/29/16.08.24/HM20240816102437.jpeg,37.2,31.1,2794,965,0.04183246195316315,0.9998935461044312,0.9999809265136719,2835,1005,0.07170924544334412,0.9998025298118591,0.9999610185623169,2843,1020,0.07144751399755478,0.999736487865448,0.9999606609344482,2850,1033,0.0715227946639061,0.9998499155044556,0.9999462366104126,2809,964,0.0733855813741684,0.999889612197876,0.9999550580978394,2797,949,0.07304131984710693,0.9998635053634644,0.999958872795105,2794,941,0.07294269651174545,0.9999092817306519,0.9999505281448364,2844,1092,0.1792929321527481,0.9998158812522888,0.9999568462371826,2759,967,0.18894708156585693,0.9997346997261047,0.9999511241912842,2762,1016,0.0799918919801712,0.9997848868370056,0.9999696016311646,2737,975,0.07992355525493622,0.9997923970222473,0.999940037727356,2727,1292,0.1507767140865326,0.9997913241386414,0.9998836517333984,2471,920,0.19388273358345032,0.9997301697731018,0.9997647404670715,2649,1456,-0.02699088491499424,0.46279722452163696,0.9987109899520874,2345,655,0.07225441932678223,0.46546292304992676,0.9992276430130005,2871,1281,-0.24053607881069183,0.6223579049110413,0.9999269247055054,2433,308,-0.08261197060346603,0.7683696746826172,0.9997217059135437,2870,1297,-0.28210240602493286,0.5951430797576904,0.9997301697731018,2442,199,-0.11408300697803497,0.7449069619178772,0.9989650249481201,2892,1267,-0.27837294340133667,0.5596836805343628,0.9997859597206116,2467,207,-0.12653832137584686,0.7226623296737671,0.9992382526397705,2865,1264,-0.24542151391506195,0.5017430186271667,0.9999051094055176,2468,245,-0.09643355756998062,0.725544273853302,0.9997037053108215,2252,1498,-0.003070694860070944,0.9999799728393555,0.9999991655349731,2072,1209,0.0025787698104977608,0.9999855756759644,0.9999992847442627,2179,2048,-0.2392876297235489,0.7195538878440857,0.9999501705169678,1739,1178,-0.3136751055717468,0.7567930817604065,0.9999765157699585,1675,1863,-0.12381458282470703,0.4170958995819092,0.9999260902404785,1289,1629,-0.2222643494606018,0.6260404586791992,0.9998775720596313,1570,1811,-0.11579135805368423,0.45154592394828796,0.9997972846031189,1268,1769,-0.21267786622047424,0.6169968843460083,0.9998019337654114,1480,1999,-0.20959989726543427,0.3774501383304596,0.9979912042617798,986,1638,-0.3034159243106842,0.5422165989875793,0.9955784678459167,2599,1106,None,None,None,None,None,None,None,None
True,/data/uabcvmsc/shared/newborn/29/16.08.24/HM20240816102539.jpeg,37.3,31.1,2760,978,0.07170712947845459,0.9999696016311646,0.9999915361404419,2796,1008,0.09991258382797241,0.999946117401123,0.9999861717224121,2807,1026,0.09958759695291519,0.9999502897262573,0.9999877214431763,2817,1043,0.09964089840650558,0.9999679327011108,0.9999856948852539,2763,971,0.11036111414432526,0.9999523162841797,0.9999797344207764,2750,959,0.1099872961640358,0.9999533891677856,0.9999817609786987,2743,951,0.10986734181642532,0.9999538660049438,0.9999773502349854,2804,1120,0.19574011862277985,0.9999799728393555,0.9999929666519165,2694,968,0.24387431144714355,0.9999197721481323,0.9999828338623047,2716,1029,0.1041986495256424,0.9999631643295288,0.9999951124191284,2693,990,0.11545402556657791,0.9999384880065918,0.999984860420227,2605,1357,0.17800883948802948,0.9999626874923706,0.9999905824661255,2441,950,0.26593026518821716,0.9999088048934937,0.9999324083328247,2322,1625,0.16019724309444427,0.6840690970420837,0.9998041987419128,2371,659,0.1986701339483261,0.6626891493797302,0.9996469020843506,2273,1932,0.09199883788824081,0.7350813746452332,0.9998935461044312,2430,326,0.05191277340054512,0.8705977201461792,0.9997652173042297,2312,2016,0.08225250244140625,0.7176040410995483,0.9996341466903687,2426,234,0.026829689741134644,0.8808764815330505,0.9993715882301331,2333,2020,0.04521486908197403,0.7179825901985168,0.9996135830879211,2457,248,0.004945511929690838,0.8779526352882385,0.9994619488716125,2300,1988,0.07540825754404068,0.7144477367401123,0.9998216032981873,2454,286,0.033811043947935104,0.8880454897880554,0.9997624754905701,2148,1564,-0.018588468432426453,0.999990701675415,0.9999992847442627,2006,1259,0.018077922984957695,0.999993085861206,0.9999990463256836,2164,2048,-0.2903212010860443,0.9871227741241455,0.9999866485595703,1744,1195,-0.38440942764282227,0.993070662021637,0.9999946355819702,1754,1755,-0.14701145887374878,0.9281185269355774,0.9999951124191284,1288,1647,-0.3070990741252899,0.9803404808044434,0.9999830722808838,1662,1689,-0.13566341996192932,0.9322381615638733,0.999988317489624,1248,1780,-0.29897117614746094,0.9687708616256714,0.9999711513519287,1660,1861,-0.2280852049589157,0.9409080147743225,0.9998443126678467,991,1638,-0.4025338888168335,0.9788642525672913,0.9993095397949219,2523,1154,None,None,2304,1989,1176,1688,1692,1768
False,/data/uabcvmsc/shared/newborn/29/16.08.24/HM20240816102641.jpeg,37.2,30.8
False,/data/uabcvmsc/shared/newborn/29/16.08.24/HM20240816102743.jpeg,36.9,30.7,2090,1503,0.24852705001831055,0.9999481439590454,1.0,2082,1525,0.25037145614624023,0.9997332692146301,0.9999998807907104,2078,1528,0.25016164779663086,0.9997993111610413,0.9999998807907104,2074,1529,0.25010672211647034,0.9997723698616028,0.9999997615814209,2095,1524,0.26320141553878784,0.9999086856842041,0.9999998807907104,2099,1524,0.26299893856048584,0.999934196472168,0.9999998807907104,2103,1525,0.26300206780433655,0.9999308586120605,0.9999998807907104,2068,1553,0.2540811598300934,0.9997946619987488,0.9999997615814209,2117,1547,0.3072964549064636,0.9998037219047546,0.9999998807907104,2089,1500,0.25028103590011597,0.9998646974563599,0.9999996423721313,2097,1500,0.26464560627937317,0.9998708963394165,0.9999996423721313,1974,1589,0.1657181680202484,0.9999997615814209,0.9999986886978149,2266,1528,0.3215314447879791,0.9999997615814209,0.999998927116394,1818,1632,-0.04777092486619949,0.6715337038040161,0.9997275471687317,2437,1492,0.19674146175384521,0.07521983236074448,0.9999282360076904,1781,1925,-0.21069835126399994,0.7840452194213867,0.9999924898147583,2545,1572,0.030933689326047897,0.6227550506591797,0.9999920129776001,1776,2020,-0.24736154079437256,0.6613165736198425,0.9999855756759644,2574,1600,0.005368338432163,0.5330866575241089,0.9999858140945435,1768,2033,-0.22545303404331207,0.573237955570221,0.9999904632568359,2565,1614,-0.0035712611861526966,0.45017045736312866,0.9999892711639404,1788,1999,-0.20518063008785248,0.476517915725708,0.9999946355819702,2544,1609,0.019766192883253098,0.45079317688941956,0.9999943971633911,2034,1397,-0.044709958136081696,0.9999679327011108,0.9999970197677612,2206,1364,0.04415256157517433,0.9999876022338867,0.9999966621398926,1989,1624,-0.20143844187259674,0.8907995820045471,0.9999992847442627,2296,1390,-0.30521896481513977,0.9903828501701355,0.9999992847442627,1787,1736,-0.4874422252178192,0.11185947805643082,0.9999849796295166,2133,959,-0.4624859690666199,0.16817238926887512,0.9999747276306152,1765,1643,-0.5258364081382751,0.9900795221328735,0.9999655485153198,2080,865,-0.4842047393321991,0.9902908205986023,0.9999456405639648,1699,1971,-0.6319029331207275,0.9759869575500488,0.9999476671218872,2135,890,-0.5866043567657471,0.9813668727874756,0.9998985528945923
True,/data/uabcvmsc/shared/newborn/29/16.08.24/HM20240816102845.jpeg,37.1,30.7,2850,1022,0.27347999811172485,0.9999479055404663,0.9999997615814209,2892,1055,0.3127768337726593,0.9998217225074768,0.999998927116394,2897,1070,0.31264057755470276,0.9997296929359436,0.9999983310699463,2900,1082,0.3127727508544922,0.999697208404541,0.9999967813491821,2859,1006,0.3099784553050995,0.999955415725708,0.9999995231628418,2849,994,0.30970296263694763,0.9999693632125854,0.9999997615814209,2835,977,0.3096942603588104,0.9999788999557495,0.9999997615814209,2886,1131,0.43364447355270386,0.9997578263282776,0.9999969005584717,2792,977,0.4186863899230957,0.9999592304229736,0.9999997615814209,2821,1066,0.3119886517524719,0.999962329864502,0.9999996423721313,2788,1012,0.30554264783859253,0.9999810457229614,0.9999997615814209,2729,1331,0.39177748560905457,0.9999818801879883,0.999976634979248,2538,917,0.33892056345939636,0.9999995231628418,0.9999995231628418,2545,1511,0.16027343273162842,0.36656320095062256,0.9974883794784546,2294,836,0.1086159273982048,0.8776277303695679,0.9999746084213257,2652,1476,-0.1590939313173294,0.5024542808532715,0.9999129772186279,2129,788,-0.18880203366279602,0.994181215763092,0.9999970197677612,2667,1446,-0.21757736802101135,0.6359026432037354,0.9998120665550232,2013,758,-0.2561001181602478,0.9948540329933167,0.9999862909317017,2689,1431,-0.21229638159275055,0.5825705528259277,0.9999151229858398,2031,851,-0.26175636053085327,0.9932458996772766,0.9999932050704956,2678,1427,-0.16456152498722076,0.5041967034339905,0.9999587535858154,2065,878,-0.2012491226196289,0.9874646663665771,0.9999974966049194,2325,1450,0.033315129578113556,0.9999948740005493,0.9999998807907104,2204,1132,-0.03387405723333359,0.9999982118606567,1.0,2300,1984,-0.2747286856174469,0.9666670560836792,0.999976634979248,1824,1145,-0.3726993799209595,0.9818168878555298,0.999990701675415,1794,1978,-0.267086386680603,0.3188607692718506,0.9999605417251587,1648,1706,-0.34193819761276245,0.5395342111587524,0.9999655485153198,1671,1951,-0.27209028601646423,0.92142653465271,0.9998809099197388,1625,1803,-0.3412970304489136,0.940517783164978,0.9999476671218872,1728,2128,-0.4367075264453888,0.7811703681945801,0.9993114471435547,1624,1844,-0.502829909324646,0.8831667900085449,0.9996095299720764,2634,1124,2060,819,None,None,1624,1824,1700,2040
True,/data/uabcvmsc/shared/newborn/29/16.08.24/HM20240816102947.jpeg,36.9,30.7,2887,1036,0.2418641746044159,0.9995730519294739,0.999997615814209,2928,1063,0.2803988754749298,0.9987564086914062,0.9999891519546509,2932,1079,0.28028786182403564,0.9977290034294128,0.9999841451644897,2935,1093,0.2803747057914734,0.9980407357215881,0.9999734163284302,2905,1016,0.2735278010368347,0.9996654987335205,0.9999954700469971,2897,1004,0.2732822000980377,0.9997020363807678,0.9999967813491821,2883,985,0.27327433228492737,0.9998363256454468,0.9999969005584717,2905,1147,0.4063943922519684,0.9976733326911926,0.9999765157699585,2831,981,0.371681809425354,0.9996077418327332,0.999997615814209,2863,1078,0.2832880914211273,0.9998001456260681,0.9999980926513672,2836,1029,0.27120909094810486,0.9999043941497803,0.9999988079071045,2727,1321,0.3724841773509979,0.9999603033065796,0.9999473094940186,2537,919,0.3073972165584564,0.9999988079071045,0.9999978542327881,2521,1497,0.14231589436531067,0.15144354104995728,0.9971973896026611,2291,816,0.10628210008144379,0.8073477745056152,0.9999525547027588,2680,1486,-0.19202573597431183,0.29940876364707947,0.9999330043792725,2110,789,-0.1640835553407669,0.9776245355606079,0.9999935626983643,2719,1465,-0.2529566287994385,0.3943241834640503,0.9998334646224976,2004,782,-0.22758620977401733,0.9758331179618835,0.9999613761901855,2747,1434,-0.25082826614379883,0.3497031033039093,0.9999192953109741,2025,871,-0.23488275706768036,0.9724159836769104,0.9999819993972778,2738,1425,-0.19963708519935608,0.2482837736606598,0.9999641180038452,2054,897,-0.17625154554843903,0.9483779668807983,0.9999940395355225,2293,1465,0.035920582711696625,0.9999879598617554,0.9999996423721313,2142,1157,-0.03645386919379234,0.9999959468841553,0.9999998807907104,2312,2003,-0.24600617587566376,0.7189136147499084,0.9998965263366699,1810,1139,-0.4116216003894806,0.8610652685165405,0.9999496936798096,1802,1974,-0.1990005522966385,0.06775187700986862,0.9997994303703308,1655,1717,-0.35065656900405884,0.10387856513261795,0.9997641444206238,1680,1969,-0.1987733244895935,0.506460964679718,0.9995104074478149,1649,1801,-0.3466239273548126,0.41164430975914,0.9996694326400757,1730,2147,-0.3476974666118622,0.2139844000339508,0.9975462555885315,1617,1887,-0.5050092935562134,0.2134430855512619,0.9975817203521729,2632,1120,2048,835,None,None,None,None,None,None
False,/data/uabcvmsc/shared/newborn/29/16.08.24/HM20240816103049.jpeg,37.0,30.5
False,/data/uabcvmsc/shared/newborn/29/16.08.24/HM20240816103151.jpeg,37.1,30.6
False,/data/uabcvmsc/shared/newborn/29/16.08.24/HM20240816103253.jpeg,37.1,31.0
False,/data/uabcvmsc/shared/newborn/29/16.08.24/HM20240816103354.jpeg,37.2,31.0
False,/data/uabcvmsc/shared/newborn/29/16.08.24/HM20240816103455.jpeg,37.2,31.0
True,/data/uabcvmsc/shared/newborn/29/16.08.24/HM20240816103556.jpeg,37.0,30.9,2783,983,0.13732148706912994,0.9998501539230347,0.9999744892120361,2825,1022,0.1669360250234604,0.9997465014457703,0.9999632835388184,2834,1040,0.1666359156370163,0.9997259974479675,0.999967098236084,2840,1055,0.16671088337898254,0.9998260140419006,0.9999642372131348,2798,983,0.16632914543151855,0.9997978806495667,0.9999518394470215,2793,977,0.16596922278404236,0.9998002648353577,0.9999580383300781,2789,970,0.16588862240314484,0.9998379945755005,0.999953031539917,2831,1122,0.26969778537750244,0.9998754262924194,0.9999814033508301,2757,975,0.26748621463775635,0.999663233757019,0.9999569654464722,2761,1028,0.17238301038742065,0.9999116659164429,0.9999908208847046,2744,988,0.16920167207717896,0.999870777130127,0.9999761581420898,2650,1354,0.2586624324321747,0.999968409538269,0.9999853372573853,2462,928,0.2482917457818985,0.999942421913147,0.9999436140060425,2379,1611,0.1632944494485855,0.3353825807571411,0.9997206330299377,2309,612,0.16657495498657227,0.6051898002624512,0.9997096657752991,2421,1735,-0.07562258094549179,0.5079320669174194,0.9999614953994751,2325,275,0.003118555061519146,0.8462936282157898,0.999763548374176,2456,1791,-0.1115742176771164,0.559287428855896,0.9998636245727539,2320,188,-0.030154408887028694,0.8390603065490723,0.9991050362586975,2510,1759,-0.13361786305904388,0.5487503409385681,0.9998853206634521,2344,187,-0.053080953657627106,0.8419620990753174,0.999277651309967,2492,1722,-0.09066910296678543,0.5029392838478088,0.9999440908432007,2343,211,-0.015022638253867626,0.8412355184555054,0.9997162222862244,2194,1527,0.020793093368411064,0.9999942779541016,0.9999997615814209,2044,1205,-0.021424448117613792,0.9999961853027344,0.9999997615814209,2120,2090,-0.19808779656887054,0.8436208367347717,0.9998722076416016,1746,1116,-0.3639499545097351,0.9532764554023743,0.9999550580978394,1667,1910,-0.05949234589934349,0.34263354539871216,0.9999717473983765,1348,1656,-0.27984052896499634,0.7198382616043091,0.9999436140060425,1601,1827,-0.04559696093201637,0.5548186302185059,0.9999507665634155,1341,1738,-0.2678639590740204,0.7515794038772583,0.999932050704956,1380,2023,-0.14761248230934143,0.40336549282073975,0.9993870258331299,1128,1838,-0.38160935044288635,0.7348610758781433,0.9980199337005615,2556,1141,2333,215,None,None,1272,1744,None,None
True,/data/uabcvmsc/shared/newborn/29/16.08.24/HM20240816103658.jpeg,37.0,31.1,2754,955,0.1596246063709259,0.9998747110366821,0.9999879598617554,2791,992,0.1935102939605713,0.9998148083686829,0.9999829530715942,2799,1009,0.1932317018508911,0.9997764229774475,0.9999837875366211,2815,1034,0.19333399832248688,0.999854564666748,0.9999809265136719,2768,955,0.19735579192638397,0.9998537302017212,0.9999785423278809,2764,950,0.19697245955467224,0.9998461008071899,0.9999808073043823,2755,938,0.196885883808136,0.9998745918273926,0.9999773502349854,2804,1099,0.31078654527664185,0.999875545501709,0.9999885559082031,2719,961,0.32834455370903015,0.9997151494026184,0.9999774694442749,2726,1004,0.1989634484052658,0.9998822212219238,0.9999914169311523,2705,969,0.20155125856399536,0.9998290538787842,0.9999788999557495,2649,1319,0.2939017415046692,0.9999366998672485,0.9999698400497437,2448,940,0.3039867877960205,0.9999042749404907,0.999913215637207,2447,1564,0.1877012401819229,0.25639861822128296,0.9995833039283752,2309,661,0.19174057245254517,0.6414631009101868,0.9996601343154907,2452,1750,-0.04670204222202301,0.4199109971523285,0.9999197721481323,2324,300,-0.001347081852145493,0.8837630152702332,0.9997122883796692,2489,1808,-0.08221393823623657,0.4818710684776306,0.9997137188911438,2322,197,-0.039957914501428604,0.8691939115524292,0.9988895058631897,2529,1784,-0.10533154010772705,0.4754303991794586,0.9997585415840149,2343,193,-0.05970396474003792,0.8711628913879395,0.9990723133087158,2513,1750,-0.06226959079504013,0.4404699206352234,0.9998782873153687,2346,223,-0.019680695608258247,0.8670529127120972,0.9996355772018433,2192,1532,0.012410745956003666,0.9999927282333374,0.9999997615814209,2028,1240,-0.013117462396621704,0.9999954700469971,0.9999997615814209,2105,2080,-0.22270138561725616,0.8772410750389099,0.9998658895492554,1727,1107,-0.3377234935760498,0.960039496421814,0.9999544620513916,1663,1921,-0.06313362717628479,0.46458035707473755,0.9999673366546631,1345,1650,-0.24294716119766235,0.7788072824478149,0.9999449253082275,1595,1847,-0.04701607674360275,0.6587116122245789,0.99993896484375,1342,1738,-0.23042947053909302,0.7983322739601135,0.9999326467514038,1351,2034,-0.15692788362503052,0.5178728103637695,0.9991638660430908,1098,1841,-0.3502023220062256,0.7896541953086853,0.9976563453674316,2548,1130,2334,228,None,None,1262,1743,None,None
True,/data/uabcvmsc/shared/newborn/29/16.08.24/HM20240816103808.jpeg,37.1,30.7,2819,1006,0.14575861394405365,0.9999288320541382,0.9999969005584717,2851,1027,0.1799766719341278,0.9999179840087891,0.9999953508377075,2869,1053,0.17971009016036987,0.9999063014984131,0.9999954700469971,2875,1066,0.1797761768102646,0.9999324083328247,0.9999946355819702,2820,985,0.17879995703697205,0.9999312162399292,0.9999929666519165,2813,975,0.17847596108913422,0.9999315738677979,0.999992847442627,2798,957,0.17836150527000427,0.9999337196350098,0.9999903440475464,2866,1130,0.3037106394767761,0.9999456405639648,0.9999971389770508,2747,956,0.298007071018219,0.9998308420181274,0.9999895095825195,2787,1055,0.18793177604675293,0.9999003410339355,0.9999963045120239,2749,1002,0.18433570861816406,0.9998170733451843,0.9999862909317017,2655,1384,0.307608425617218,0.9999319314956665,0.9999805688858032,2477,970,0.26349586248397827,0.9998549222946167,0.9998793601989746,2383,1563,0.2245151400566101,0.22360914945602417,0.9994826316833496,2337,825,0.1413356214761734,0.3351705074310303,0.9991556406021118,2447,1638,0.05146622657775879,0.3082696795463562,0.9999123811721802,2448,583,-0.028004910796880722,0.5848599672317505,0.9994670748710632,2460,1671,0.02809254452586174,0.41020405292510986,0.9997007846832275,2482,516,-0.06039036437869072,0.6578916311264038,0.9984630346298218,2498,1646,0.01130584068596363,0.3916288912296295,0.9997444748878479,2505,498,-0.06916548311710358,0.643541157245636,0.9987165927886963,2484,1631,0.0401160828769207,0.3709062933921814,0.9998760223388672,2494,532,-0.03938198834657669,0.638454258441925,0.9994961023330688,2148,1510,0.024705585092306137,0.9999955892562866,0.9999998807907104,2065,1206,-0.025266975164413452,0.9999963045120239,0.9999997615814209,2127,2083,-0.26479315757751465,0.9433749318122864,0.9999245405197144,1868,979,-0.32289615273475647,0.974728524684906,0.9999418258666992,1657,1829,-0.26710397005081177,0.5468736886978149,0.9999841451644897,1686,1583,-0.3075675368309021,0.7987951636314392,0.9999650716781616,1579,1755,-0.267500638961792,0.8613874316215515,0.9999592304229736,1669,1673,-0.30361393094062805,0.906990647315979,0.9999558925628662,1465,1960,-0.38564375042915344,0.7222748398780823,0.9988275170326233,1476,1815,-0.42007505893707275,0.8791891932487488,0.9984256029129028,2566,1177,None,None,None,None,1610,1690,1522,1858
True,/data/uabcvmsc/shared/newborn/29/16.08.24/HM20240816103909.jpeg,37.2,30.9,2810,1019,0.15844282507896423,0.9999741315841675,0.9999994039535522,2861,1041,0.195225790143013,0.9999797344207764,0.9999992847442627,2871,1058,0.19495676457881927,0.9999730587005615,0.9999992847442627,2884,1082,0.19505472481250763,0.999982476234436,0.9999990463256836,2822,993,0.19546161592006683,0.9999812841415405,0.9999986886978149,2814,983,0.19512934982776642,0.999976396560669,0.9999986886978149,2808,973,0.19506335258483887,0.9999778270721436,0.9999979734420776,2857,1140,0.3262554407119751,0.9999818801879883,0.9999995231628418,2752,965,0.32636758685112,0.9999237060546875,0.9999973773956299,2785,1064,0.20237219333648682,0.9999616146087646,0.999998927116394,2761,1023,0.20028312504291534,0.9999196529388428,0.9999955892562866,2644,1386,0.3211686909198761,0.9999476671218872,0.9999892711639404,2481,960,0.29141318798065186,0.9998527765274048,0.9998984336853027,2402,1546,0.20902106165885925,0.1377810537815094,0.9994648098945618,2384,841,0.16199512779712677,0.13985249400138855,0.9988873600959778,2466,1636,0.007961612194776535,0.23964005708694458,0.9999507665634155,2459,627,-0.011516841128468513,0.2612474858760834,0.9989942908287048,2479,1677,-0.019976859912276268,0.3371565341949463,0.9998377561569214,2488,561,-0.04406743869185448,0.3188340663909912,0.9971880316734314,2509,1641,-0.03395364060997963,0.323183536529541,0.9998723268508911,2505,549,-0.05371474474668503,0.31282925605773926,0.9978170394897461,2497,1616,-0.0025640209205448627,0.28184518218040466,0.9999369382858276,2495,582,-0.02390735223889351,0.3037663698196411,0.9991104006767273,2144,1498,0.023619743064045906,0.9999963045120239,0.9999998807907104,2076,1217,-0.024207592010498047,0.9999966621398926,0.9999998807907104,2125,2085,-0.24651475250720978,0.8867844939231873,0.9999517202377319,1862,976,-0.3361301124095917,0.962932288646698,0.9999513626098633,1645,1850,-0.27191105484962463,0.4549994468688965,0.9999864101409912,1672,1617,-0.35510972142219543,0.7835854291915894,0.9999676942825317,1536,1782,-0.2746404707431793,0.7632992267608643,0.9999592304229736,1663,1677,-0.3546663224697113,0.8823869228363037,0.9999521970748901,1470,1993,-0.4000509977340698,0.5424557328224182,0.998831570148468,1457,1824,-0.48024120926856995,0.81247478723526,0.9981051683425903,2562,1173,None,None,None,None,1597,1706,1536,1782
True,/data/uabcvmsc/shared/newborn/29/16.08.24/HM20240816104011.jpeg,37.3,31.0,2835,991,0.0552268847823143,0.9997054934501648,0.9999678134918213,2897,1021,0.08152328431606293,0.9996997117996216,0.999930739402771,2907,1035,0.08124031126499176,0.9995478987693787,0.9999353885650635,2915,1046,0.08131562918424606,0.9997724890708923,0.9999223947525024,2853,972,0.08243858814239502,0.9997795224189758,0.9999089241027832,2848,967,0.08207982033491135,0.999731719493866,0.9999204874038696,2844,962,0.08197121322154999,0.9998270869255066,0.9999064207077026,2909,1103,0.18889278173446655,0.9997362494468689,0.999956488609314,2802,963,0.19360223412513733,0.9993984699249268,0.9999147653579712,2821,1044,0.0934220552444458,0.9996941089630127,0.9999775886535645,2786,997,0.09282412379980087,0.9995427131652832,0.9999334812164307,2671,1377,0.19073021411895752,0.9997840523719788,0.9999634027481079,2525,946,0.1810961663722992,0.9996360540390015,0.999862790107727,2424,1548,0.11435185372829437,0.042778417468070984,0.9992977380752563,2388,844,0.07599261403083801,0.15500788390636444,0.9993224143981934,2438,1635,-0.07107900083065033,0.05700541287660599,0.9997151494026184,2430,558,-0.1272822469472885,0.49668899178504944,0.9997116923332214,2462,1670,-0.10226497799158096,0.10952281206846237,0.9991427659988403,2452,431,-0.16510330140590668,0.6368077993392944,0.9991839528083801,2494,1645,-0.12666073441505432,0.11654910445213318,0.9992074370384216,2485,427,-0.18664906919002533,0.6520953178405762,0.9993528723716736,2476,1623,-0.08605202287435532,0.10241032391786575,0.9996100068092346,2478,497,-0.1444605439901352,0.6158525347709656,0.9997506737709045,2143,1547,0.007854980416595936,0.999997615814209,1.0,2037,1247,-0.00831510964781046,0.9999978542327881,1.0,2108,2095,-0.2557717263698578,0.9517013430595398,0.9999887943267822,1818,982,-0.26354798674583435,0.9046417474746704,0.9999936819076538,1621,1855,-0.22679172456264496,0.9008534550666809,0.9999982118606567,1664,1587,-0.2179572731256485,0.8625763058662415,0.9999974966049194,1555,1771,-0.22377346456050873,0.909970223903656,0.9999943971633911,1680,1679,-0.2104317545890808,0.8159496784210205,0.9999958276748657,1449,2038,-0.34493231773376465,0.8665069937705994,0.9998161196708679,1448,1738,-0.3220369219779968,0.821733832359314,0.9997753500938416,2598,1162,None,None,None,None,1597,1668,1542,1888
False,/data/uabcvmsc/shared/newborn/29/16.08.24/HM20240816104113.jpeg,37.4,31.2
True,/data/uabcvmsc/shared/newborn/29/16.08.24/HM20240816104215.jpeg,37.5,31.0,2815,1027,0.13534551858901978,0.9999990463256836,1.0,2861,1053,0.17334064841270447,0.9999985694885254,1.0,2873,1076,0.17319144308567047,0.999997615814209,1.0,2879,1094,0.17324182391166687,0.9999980926513672,1.0,2831,1004,0.17106041312217712,0.9999994039535522,1.0,2822,991,0.17076069116592407,0.9999994039535522,1.0,2813,977,0.17075416445732117,0.9999995231628418,1.0,2858,1151,0.30903246998786926,0.9999979734420776,1.0,2772,975,0.29749158024787903,0.9999982118606567,1.0,2796,1071,0.18050870299339294,0.9999992847442627,1.0,2759,1013,0.175209179520607,0.9999994039535522,1.0,2626,1394,0.2961266338825226,0.9999988079071045,0.9999997615814209,2456,923,0.24964281916618347,0.9999996423721313,0.9999998807907104,2366,1625,0.10676699876785278,0.8875235319137573,0.9999597072601318,2180,876,0.036319389939308167,0.9451897144317627,0.9999884366989136,2422,1737,-0.2055867314338684,0.8983843326568604,0.9999939203262329,2046,853,-0.2858835756778717,0.9844900965690613,0.9999921321868896,2480,1788,-0.2622896134853363,0.9310022592544556,0.9999819993972778,1941,822,-0.35362040996551514,0.9863280057907104,0.9999710321426392,2512,1754,-0.28069084882736206,0.9298367500305176,0.9999890327453613,1983,886,-0.36864373087882996,0.9859908223152161,0.9999853372573853,2482,1718,-0.22118431329727173,0.9083017110824585,0.9999947547912598,2016,917,-0.3026468753814697,0.9783515334129333,0.9999936819076538,2216,1497,0.019120901823043823,0.9999996423721313,1.0,2117,1178,-0.01973997801542282,0.9999997615814209,1.0,2095,2070,-0.3451339602470398,0.9978621602058411,0.9999960660934448,1840,1003,-0.4399097263813019,0.998033344745636,0.9999974966049194,1602,1876,-0.3275388479232788,0.9423094391822815,0.9999977350234985,1682,1629,-0.4639228582382202,0.9547585844993591,0.9999967813491821,1488,1792,-0.32868409156799316,0.9870458841323853,0.9999932050704956,1660,1708,-0.4672338664531708,0.9857046604156494,0.9999949932098389,1450,2027,-0.4733565151691437,0.971900463104248,0.9999287128448486,1587,1785,-0.6214544177055359,0.9841418862342834,0.9999150037765503,2541,1158,1996,870,2474,1749,1643,1707,1513,1898
True,/data/uabcvmsc/shared/newborn/29/16.08.24/HM20240816104316.jpeg,37.3,30.9,2787,1004,0.15349045395851135,0.9999948740005493,1.0,2834,1032,0.19055938720703125,0.9999932050704956,0.9999998807907104,2842,1050,0.19035440683364868,0.999990701675415,0.9999998807907104,2855,1076,0.19038884341716766,0.9999916553497314,0.9999998807907104,2803,987,0.19052211940288544,0.9999967813491821,0.9999998807907104,2790,973,0.19025427103042603,0.9999971389770508,0.9999998807907104,2784,963,0.19023893773555756,0.9999972581863403,0.9999998807907104,2818,1130,0.31467780470848083,0.9999926090240479,0.9999998807907104,2725,967,0.3131152093410492,0.9999922513961792,0.9999998807907104,2751,1051,0.19355814158916473,0.9999959468841553,1.0,2712,998,0.19125263392925262,0.9999958276748657,1.0,2609,1371,0.28791671991348267,0.9999973773956299,0.9999994039535522,2405,931,0.2588794231414795,0.9999980926513672,0.9999991655349731,2354,1602,0.09067776799201965,0.6267129778862,0.9999289512634277,2092,959,0.05274741351604462,0.6250473856925964,0.9999474287033081,2398,1738,-0.22464551031589508,0.6732642650604248,0.9999812841415405,1982,875,-0.24257679283618927,0.8757011294364929,0.9999651908874512,2449,1787,-0.27951258420944214,0.7612542510032654,0.9999452829360962,1918,839,-0.3030005991458893,0.9070941209793091,0.9998996257781982,2494,1761,-0.29554688930511475,0.7483298778533936,0.9999639987945557,1942,851,-0.3201722800731659,0.901650071144104,0.9999419450759888,2458,1727,-0.2396041303873062,0.7010957598686218,0.9999822378158569,1964,881,-0.26008930802345276,0.8719813823699951,0.9999747276306152,2169,1469,0.016848672181367874,0.9999995231628418,1.0,2076,1169,-0.017491847276687622,0.9999996423721313,1.0,2092,2085,-0.36350274085998535,0.9930649399757385,0.9999938011169434,1815,1022,-0.4562262296676636,0.9937438368797302,0.9999945163726807,1597,1891,-0.35558396577835083,0.7126353979110718,0.9999958276748657,1672,1629,-0.48133403062820435,0.8290536999702454,0.9999934434890747,1482,1805,-0.3576222062110901,0.9517092704772949,0.9999872446060181,1608,1740,-0.48413708806037903,0.9559540748596191,0.9999895095825195,1451,2045,-0.5025826096534729,0.8795096278190613,0.9998358488082886,1522,1794,-0.6308303475379944,0.9445449113845825,0.9997631907463074,2507,1151,1952,862,2467,1758,1601,1721,1510,1914
True,/data/uabcvmsc/shared/newborn/29/16.08.24/HM20240816104417.jpeg,37.1,30.6,2777,1026,0.2227981835603714,0.9999864101409912,0.9999997615814209,2805,1056,0.2626626789569855,0.9999793767929077,0.9999996423721313,2830,1074,0.26242852210998535,0.9999772310256958,0.9999996423721313,2812,1084,0.2624555230140686,0.9999781847000122,0.9999995231628418,2793,1005,0.2568664848804474,0.9999899864196777,0.9999996423721313,2776,987,0.2565765380859375,0.9999920129776001,0.9999996423721313,2768,975,0.25656068325042725,0.9999909400939941,0.9999995231628418,2808,1146,0.3911614716053009,0.9999889135360718,0.9999997615814209,2707,968,0.3631618320941925,0.9999834299087524,0.9999995231628418,2750,1072,0.26470935344696045,0.9999918937683105,0.9999998807907104,2715,1012,0.25479570031166077,0.9999904632568359,0.9999996423721313,2578,1351,0.35736384987831116,0.9999964237213135,0.9999985694885254,2396,937,0.31096699833869934,0.9999953508377075,0.9999961853027344,2388,1590,0.21017155051231384,0.7247271537780762,0.9999274015426636,2089,957,0.1381862759590149,0.8530339002609253,0.9998629093170166,2443,1737,-0.0674583837389946,0.890882670879364,0.999964714050293,1958,890,-0.12154395878314972,0.9604378342628479,0.9998880624771118,2480,1788,-0.11607065796852112,0.924130916595459,0.9998894929885864,1885,867,-0.1727617233991623,0.9707276225090027,0.9996918439865112,2523,1757,-0.13267232477664948,0.9219392538070679,0.9999176263809204,1917,875,-0.1929156631231308,0.9699282646179199,0.9998102784156799,2493,1721,-0.08263223618268967,0.9050154089927673,0.9999575614929199,1948,902,-0.13881784677505493,0.9613494873046875,0.999914288520813,2191,1504,0.018780171871185303,0.999998927116394,1.0,2071,1175,-0.019456887617707253,0.9999990463256836,0.9999998807907104,2071,2077,-0.3120594918727875,0.9995148181915283,0.9999639987945557,1816,1016,-0.4060193598270416,0.9992653727531433,0.9999501705169678,1595,1867,-0.28213173151016235,0.9692015647888184,0.9999645948410034,1679,1608,-0.380318284034729,0.9428287148475647,0.9998989105224609,1479,1789,-0.2803577780723572,0.9957283139228821,0.999914288520813,1659,1697,-0.37695935368537903,0.983025848865509,0.9998637437820435,1428,2060,-0.4014277756214142,0.9853244423866272,0.9987574815750122,1521,1784,-0.49844086170196533,0.975376546382904,0.9966992735862732,2487,1144,1927,884,2485,1751,1620,1696,1501,1905
True,/data/uabcvmsc/shared/newborn/29/16.08.24/HM20240816104519.jpeg,36.9,30.2,2775,1020,0.26635876297950745,0.9999991655349731,1.0,2811,1050,0.3083399534225464,0.9999986886978149,1.0,2817,1065,0.30815768241882324,0.9999980926513672,1.0,2820,1078,0.30821651220321655,0.9999980926513672,1.0,2786,996,0.30398571491241455,0.9999995231628418,1.0,2781,986,0.30366355180740356,0.9999995231628418,1.0,2777,976,0.3037043511867523,0.9999995231628418,1.0,2772,1116,0.4347747266292572,0.9999984502792358,1.0,2704,966,0.41367027163505554,0.999998927116394,1.0,2742,1066,0.3060922920703888,0.9999988079071045,1.0,2706,1011,0.29810217022895813,0.999998927116394,1.0,2565,1362,0.38357022404670715,0.9999983310699463,0.9999995231628418,2402,939,0.3391764760017395,0.9999995231628418,0.9999997615814209,2348,1618,0.21015779674053192,0.8113924860954285,0.9999097585678101,2110,955,0.1257895529270172,0.9241148233413696,0.9999816417694092,2407,1744,-0.07151583582162857,0.8555685877799988,0.9999829530715942,1978,892,-0.15815208852291107,0.9843558669090271,0.9999861717224121,2469,1791,-0.12025222927331924,0.9168762564659119,0.9999532699584961,1894,857,-0.21776515245437622,0.9859930276870728,0.9999490976333618,2505,1758,-0.13349546492099762,0.91225665807724,0.9999679327011108,1913,884,-0.22973264753818512,0.9850786924362183,0.9999699592590332,2465,1724,-0.08512908965349197,0.8974668979644775,0.9999834299087524,1957,911,-0.17360670864582062,0.9788857102394104,0.9999874830245972,2198,1499,0.01598719321191311,0.9999994039535522,1.0,2074,1167,-0.016660504043102264,0.9999997615814209,1.0,2073,2088,-0.3003453314304352,0.9990676045417786,0.99998939037323,1845,991,-0.4219258725643158,0.9988815188407898,0.9999947547912598,1599,1868,-0.2552376091480255,0.9444905519485474,0.999990701675415,1685,1596,-0.4295428395271301,0.96090167760849,0.999990701675415,1495,1798,-0.2523147165775299,0.9934030175209045,0.9999765157699585,1671,1691,-0.42970606684684753,0.993992030620575,0.9999872446060181,1418,2051,-0.37226274609565735,0.9762364029884338,0.9997026324272156,1524,1794,-0.5575963854789734,0.9854736328125,0.9997162222862244,2484,1150,1936,886,2462,1754,1627,1694,1504,1906
False,/data/uabcvmsc/shared/newborn/29/16.08.24/HM20240816104621.jpeg,37.2,30.3
True,/data/uabcvmsc/shared/newborn/29/16.08.24/HM20240816104723.jpeg,37.2,30.2,2776,1027,0.17077425122261047,0.9999916553497314,0.9999998807907104,2832,1054,0.20553211867809296,0.9999862909317017,0.9999996423721313,2840,1069,0.20532627403736115,0.999980092048645,0.9999995231628418,2845,1083,0.20538604259490967,0.9999840259552002,0.9999994039535522,2800,1008,0.20395402610301971,0.9999936819076538,0.9999996423721313,2786,990,0.20365118980407715,0.9999940395355225,0.9999997615814209,2779,977,0.2036304622888565,0.999995231628418,0.9999996423721313,2827,1144,0.32287508249282837,0.9999866485595703,0.9999995231628418,2723,966,0.31469249725341797,0.9999890327453613,0.9999997615814209,2756,1072,0.20913323760032654,0.9999960660934448,0.9999998807907104,2728,1019,0.20479978621006012,0.9999963045120239,0.9999998807907104,2618,1386,0.28300297260284424,0.9999972581863403,0.9999983310699463,2436,932,0.26633358001708984,0.9999992847442627,0.9999994039535522,2353,1640,0.08163705468177795,0.740574061870575,0.9997429251670837,2238,812,0.06598284840583801,0.866935133934021,0.9999685287475586,2442,1687,-0.22719493508338928,0.792585015296936,0.9999815225601196,2032,877,-0.23616304993629456,0.9792113304138184,0.9999890327453613,2493,1731,-0.28547805547714233,0.8507212400436401,0.9999426603317261,1919,859,-0.2978224456310272,0.9810061454772949,0.9999443292617798,2517,1687,-0.2961781322956085,0.8431383967399597,0.9999676942825317,1951,918,-0.3135165870189667,0.9792020916938782,0.9999723434448242,2492,1659,-0.23921985924243927,0.8001003861427307,0.999985933303833,1993,937,-0.25250059366226196,0.9685322642326355,0.9999905824661255,2207,1485,0.007467686198651791,0.9999990463256836,1.0,2094,1162,-0.008069942705333233,0.9999995231628418,1.0,2035,2056,-0.2986209988594055,0.9777154326438904,0.9999916553497314,1772,1073,-0.36784470081329346,0.9748393893241882,0.9999938011169434,1527,1920,-0.266089528799057,0.7197039127349854,0.999990701675415,1669,1663,-0.3310469686985016,0.7824772596359253,0.9999905824661255,1393,1836,-0.2659991979598999,0.9050918817520142,0.9999639987945557,1671,1767,-0.32761260867118835,0.9149773120880127,0.9999852180480957,1414,2133,-0.40337806940078735,0.7598198652267456,0.9993783235549927,1472,1746,-0.4585522711277008,0.8544514775276184,0.9996408224105835,2527,1159,1974,898,2486,1691,1604,1725,None,None
True,/data/uabcvmsc/shared/newborn/29/16.08.24/HM20240816104827.jpeg,37.1,30.4,2809,1024,0.1742534637451172,0.9999939203262329,1.0,2857,1060,0.2103557288646698,0.9999899864196777,0.9999998807907104,2863,1075,0.21016603708267212,0.9999845027923584,0.9999997615814209,2876,1099,0.21023321151733398,0.9999868869781494,0.9999996423721313,2823,1011,0.20901677012443542,0.9999960660934448,0.9999998807907104,2813,998,0.2087184339761734,0.999996542930603,0.9999998807907104,2797,980,0.20870783925056458,0.9999973773956299,0.9999998807907104,2841,1144,0.32885831594467163,0.9999880790710449,0.9999996423721313,2741,975,0.32164686918258667,0.9999940395355225,0.9999998807907104,2768,1068,0.21263429522514343,0.9999966621398926,1.0,2741,1016,0.2086344063282013,0.9999974966049194,1.0,2627,1386,0.28765785694122314,0.999996542930603,0.9999979734420776,2452,930,0.2680160105228424,0.9999996423721313,0.9999997615814209,2356,1621,0.07396334409713745,0.6806950569152832,0.9997645020484924,2240,837,0.06600720435380936,0.9543597102165222,0.9999881982803345,2427,1665,-0.2443830668926239,0.811757504940033,0.9999850988388062,2059,882,-0.2387010157108307,0.9973511695861816,0.9999983310699463,2449,1698,-0.30539149045944214,0.8746616840362549,0.999956488609314,1942,852,-0.3040110766887665,0.9973018169403076,0.999990701675415,2508,1665,-0.3166433572769165,0.868227481842041,0.9999756813049316,1971,931,-0.3200085759162903,0.9970682263374329,0.9999957084655762,2485,1636,-0.2571924030780792,0.82142573595047,0.9999892711639404,2003,958,-0.2553642988204956,0.9947273135185242,0.9999985694885254,2218,1502,0.007627360988408327,0.9999990463256836,1.0,2103,1175,-0.008271503262221813,0.9999995231628418,1.0,2036,2055,-0.302945613861084,0.9897922277450562,0.9999922513961792,1785,1067,-0.38243117928504944,0.9855050444602966,0.9999958276748657,1509,1930,-0.28023162484169006,0.8574970364570618,0.9999939203262329,1668,1661,-0.3593011200428009,0.8168619871139526,0.999994158744812,1377,1856,-0.28168371319770813,0.9650305509567261,0.9999771118164062,1676,1767,-0.35773032903671265,0.9403966665267944,0.9999902248382568,1406,2155,-0.4217972457408905,0.9035059213638306,0.9996964931488037,1470,1743,-0.490870863199234,0.9084760546684265,0.9997755885124207,2540,1158,1994,906,2467,1666,1605,1724,None,None
True,/data/uabcvmsc/shared/newborn/29/16.08.24/HM20240816104928.jpeg,37.1,30.8,2844,1024,0.0902588963508606,0.9999792575836182,0.9999986886978149,2894,1060,0.12361670285463333,0.9999731779098511,0.9999953508377075,2899,1076,0.12340511381626129,0.9999525547027588,0.9999946355819702,2908,1098,0.1235002800822258,0.9999706745147705,0.9999924898147583,2866,1009,0.11920493096113205,0.9999896287918091,0.999996542930603,2856,994,0.11883273720741272,0.9999881982803345,0.9999973773956299,2844,975,0.11875305324792862,0.9999929666519165,0.9999971389770508,2876,1137,0.24808984994888306,0.999963641166687,0.9999943971633911,2793,970,0.22810779511928558,0.9999825954437256,0.9999977350234985,2819,1069,0.13344228267669678,0.9999889135360718,0.9999990463256836,2794,1012,0.12557320296764374,0.9999922513961792,0.999998927116394,2654,1378,0.2531241774559021,0.9999759197235107,0.999994158744812,2502,920,0.21093277633190155,0.9999947547912598,0.9999983310699463,2411,1562,0.14750723540782928,0.23323924839496613,0.9998337030410767,2242,869,0.09274470061063766,0.8571116924285889,0.999971866607666,2384,1701,-0.105033740401268,0.47128918766975403,0.9999582767486572,2029,899,-0.1486286222934723,0.9834660291671753,0.9999948740005493,2401,1749,-0.15336103737354279,0.6199923157691956,0.9998774528503418,1939,854,-0.2016834318637848,0.9846279621124268,0.99997878074646,2451,1723,-0.18168437480926514,0.6392936706542969,0.9999096393585205,1955,919,-0.22930194437503815,0.9850649237632751,0.9999866485595703,2434,1697,-0.12345490604639053,0.5832740664482117,0.9999586343765259,1977,946,-0.16734418272972107,0.9776269197463989,0.9999951124191284,2191,1526,0.005698153283447027,0.9999986886978149,1.0,2072,1207,-0.006248574238270521,0.9999991655349731,1.0,2015,2054,-0.2284751683473587,0.9841794371604919,0.9999951124191284,1760,1073,-0.3264186680316925,0.9788206219673157,0.9999982118606567,1473,1968,-0.1806887835264206,0.9671236276626587,0.9999924898147583,1512,1653,-0.26369184255599976,0.9422329068183899,0.9999959468841553,1374,1893,-0.1802513599395752,0.946992814540863,0.9999731779098511,1495,1772,-0.2578932046890259,0.906528651714325,0.9999918937683105,1387,2187,-0.30889827013015747,0.9464015364646912,0.9995051622390747,1285,1760,-0.374559223651886,0.9213153123855591,0.9997164607048035,2578,1149,1975,904,None,None,1431,1728,1411,2016
True,/data/uabcvmsc/shared/newborn/29/16.08.24/HM20240816105029.jpeg,37.1,30.8,2770,983,0.2123596966266632,0.9999501705169678,0.9999990463256836,2814,1018,0.2448306530714035,0.9999395608901978,0.9999971389770508,2821,1035,0.24463209509849548,0.9998904466629028,0.9999964237213135,2825,1049,0.24480971693992615,0.9999258518218994,0.9999946355819702,2788,972,0.24427033960819244,0.9999760389328003,0.9999982118606567,2782,961,0.24384188652038574,0.9999756813049316,0.9999988079071045,2771,946,0.243789404630661,0.9999855756759644,0.9999988079071045,2814,1112,0.35607194900512695,0.9999161958694458,0.9999955892562866,2728,956,0.35339099168777466,0.9999659061431885,0.9999990463256836,2736,1029,0.24992911517620087,0.99997878074646,0.9999991655349731,2709,979,0.24704942107200623,0.9999841451644897,0.9999991655349731,2640,1333,0.36418041586875916,0.9999721050262451,0.9999910593032837,2495,921,0.29166164994239807,0.9999984502792358,0.9999991655349731,2430,1523,0.2534170150756836,0.09822934120893478,0.9997618794441223,2259,821,0.13876603543758392,0.95650315284729,0.9999769926071167,2412,1716,0.004983499646186829,0.4336897134780884,0.9999091625213623,2079,887,-0.13688814640045166,0.9977679252624512,0.9999969005584717,2434,1784,-0.04135653004050255,0.62080979347229,0.9997554421424866,1971,860,-0.19766926765441895,0.9975851774215698,0.9999862909317017,2458,1769,-0.07119952142238617,0.6415846347808838,0.9998233914375305,1984,944,-0.2196865975856781,0.9975969195365906,0.9999911785125732,2442,1730,-0.014394296333193779,0.5918321013450623,0.9999103546142578,2022,980,-0.15480637550354004,0.9957699179649353,0.9999967813491821,2148,1480,0.027102038264274597,0.9999971389770508,0.9999998807907104,2094,1196,-0.027744639664888382,0.9999988079071045,1.0,2034,2050,-0.2721097767353058,0.9803361296653748,0.9999829530715942,1789,1050,-0.3797003924846649,0.9910215735435486,0.9999949932098389,1464,1974,-0.24954386055469513,0.9650837182998657,0.9999858140945435,1441,1630,-0.3572505712509155,0.9631155133247375,0.999970555305481,1332,1918,-0.2522287666797638,0.9711559414863586,0.9999536275863647,1417,1760,-0.3565741777420044,0.9458590149879456,0.9999444484710693,1361,2258,-0.40437236428260803,0.9576046466827393,0.9993274211883545,1207,1818,-0.5099684000015259,0.9487577676773071,0.9988382458686829,2568,1127,2014,918,None,None,1355,1736,None,None
True,/data/uabcvmsc/shared/newborn/29/16.08.24/HM20240816105131.jpeg,37.4,30.9,2797,1008,0.1885029524564743,0.9999781847000122,0.9999995231628418,2840,1043,0.22237971425056458,0.9999713897705078,0.9999982118606567,2844,1060,0.2221798300743103,0.9999498128890991,0.9999977350234985,2857,1085,0.2223401814699173,0.9999654293060303,0.999996542930603,2809,992,0.2210887372493744,0.99998939037323,0.999998927116394,2799,980,0.2206575572490692,0.9999896287918091,0.9999992847442627,2790,967,0.22059714794158936,0.9999938011169434,0.9999992847442627,2823,1130,0.3378069996833801,0.9999628067016602,0.9999970197677612,2749,968,0.3306904435157776,0.9999854564666748,0.9999995231628418,2756,1057,0.22729092836380005,0.999992847442627,0.9999996423721313,2731,1001,0.22306309640407562,0.9999947547912598,0.9999997615814209,2621,1390,0.34341078996658325,0.9999885559082031,0.999996542930603,2490,925,0.27983227372169495,0.9999992847442627,0.9999996423721313,2354,1597,0.2185612916946411,0.3234499990940094,0.9998273849487305,2255,847,0.12399076670408249,0.9729064702987671,0.9999850988388062,2418,1730,-0.05650131031870842,0.7650108337402344,0.9999624490737915,2070,881,-0.1819295734167099,0.9989017248153687,0.9999982118606567,2432,1799,-0.10792476683855057,0.8462482690811157,0.9999001026153564,1955,846,-0.24645745754241943,0.9987251162528992,0.9999924898147583,2484,1774,-0.13570013642311096,0.8549572229385376,0.9999297857284546,1974,933,-0.27015045285224915,0.9987149238586426,0.9999951124191284,2466,1741,-0.07555987685918808,0.8213931918144226,0.9999661445617676,2007,973,-0.20111222565174103,0.9977483153343201,0.9999982118606567,2191,1524,0.021937880665063858,0.9999980926513672,0.9999998807907104,2119,1193,-0.02257572114467621,0.9999991655349731,1.0,2023,2051,-0.2779448926448822,0.9909746050834656,0.9999889135360718,1792,1041,-0.3706117868423462,0.9935664534568787,0.9999959468841553,1487,1984,-0.22984464466571808,0.9810082912445068,0.9999864101409912,1460,1610,-0.30560600757598877,0.9632507562637329,0.9999778270721436,1346,1933,-0.23030664026737213,0.9778198599815369,0.999954342842102,1438,1750,-0.3010805547237396,0.9320309162139893,0.9999593496322632,1409,2289,-0.39216551184654236,0.9767521023750305,0.999372661113739,1243,1769,-0.4594114124774933,0.9481407403945923,0.999275267124176,2556,1158,2002,908,2450,1761,1380,1710,None,None
True,/data/uabcvmsc/shared/newborn/29/16.08.24/HM20240816105232.jpeg,37.2,30.9,2778,997,0.07552812248468399,0.9999363422393799,0.9999946355819702,2827,1037,0.10424830764532089,0.9999080896377563,0.9999850988388062,2831,1055,0.10402266681194305,0.999854564666748,0.9999827146530151,2833,1071,0.10411310195922852,0.999904990196228,0.9999760389328003,2797,988,0.1040569469332695,0.9999597072601318,0.9999886751174927,2781,971,0.10360322147607803,0.9999614953994751,0.9999918937683105,2788,957,0.10343889892101288,0.9999769926071167,0.9999916553497314,2809,1137,0.21774572134017944,0.9999005794525146,0.9999771118164062,2743,969,0.21464943885803223,0.9999485015869141,0.9999935626983643,2738,1046,0.11600541323423386,0.9999643564224243,0.9999964237213135,2717,990,0.11299306899309158,0.9999769926071167,0.9999961853027344,2616,1357,0.2536929249763489,0.9999717473983765,0.9999901056289673,2526,900,0.19620735943317413,0.9999961853027344,0.9999977350234985,2347,1602,0.2617843747138977,0.6266754269599915,0.9999377727508545,2269,827,0.08912626653909683,0.9601376056671143,0.9999743700027466,2388,1843,0.13766378164291382,0.9123614430427551,0.9999548196792603,2072,882,-0.17616724967956543,0.9978343844413757,0.9999953508377075,2407,1926,0.11619070917367935,0.9211295247077942,0.9998143315315247,1988,846,-0.23136886954307556,0.9971413016319275,0.9999779462814331,2459,1915,0.07129170745611191,0.9316762685775757,0.9998188614845276,1985,937,-0.25681763887405396,0.9973182082176208,0.999982476234436,2452,1882,0.11638933420181274,0.9258043766021729,0.9999233484268188,2024,971,-0.19466063380241394,0.9960842132568359,0.9999936819076538,2158,1479,0.013766497373580933,0.9999942779541016,0.9999995231628418,2098,1195,-0.014392022974789143,0.9999969005584717,0.9999997615814209,1994,2061,-0.22393710911273956,0.9778301119804382,0.999929666519165,1774,1068,-0.36609914898872375,0.9867132902145386,0.9999802112579346,1433,1976,-0.13157348334789276,0.9517022371292114,0.9999356269836426,1461,1668,-0.2738099992275238,0.9437814354896545,0.9999487400054932,1333,1915,-0.12595172226428986,0.9118030667304993,0.9998314380645752,1452,1773,-0.26386088132858276,0.8789076805114746,0.9999227523803711,1161,2178,-0.26163920760154724,0.922389030456543,0.9975036978721619,1258,1797,-0.39280590415000916,0.9214461445808411,0.9982935786247253,2571,1128,2017,909,2426,1892,1390,1746,1309,2023
True,/data/uabcvmsc/shared/newborn/29/16.08.24/HM20240816105334.jpeg,37.1,30.5,2761,1001,0.04020433500409126,0.999924898147583,0.9999910593032837,2816,1041,0.06985537707805634,0.9998939037322998,0.999976396560669,2822,1061,0.06960365921258926,0.9998440742492676,0.9999723434448242,2825,1077,0.06970859318971634,0.9998902082443237,0.9999617338180542,2783,985,0.06997308135032654,0.9999556541442871,0.9999815225601196,2773,972,0.0695110335946083,0.99996018409729,0.9999865293502808,2761,955,0.06933668255805969,0.9999738931655884,0.9999861717224121,2799,1141,0.18764325976371765,0.9998880624771118,0.9999603033065796,2729,960,0.1864006072282791,0.999943733215332,0.9999890327453613,2718,1054,0.08194137364625931,0.9999521970748901,0.9999938011169434,2697,992,0.07931461185216904,0.9999707937240601,0.9999933242797852,2612,1362,0.21699444949626923,0.9999579191207886,0.9999830722808838,2455,925,0.17334870994091034,0.9999918937683105,0.9999955892562866,2331,1601,0.20756655931472778,0.5658706426620483,0.9998552799224854,2246,829,0.058213550597429276,0.9182144403457642,0.9999470710754395,2390,1837,0.06710802763700485,0.8899834156036377,0.9999215602874756,2049,889,-0.21774540841579437,0.9954789876937866,0.9999901056289673,2414,1924,0.04398183152079582,0.908750057220459,0.9997046589851379,1962,844,-0.27323421835899353,0.9946494698524475,0.999955415725708,2457,1917,-0.0023969379253685474,0.9215599298477173,0.9997096657752991,1959,904,-0.3010551631450653,0.9950730204582214,0.9999635219573975,2447,1878,0.04499030485749245,0.9146081209182739,0.9998732805252075,1985,947,-0.23771269619464874,0.9933750033378601,0.9999865293502808,2144,1504,0.009394061751663685,0.9999897480010986,0.9999990463256836,2081,1215,-0.010027882643043995,0.9999942779541016,0.9999995231628418,1998,2063,-0.25159403681755066,0.9759382605552673,0.9998618364334106,1792,1054,-0.3769828975200653,0.9813876152038574,0.9999665021896362,1414,1961,-0.14711526036262512,0.9393453001976013,0.9999223947525024,1476,1646,-0.26922082901000977,0.9394062757492065,0.9999436140060425,1352,1882,-0.13949140906333923,0.8597569465637207,0.9998070597648621,1465,1743,-0.25675395131111145,0.8542280793190002,0.9999213218688965,1097,2052,-0.2787209153175354,0.9060044288635254,0.9977449178695679,1256,1762,-0.3824358880519867,0.916048526763916,0.9984551668167114,2534,1144,1989,896,2427,1889,1399,1717,1288,1965
True,/data/uabcvmsc/shared/newborn/29/16.08.24/HM20240816105436.jpeg,37.2,30.7,2775,1010,0.16945698857307434,0.9999555349349976,0.9999982118606567,2822,1046,0.20243769884109497,0.9999305009841919,0.9999943971633911,2830,1066,0.20221582055091858,0.9998965263366699,0.9999934434890747,2835,1082,0.2023661881685257,0.9999277591705322,0.9999903440475464,2793,996,0.1999618411064148,0.9999706745147705,0.9999961853027344,2784,983,0.19949357211589813,0.9999727010726929,0.9999973773956299,2773,967,0.19936975836753845,0.9999823570251465,0.9999972581863403,2810,1146,0.31233376264572144,0.9999196529388428,0.9999920129776001,2721,970,0.30046701431274414,0.999963641166687,0.9999979734420776,2743,1059,0.20663391053676605,0.9999755620956421,0.9999988079071045,2714,1001,0.20101147890090942,0.9999823570251465,0.9999986886978149,2600,1369,0.3245787024497986,0.9999804496765137,0.9999939203262329,2501,927,0.25659361481666565,0.999997615814209,0.9999986886978149,2343,1589,0.27195170521736145,0.42963579297065735,0.9998955726623535,2267,818,0.1373787522315979,0.9666956663131714,0.9999765157699585,2381,1830,0.08830370008945465,0.8728560209274292,0.9999575614929199,2075,880,-0.10917919874191284,0.9982535243034363,0.9999972581863403,2404,1918,0.05764152109622955,0.908341646194458,0.9998623132705688,1967,854,-0.16102465987205505,0.9977645874023438,0.9999879598617554,2449,1913,0.019687315449118614,0.917148232460022,0.9998797178268433,1975,947,-0.18476858735084534,0.9977793097496033,0.9999911785125732,2437,1887,0.06784486025571823,0.9097611308097839,0.9999463558197021,2008,986,-0.1265445351600647,0.9966675639152527,0.9999969005584717,2158,1517,0.015503162518143654,0.9999953508377075,0.9999996423721313,2109,1225,-0.016184572130441666,0.9999972581863403,0.9999997615814209,2005,2048,-0.2746608555316925,0.9818140268325806,0.9999880790710449,1778,1077,-0.40095260739326477,0.9882051944732666,0.9999943971633911,1420,2040,-0.2365623414516449,0.9803804755210876,0.9999734163284302,1485,1654,-0.27181655168533325,0.9518110752105713,0.9999775886535645,1300,1982,-0.23857665061950684,0.9595928192138672,0.9999064207077026,1454,1773,-0.25923997163772583,0.909101128578186,0.9999656677246094,1315,2329,-0.3880373239517212,0.9685918688774109,0.9983199238777161,1241,1735,-0.3784811496734619,0.9293454885482788,0.9993016719818115,2550,1148,2006,917,2418,1887,1393,1721,None,None
False,/data/uabcvmsc/shared/newborn/29/16.08.24/HM20240816105538.jpeg,36.9,30.7
False,/data/uabcvmsc/shared/newborn/29/16.08.24/HM20240816105640.jpeg,37.3,30.4
False,/data/uabcvmsc/shared/newborn/29/16.08.24/HM20240816105742.jpeg,37.2,30.8
True,/data/uabcvmsc/shared/newborn/29/16.08.24/HM20240816105844.jpeg,37.2,31.0,2770,1022,0.019350390881299973,0.9999065399169922,0.999992847442627,2827,1056,0.044558774679899216,0.9998190999031067,0.9999791383743286,2838,1082,0.04428453743457794,0.999733030796051,0.9999775886535645,2842,1102,0.044367626309394836,0.9998443126678467,0.9999686479568481,2795,1011,0.042342349886894226,0.9999068975448608,0.9999822378158569,2786,1000,0.04184315726161003,0.9999035596847534,0.9999864101409912,2790,986,0.041657064110040665,0.9999386072158813,0.9999847412109375,2811,1179,0.1386965960264206,0.9998290538787842,0.9999723434448242,2750,995,0.12693414092063904,0.999855637550354,0.999988317489624,2733,1069,0.05322716385126114,0.9999116659164429,0.9999949932098389,2708,1016,0.04757386073470116,0.9999287128448486,0.9999933242797852,2575,1408,0.18256299197673798,0.9999798536300659,0.9999915361404419,2574,946,0.10519572347402573,0.9999935626983643,0.999995231628418,2323,1704,0.22062693536281586,0.7538434267044067,0.9999595880508423,2308,874,0.030027443543076515,0.9164010882377625,0.9999638795852661,2382,2028,0.14826300740242004,0.9584310054779053,0.9999499320983887,2126,868,-0.15191179513931274,0.9941344857215881,0.9999915361404419,2383,2124,0.13895264267921448,0.9470228552818298,0.9996864795684814,2007,817,-0.1912933737039566,0.9902087450027466,0.9999490976333618,2437,2125,0.08970960229635239,0.9556421637535095,0.9996845722198486,2019,905,-0.22150678932666779,0.9908646941184998,0.9999566078186035,2440,2091,0.12598274648189545,0.9558496475219727,0.999880313873291,2052,951,-0.17091698944568634,0.9883848428726196,0.9999852180480957,2235,1537,0.01959157921373844,0.9999784231185913,0.9999983310699463,2145,1213,-0.02031906694173813,0.9999833106994629,0.9999988079071045,1977,2071,-0.1696092188358307,0.6623311042785645,0.9998888969421387,1723,1159,-0.2819358706474304,0.7595407962799072,0.9999407529830933,1382,2042,-0.03825325891375542,0.6428552269935608,0.9998056292533875,1263,1536,-0.09500453621149063,0.5662245750427246,0.9996755123138428,1279,1984,-0.02949303761124611,0.5116332769393921,0.9994916915893555,1263,1624,-0.07560957223176956,0.3469560742378235,0.9996047616004944,1133,2279,-0.13566246628761292,0.5607808232307434,0.993257999420166,944,1570,-0.1644260287284851,0.46573880314826965,0.9945213794708252,2574,1177,2051,885,2410,2092,None,None,None,None
False,/data/uabcvmsc/shared/newborn/29/16.08.24/HM20240816105945.jpeg,37.0,30.6
False,/data/uabcvmsc/shared/newborn/29/16.08.24/HM20240816110046.jpeg,37.2,30.8
False,/data/uabcvmsc/shared/newborn/29/16.08.24/HM20240816110148.jpeg,37.0,30.7,984,1556,-0.04793455824255943,0.9981274008750916,0.999772846698761,994,1565,-0.025211336091160774,0.9980100989341736,0.9993830919265747,995,1548,-0.025690486654639244,0.9975504279136658,0.9993971586227417,999,1543,-0.0257865022867918,0.9986644983291626,0.9991900324821472,982,1605,-0.03208934888243675,0.9986781477928162,0.9992376565933228,984,1618,-0.032512787729501724,0.9984721541404724,0.9993089437484741,981,1625,-0.03276028484106064,0.9991011619567871,0.9991604089736938,1031,1511,0.06624893844127655,0.9987002611160278,0.9995125532150269,1038,1684,0.03494876250624657,0.996817946434021,0.9992730021476746,1066,1557,-0.014457480981945992,0.9949931502342224,0.9996554851531982,1073,1587,-0.025848861783742905,0.9953917264938354,0.999488115310669,1361,1415,0.0271892286837101,0.9998038411140442,0.9999464750289917,1424,1837,0.05420537665486336,0.9997019171714783,0.9998860359191895,1810,1534,-0.041008222848176956,0.004388224333524704,0.9987315535545349,1928,2034,-0.061914149671792984,0.05699756368994713,0.9973258972167969,1758,1677,-0.09755545854568481,0.007471144665032625,0.9996618032455444,1531,1936,-0.20953427255153656,0.13044533133506775,0.999897837638855,1755,1701,-0.11726795136928558,0.014906222932040691,0.9994522929191589,1454,1921,-0.2395392805337906,0.19044676423072815,0.9998681545257568,1684,1699,-0.11859135329723358,0.014851400628685951,0.9993940591812134,1384,1922,-0.2429312765598297,0.19716523587703705,0.999891996383667,1690,1703,-0.09843356162309647,0.014130323193967342,0.9996585845947266,1408,1917,-0.21572434902191162,0.16434454917907715,0.9999434947967529,2000,1326,-0.00702455872669816,0.9993414282798767,0.9999352693557739,2066,1556,0.006234487984329462,0.9996300935745239,0.9999427795410156,1699,1270,0.2017207145690918,0.008562981151044369,0.9997987151145935,1803,1794,0.0018910580547526479,0.0503494031727314,0.9999747276306152,1625,1509,0.12740372121334076,0.018888698890805244,0.9998708963394165,1939,1871,-0.17425821721553802,0.07256618142127991,0.9998080134391785,1688,1540,0.11813586205244064,0.04685858264565468,0.9996609687805176,2029,1834,-0.18793942034244537,0.13338813185691833,0.9996080994606018,1476,1558,0.08570964634418488,0.043589942157268524,0.999657154083252,1861,1970,-0.23026767373085022,0.12553521990776062,0.9986825585365295
False,/data/uabcvmsc/shared/newborn/29/16.08.24/HM20240816110249.jpeg,36.8,30.4,1900,1399,-0.4881857633590698,0.9992460012435913,0.9998786449432373,1868,1410,-0.5129071474075317,0.9985601305961609,0.999868631362915,1870,1408,-0.5132362842559814,0.9983235001564026,0.9998784065246582,1873,1405,-0.513202965259552,0.9987181425094604,0.9998379945755005,1866,1418,-0.5072401762008667,0.9993438124656677,0.9998615980148315,1867,1420,-0.5076776742935181,0.9994402527809143,0.9998772144317627,1866,1423,-0.5079085826873779,0.9995970129966736,0.9998636245727539,1902,1403,-0.5141136050224304,0.9987671375274658,0.9997853636741638,1889,1427,-0.4895496070384979,0.9990823268890381,0.9998655319213867,1941,1387,-0.4719117283821106,0.9959422945976257,0.9996639490127563,1938,1398,-0.46678197383880615,0.9978895783424377,0.9996323585510254,2082,1434,-0.45348677039146423,0.9996676445007324,0.9998767375946045,1991,1383,-0.3588983416557312,0.9996930360794067,0.9999046325683594,2032,1687,-0.4343438744544983,0.19081532955169678,0.9991676807403564,2045,1772,-0.36933329701423645,0.04455358162522316,0.9984365105628967,1777,1880,-0.4438086152076721,0.5149645805358887,0.9987571239471436,1736,1834,-0.4791986048221588,0.4061283469200134,0.99992835521698,1682,1898,-0.4920133650302887,0.7191214561462402,0.9973958730697632,1634,1851,-0.5290808081626892,0.5560401678085327,0.9999213218688965,1693,1853,-0.5020660161972046,0.7656881213188171,0.997241735458374,1607,1830,-0.5317355990409851,0.57916659116745,0.999942421913147,1712,1824,-0.4498729109764099,0.6972744464874268,0.9980748891830444,1678,1814,-0.4864517152309418,0.5059773325920105,0.9999611377716064,2470,1211,-0.03123239055275917,0.9979251623153687,0.9999213218688965,2398,1169,0.030784189701080322,0.9987838864326477,0.9999489784240723,2494,1248,0.32397690415382385,0.00028656161157414317,0.9974896907806396,2361,1275,0.2877814471721649,0.0003077982401009649,0.999504566192627,2650,1310,0.6558837890625,0.0025383762549608946,0.9975175857543945,2572,1234,0.6146742701530457,0.0007382368203252554,0.9990758895874023,2675,1274,0.6875251531600952,0.00727717624977231,0.995790958404541,2618,1209,0.6502343416213989,0.002117147436365485,0.998863935470581,2642,1433,0.6544893980026245,0.005144523922353983,0.9989385008811951,2548,1271,0.6240670084953308,0.0013263323344290257,0.9991549253463745
True,/data/uabcvmsc/shared/newborn/29/16.08.24/HM20240816110352.jpeg,36.8,30.3,2787,1001,0.27038663625717163,0.9994925260543823,0.9999963045120239,2829,1036,0.3069824278354645,0.9985600113868713,0.9999850988388062,2833,1052,0.3068895936012268,0.9975487589836121,0.9999784231185913,2848,1077,0.30699047446250916,0.9978959560394287,0.9999622106552124,2809,991,0.304327130317688,0.9996591806411743,0.9999934434890747,2802,982,0.30403873324394226,0.9997307658195496,0.9999955892562866,2788,966,0.30397018790245056,0.999854564666748,0.9999957084655762,2799,1109,0.42795997858047485,0.9976757168769836,0.9999663829803467,2750,969,0.4115227460861206,0.9996080994606018,0.999997615814209,2763,1044,0.31106242537498474,0.9997381567955017,0.9999973773956299,2735,994,0.3041386306285858,0.9998923540115356,0.9999985694885254,2624,1311,0.4183790981769562,0.9999594688415527,0.9999572038650513,2519,919,0.3472403883934021,0.999998927116394,0.9999986886978149,2493,1494,0.2507004141807556,0.1556234359741211,0.9983693957328796,2259,829,0.16527517139911652,0.6059952974319458,0.999955415725708,2669,1450,-0.015885107219219208,0.28416764736175537,0.9999068975448608,2083,846,-0.10788054764270782,0.9500288963317871,0.9999899864196777,2712,1418,-0.06358283758163452,0.35341116786003113,0.9997617602348328,1979,821,-0.1687564104795456,0.9498829245567322,0.9999529123306274,2745,1413,-0.06234728544950485,0.30024439096450806,0.9998652935028076,2007,908,-0.17373040318489075,0.9405400156974792,0.9999734163284302,2727,1407,-0.02185194008052349,0.22997690737247467,0.9999394416809082,2041,920,-0.11871964484453201,0.9042239785194397,0.9999901056289673,2229,1423,0.044926732778549194,0.9999905824661255,0.9999996423721313,2171,1141,-0.045521270483732224,0.9999972581863403,0.9999998807907104,2282,2012,-0.26568788290023804,0.8112990260124207,0.9998350143432617,1828,1192,-0.4284995198249817,0.9431012272834778,0.9999650716781616,1822,1894,-0.20008492469787598,0.09413007646799088,0.9997151494026184,1635,1712,-0.39883163571357727,0.2898881137371063,0.9994913339614868,1664,1885,-0.19743160903453827,0.5656835436820984,0.9994033575057983,1607,1761,-0.3977809548377991,0.6286922693252563,0.9992627501487732,1716,2030,-0.34918761253356934,0.2646620273590088,0.9974665641784668,1586,1931,-0.5712947845458984,0.45571577548980713,0.9956459403038025,2572,1115,2028,874,None,None,None,None,None,None
False,/data/uabcvmsc/shared/newborn/29/16.08.24/HM20240816110454.jpeg,36.8,30.5,1674,1568,-0.3728300929069519,0.9977290034294128,0.9983782768249512,1624,1561,-0.36061719059944153,0.9975300431251526,0.9963616728782654,1614,1546,-0.3610459566116333,0.9962114095687866,0.9970285296440125,1604,1536,-0.361141562461853,0.9980633854866028,0.9961860775947571,1649,1622,-0.36757153272628784,0.9978160858154297,0.9951660633087158,1660,1634,-0.36806097626686096,0.9973294734954834,0.9956112504005432,1666,1648,-0.36845725774765015,0.9985759258270264,0.9943119287490845,1600,1515,-0.25624585151672363,0.9982656836509705,0.9977376461029053,1690,1674,-0.2846049964427948,0.9947454929351807,0.9937503933906555,1684,1520,-0.32723474502563477,0.9952255487442017,0.9984898567199707,1723,1572,-0.3374251127243042,0.9944380521774292,0.9955649971961975,1779,1239,-0.14981809258460999,0.9996359348297119,0.9998667240142822,1954,1701,-0.25010183453559875,0.9986935257911682,0.9993554949760437,2043,977,-0.14904017746448517,0.05647679790854454,0.9984675049781799,2227,1841,-0.410896897315979,0.8185585141181946,0.9948300719261169,2052,873,-0.2569662034511566,0.06289692223072052,0.997109591960907,1760,1824,-0.6046894788742065,0.8489748239517212,0.9998486042022705,2014,824,-0.2778322696685791,0.07385046780109406,0.9939066767692566,1645,1850,-0.6626500487327576,0.7425852417945862,0.9997777342796326,1976,877,-0.30807241797447205,0.08255426585674286,0.9940690994262695,1608,1843,-0.642867386341095,0.7317633032798767,0.9998027682304382,2018,879,-0.27139797806739807,0.08519735187292099,0.99666827917099,1642,1825,-0.603431761264801,0.6049382090568542,0.9998979568481445,2418,1085,0.020155340433120728,0.9987063407897949,0.9997523427009583,2512,1317,-0.02038031816482544,0.9983737468719482,0.9997321963310242,2594,879,0.19879931211471558,0.020554501563310623,0.9962303042411804,2696,1239,0.1313287764787674,0.015862613916397095,0.9983983635902405,2848,891,0.37827274203300476,0.02091893181204796,0.9890478253364563,2383,1375,0.2707221806049347,0.008581987582147121,0.9911273121833801,2903,888,0.3927021920681,0.04428386688232422,0.9670052528381348,2377,1356,0.2856829762458801,0.020998556166887283,0.9908486604690552,2924,864,0.3235269784927368,0.019147440791130066,0.9425778985023499,2279,1468,0.2337622493505478,0.013590777292847633,0.9749622344970703
True,/data/uabcvmsc/shared/newborn/29/16.08.24/HM20240816110557.jpeg,36.7,30.1,2803,1016,0.016382381319999695,0.9997870326042175,0.999991774559021,2861,1051,0.04592389985918999,0.999702513217926,0.999975323677063,2874,1078,0.04577149823307991,0.9994112253189087,0.9999710321426392,2869,1094,0.04589848592877388,0.9996651411056519,0.9999549388885498,2836,1002,0.0472717247903347,0.9998676776885986,0.9999817609786987,2831,990,0.04694446176290512,0.9998492002487183,0.9999872446060181,2826,978,0.046864103525877,0.9999297857284546,0.999987006187439,2861,1147,0.1673789769411087,0.999357283115387,0.9999552965164185,2782,970,0.1727827787399292,0.999713122844696,0.9999892711639404,2779,1058,0.05980563908815384,0.9998385906219482,0.9999927282333374,2751,1004,0.059429291635751724,0.9998980760574341,0.9999924898147583,2674,1330,0.21322287619113922,0.9999172687530518,0.999968409538269,2545,921,0.16014628112316132,0.9999946355819702,0.9999961853027344,2447,1507,0.11001551896333694,0.028475819155573845,0.9994357228279114,2250,774,0.0835883766412735,0.6629642248153687,0.9999500513076782,2246,1649,-0.12946733832359314,0.021276403218507767,0.9996028542518616,2034,809,-0.12526996433734894,0.9088298678398132,0.9999901056289673,2199,1699,-0.17580446600914001,0.03746442869305611,0.9989166259765625,1935,795,-0.17497602105140686,0.903666615486145,0.9999545812606812,2207,1677,-0.1985536515712738,0.03842239826917648,0.9992755055427551,1963,851,-0.20080195367336273,0.9078705906867981,0.9999716281890869,2217,1645,-0.14437083899974823,0.03186370059847832,0.9996516704559326,1993,875,-0.14186835289001465,0.8620264530181885,0.9999898672103882,2257,1427,0.03301486745476723,0.9999957084655762,0.9999998807907104,2167,1150,-0.03348885849118233,0.9999982118606567,1.0,2151,1971,-0.24839387834072113,0.621129035949707,0.9999672174453735,1856,1084,-0.3885129690170288,0.8680406808853149,0.999992847442627,1694,1844,-0.24818603694438934,0.5651049613952637,0.9999852180480957,1634,1629,-0.3728709816932678,0.6782153248786926,0.99997878074646,1613,1763,-0.25320446491241455,0.6756918430328369,0.9999581575393677,1628,1681,-0.372719943523407,0.6149430871009827,0.9999644756317139,1579,2009,-0.4103740155696869,0.5749826431274414,0.9996486902236938,1518,1816,-0.5349476933479309,0.6234809756278992,0.9995751976966858,2610,1126,1981,832,None,None,None,None,None,None
True,/data/uabcvmsc/shared/newborn/29/16.08.24/HM20240816110659.jpeg,36.8,30.0,2815,1018,0.22935229539871216,0.9999979734420776,1.0,2846,1044,0.26765525341033936,0.9999946355819702,0.9999998807907104,2850,1060,0.26740655303001404,0.9999945163726807,0.9999998807907104,2853,1072,0.2675885856151581,0.999994158744812,0.9999998807907104,2817,998,0.2652543783187866,0.999997615814209,0.9999998807907104,2807,986,0.2648596167564392,0.9999983310699463,1.0,2794,968,0.26476287841796875,0.9999979734420776,0.9999998807907104,2830,1129,0.38596275448799133,0.9999951124191284,0.9999998807907104,2748,970,0.3734162747859955,0.9999959468841553,0.9999998807907104,2776,1059,0.2677808403968811,0.9999971389770508,1.0,2748,1006,0.26180413365364075,0.9999972581863403,0.9999998807907104,2638,1350,0.36664262413978577,0.9999974966049194,0.9999996423721313,2558,941,0.31357648968696594,0.9999992847442627,0.9999996423721313,2314,1641,0.22444529831409454,0.9158003926277161,0.9999837875366211,2282,861,0.09780716896057129,0.9916319251060486,0.9999909400939941,2244,1958,-0.006642154883593321,0.9841113090515137,0.9999892711639404,2075,864,-0.2086903303861618,0.9990899562835693,0.9999973773956299,2244,2059,-0.04870302230119705,0.9850301146507263,0.999970555305481,1991,819,-0.2740108072757721,0.9989802241325378,0.999992847442627,2276,2060,-0.08332963287830353,0.9860673546791077,0.9999736547470093,2000,874,-0.2923520803451538,0.9989773035049438,0.9999945163726807,2267,2018,-0.027506081387400627,0.9841465353965759,0.9999862909317017,2025,922,-0.22780977189540863,0.9985681772232056,0.9999972581863403,2236,1559,0.0259814765304327,0.9999924898147583,0.9999994039535522,2198,1218,-0.02671380713582039,0.9999940395355225,0.9999994039535522,2013,1999,-0.26988527178764343,0.9982554316520691,0.9999946355819702,2030,1290,-0.4722703695297241,0.9996439218521118,0.999997615814209,1477,2332,-0.3897106945514679,0.996403694152832,0.9999302625656128,1603,1620,-0.4747482240200043,0.9922409057617188,0.9999854564666748,1339,2328,-0.4135294556617737,0.9957402944564819,0.9997285008430481,1514,1733,-0.4788329303264618,0.9900374412536621,0.9999725818634033,1347,2526,-0.6161426305770874,0.9986079335212708,0.9984050393104553,1568,1802,-0.6269475221633911,0.9973391890525818,0.9997667670249939,2598,1146,2023,870,2258,2024,1562,1718,None,None
False,/data/uabcvmsc/shared/newborn/29/16.08.24/HM20240816110800.jpeg,37.0,30.4,2523,1153,0.5445637702941895,1.0,1.0,2555,1152,0.5801500678062439,1.0,1.0,2563,1162,0.5799775123596191,1.0,1.0,2571,1173,0.5803638696670532,1.0,1.0,2531,1115,0.5765678882598877,1.0,1.0,2522,1103,0.5763251781463623,1.0,1.0,2514,1090,0.5765594244003296,1.0,1.0,2570,1192,0.6462825536727905,1.0,1.0,2492,1076,0.6108484864234924,1.0,1.0,2504,1191,0.5563576221466064,1.0,1.0,2478,1153,0.5465388298034668,1.0,1.0,2488,1412,0.5120921730995178,1.0,1.0,2280,1000,0.4206564426422119,1.0,1.0,2357,1666,0.23644354939460754,1.0,1.0,1930,1081,0.1233629584312439,1.0,1.0,2401,1693,-0.13302664458751678,1.0,1.0,1646,1250,-0.16626518964767456,1.0,1.0,2350,1704,-0.19941307604312897,1.0,1.0,1542,1304,-0.240043044090271,0.9999992847442627,1.0,2367,1678,-0.19497297704219818,1.0,1.0,1574,1344,-0.22968636453151703,0.9999986886978149,1.0,2359,1661,-0.13771122694015503,1.0,1.0,1622,1340,-0.16653618216514587,0.9999992847442627,1.0,2308,1464,0.03087657317519188,1.0,1.0,2219,1119,-0.03129518777132034,1.0,1.0,2331,1738,-0.48098257184028625,1.0,1.0,2121,925,-0.503547191619873,1.0,1.0,1686,1608,-0.7088639736175537,1.0,1.0,1679,1340,-0.7314029335975647,1.0,1.0,1550,1557,-0.7405597567558289,1.0,1.0,1581,1431,-0.7645216584205627,1.0,1.0,1530,1585,-0.933763861656189,1.0,1.0,1603,1492,-0.9616222381591797,1.0,1.0
False,/data/uabcvmsc/shared/newborn/29/16.08.24/HM20240816110901.jpeg,36.8,30.4
False,/data/uabcvmsc/shared/newborn/29/16.08.24/HM20240816111002.jpeg,36.8,30.4
False,/data/uabcvmsc/shared/newborn/29/16.08.24/HM20240816111104.jpeg,38.3,30.5
True,/data/uabcvmsc/shared/newborn/29/16.08.24/HM20240816111206.jpeg,38.9,30.2,2778,1055,0.16464275121688843,0.9999940395355225,1.0,2817,1073,0.19414252042770386,0.9999951124191284,0.9999998807907104,2827,1090,0.19388355314731598,0.9999926090240479,0.9999998807907104,2835,1109,0.1940140724182129,0.9999964237213135,0.9999998807907104,2785,1028,0.1987483650445938,0.9999967813491821,0.9999998807907104,2769,1016,0.1984376162290573,0.9999948740005493,0.9999998807907104,2760,1003,0.19833961129188538,0.9999959468841553,0.9999997615814209,2826,1169,0.28352510929107666,0.9999972581863403,1.0,2723,1017,0.30750125646591187,0.9999898672103882,0.9999998807907104,2759,1110,0.197141632437706,0.9999915361404419,0.9999998807907104,2728,1059,0.20148484408855438,0.9999836683273315,0.9999994039535522,2610,1407,0.303288072347641,0.9999785423278809,0.9999982118606567,2514,995,0.3278774321079254,0.9998776912689209,0.9999771118164062,2529,1670,0.37957605719566345,0.3180777132511139,0.999854326248169,2456,967,0.4165351092815399,0.21602168679237366,0.9998049139976501,2683,1567,0.490128755569458,0.5689164400100708,0.9999983310699463,2727,995,0.5403172373771667,0.5151861310005188,0.999996542930603,2720,1556,0.5115340352058411,0.5765223503112793,0.9999955892562866,2764,1023,0.5500890612602234,0.513379693031311,0.9999947547912598,2713,1510,0.5063401460647583,0.5495499968528748,0.9999966621398926,2781,1023,0.5648771524429321,0.4650022089481354,0.9999953508377075,2687,1505,0.4937753975391388,0.46741169691085815,0.9999983310699463,2754,1040,0.5469226241111755,0.40332117676734924,0.9999977350234985,2137,1443,-0.020504973828792572,0.9999830722808838,0.9999997615814209,2109,1132,0.020271383225917816,0.9999744892120361,0.9999994039535522,1810,1774,-0.24471265077590942,0.9203669428825378,0.999998927116394,1811,904,-0.2370612472295761,0.8104280829429626,0.9999977350234985,1303,1686,-0.2163212150335312,0.8639740943908691,0.9999909400939941,1332,1260,-0.1951906383037567,0.774721622467041,0.9999868869781494,1187,1629,-0.2177325338125229,0.8110651969909668,0.999955415725708,1229,1369,-0.1939789205789566,0.7745336294174194,0.9999748468399048,1205,1879,-0.34366467595100403,0.8136231899261475,0.9993696808815002,1132,1072,-0.3035946190357208,0.7403165102005005,0.9994487166404724,2562,1201,None,None,None,None,1231,1234,1232,1731
True,/data/uabcvmsc/shared/newborn/29/16.08.24/HM20240816111309.jpeg,38.9,30.9,2731,1372,0.05700807645916939,0.9997286200523376,0.9999960660934448,2751,1396,0.097964346408844,0.9991090893745422,0.9999791383743286,2749,1414,0.09777455031871796,0.9987916350364685,0.99997878074646,2746,1432,0.0978102907538414,0.9991458654403687,0.9999681711196899,2754,1339,0.09409204870462418,0.999537467956543,0.9999759197235107,2752,1319,0.0938667505979538,0.9994575381278992,0.9999771118164062,2752,1298,0.0937834307551384,0.9995999932289124,0.9999692440032959,2689,1446,0.23145028948783875,0.9994575381278992,0.9999908208847046,2699,1255,0.21509668231010437,0.9993671774864197,0.9999834299087524,2614,1413,0.10215412080287933,0.9990701079368591,0.9999878406524658,2661,1327,0.0952768623828888,0.9989421963691711,0.999968409538269,2426,1522,0.22116203606128693,0.9991918206214905,0.9998377561569214,2477,1074,0.21196919679641724,0.9985256791114807,0.9992941617965698,2344,1670,0.05596166476607323,0.5682443976402283,0.9984097480773926,2459,923,0.14441917836666107,0.6134566068649292,0.9992226362228394,2585,1462,-0.027954882010817528,0.3453626334667206,0.9999339580535889,2674,961,0.1778191775083542,0.7587538957595825,0.9999631643295288,2609,1399,-0.04428039863705635,0.26950889825820923,0.9998666048049927,2731,975,0.17188772559165955,0.7472796440124512,0.9999412298202515,2612,1388,-0.020131167024374008,0.2013341784477234,0.9998825788497925,2744,988,0.18777717649936676,0.6733030676841736,0.9999496936798096,2596,1406,-0.020573996007442474,0.1793045997619629,0.9999392032623291,2704,999,0.182379350066185,0.6504130363464355,0.9999756813049316,1867,1388,0.01112117525190115,0.9999524354934692,0.9999983310699463,1919,1070,-0.011560473591089249,0.9999488592147827,0.9999982118606567,1796,1783,-0.32676225900650024,0.9310240745544434,0.9999914169311523,1827,813,-0.3819963335990906,0.905664324760437,0.9999897480010986,1257,1634,-0.3627006411552429,0.6830214262008667,0.9999332427978516,1296,813,-0.38141492009162903,0.6987540125846863,0.9998113512992859,1112,1521,-0.37460291385650635,0.8575882911682129,0.9996565580368042,1200,867,-0.3868812918663025,0.8018541932106018,0.9995620846748352,1094,1724,-0.5253880620002747,0.8531615138053894,0.9972084164619446,1227,634,-0.5300806164741516,0.8382444977760315,0.9951775074005127,2452,1298,2702,968,None,None,1214,750,1103,1622
False,/data/uabcvmsc/shared/newborn/29/16.08.24/HM20240816111411.jpeg,38.0,31.2
True,/data/uabcvmsc/shared/newborn/29/16.08.24/HM20240816111512.jpeg,37.9,31.3,2768,1025,0.29726243019104004,0.9999784231185913,0.9999998807907104,2804,1071,0.33002138137817383,0.9999865293502808,0.9999998807907104,2807,1087,0.32979655265808105,0.9999796152114868,0.9999998807907104,2810,1100,0.3299267292022705,0.9999903440475464,0.9999998807907104,2791,1037,0.3364219069480896,0.999985933303833,0.9999997615814209,2774,1022,0.33611583709716797,0.9999744892120361,0.9999997615814209,2771,1019,0.3361402750015259,0.9999798536300659,0.9999996423721313,2787,1193,0.41924020648002625,0.9999865293502808,0.9999998807907104,2731,1040,0.4494166374206543,0.9999352693557739,0.9999995231628418,2735,1077,0.3267640471458435,0.999972939491272,0.9999998807907104,2713,1039,0.3329801857471466,0.9999333620071411,0.9999994039535522,2548,1417,0.3854219317436218,0.9999796152114868,0.999997615814209,2527,1010,0.3900171220302582,0.9999127388000488,0.9999722242355347,2305,1626,0.22202636301517487,0.17377489805221558,0.9998384714126587,2579,1101,0.32828137278556824,0.24746716022491455,0.9998553991317749,2376,1700,0.010943752713501453,0.6679468154907227,0.9999990463256836,2820,1282,0.3198830187320709,0.5315299034118652,0.9999908208847046,2430,1726,-0.020579902455210686,0.7906329035758972,0.999997615814209,2826,1332,0.29445740580558777,0.5183460116386414,0.9999810457229614,2459,1689,-0.028762884438037872,0.7797860503196716,0.9999984502792358,2803,1326,0.3130115270614624,0.47088250517845154,0.9999861717224121,2432,1661,0.004455053247511387,0.6542984843254089,0.9999992847442627,2785,1318,0.32234781980514526,0.3729057013988495,0.9999940395355225,2086,1479,-0.007127857767045498,0.9999873638153076,0.9999997615814209,2017,1165,0.006757947616279125,0.999984622001648,0.9999995231628418,1862,1874,-0.2553371787071228,0.8051448464393616,0.9999990463256836,1718,974,-0.379739373922348,0.8555698990821838,0.9999974966049194,1315,1942,-0.24533617496490479,0.8463677167892456,0.9999896287918091,1246,1322,-0.3449750542640686,0.6991299986839294,0.9999852180480957,1184,1885,-0.25196292996406555,0.8263841867446899,0.9999364614486694,1169,1454,-0.34541091322898865,0.7341269254684448,0.9999634027481079,1196,2146,-0.4148431718349457,0.7960652709007263,0.9993762373924255,1027,1119,-0.4868764281272888,0.635236382484436,0.9993376135826111,2538,1214,None,None,2444,1708,1169,1454,None,None
False,/data/uabcvmsc/shared/newborn/29/16.08.24/HM20240816111613.jpeg,37.3,31.1
False,/data/uabcvmsc/shared/newborn/29/16.08.24/HM20240816111714.jpeg,37.4,31.0,1612,1753,-0.07283070683479309,0.9894947409629822,0.9994606375694275,1602,1776,-0.08988850563764572,0.9938716888427734,0.9990823268890381,1604,1782,-0.09019730240106583,0.9910171031951904,0.9992958307266235,1606,1787,-0.09020993858575821,0.9956003427505493,0.9992043375968933,1603,1756,-0.09163874387741089,0.9938589930534363,0.9982885718345642,1605,1747,-0.09198115020990372,0.9912256598472595,0.9982131719589233,1606,1739,-0.09217851608991623,0.9953889846801758,0.997664213180542,1643,1774,-0.12964223325252533,0.9928141236305237,0.9993072748184204,1634,1703,-0.13905806839466095,0.9714376330375671,0.9960604310035706,1637,1736,-0.07910798490047455,0.9585505127906799,0.9991695880889893,1653,1732,-0.08374661207199097,0.959217369556427,0.99724280834198,1819,1717,-0.12395206093788147,0.9989449381828308,0.999800980091095,1752,1522,-0.1569930911064148,0.9892376661300659,0.9973092079162598,1994,1831,-0.17672288417816162,0.0015860028797760606,0.9988610744476318,1836,1597,-0.29146644473075867,0.0021314898040145636,0.9758204221725464,1772,1846,-0.21800079941749573,0.004983846563845873,0.9997050166130066,1512,1681,-0.4056504964828491,0.003977159038186073,0.9976986050605774,1715,1866,-0.23815084993839264,0.011257587932050228,0.999550998210907,1413,1687,-0.45605623722076416,0.005398080684244633,0.9982446432113647,1679,1833,-0.25779274106025696,0.010890132747590542,0.9994199275970459,1396,1709,-0.4401344060897827,0.004943745210766792,0.9983079433441162,1697,1818,-0.22682541608810425,0.007616562768816948,0.9996045231819153,1437,1736,-0.40670907497406006,0.0033658144529908895,0.9986690282821655,2292,1374,0.03320087864995003,0.9988279938697815,0.9999642372131348,2230,1259,-0.03341249004006386,0.9983100891113281,0.9999276399612427,2281,1519,0.40760818123817444,0.000240044086240232,0.9999082088470459,1880,1365,-0.08165840804576874,0.0024978467263281345,0.9999710321426392,2410,1537,0.608987033367157,0.003420294262468815,0.9998791217803955,1581,1578,-0.09767843037843704,0.006073896773159504,0.999953031539917,2440,1499,0.6256726384162903,0.006153289694339037,0.999527096748352,1590,1563,-0.09792602807283401,0.014821013435721397,0.9999113082885742,2416,1626,0.6011464595794678,0.004139918368309736,0.9997228980064392,1377,1741,-0.14214634895324707,0.01895873434841633,0.999718964099884
False,/data/uabcvmsc/shared/newborn/29/16.08.24/HM20240816111816.jpeg,36.5,30.0
False,/data/uabcvmsc/shared/newborn/29/16.08.24/HM20240816111918.jpeg,36.7,30.6
True,/data/uabcvmsc/shared/newborn/29/16.08.24/HM20240816112020.jpeg,36.6,30.3,2472,804,0.018383078277111053,0.9977439641952515,0.9998883008956909,2482,784,0.040346890687942505,0.9976373910903931,0.9998069405555725,2494,786,0.040009599179029465,0.9971864819526672,0.9998551607131958,2504,787,0.03998718783259392,0.9987265467643738,0.999854326248169,2438,780,0.02948405034840107,0.9982571005821228,0.9996060729026794,2417,779,0.02918178215622902,0.9982636570930481,0.9996476173400879,2398,776,0.029082758352160454,0.998786985874176,0.9995611310005188,2484,813,0.13278838992118835,0.9990174770355225,0.9999463558197021,2351,796,0.08509846031665802,0.995067834854126,0.9995993971824646,2480,847,0.052479926496744156,0.9993120431900024,0.9999815225601196,2432,847,0.036784566938877106,0.9987591505050659,0.9999332427978516,2500,1118,0.14945565164089203,0.9999874830245972,0.9999972581863403,2145,981,0.04831845685839653,0.9998800754547119,0.9999501705169678,2419,1464,0.0950484499335289,0.0871177613735199,0.9999392032623291,2092,1370,-0.09826697409152985,0.01679464429616928,0.998771607875824,2350,1638,-0.09511025995016098,0.05576242879033089,0.999931812286377,2216,1385,-0.30912187695503235,0.03103521838784218,0.9996492862701416,2349,1693,-0.13261030614376068,0.08568170666694641,0.9997583031654358,2244,1407,-0.35933807492256165,0.0689786747097969,0.9994493126869202,2350,1655,-0.1517818421125412,0.09066564589738846,0.9997718930244446,2253,1350,-0.36682888865470886,0.07283774018287659,0.9995494484901428,2340,1628,-0.10700462758541107,0.07035460323095322,0.999879002571106,2250,1343,-0.3176703453063965,0.05209638923406601,0.9997562766075134,2173,1596,0.04811181128025055,0.9999878406524658,0.9999996423721313,1969,1445,-0.04847028851509094,0.9999843835830688,0.9999990463256836,2346,1880,-0.235280379652977,0.4988820552825928,0.9998031258583069,2024,1300,-0.3733637034893036,0.5303989052772522,0.9999351501464844,1821,1931,-0.22611023485660553,0.12230316549539566,0.9999769926071167,1827,2000,-0.43137630820274353,0.5529255867004395,0.999754011631012,1714,1922,-0.22504502534866333,0.2444511502981186,0.999953031539917,1794,2101,-0.43574288487434387,0.34568849205970764,0.9995738863945007,1647,2131,-0.3375227451324463,0.19726236164569855,0.9997311234474182,1968,2267,-0.5780128836631775,0.5730997920036316,0.9950973391532898,None,None,None,None,None,None,None,None,None,None
False,/data/uabcvmsc/shared/newborn/29/16.08.24/HM20240816112122.jpeg,36.5,30.4
False,/data/uabcvmsc/shared/newborn/29/16.08.24/HM20240816112224.jpeg,36.6,30.3
False,/data/uabcvmsc/shared/newborn/29/16.08.24/HM20240816112327.jpeg,36.9,30.3,2379,1731,0.16737426817417145,0.9999020099639893,0.9999912977218628,2364,1761,0.19114801287651062,0.9998173117637634,0.9999827146530151,2354,1772,0.1909421980381012,0.9998610019683838,0.9999839067459106,2346,1782,0.19095881283283234,0.9998241066932678,0.9999781847000122,2386,1735,0.19390322268009186,0.9998531341552734,0.9999798536300659,2389,1730,0.19373546540737152,0.9998939037322998,0.9999810457229614,2399,1719,0.19367097318172455,0.9998815059661865,0.9999773502349854,2324,1791,0.261157751083374,0.9998764991760254,0.9999823570251465,2383,1701,0.27338093519210815,0.9996974468231201,0.9999637603759766,2323,1732,0.19117112457752228,0.9997791647911072,0.999981164932251,2350,1702,0.19262833893299103,0.999703586101532,0.9999566078186035,2197,1746,0.2399781346321106,0.9999651908874512,0.9999641180038452,2299,1512,0.23048757016658783,0.9999301433563232,0.9998495578765869,2016,1900,0.1349118947982788,0.23274096846580505,0.9988860487937927,2271,1424,0.14177168905735016,0.2445255070924759,0.9981362819671631,2019,1921,0.0005758465267717838,0.2409524917602539,0.9997188448905945,2278,1584,0.04822298139333725,0.6473492383956909,0.9997712969779968,2006,1916,-0.023761630058288574,0.36992743611335754,0.9996621608734131,2265,1620,0.013554451987147331,0.6903612017631531,0.9997090697288513,2035,1904,-0.02085329405963421,0.3515377640724182,0.9997397065162659,2276,1657,0.021000072360038757,0.6787390112876892,0.9997633099555969,2040,1901,-0.00015092783723957837,0.30572259426116943,0.9997912049293518,2285,1647,0.045165132731199265,0.6546939015388489,0.9998419284820557,1989,1471,0.02609124779701233,0.9995297193527222,0.999834418296814,2009,1317,-0.026685474440455437,0.9996762275695801,0.999729573726654,2095,1928,-0.013955269008874893,0.3665093183517456,0.9999613761901855,1967,1544,-0.15954074263572693,0.9744065999984741,0.9999642372131348,1788,2210,-0.08617546409368515,0.82872074842453,0.99969482421875,1613,1885,-0.14028960466384888,0.9794679284095764,0.9995009899139404,1713,2206,-0.09682115167379379,0.9168927669525146,0.9991093277931213,1554,1917,-0.13756869733333588,0.9841774702072144,0.999215841293335,1769,2384,-0.2245619148015976,0.7800620794296265,0.9982744455337524,1520,2054,-0.2647562026977539,0.9639261960983276,0.9973331689834595
False,/data/uabcvmsc/shared/newborn/29/16.08.24/HM20240816112429.jpeg,36.8,30.4
False,/data/uabcvmsc/shared/newborn/29/16.08.24/HM20240816112531.jpeg,36.6,30.2
False,/data/uabcvmsc/shared/newborn/29/16.08.24/HM20240816112632.jpeg,36.4,30.4
False,/data/uabcvmsc/shared/newborn/29/16.08.24/HM20240816112734.jpeg,36.3,30.4,1346,1700,-0.12194247543811798,0.9960804581642151,0.9996199607849121,1301,1675,-0.10346942394971848,0.993604838848114,0.998406708240509,1296,1650,-0.10384303331375122,0.9875634908676147,0.9981039762496948,1292,1639,-0.10383927077054977,0.9925873875617981,0.996577799320221,1329,1737,-0.09852681308984756,0.9975547194480896,0.9989702701568604,1340,1757,-0.09899003058671951,0.997103750705719,0.9992013573646545,1350,1778,-0.09933309257030487,0.9988508224487305,0.9991152882575989,1321,1593,-0.020095396786928177,0.9891384243965149,0.9969249367713928,1408,1785,0.0016677386593073606,0.9958152174949646,0.9994645714759827,1412,1645,-0.09066107124090195,0.9777021408081055,0.9989205598831177,1448,1703,-0.08651414513587952,0.9894726872444153,0.9990357160568237,1601,1355,-0.03573528304696083,0.9985693693161011,0.9995649456977844,1746,1796,0.03206202760338783,0.9997215867042542,0.999944806098938,1912,1445,-0.13596682250499725,0.01329558901488781,0.9967767596244812,2087,2043,-0.07362688332796097,0.12791064381599426,0.9997115731239319,1624,1643,-0.1861533224582672,0.015026930719614029,0.9996906518936157,1865,1948,-0.24618852138519287,0.4122443199157715,0.9999874830245972,1560,1695,-0.2089814841747284,0.02050277590751648,0.9993457198143005,1836,1933,-0.283027321100235,0.43256524205207825,0.9999611377716064,1493,1675,-0.20815828442573547,0.018876582384109497,0.9993993043899536,1767,1902,-0.2773716151714325,0.426403284072876,0.9999719858169556,1523,1675,-0.1867617666721344,0.017669234424829483,0.9997147917747498,1774,1893,-0.2496873140335083,0.36579471826553345,0.999988317489624,2254,1201,-0.025705987587571144,0.999660849571228,0.9999767541885376,2290,1448,0.025132641196250916,0.9998031258583069,0.9999922513961792,2314,1184,0.18192295730113983,0.0037498483434319496,0.9997387528419495,2044,1705,0.16991734504699707,0.0014439710648730397,0.9999877214431763,2620,1137,0.23852136731147766,0.012199130840599537,0.9991503953933716,2140,1697,0.05539478734135628,0.008212520740926266,0.9998804330825806,2694,1123,0.24149340391159058,0.021725250408053398,0.9968137145042419,2217,1637,0.044080693274736404,0.022229455411434174,0.9997469782829285,2697,1146,0.18177810311317444,0.015683570876717567,0.9968757629394531,2073,1782,-0.014537744224071503,0.018821515142917633,0.9990241527557373
False,/data/uabcvmsc/shared/newborn/29/16.08.24/HM20240816112836.jpeg,36.9,30.7,1772,1602,0.1580035388469696,0.983735203742981,0.9998828172683716,1749,1620,0.17390602827072144,0.9802203178405762,0.9998291730880737,1745,1614,0.17352744936943054,0.9830561876296997,0.9998384714126587,1742,1607,0.1734461784362793,0.9868934154510498,0.9997813105583191,1766,1643,0.1663254052400589,0.9829035401344299,0.9997960925102234,1773,1652,0.16605743765830994,0.98569655418396,0.9998072981834412,1780,1662,0.16589640080928802,0.9886548519134521,0.9997569918632507,1768,1624,0.2313137799501419,0.9830060601234436,0.9997857213020325,1827,1704,0.1936727911233902,0.9655259251594543,0.9996335506439209,1805,1592,0.18212972581386566,0.9209493398666382,0.9994332194328308,1822,1618,0.16907918453216553,0.9356210231781006,0.9993009567260742,1850,1548,0.16399003565311432,0.9997056126594543,0.99982088804245,2044,1789,0.17134946584701538,0.9997000694274902,0.9995893836021423,2247,1600,0.07108134776353836,0.011177709326148033,0.9990994930267334,2115,2024,-7.778247527312487e-05,0.0708853080868721,0.9985892176628113,2351,1670,-0.009988849982619286,0.013315853662788868,0.9998431205749512,1729,2001,-0.14291134476661682,0.12336104363203049,0.9999059438705444,2371,1676,-0.040920354425907135,0.025957658886909485,0.9998078942298889,1633,2012,-0.18413224816322327,0.16632893681526184,0.9998956918716431,2324,1706,-0.040147893130779266,0.025662610307335854,0.9997738003730774,1572,2032,-0.16467081010341644,0.1682775914669037,0.9999264478683472,2325,1709,-0.011652793735265732,0.021698016673326492,0.9998393058776855,1611,2030,-0.1406635046005249,0.13515442609786987,0.9999505281448364,2052,1342,-0.0003237134078517556,0.997934103012085,0.9992949962615967,2200,1420,-0.00024947215570136905,0.998492956161499,0.9985577464103699,1754,1475,-0.1403338760137558,0.0623803436756134,0.9998899698257446,1959,1658,-0.23567511141300201,0.06993157416582108,0.9999321699142456,1519,1565,-0.4671110212802887,0.11142496764659882,0.9996953010559082,1903,1596,-0.4382578730583191,0.0575796514749527,0.9995540976524353,1536,1498,-0.5033719539642334,0.519969642162323,0.9990019202232361,1940,1534,-0.45605307817459106,0.22073711454868317,0.99910968542099,1300,1774,-0.6070414185523987,0.3006260097026825,0.9986743927001953,1782,1719,-0.5427077412605286,0.14381597936153412,0.9983019828796387
False,/data/uabcvmsc/shared/newborn/29/16.08.24/HM20240816112938.jpeg,36.9,30.8
False,/data/uabcvmsc/shared/newborn/29/16.08.24/HM20240816113040.jpeg,37.0,30.5
False,/data/uabcvmsc/shared/newborn/29/16.08.24/HM20240816113142.jpeg,37.5,31.0
False,/data/uabcvmsc/shared/newborn/29/16.08.24/HM20240816113243.jpeg,36.9,30.5
False,/data/uabcvmsc/shared/newborn/29/16.08.24/HM20240816113344.jpeg,37.0,30.8
False,/data/uabcvmsc/shared/newborn/29/16.08.24/HM20240816113446.jpeg,37.0,30.8
False,/data/uabcvmsc/shared/newborn/29/16.08.24/HM20240816113548.jpeg,37.2,30.7
False,/data/uabcvmsc/shared/newborn/29/16.08.24/HM20240816113650.jpeg,37.0,30.8
True,/data/uabcvmsc/shared/newborn/29/16.08.24/HM20240816113752.jpeg,36.6,30.4,2780,1078,0.024639401584863663,0.9999946355819702,0.9999995231628418,2819,1105,0.057261012494564056,0.9999927282333374,0.9999988079071045,2824,1117,0.05701816454529762,0.9999895095825195,0.9999986886978149,2818,1134,0.05703840032219887,0.9999942779541016,0.9999982118606567,2784,1051,0.05325324460864067,0.9999960660934448,0.9999985694885254,2775,1039,0.052882447838783264,0.9999948740005493,0.9999986886978149,2767,1026,0.052808728069067,0.9999964237213135,0.9999980926513672,2795,1193,0.1862701028585434,0.9999911785125732,0.9999985694885254,2709,1013,0.167411208152771,0.9999861717224121,0.9999982118606567,2747,1111,0.0705651342868805,0.9999910593032837,0.9999992847442627,2722,1061,0.06293367594480515,0.9999922513961792,0.9999988079071045,2582,1392,0.2017994076013565,0.9999872446060181,0.9999974966049194,2476,968,0.19220060110092163,0.9999908208847046,0.9999964237213135,2313,1627,0.158756822347641,0.3408218324184418,0.9999339580535889,2201,928,0.09500595927238464,0.4574248492717743,0.9999121427536011,2405,1764,-0.005997218657284975,0.6738796830177307,0.9999884366989136,2094,940,-0.10390997678041458,0.788282036781311,0.9999805688858032,2451,1823,-0.037636980414390564,0.7421115636825562,0.9999681711196899,2047,889,-0.14339067041873932,0.8265324234962463,0.9999525547027588,2493,1782,-0.06764240562915802,0.7478894591331482,0.9999685287475586,2086,948,-0.16685305535793304,0.8190048336982727,0.9999667406082153,2469,1751,-0.022548241540789604,0.6959073543548584,0.9999865293502808,2118,948,-0.12008776515722275,0.7784468531608582,0.999985933303833,2139,1552,-0.005973468068987131,0.9999967813491821,0.9999998807907104,2009,1280,0.005503554828464985,0.9999974966049194,0.9999998807907104,2143,2062,-0.1969117373228073,0.9733800888061523,0.9999978542327881,1724,1172,-0.3090677261352539,0.965794026851654,0.999998927116394,1724,1876,-0.15876440703868866,0.9314329624176025,0.9999946355819702,1292,1553,-0.31841495633125305,0.9602938890457153,0.9999808073043823,1609,1818,-0.16096282005310059,0.9080776572227478,0.9999774694442749,1207,1709,-0.32181814312934875,0.9338544607162476,0.9999476671218872,1614,2046,-0.2562524378299713,0.9023857712745667,0.999667763710022,1039,1399,-0.4246620535850525,0.9368078112602234,0.9987132549285889,2529,1180,2086,931,2472,1802,1179,1554,None,None
True,/data/uabcvmsc/shared/newborn/29/16.08.24/HM20240816113854.jpeg,36.8,30.3,2800,1089,0.04722869023680687,0.9999954700469971,0.9999995231628418,2828,1115,0.07944279909133911,0.9999924898147583,0.9999985694885254,2831,1126,0.07924861460924149,0.9999884366989136,0.9999983310699463,2833,1136,0.07929065823554993,0.9999927282333374,0.999997615814209,2795,1059,0.0773998498916626,0.9999964237213135,0.9999986886978149,2785,1046,0.07705182582139969,0.9999961853027344,0.999998927116394,2776,1032,0.07700006663799286,0.9999973773956299,0.9999986886978149,2809,1188,0.20700697600841522,0.9999910593032837,0.9999978542327881,2731,1020,0.19576895236968994,0.9999924898147583,0.999998927116394,2754,1123,0.09176994115114212,0.9999960660934448,0.9999995231628418,2723,1075,0.08658776432275772,0.9999973773956299,0.9999994039535522,2572,1400,0.21688923239707947,0.9999897480010986,0.999996542930603,2493,988,0.19913947582244873,0.9999978542327881,0.999998927116394,2307,1627,0.12821659445762634,0.5679970979690552,0.9999345541000366,2253,861,0.07104802131652832,0.8962520360946655,0.9999685287475586,2393,1753,-0.10364491492509842,0.8335010409355164,0.9999756813049316,2123,921,-0.20449304580688477,0.9835413098335266,0.9999934434890747,2435,1816,-0.15323156118392944,0.8850300908088684,0.9999289512634277,2037,910,-0.26259592175483704,0.985099732875824,0.9999778270721436,2479,1780,-0.1822025626897812,0.8946887254714966,0.9999407529830933,2083,992,-0.2852573096752167,0.985686719417572,0.9999865293502808,2455,1748,-0.12219099700450897,0.8586277961730957,0.9999717473983765,2116,1006,-0.22231581807136536,0.9773160815238953,0.9999943971633911,2133,1570,0.006556415930390358,0.9999966621398926,0.9999997615814209,2023,1293,-0.006961398757994175,0.9999984502792358,0.9999998807907104,2133,2077,-0.23235128819942474,0.9751997590065002,0.9999825954437256,1726,1194,-0.3570576310157776,0.9835846424102783,0.9999960660934448,1734,1905,-0.1014086902141571,0.8838632106781006,0.9999915361404419,1297,1544,-0.2626131772994995,0.955223560333252,0.9999680519104004,1636,1815,-0.09213762730360031,0.8649514317512512,0.9999788999557495,1250,1667,-0.2544894814491272,0.8776813745498657,0.9999394416809082,1581,2053,-0.20450478792190552,0.8746647834777832,0.9997422099113464,1041,1633,-0.3862335979938507,0.930557370185852,0.9989604949951172,2532,1194,2090,957,2440,1774,1196,1615,None,None
True,/data/uabcvmsc/shared/newborn/29/16.08.24/HM20240816113958.jpeg,36.5,30.3,2813,1077,0.06702672690153122,0.9999974966049194,0.9999997615814209,2850,1107,0.09997934103012085,0.9999957084655762,0.9999990463256836,2849,1121,0.09978777915239334,0.9999934434890747,0.999998927116394,2857,1140,0.09983857721090317,0.9999958276748657,0.9999984502792358,2820,1062,0.09275662899017334,0.9999980926513672,0.9999992847442627,2809,1049,0.0923834815621376,0.9999979734420776,0.9999994039535522,2793,1027,0.09233616292476654,0.9999985694885254,0.9999992847442627,2825,1184,0.22595496475696564,0.9999949932098389,0.9999983310699463,2733,1024,0.19275547564029694,0.9999967813491821,0.9999994039535522,2786,1121,0.111109659075737,0.9999980926513672,0.9999996423721313,2759,1076,0.09940292686223984,0.9999988079071045,0.9999996423721313,2587,1400,0.24140271544456482,0.999993085861206,0.9999970197677612,2510,974,0.1877249926328659,0.9999991655349731,0.9999995231628418,2320,1619,0.15826088190078735,0.5814592838287354,0.999890923500061,2248,815,0.06690771132707596,0.9651229977607727,0.9999799728393555,2400,1743,-0.06864117085933685,0.9208531975746155,0.9999895095825195,2129,913,-0.17108845710754395,0.9965072274208069,0.9999977350234985,2448,1815,-0.11356070637702942,0.9433138370513916,0.9999706745147705,2023,912,-0.22209934890270233,0.9961349964141846,0.9999901056289673,2488,1777,-0.14298734068870544,0.9457886219024658,0.9999769926071167,2069,996,-0.24234429001808167,0.9960066676139832,0.9999942779541016,2465,1737,-0.0870118960738182,0.9263286590576172,0.9999898672103882,2101,1023,-0.18617837131023407,0.9933079481124878,0.9999978542327881,2146,1520,0.009438217617571354,0.9999970197677612,0.9999997615814209,2060,1251,-0.009920327924191952,0.9999988079071045,0.9999998807907104,2130,2077,-0.23798345029354095,0.9864875674247742,0.9999920129776001,1752,1160,-0.3469974994659424,0.9921898245811462,0.9999984502792358,1740,1865,-0.14680154621601105,0.9598345160484314,0.999994158744812,1262,1517,-0.3116181492805481,0.9880807399749756,0.9999779462814331,1633,1789,-0.14217232167720795,0.9501764178276062,0.999982476234436,1205,1656,-0.3100101351737976,0.9606748223304749,0.9999485015869141,1609,2082,-0.2369820475578308,0.9496271014213562,0.9996672868728638,932,1490,-0.4267634153366089,0.9775211811065674,0.9985488057136536,2548,1187,2080,961,2450,1768,1133,1554,None,None
False,/data/uabcvmsc/shared/newborn/29/16.08.24/HM20240816114101.jpeg,36.5,30.5
True,/data/uabcvmsc/shared/newborn/29/16.08.24/HM20240816114203.jpeg,36.3,29.2,2742,1082,0.1615702360868454,0.9999773502349854,0.9999996423721313,2784,1104,0.19818592071533203,0.9999638795852661,0.9999988079071045,2771,1124,0.1980229765176773,0.9999402761459351,0.9999985694885254,2778,1147,0.19810175895690918,0.999962329864502,0.9999978542327881,2758,1065,0.1909351497888565,0.999983549118042,0.9999990463256836,2751,1056,0.19057823717594147,0.9999816417694092,0.9999991655349731,2733,1035,0.1905926913022995,0.9999872446060181,0.9999990463256836,2741,1181,0.3235380947589874,0.9999672174453735,0.9999982118606567,2684,1030,0.2871308922767639,0.9999706745147705,0.9999991655349731,2693,1154,0.2038545459508896,0.9999910593032837,0.9999997615814209,2690,1086,0.1913883090019226,0.999992847442627,0.9999997615814209,2527,1421,0.30362367630004883,0.9999924898147583,0.999996542930603,2454,972,0.24900440871715546,0.9999986886978149,0.9999990463256836,2301,1682,0.148774191737175,0.573411226272583,0.9997968077659607,2225,837,0.02896830625832081,0.9153745770454407,0.9999463558197021,2402,1762,-0.1440848708152771,0.8792068362236023,0.9999759197235107,2100,933,-0.316914826631546,0.9927664995193481,0.9999927282333374,2461,1794,-0.20138826966285706,0.9205621480941772,0.9999333620071411,2013,915,-0.3902732729911804,0.9935739636421204,0.9999743700027466,2496,1755,-0.22155095636844635,0.9230967164039612,0.9999569654464722,2062,1008,-0.4009930193424225,0.9934453964233398,0.9999874830245972,2468,1730,-0.1605396270751953,0.8827795386314392,0.9999796152114868,2091,1020,-0.3321956694126129,0.9875297546386719,0.9999946355819702,2141,1569,0.013488320633769035,0.9999957084655762,0.9999997615814209,2015,1262,-0.01399522926658392,0.9999974966049194,0.9999998807907104,2042,2089,-0.265610009431839,0.9855818152427673,0.9999856948852539,1683,1194,-0.42771151661872864,0.9812638759613037,0.9999933242797852,1552,1984,-0.12676233053207397,0.9530096054077148,0.9999836683273315,1271,1579,-0.2581325173377991,0.9283004999160767,0.999962329864502,1455,1902,-0.11777603626251221,0.955708920955658,0.9999555349349976,1252,1701,-0.2427094429731369,0.8767362236976624,0.9999368190765381,1425,2202,-0.2520592212677002,0.9443814754486084,0.9994308352470398,968,1629,-0.37760454416275024,0.8792973756790161,0.9989168643951416,2490,1196,2066,969,2457,1760,1164,1636,None,None
False,/data/uabcvmsc/shared/newborn/29/16.08.24/HM20240816114305.jpeg,36.7,28.5
False,/data/uabcvmsc/shared/newborn/29/16.08.24/HM20240816114406.jpeg,36.5,29.8
True,/data/uabcvmsc/shared/newborn/29/16.08.24/HM20240816114509.jpeg,36.1,29.4,2725,1171,0.16942958533763885,0.9999984502792358,1.0,2753,1203,0.20811577141284943,0.9999966621398926,0.9999998807907104,2761,1234,0.20802287757396698,0.9999949932098389,0.9999998807907104,2764,1255,0.20809011161327362,0.9999955892562866,0.9999997615814209,2720,1133,0.20178894698619843,0.999998927116394,0.9999998807907104,2708,1116,0.20157039165496826,0.9999990463256836,0.9999998807907104,2697,1096,0.20156864821910858,0.9999991655349731,0.9999998807907104,2727,1320,0.35382726788520813,0.9999959468841553,0.9999997615814209,2666,1084,0.3215077519416809,0.9999973773956299,0.9999998807907104,2681,1237,0.22018560767173767,0.9999986886978149,0.9999998807907104,2650,1157,0.208818256855011,0.9999990463256836,0.9999998807907104,2541,1468,0.37281468510627747,0.9999978542327881,0.9999988079071045,2451,1031,0.2889869213104248,0.9999997615814209,0.9999996423721313,2467,1690,0.22640322148799896,0.9370388388633728,0.9999198913574219,2266,900,0.13299201428890228,0.9630377888679504,0.9999797344207764,2583,1627,-0.027666635811328888,0.9726606011390686,0.9999955892562866,2109,904,-0.11737369745969772,0.9963887929916382,0.999995231628418,2630,1622,-0.07458240538835526,0.9683277606964111,0.9999842643737793,2012,892,-0.17320379614830017,0.9959344863891602,0.9999754428863525,2637,1594,-0.07463021576404572,0.9611877202987671,0.9999908208847046,2053,963,-0.18362455070018768,0.9952743053436279,0.9999858140945435,2612,1590,-0.03384812921285629,0.9425252676010132,0.9999960660934448,2084,982,-0.12972883880138397,0.9927616715431213,0.9999949932098389,2127,1563,0.05207221582531929,0.9999988079071045,1.0,2018,1254,-0.05256713181734085,0.9999995231628418,1.0,2077,2109,-0.22901344299316406,0.9906412959098816,0.9999890327453613,1731,1262,-0.4243064224720001,0.9988964796066284,0.9999960660934448,1607,1962,-0.20245225727558136,0.9006336331367493,0.9999879598617554,1387,1769,-0.46032074093818665,0.9830654859542847,0.9999490976333618,1525,1863,-0.20489385724067688,0.9805514812469482,0.9999692440032959,1312,1872,-0.4674888551235199,0.9880146384239197,0.9998992681503296,1459,2139,-0.35764917731285095,0.9641536474227905,0.9996150732040405,1261,2022,-0.6561254858970642,0.9911971092224121,0.9983159303665161,2496,1250,2064,935,2616,1608,1320,1888,1530,1988
True,/data/uabcvmsc/shared/newborn/29/16.08.24/HM20240816114611.jpeg,36.3,30.4,2825,1223,0.04201999679207802,0.9999599456787109,0.9999991655349731,2833,1226,0.08297603577375412,0.9999475479125977,0.9999982118606567,2833,1235,0.08277896791696548,0.9999268054962158,0.9999983310699463,2835,1258,0.08283732831478119,0.9999542236328125,0.9999977350234985,2810,1167,0.07350882887840271,0.9999675750732422,0.9999973773956299,2800,1157,0.07327059656381607,0.999961256980896,0.9999973773956299,2791,1146,0.07329162955284119,0.9999678134918213,0.9999961853027344,2786,1296,0.23596704006195068,0.999951958656311,0.9999988079071045,2727,1125,0.19151054322719574,0.9998444318771362,0.999995231628418,2769,1259,0.09481406211853027,0.9999698400497437,0.9999994039535522,2749,1212,0.07993266731500626,0.9999585151672363,0.9999982118606567,2586,1467,0.23807744681835175,0.999983549118042,0.9999960660934448,2485,1046,0.16497498750686646,0.99994957447052,0.999954342842102,2477,1689,-0.0006789931212551892,0.4384195804595947,0.9996107220649719,2316,981,-0.0606299564242363,0.18143144249916077,0.9983199238777161,2596,1616,-0.3375353515148163,0.4452039301395416,0.9999568462371826,2414,940,-0.3323325514793396,0.22466911375522614,0.9990442395210266,2650,1616,-0.40036895871162415,0.4655536413192749,0.9998868703842163,2432,926,-0.39447858929634094,0.2952462434768677,0.9981445074081421,2654,1577,-0.3904952108860016,0.42486459016799927,0.9999262094497681,2471,935,-0.39297229051589966,0.26494264602661133,0.9989338517189026,2631,1574,-0.34282350540161133,0.3182346820831299,0.9999620914459229,2466,947,-0.3418850004673004,0.21017888188362122,0.9994754195213318,2161,1565,0.04719080775976181,0.9999979734420776,1.0,2069,1267,-0.047546885907649994,0.9999982118606567,0.9999998807907104,2061,2091,-0.2241215854883194,0.8765988945960999,0.9999901056289673,1759,1230,-0.4399007260799408,0.9690811634063721,0.9999852180480957,1627,1949,-0.16785241663455963,0.6437338590621948,0.9999895095825195,1408,1696,-0.3877606987953186,0.8796843886375427,0.9999618530273438,1519,1866,-0.16815076768398285,0.8582876324653625,0.9999707937240601,1388,1769,-0.3860454857349396,0.8656030893325806,0.9999337196350098,1481,2148,-0.341451495885849,0.8028813600540161,0.9996813535690308,1224,1909,-0.5808615684509277,0.8893013596534729,0.9988645315170288,2536,1256,None,None,None,None,1340,1791,1500,2007
True,/data/uabcvmsc/shared/newborn/29/16.08.24/HM20240816114713.jpeg,36.2,30.2,2763,1194,-0.12401358038187027,0.9999934434890747,0.9999994039535522,2803,1235,-0.09336800128221512,0.9999864101409912,0.9999983310699463,2806,1258,-0.09363856911659241,0.9999803304672241,0.9999979734420776,2807,1275,-0.09356329590082169,0.9999843835830688,0.9999966621398926,2775,1156,-0.09910914301872253,0.9999948740005493,0.9999988079071045,2761,1127,-0.0995309054851532,0.9999953508377075,0.9999991655349731,2751,1107,-0.09965366870164871,0.9999969005584717,0.9999990463256836,2779,1326,0.04741431027650833,0.9999767541885376,0.9999960660934448,2707,1091,0.01860625669360161,0.9999895095825195,0.9999990463256836,2721,1268,-0.07155267894268036,0.9999881982803345,0.9999990463256836,2696,1163,-0.08221665024757385,0.999994158744812,0.9999990463256836,2564,1495,0.11181014776229858,0.9999836683273315,0.9999946355819702,2483,1037,0.057348329573869705,0.9999971389770508,0.9999980926513672,2295,1682,0.10692697018384933,0.7484996318817139,0.9998893737792969,2253,967,-0.024316169321537018,0.96234530210495,0.9999591112136841,2429,1865,-0.025785328820347786,0.9273998737335205,0.9999722242355347,2077,932,-0.25039851665496826,0.997017502784729,0.9999961853027344,2454,1947,-0.049108706414699554,0.91704922914505,0.999913215637207,1967,877,-0.2966002821922302,0.9956705570220947,0.999982476234436,2495,1930,-0.08701816946268082,0.9239048361778259,0.9999071359634399,1976,950,-0.32947883009910583,0.9960479140281677,0.9999855756759644,2479,1888,-0.04431315138936043,0.9143287539482117,0.9999593496322632,2004,997,-0.2708096504211426,0.9944233298301697,0.9999948740005493,2115,1647,0.019415197893977165,0.9999880790710449,0.999998927116394,2031,1310,-0.01985740475356579,0.9999924898147583,0.9999990463256836,1964,2090,-0.23936410248279572,0.969411313533783,0.9999808073043823,1735,1295,-0.3413633704185486,0.9388647079467773,0.9999868869781494,1448,2180,-0.14105553925037384,0.9438682198524475,0.9999306201934814,1399,1774,-0.16292667388916016,0.8356115818023682,0.9999217987060547,1317,2106,-0.13761012256145477,0.8681556582450867,0.99978107213974,1383,1868,-0.1478172242641449,0.5654163360595703,0.9998830556869507,1304,2405,-0.27593302726745605,0.9330729842185974,0.997706413269043,1138,1856,-0.2765350937843323,0.7917850613594055,0.9986585378646851,2524,1266,2006,939,2464,1908,1268,1815,1356,2230
True,/data/uabcvmsc/shared/newborn/29/16.08.24/HM20240816114814.jpeg,37.1,31.1,2760,1219,0.169703871011734,0.9999988079071045,1.0,2792,1252,0.21415159106254578,0.9999978542327881,0.9999998807907104,2792,1275,0.2139754444360733,0.9999969005584717,0.9999997615814209,2793,1293,0.21412347257137299,0.9999973773956299,0.9999996423721313,2767,1166,0.2025441825389862,0.9999990463256836,0.9999998807907104,2752,1142,0.20221804082393646,0.9999990463256836,0.9999998807907104,2738,1118,0.20218871533870697,0.9999992847442627,0.9999998807907104,2743,1345,0.37476223707199097,0.9999961853027344,0.9999995231628418,2680,1106,0.3171350359916687,0.9999973773956299,0.9999997615814209,2712,1288,0.22539684176445007,0.9999974966049194,0.9999997615814209,2688,1191,0.20642884075641632,0.9999980926513672,0.9999997615814209,2536,1490,0.4023341238498688,0.99998939037323,0.9999966621398926,2489,1045,0.28901979327201843,0.9999973773956299,0.9999979734420776,2284,1679,0.34739235043525696,0.7611173391342163,0.9999240636825562,2276,951,0.16990745067596436,0.9451157450675964,0.9999457597732544,2412,1731,0.16679824888706207,0.9725667238235474,0.9999961853027344,2089,920,-0.054449375718832016,0.9958916902542114,0.9999953508377075,2438,1773,0.13837209343910217,0.9737221002578735,0.999987006187439,1999,867,-0.09941104054450989,0.99558025598526,0.9999781847000122,2488,1741,0.11941695958375931,0.9740728139877319,0.9999891519546509,2008,947,-0.1214345246553421,0.9956490397453308,0.9999849796295166,2474,1708,0.15467017889022827,0.96542888879776,0.9999954700469971,2026,978,-0.07016252726316452,0.9939128756523132,0.9999947547912598,2051,1668,0.04855620861053467,0.999991774559021,0.9999991655349731,1998,1313,-0.04903225228190422,0.9999926090240479,0.999998927116394,2026,2146,-0.2855079174041748,0.9909635782241821,0.9999825954437256,1841,1152,-0.4670385718345642,0.9904639720916748,0.9999796152114868,1492,2169,-0.35860544443130493,0.9821871519088745,0.9999444484710693,1617,1734,-0.3750641644001007,0.889149010181427,0.9999428987503052,1386,2116,-0.37143898010253906,0.9826228618621826,0.9998061060905457,1597,1802,-0.36659911274909973,0.8588431477546692,0.9999146461486816,1413,2422,-0.5310781598091125,0.9852434396743774,0.9976661205291748,1471,1954,-0.4981018006801605,0.9004267454147339,0.9992018342018127,2512,1268,2030,928,2453,1738,1562,1830,1430,2236
True,/data/uabcvmsc/shared/newborn/29/16.08.24/HM20240816114915.jpeg,36.6,30.9,2802,1183,0.16749832034111023,0.9999527931213379,0.9999985694885254,2816,1210,0.20489555597305298,0.9999092817306519,0.9999964237213135,2815,1221,0.20474201440811157,0.9999029636383057,0.9999961853027344,2816,1244,0.204752579331398,0.9999041557312012,0.9999951124191284,2811,1160,0.20128948986530304,0.9999549388885498,0.9999960660934448,2799,1136,0.20105238258838654,0.999964714050293,0.9999964237213135,2794,1125,0.20101837813854218,0.9999648332595825,0.9999953508377075,2777,1281,0.334497332572937,0.999930739402771,0.9999970197677612,2738,1103,0.3143807053565979,0.9999206066131592,0.9999955892562866,2761,1231,0.21097585558891296,0.999967098236084,0.9999990463256836,2743,1165,0.20328570902347565,0.9999723434448242,0.9999985694885254,2574,1442,0.3146151006221771,0.999988317489624,0.9999953508377075,2469,1018,0.27418264746665955,0.9999912977218628,0.9999904632568359,2310,1629,0.1548009067773819,0.6431954503059387,0.999840259552002,2180,1023,0.08124846965074539,0.7030743360519409,0.9995827078819275,2421,1760,-0.11746431142091751,0.8403596878051758,0.9999552965164185,2081,968,-0.1971055269241333,0.8561828136444092,0.9996778964996338,2447,1828,-0.16612477600574493,0.8916017413139343,0.999883770942688,2033,945,-0.25550901889801025,0.8980606198310852,0.9992745518684387,2486,1811,-0.1805797666311264,0.8878868818283081,0.9999122619628906,2059,986,-0.26704126596450806,0.8968896269798279,0.9995467066764832,2469,1770,-0.13088154792785645,0.8482080698013306,0.999956488609314,2094,1000,-0.21168123185634613,0.8674132823944092,0.9997842907905579,2136,1544,0.02794233150780201,0.9999926090240479,0.9999996423721313,2047,1278,-0.02840319462120533,0.9999948740005493,0.9999995231628418,2287,2024,-0.2970382571220398,0.9954311847686768,0.9999678134918213,1830,1152,-0.4720301330089569,0.998678982257843,0.9999738931655884,1812,1946,-0.233064204454422,0.9053464531898499,0.9999642372131348,1649,1659,-0.42807406187057495,0.9522585868835449,0.9999289512634277,1733,1900,-0.23097217082977295,0.978270947933197,0.9999226331710815,1596,1738,-0.42500627040863037,0.9714233875274658,0.9998911619186401,1727,2018,-0.3820308446884155,0.9696184992790222,0.9995577931404114,1579,1830,-0.5882582664489746,0.9793549180030823,0.9989174604415894,2522,1230,2067,975,2456,1792,1608,1742,1757,1955
True,/data/uabcvmsc/shared/newborn/29/16.08.24/HM20240816115019.jpeg,37.0,31.1,2797,1178,0.16197651624679565,0.9999938011169434,0.9999998807907104,2823,1201,0.20603524148464203,0.9999916553497314,0.9999998807907104,2827,1219,0.20585812628269196,0.9999904632568359,0.9999998807907104,2831,1236,0.20591039955615997,0.9999916553497314,0.9999998807907104,2804,1148,0.20013463497161865,0.9999959468841553,0.9999998807907104,2797,1135,0.19985124468803406,0.999996542930603,0.9999998807907104,2791,1122,0.19979940354824066,0.9999961853027344,0.9999997615814209,2782,1298,0.35352855920791626,0.9999914169311523,0.9999998807907104,2724,1108,0.32477906346321106,0.9999868869781494,0.9999997615814209,2769,1224,0.21072490513324738,0.9999920129776001,0.9999998807907104,2750,1165,0.20061670243740082,0.9999904632568359,0.9999997615814209,2537,1485,0.34751707315444946,0.9999943971633911,0.999998927116394,2462,1015,0.27088528871536255,0.9999897480010986,0.999995231628418,2286,1677,0.200658917427063,0.6347216963768005,0.9999393224716187,2158,1017,0.0698971152305603,0.5722501277923584,0.9997884631156921,2410,1857,-0.07508164644241333,0.8166629076004028,0.9999889135360718,2031,980,-0.21368896961212158,0.6508095264434814,0.999708354473114,2439,1925,-0.11963105201721191,0.858112633228302,0.9999679327011108,1998,955,-0.2699582874774933,0.7053351998329163,0.9993116855621338,2476,1914,-0.1392151117324829,0.855540931224823,0.9999767541885376,2022,962,-0.28468966484069824,0.6987366676330566,0.9995545744895935,2464,1880,-0.09093824774026871,0.8224634528160095,0.9999885559082031,2039,978,-0.22938202321529388,0.6732927560806274,0.9997863173484802,2115,1522,0.028477299958467484,0.9999982118606567,1.0,2101,1213,-0.029024263843894005,0.9999980926513672,1.0,1954,1988,-0.37700197100639343,0.9976930022239685,0.9999909400939941,1846,1098,-0.5256611108779907,0.9965800642967224,0.9999816417694092,1510,1644,-0.41880953311920166,0.9411752223968506,0.9999926090240479,1691,1646,-0.4962458908557892,0.7970499992370605,0.999982476234436,1391,1561,-0.4261649549007416,0.990812361240387,0.9999788999557495,1676,1722,-0.49284598231315613,0.9566939473152161,0.9999761581420898,1371,1691,-0.5905506610870361,0.9787982106208801,0.9998443126678467,1650,1814,-0.6370387673377991,0.9445194602012634,0.9997246861457825,2500,1250,1998,955,2447,1894,1672,1727,1424,1632
True,/data/uabcvmsc/shared/newborn/29/16.08.24/HM20240816115120.jpeg,36.9,31.1,2800,1275,0.09952471405267715,0.9999997615814209,1.0,2824,1291,0.14472635090351105,0.9999996423721313,1.0,2826,1314,0.1444726437330246,0.9999997615814209,1.0,2827,1329,0.14455805718898773,0.9999997615814209,1.0,2800,1232,0.13608808815479279,0.9999997615814209,1.0,2785,1204,0.1357700377702713,0.9999997615814209,1.0,2775,1188,0.13567207753658295,0.9999997615814209,1.0,2783,1374,0.3047923147678375,0.9999997615814209,1.0,2713,1158,0.26333916187286377,0.9999991655349731,0.9999998807907104,2749,1333,0.15458768606185913,0.9999986886978149,0.9999998807907104,2724,1249,0.14066185057163239,0.9999978542327881,0.9999997615814209,2513,1537,0.31533950567245483,0.9999895095825195,0.9999986886978149,2501,1092,0.26126983761787415,0.9999504089355469,0.9999774694442749,2274,1711,0.2625278830528259,0.8198981285095215,0.9999438524246216,2373,877,0.18126331269741058,0.7994316816329956,0.9996532201766968,2424,1873,0.12914296984672546,0.9672889113426208,0.9999949932098389,2392,677,0.05462408810853958,0.8914680480957031,0.9997292160987854,2467,1929,0.11387345939874649,0.9707446098327637,0.9999822378158569,2402,599,0.03578917309641838,0.916468620300293,0.9992172718048096,2502,1917,0.08976510167121887,0.9712315201759338,0.9999817609786987,2422,595,0.01519101019948721,0.9169101119041443,0.9993170499801636,2488,1881,0.11460104584693909,0.9684715270996094,0.999991774559021,2417,633,0.03998175263404846,0.9308435916900635,0.9997020363807678,2046,1628,0.01541467010974884,0.9999957084655762,0.9999997615814209,2023,1292,-0.015889931470155716,0.9999929666519165,0.9999995231628418,1852,1972,-0.34205153584480286,0.9988180994987488,0.9999852180480957,1831,1037,-0.3891475200653076,0.9942424893379211,0.9999288320541382,1338,1645,-0.43928858637809753,0.9904099702835083,0.9999856948852539,1655,1553,-0.29347285628318787,0.8604243993759155,0.9999678134918213,1283,1548,-0.4511410892009735,0.9971959590911865,0.9999505281448364,1628,1633,-0.2819249629974365,0.9611901044845581,0.9999667406082153,1128,1708,-0.5928179621696472,0.9965740442276001,0.9990955591201782,1481,1654,-0.3745012879371643,0.961798906326294,0.9993890523910522,2507,1314,None,None,2470,1900,1588,1613,1250,1634
True,/data/uabcvmsc/shared/newborn/29/16.08.24/HM20240816115222.jpeg,36.6,30.9,2758,1251,-0.0842178612947464,0.9999997615814209,1.0,2800,1276,-0.046077702194452286,0.9999997615814209,1.0,2804,1300,-0.04626036062836647,0.9999995231628418,1.0,2805,1328,-0.046111755073070526,0.9999996423721313,0.9999998807907104,2773,1201,-0.05479291453957558,0.9999997615814209,1.0,2755,1176,-0.05508068576455116,0.9999997615814209,1.0,2742,1156,-0.055074259638786316,0.9999997615814209,0.9999998807907104,2757,1374,0.11634192615747452,0.9999994039535522,0.9999998807907104,2668,1140,0.07470376044511795,0.999998927116394,0.9999998807907104,2704,1321,-0.02563539519906044,0.9999992847442627,0.9999998807907104,2672,1230,-0.03975650668144226,0.9999991655349731,0.9999997615814209,2521,1546,0.1567743718624115,0.9999896287918091,0.9999960660934448,2444,1098,0.08665093779563904,0.9999854564666748,0.9999904632568359,2263,1739,-0.02212633565068245,0.8518760800361633,0.9992349147796631,2353,868,-0.10943863540887833,0.9284138083457947,0.9993882179260254,2417,1750,-0.33778101205825806,0.9482535123825073,0.9999898672103882,2426,1013,-0.3679189085960388,0.963254988193512,0.999967098236084,2450,1781,-0.39581018686294556,0.9527391195297241,0.9999731779098511,2393,1086,-0.42557814717292786,0.9523472785949707,0.9998888969421387,2493,1741,-0.40150290727615356,0.9498905539512634,0.9999852180480957,2447,1105,-0.41939935088157654,0.9459114074707031,0.9999485015869141,2475,1716,-0.3470844030380249,0.9194661974906921,0.999993085861206,2445,1092,-0.3727452754974365,0.9198183417320251,0.9999793767929077,2018,1662,0.02087668888270855,0.9999896287918091,0.9999992847442627,1954,1335,-0.021245628595352173,0.9999880790710449,0.999998927116394,1885,2063,-0.3277309536933899,0.9837701320648193,0.9999896287918091,1759,1066,-0.40505310893058777,0.9574456214904785,0.9999843835830688,1349,1966,-0.3445034921169281,0.9884032607078552,0.9999774694442749,1440,1594,-0.2771621346473694,0.9189197421073914,0.9999749660491943,1217,1869,-0.3520036041736603,0.9816131591796875,0.9998985528945923,1404,1697,-0.26639890670776367,0.862930953502655,0.999954104423523,1191,2185,-0.5137163400650024,0.9806987643241882,0.9980704188346863,1202,1661,-0.39487558603286743,0.8800858855247498,0.9990140199661255,2482,1322,2428,1074,2459,1747,1349,1651,1252,2007
True,/data/uabcvmsc/shared/newborn/29/16.08.24/HM20240816115324.jpeg,36.9,31.3,2732,1218,-0.19063933193683624,0.9999996423721313,1.0,2774,1257,-0.15631945431232452,0.9999996423721313,1.0,2778,1295,-0.15662507712841034,0.9999995231628418,1.0,2779,1321,-0.1565198451280594,0.9999996423721313,0.9999998807907104,2748,1164,-0.16171769797801971,0.9999996423721313,0.9999998807907104,2734,1135,-0.16202861070632935,0.9999995231628418,0.9999998807907104,2724,1115,-0.16207008063793182,0.9999994039535522,0.9999996423721313,2733,1378,0.002058585174381733,0.9999994039535522,0.9999998807907104,2659,1099,-0.024533586576581,0.9999969005584717,0.9999992847442627,2663,1297,-0.13078977167606354,0.9999974966049194,0.9999997615814209,2640,1203,-0.14111456274986267,0.9999959468841553,0.9999990463256836,2499,1531,0.060345474630594254,0.9999908208847046,0.9999982118606567,2455,1058,0.05761194974184036,0.9998693466186523,0.9999246597290039,2260,1725,-0.038220010697841644,0.7835332155227661,0.9997596144676208,2270,906,-0.0008324284572154284,0.2637501657009125,0.9973589777946472,2417,1751,-0.23833011090755463,0.9146937727928162,0.9999908208847046,2271,760,-0.11925209313631058,0.3308999538421631,0.998816967010498,2455,1803,-0.27056634426116943,0.9111772179603577,0.9999738931655884,2284,691,-0.1435324102640152,0.3867200016975403,0.9975070357322693,2495,1757,-0.28269821405410767,0.9067373275756836,0.9999788999557495,2318,686,-0.1631675809621811,0.3879578113555908,0.9981334805488586,2477,1723,-0.24721531569957733,0.8745573163032532,0.9999901056289673,2315,726,-0.13352470099925995,0.40840470790863037,0.999161958694458,2061,1617,0.010479794815182686,0.9999542236328125,0.9999973773956299,1984,1283,-0.01083152275532484,0.9998940229415894,0.9999903440475464,1882,1982,-0.270065575838089,0.9318689703941345,0.9999849796295166,1747,1097,-0.39186063408851624,0.8628048300743103,0.9999402761459351,1323,2159,-0.34615659713745117,0.9479885101318359,0.9997542500495911,1288,1430,-0.3333027958869934,0.7695268988609314,0.9997991919517517,1164,2101,-0.36247918009757996,0.8990386724472046,0.9988235831260681,1214,1558,-0.33126312494277954,0.6673316955566406,0.9996355772018433,1151,2419,-0.5167407393455505,0.9349738955497742,0.9892128705978394,1050,1470,-0.4465339183807373,0.7395133376121521,0.9951954483985901,2477,1294,None,None,2461,1758,1169,1450,None,None
True,/data/uabcvmsc/shared/newborn/29/16.08.24/HM20240816115425.jpeg,36.7,31.0,2775,1281,0.05229049548506737,0.9999959468841553,0.9999997615814209,2812,1294,0.09706313908100128,0.9999899864196777,0.9999994039535522,2812,1312,0.09675472229719162,0.9999866485595703,0.9999991655349731,2812,1331,0.09686750173568726,0.9999895095825195,0.9999986886978149,2795,1227,0.08071519434452057,0.9999945163726807,0.9999994039535522,2782,1199,0.08032523840665817,0.9999949932098389,0.9999995231628418,2769,1166,0.08026022464036942,0.9999953508377075,0.9999992847442627,2760,1356,0.25246304273605347,0.9999858140945435,0.9999982118606567,2693,1124,0.1776207536458969,0.9999842643737793,0.9999988079071045,2716,1345,0.10606206208467484,0.9999779462814331,0.9999985694885254,2697,1263,0.08213138580322266,0.9999802112579346,0.9999979734420776,2491,1502,0.28751641511917114,0.9999744892120361,0.9999878406524658,2498,1096,0.136755108833313,0.9999886751174927,0.9999842643737793,2249,1729,0.3101211190223694,0.5541794896125793,0.9999297857284546,2336,928,-0.02905070222914219,0.9809463620185852,0.9999197721481323,2212,2031,0.2235627919435501,0.938261091709137,0.9999560117721558,2226,1018,-0.25588446855545044,0.9986732006072998,0.9999972581863403,2160,2139,0.211778461933136,0.9417096376419067,0.9998121857643127,2141,1000,-0.3070114254951477,0.9981864094734192,0.9999871253967285,2207,2157,0.16771763563156128,0.948785126209259,0.9998195767402649,2200,1089,-0.31984710693359375,0.9982491731643677,0.9999911785125732,2221,2114,0.2027546912431717,0.9486187100410461,0.9999239444732666,2219,1103,-0.2683962881565094,0.9971120357513428,0.9999966621398926,2037,1653,0.031893838196992874,0.9999514818191528,0.9999934434890747,1999,1353,-0.032579127699136734,0.9999433755874634,0.9999922513961792,1884,2082,-0.27858081459999084,0.9592400789260864,0.9999679327011108,1601,1165,-0.25662004947662354,0.9282355904579163,0.9999551773071289,1302,2069,-0.31745103001594543,0.9713640809059143,0.9998877048492432,1164,1261,-0.0875941663980484,0.872906506061554,0.999648928642273,1168,1985,-0.32767927646636963,0.9617391228675842,0.9995371103286743,1115,1320,-0.0712103620171547,0.7691876292228699,0.9995536208152771,1142,2325,-0.45293378829956055,0.9570678472518921,0.9936285614967346,974,1221,-0.14492566883563995,0.814903199672699,0.9956896901130676,2494,1299,2196,1052,2200,2110,1084,1267,1204,2126
True,/data/uabcvmsc/shared/newborn/29/16.08.24/HM20240816115526.jpeg,36.7,30.7,2503,1166,-0.14382606744766235,0.9993900060653687,0.999990701675415,2541,1163,-0.13100875914096832,0.9978742599487305,0.9999353885650635,2547,1171,-0.13121841847896576,0.9960721731185913,0.9999428987503052,2553,1180,-0.13122902810573578,0.9981719255447388,0.9999189376831055,2523,1135,-0.12923663854599,0.9986473917961121,0.9999356269836426,2517,1127,-0.12959693372249603,0.9984281063079834,0.9999468326568604,2512,1118,-0.12972386181354523,0.998982846736908,0.9999316930770874,2553,1212,-0.06016044318675995,0.9989801049232483,0.9999617338180542,2492,1119,-0.05112751945853233,0.997721254825592,0.9999608993530273,2481,1210,-0.11607559025287628,0.9997764229774475,0.9999949932098389,2461,1180,-0.11480678617954254,0.9997010827064514,0.9999891519546509,2419,1486,-0.049715805798769,0.9999879598617554,0.9999942779541016,2297,1095,-0.04735260456800461,0.999950647354126,0.9999727010726929,2225,1751,-0.18367698788642883,0.9058534502983093,0.9998830556869507,2124,1049,-0.2938193380832672,0.8000717163085938,0.999681830406189,2161,2038,-0.37163153290748596,0.8344801068305969,0.9996015429496765,2084,1066,-0.5935730338096619,0.8041865229606628,0.9998378753662109,2161,2156,-0.4179012179374695,0.8153761625289917,0.998849630355835,2038,1027,-0.6578766703605652,0.8271450400352478,0.9996826648712158,2163,2140,-0.4476001560688019,0.8134148120880127,0.998950719833374,2105,1071,-0.6624347567558289,0.8114175200462341,0.9997875094413757,2157,2099,-0.3890739381313324,0.7494729161262512,0.9994717240333557,2125,1088,-0.6050865054130554,0.7175504565238953,0.9998878240585327,1955,1674,-0.0033754820469766855,0.9999662637710571,0.9999985694885254,1859,1389,0.0029120328836143017,0.9999414682388306,0.999997615814209,1842,2051,-0.358629047870636,0.9488617777824402,0.9999661445617676,1630,1193,-0.31428924202919006,0.5522624850273132,0.9999797344207764,1325,2111,-0.25317034125328064,0.8551511764526367,0.9998337030410767,1174,1274,-0.1404002457857132,0.41291344165802,0.9995625615119934,1199,2060,-0.2513505816459656,0.7739660143852234,0.9993958473205566,1114,1348,-0.12935328483581543,0.2851688265800476,0.9994269609451294,1204,2278,-0.400404155254364,0.7515057921409607,0.9978529214859009,969,1199,-0.24811585247516632,0.3273313045501709,0.9973414540290833,None,None,2088,1063,2160,2108,None,None,1243,2150
True,/data/uabcvmsc/shared/newborn/29/16.08.24/HM20240816115627.jpeg,36.7,31.0,2377,1114,-0.08224490284919739,0.9999562501907349,0.9999995231628418,2427,1111,-0.0661315992474556,0.9999173879623413,0.9999984502792358,2438,1122,-0.06633660197257996,0.9998619556427002,0.9999984502792358,2448,1135,-0.06627506762742996,0.9999223947525024,0.999997615814209,2398,1078,-0.06112029030919075,0.9999374151229858,0.9999978542327881,2390,1068,-0.061413273215293884,0.9999288320541382,0.9999979734420776,2382,1057,-0.06151605024933815,0.9999405145645142,0.9999967813491821,2464,1175,0.013606761582195759,0.9999372959136963,0.9999982118606567,2366,1061,0.03704461455345154,0.9998313188552856,0.9999967813491821,2366,1170,-0.051788486540317535,0.9999133348464966,0.9999984502792358,2336,1133,-0.04635041207075119,0.9998581409454346,0.9999959468841553,2401,1425,0.017036739736795425,0.9999780654907227,0.9999946355819702,2165,1085,0.04532347992062569,0.999832034111023,0.9999220371246338,2248,1733,-0.10781611502170563,0.9192426800727844,0.9997965693473816,1986,1136,-0.1594124287366867,0.6071768403053284,0.9987970590591431,2243,2034,-0.27696454524993896,0.8238065838813782,0.9995203018188477,2028,1046,-0.3996318578720093,0.8046956062316895,0.9999035596847534,2248,2140,-0.3173043727874756,0.8154473304748535,0.9984695315361023,2014,986,-0.44983792304992676,0.8484826683998108,0.9998584985733032,2216,2135,-0.34354954957962036,0.8165623545646667,0.9987813830375671,2073,999,-0.45280343294143677,0.841299831867218,0.9999126195907593,2203,2094,-0.2924255132675171,0.7826388478279114,0.999397873878479,2068,1031,-0.40901491045951843,0.7886677980422974,0.9999524354934692,1972,1704,-0.007819764316082,0.9999887943267822,0.9999996423721313,1849,1450,0.007320522330701351,0.9999681711196899,0.999998927116394,1914,2082,-0.31451621651649475,0.9951086640357971,0.9999923706054688,1623,1253,-0.24291563034057617,0.8775262832641602,0.999990701675415,1376,2171,-0.2735675275325775,0.9907762408256531,0.9999628067016602,1329,1553,-0.10875087231397629,0.732795774936676,0.999919056892395,1269,2120,-0.2755700349807739,0.98623126745224,0.999800980091095,1317,1637,-0.09860433638095856,0.7224000692367554,0.9998750686645508,1315,2354,-0.40790867805480957,0.9800568222999573,0.9985204339027405,1117,1542,-0.18611669540405273,0.7076777219772339,0.998685896396637,None,None,2046,1016,2228,2101,1254,1577,None,None
True,/data/uabcvmsc/shared/newborn/29/16.08.24/HM20240816115728.jpeg,36.8,31.1,2276,1110,0.06496112048625946,0.9999998807907104,1.0,2324,1094,0.09522316604852676,0.9999998807907104,1.0,2342,1105,0.09500566869974136,0.9999998807907104,1.0,2360,1118,0.09504185616970062,0.9999998807907104,1.0,2273,1058,0.09599967300891876,0.9999998807907104,1.0,2255,1046,0.09570689499378204,0.9999998807907104,1.0,2237,1034,0.09562885761260986,0.9999998807907104,1.0,2377,1162,0.20663248002529144,0.9999998807907104,1.0,2200,1039,0.2124866396188736,0.9999997615814209,1.0,2277,1181,0.10475494712591171,0.9999991655349731,1.0,2218,1142,0.10497646778821945,0.9999984502792358,1.0,2338,1434,0.20493200421333313,0.999997615814209,0.9999997615814209,2024,1121,0.20662057399749756,0.9999816417694092,0.9999953508377075,2259,1712,0.10128643363714218,0.9943506121635437,0.9999691247940063,1858,1176,0.06288311630487442,0.9783529043197632,0.9997712969779968,2382,1900,-0.008661756291985512,0.996906578540802,0.9999548196792603,1967,1059,-0.07407648861408234,0.9972642660140991,0.9999904632568359,2421,1976,-0.02654915675520897,0.9968938827514648,0.999864935874939,2000,1001,-0.09885565936565399,0.9983042478561401,0.9999891519546509,2462,1954,-0.046354833990335464,0.9968294501304626,0.9998775720596313,2027,999,-0.09541323781013489,0.9980118274688721,0.9999916553497314,2443,1925,-0.020593801513314247,0.9969121217727661,0.9999386072158813,2026,1021,-0.07775841653347015,0.9976170063018799,0.999995231628418,1901,1729,-0.009378562681376934,0.9999974966049194,0.9999995231628418,1747,1476,0.008854951709508896,0.9999936819076538,0.9999985694885254,1877,2050,-0.35927093029022217,0.999997615814209,0.9999992847442627,1605,1268,-0.28785616159439087,0.9999538660049438,0.9999992847442627,1359,2051,-0.39951902627944946,0.9999666213989258,0.9999934434890747,1324,1489,-0.34257200360298157,0.9996392726898193,0.999966025352478,1219,1987,-0.4074603021144867,0.9999804496765137,0.9999591112136841,1288,1626,-0.3507172763347626,0.9996891021728516,0.9999129772186279,1308,2271,-0.49116477370262146,0.9999701976776123,0.9992471933364868,1107,1447,-0.41864293813705444,0.9998121857643127,0.9980024695396423,None,None,2005,1020,2427,1939,1240,1521,1295,2103
True,/data/uabcvmsc/shared/newborn/29/16.08.24/HM20240816115830.jpeg,36.9,31.4,2774,1265,0.033973220735788345,0.9999959468841553,0.9999998807907104,2809,1276,0.07813043892383575,0.9999889135360718,0.9999995231628418,2807,1297,0.07784359902143478,0.9999847412109375,0.9999994039535522,2805,1318,0.07793008536100388,0.99998939037323,0.9999990463256836,2786,1209,0.06852167099714279,0.9999943971633911,0.9999995231628418,2768,1184,0.06810840219259262,0.9999943971633911,0.9999995231628418,2750,1155,0.06806547939777374,0.9999953508377075,0.9999994039535522,2755,1348,0.23087440431118011,0.9999823570251465,0.9999986886978149,2691,1118,0.18713244795799255,0.9999788999557495,0.9999990463256836,2708,1325,0.08580894768238068,0.9999798536300659,0.9999992847442627,2683,1239,0.07056156545877457,0.9999825954437256,0.999998927116394,2447,1547,0.2546499967575073,0.9999853372573853,0.9999955892562866,2448,1061,0.1591564416885376,0.9999932050704956,0.9999948740005493,2232,1766,0.21359500288963318,0.5339564085006714,0.9999713897705078,2295,930,0.02822098508477211,0.9587138295173645,0.9999752044677734,2220,2075,0.07572470605373383,0.8972765803337097,0.9999834299087524,2124,944,-0.18763938546180725,0.9952307343482971,0.9999985694885254,2184,2171,0.05359377712011337,0.9043492674827576,0.9999345541000366,2005,890,-0.23380012810230255,0.9940954446792603,0.999993085861206,2241,2188,0.014224211685359478,0.9148175716400146,0.9999369382858276,2024,998,-0.26220592856407166,0.994387686252594,0.9999946355819702,2250,2151,0.05575406923890114,0.9071279764175415,0.9999730587005615,2049,1038,-0.2066449075937271,0.9913390278816223,0.9999979734420776,1896,1685,0.025414641946554184,0.9999639987945557,0.999996542930603,1846,1297,-0.026055678725242615,0.9999599456787109,0.9999960660934448,1877,2081,-0.3012946844100952,0.8881348967552185,0.9999911785125732,1651,1118,-0.39991283416748047,0.8747996687889099,0.999993085861206,1319,2093,-0.3684748411178589,0.9383752346038818,0.9999624490737915,1229,1085,-0.3370804488658905,0.7417149543762207,0.9999167919158936,1152,1990,-0.3839658796787262,0.9416288733482361,0.999847412109375,1161,1133,-0.3327038884162903,0.6242187023162842,0.9998586177825928,1187,2370,-0.5231108665466309,0.93755704164505,0.9987164735794067,1013,1018,-0.43084079027175903,0.7453591227531433,0.9990870952606201,2448,1304,2050,968,2224,2146,None,None,None,None
True,/data/uabcvmsc/shared/newborn/29/16.08.24/HM20240816115932.jpeg,37.1,31.1,1014,1312,-0.5927521586418152,0.9999686479568481,0.9999566078186035,1030,1257,-0.573910117149353,0.9999790191650391,0.9999343156814575,1045,1240,-0.5745024085044861,0.9999731779098511,0.9999371767044067,1073,1225,-0.5745735764503479,0.9999843835830688,0.9999126195907593,990,1308,-0.5662148594856262,0.9999769926071167,0.9998972415924072,985,1332,-0.5667303800582886,0.9999712705612183,0.99989914894104,979,1351,-0.5670714974403381,0.9999821186065674,0.9998661279678345,1156,1213,-0.4483756422996521,0.9999874830245972,0.9999179840087891,1015,1416,-0.42170748114585876,0.9999494552612305,0.9998636245727539,1109,1327,-0.5411298274993896,0.9999473094940186,0.9999428987503052,1059,1396,-0.5366672873497009,0.9999409914016724,0.9999173879623413,1592,1188,-0.4207822382450104,0.9998531341552734,0.9999558925628662,1339,1683,-0.23203563690185547,0.9998237490653992,0.9998987913131714,2147,1418,-0.39985018968582153,0.8453288078308105,0.9997590184211731,1632,1913,-0.13555613160133362,0.7247425317764282,0.9994623064994812,2199,1961,-0.41265228390693665,0.8914881348609924,0.9999445676803589,1338,2151,-0.17812660336494446,0.9533218741416931,0.999923586845398,2369,2055,-0.45151662826538086,0.8834551572799683,0.9998151659965515,1243,2220,-0.20152564346790314,0.9577420949935913,0.9997846484184265,2198,2127,-0.45141658186912537,0.8831292390823364,0.9998047947883606,1171,2250,-0.2299501746892929,0.9614688158035278,0.9998006224632263,2165,2080,-0.4098723530769348,0.8267802000045776,0.9999125003814697,1228,2180,-0.19295689463615417,0.9499735236167908,0.9999253749847412,2202,1333,-0.029610291123390198,0.9999568462371826,0.9999924898147583,2144,1622,0.029328513890504837,0.9999593496322632,0.9999912977218628,2715,1402,0.022101616486907005,0.41886401176452637,0.9990532994270325,2454,1829,-0.12160604447126389,0.7034662365913391,0.9997509121894836,2930,1340,0.3893989622592926,0.25195568799972534,0.995027482509613,2739,1487,0.12761054933071136,0.3879261016845703,0.9993182420730591,2949,1330,0.4270602762699127,0.33725452423095703,0.9895954728126526,2768,1419,0.15808573365211487,0.40295347571372986,0.9990468621253967,3146,1362,0.3884780704975128,0.286763459444046,0.9661983251571655,2926,1464,0.10543953627347946,0.35872146487236023,0.9892446994781494,1466,1436,1245,2200,2233,2056,None,None,None,None
True,/data/uabcvmsc/shared/newborn/29/16.08.24/HM20240816120034.jpeg,36.8,30.7,2796,1273,0.03805772587656975,0.9999682903289795,0.999997615814209,2819,1288,0.08280476182699203,0.9999223947525024,0.9999938011169434,2817,1305,0.08246872574090958,0.9999097585678101,0.9999935626983643,2815,1321,0.0825154110789299,0.999936580657959,0.9999909400939941,2801,1209,0.07036027312278748,0.9999555349349976,0.9999924898147583,2787,1180,0.069959856569767,0.9999583959579468,0.999993085861206,2775,1153,0.06987529247999191,0.999962568283081,0.9999902248382568,2763,1334,0.2421972155570984,0.9999284744262695,0.9999908208847046,2719,1114,0.1848651021718979,0.9998748302459717,0.9999862909317017,2729,1323,0.0929553359746933,0.9999126195907593,0.9999951124191284,2715,1236,0.07372912019491196,0.9999221563339233,0.9999912977218628,2497,1528,0.2599133849143982,0.9999767541885376,0.9999916553497314,2485,1043,0.16707804799079895,0.9999710321426392,0.9999699592590332,2222,1748,0.24952881038188934,0.688206136226654,0.9999550580978394,2258,981,0.0249446090310812,0.8224799633026123,0.9998276233673096,2164,2059,0.1318560689687729,0.9169952273368835,0.9999666213989258,2090,943,-0.19092509150505066,0.9703992009162903,0.9999760389328003,2138,2166,0.11837635189294815,0.9126812219619751,0.9998611211776733,2004,873,-0.23444224894046783,0.9683634042739868,0.9999094009399414,2192,2167,0.07302314788103104,0.9232668876647949,0.9998433589935303,2007,950,-0.26375237107276917,0.9698225259780884,0.999924898147583,2198,2125,0.11040471494197845,0.9188511967658997,0.9999349117279053,2023,976,-0.21038727462291718,0.9626981616020203,0.9999715089797974,1956,1664,0.026361582800745964,0.9999793767929077,0.9999973773956299,1891,1317,-0.026955055072903633,0.9999734163284302,0.9999954700469971,1957,2118,-0.25660189986228943,0.9780067205429077,0.9999890327453613,1685,1237,-0.44510963559150696,0.9621497988700867,0.99998939037323,1377,1992,-0.26041916012763977,0.9794650673866272,0.9999806880950928,1276,1350,-0.3666507303714752,0.940173327922821,0.9999241828918457,1275,1906,-0.2685863971710205,0.9566888809204102,0.9999266862869263,1175,1468,-0.360737681388855,0.8577996492385864,0.9998637437820435,1244,2231,-0.40437039732933044,0.9682357907295227,0.9991360306739807,970,1275,-0.4739459455013275,0.9141674637794495,0.9984292387962341,2491,1286,2031,936,2173,2129,1140,1364,1299,2043
True,/data/uabcvmsc/shared/newborn/29/16.08.24/HM20240816120136.jpeg,36.9,31.2,1003,1343,-0.5219091773033142,0.9980754852294922,0.9945446252822876,1030,1287,-0.5003279447555542,0.9983590245246887,0.9919599890708923,1043,1261,-0.5008600354194641,0.997808039188385,0.9918354749679565,1052,1246,-0.5009079575538635,0.9987279772758484,0.9887780547142029,998,1350,-0.49376213550567627,0.9988180994987488,0.9923045039176941,998,1369,-0.4943220317363739,0.9986849427223206,0.9941494464874268,997,1389,-0.49473875761032104,0.9993152618408203,0.9937028288841248,1103,1206,-0.3732602894306183,0.9988443851470947,0.9900512099266052,1059,1465,-0.34975919127464294,0.9986715316772461,0.9948764443397522,1099,1333,-0.47121095657348633,0.9979535341262817,0.9957700371742249,1087,1417,-0.4678071141242981,0.9981979727745056,0.9950371384620667,1580,1154,-0.34473916888237,0.9961075186729431,0.995212197303772,1350,1675,-0.17797140777111053,0.9985755681991577,0.9980376362800598,2079,1317,-0.31020453572273254,0.2086993008852005,0.9624532461166382,1520,1916,-0.0793883204460144,0.5656640529632568,0.9935438632965088,2121,1650,-0.29681578278541565,0.15603047609329224,0.9863843321800232,1311,2234,-0.12592852115631104,0.8524294495582581,0.9964610934257507,2167,1745,-0.31456539034843445,0.2142220288515091,0.9775784015655518,1233,2337,-0.14141099154949188,0.8579274415969849,0.9897276759147644,2066,1735,-0.3264307975769043,0.2279326468706131,0.9729017615318298,1176,2345,-0.17778287827968597,0.875023603439331,0.9885008335113525,2043,1707,-0.2984077036380768,0.18560044467449188,0.9839597344398499,1202,2304,-0.14485466480255127,0.8643645644187927,0.9956887364387512,2222,1299,-0.03476032242178917,0.9991050362586975,0.9995416402816772,2146,1617,0.034468889236450195,0.9996160268783569,0.9997990727424622,2670,1419,-0.06978826224803925,0.21171395480632782,0.9757787585258484,2359,2063,-0.3041885495185852,0.7274541258811951,0.9969026446342468,2839,1362,0.37561726570129395,0.1598890870809555,0.9703974723815918,2809,1531,-0.015923459082841873,0.43733644485473633,0.9964988231658936,2838,1350,0.42210593819618225,0.1849539875984192,0.9611721634864807,2822,1440,0.01890687458217144,0.3640778362751007,0.9963975548744202,3053,1403,0.3837049901485443,0.16953469812870026,0.8999890685081482,3088,1516,-0.05260522663593292,0.35638999938964844,0.9568765163421631,1465,1414,1230,2305,None,None,None,None,None,None
True,/data/uabcvmsc/shared/newborn/29/16.08.24/HM20240816120238.jpeg,37.0,31.2,2730,1222,0.04459264129400253,0.9999997615814209,1.0,2776,1258,0.08511034399271011,0.9999997615814209,1.0,2779,1280,0.08484627306461334,0.9999996423721313,1.0,2781,1306,0.08501841127872467,0.9999996423721313,0.9999998807907104,2743,1181,0.07914014160633087,0.9999998807907104,1.0,2725,1148,0.07874349504709244,0.9999998807907104,1.0,2715,1126,0.07871285825967789,0.9999998807907104,1.0,2736,1352,0.23353327810764313,0.9999995231628418,0.9999998807907104,2655,1105,0.202763631939888,0.9999995231628418,1.0,2685,1300,0.09528401494026184,0.9999992847442627,1.0,2665,1212,0.08415473997592926,0.9999994039535522,0.9999998807907104,2485,1534,0.2532631754875183,0.9999940395355225,0.9999990463256836,2481,1090,0.16646002233028412,0.9999980926513672,0.999998927116394,2241,1756,0.1881829798221588,0.8746746778488159,0.9999685287475586,2301,991,-0.030039861798286438,0.9863739013671875,0.99996018409729,2229,2038,0.019918546080589294,0.9817507863044739,0.9999616146087646,2239,1006,-0.324842244386673,0.9994432330131531,0.999997615814209,2202,2135,-0.008381648920476437,0.9821540117263794,0.9998217225074768,2149,962,-0.38560983538627625,0.999325156211853,0.9999887943267822,2259,2142,-0.049103736877441406,0.9848911166191101,0.9998425245285034,2199,1082,-0.4005395472049713,0.9993613362312317,0.9999932050704956,2262,2100,-0.0016389935044571757,0.9833552241325378,0.9999338388442993,2206,1098,-0.3406159579753876,0.9989872574806213,0.9999974966049194,2025,1667,0.02901291660964489,0.9999935626983643,0.9999994039535522,2011,1344,-0.0296208243817091,0.9999927282333374,0.9999990463256836,1877,2016,-0.30156198143959045,0.9931700229644775,0.9999899864196777,1808,1125,-0.388465017080307,0.9887568354606628,0.9999865293502808,1284,2033,-0.38208475708961487,0.9920271039009094,0.999967098236084,1502,1612,-0.321483850479126,0.9458768367767334,0.9999436140060425,1149,1968,-0.39593860507011414,0.9875574111938477,0.9998389482498169,1486,1698,-0.3155392110347748,0.9042247533798218,0.9999011754989624,1126,2294,-0.5490726828575134,0.9909780025482178,0.9975636005401611,1312,1762,-0.43179357051849365,0.944710910320282,0.9988352656364441,2483,1312,2198,1037,2238,2104,1433,1691,None,None
True,/data/uabcvmsc/shared/newborn/29/16.08.24/HM20240816120339.jpeg,36.8,30.6,2771,1258,-0.18176227807998657,0.9999934434890747,0.9999991655349731,2800,1289,-0.1451403945684433,0.9999897480010986,0.9999986886978149,2799,1310,-0.1454780548810959,0.9999866485595703,0.9999988079071045,2796,1337,-0.1454247534275055,0.9999923706054688,0.9999982118606567,2770,1207,-0.15429246425628662,0.9999916553497314,0.9999972581863403,2754,1186,-0.1546705961227417,0.999988317489624,0.9999967813491821,2739,1158,-0.1547919064760208,0.9999891519546509,0.9999939203262329,2736,1380,0.01186701562255621,0.9999833106994629,0.9999984502792358,2689,1141,-0.031050024554133415,0.999936580657959,0.999988317489624,2698,1340,-0.12414626032114029,0.9999343156814575,0.9999957084655762,2671,1242,-0.1390596479177475,0.9999046325683594,0.9999847412109375,2483,1545,0.06333768367767334,0.9999518394470215,0.9999892711639404,2424,1113,0.003847806015983224,0.9995214939117432,0.9996923208236694,2247,1722,0.05584406852722168,0.6605115532875061,0.9999164342880249,2157,1046,-0.09371575713157654,0.13678468763828278,0.9969068169593811,2394,1956,-0.04365858435630798,0.7900230288505554,0.999970555305481,1981,947,-0.230116069316864,0.041340019553899765,0.9950828552246094,2421,2044,-0.057522937655448914,0.7632949352264404,0.9998430013656616,1935,892,-0.2551087439060211,0.04525155946612358,0.9855127930641174,2458,2034,-0.09146971255540848,0.7833645939826965,0.9998301267623901,1944,897,-0.2842244505882263,0.046458080410957336,0.9873379468917847,2454,1999,-0.0608600378036499,0.7569883465766907,0.9999322891235352,1960,931,-0.24803799390792847,0.05547093600034714,0.9949491024017334,1917,1675,0.016819410026073456,0.9999791383743286,0.9999994039535522,1855,1330,-0.017202788963913918,0.9999457597732544,0.9999980926513672,1862,2020,-0.2726624608039856,0.8468236327171326,0.9999946355819702,1662,1030,-0.32444193959236145,0.5134726166725159,0.9999667406082153,1313,1898,-0.1935649961233139,0.8431768417358398,0.9999830722808838,1288,1356,-0.1251116693019867,0.49440282583236694,0.9999209642410278,1187,1804,-0.19106192886829376,0.7768566012382507,0.9999309778213501,1219,1481,-0.1069474071264267,0.42659828066825867,0.9998918771743774,1151,2127,-0.296980619430542,0.7822895050048828,0.9991174340248108,1046,1286,-0.18419235944747925,0.40174105763435364,0.998742401599884,2454,1329,None,None,2432,2008,None,None,1217,1943
True,/data/uabcvmsc/shared/newborn/29/16.08.24/HM20240816120440.jpeg,37.1,31.0,2784,1260,-0.3081997334957123,0.9999375343322754,0.9999871253967285,2819,1265,-0.2798479199409485,0.9999134540557861,0.9999755620956421,2824,1283,-0.28018081188201904,0.9998760223388672,0.9999774694442749,2827,1300,-0.28008484840393066,0.9999396800994873,0.999969482421875,2786,1194,-0.2872898578643799,0.9999231100082397,0.9999555349349976,2772,1174,-0.28762197494506836,0.9998806715011597,0.999948263168335,2759,1148,-0.28771716356277466,0.9999048709869385,0.9999146461486816,2790,1335,-0.13802538812160492,0.9998986721038818,0.9999762773513794,2695,1133,-0.1705162078142166,0.9995306730270386,0.9998550415039062,2735,1334,-0.25334692001342773,0.9998480081558228,0.9999803304672241,2706,1263,-0.265516996383667,0.9997416138648987,0.9999207258224487,2551,1529,-0.07734501361846924,0.9999370574951172,0.9999653100967407,2486,1096,-0.10699521005153656,0.9992813467979431,0.999325156211853,2338,1738,-0.2035028338432312,0.4963603615760803,0.9980922341346741,2365,967,-0.2129085510969162,0.1398681253194809,0.9935392737388611,2422,1707,-0.4455242455005646,0.4923610985279083,0.9998847246170044,2429,883,-0.36907291412353516,0.08457476645708084,0.9951483607292175,2432,1714,-0.49286922812461853,0.520257294178009,0.9996904134750366,2430,847,-0.41209760308265686,0.10274730622768402,0.9879879951477051,2478,1672,-0.5042386651039124,0.5102138519287109,0.9997894167900085,2463,863,-0.42403286695480347,0.09691367298364639,0.9921220541000366,2465,1662,-0.45505285263061523,0.41514110565185547,0.9998964071273804,2463,889,-0.380801796913147,0.09288458526134491,0.9965503215789795,2033,1633,0.014730202034115791,0.9999533891677856,0.9999984502792358,1983,1304,-0.01500585675239563,0.9999085664749146,0.9999963045120239,1858,2026,-0.2642255127429962,0.738944947719574,0.9999886751174927,1714,1061,-0.35399356484413147,0.5168624520301819,0.9999679327011108,1339,1931,-0.13049288094043732,0.838584303855896,0.9999738931655884,1296,1348,-0.1377076506614685,0.6057208180427551,0.9999483823776245,1211,1835,-0.12401297688484192,0.711772084236145,0.9999048709869385,1251,1452,-0.11917093396186829,0.4134182333946228,0.9999245405197144,1162,2188,-0.2535197138786316,0.745053231716156,0.9989863038063049,1015,1287,-0.2237519472837448,0.45859962701797485,0.9987908005714417,2518,1312,None,None,None,None,None,None,None,None
True,/data/uabcvmsc/shared/newborn/29/16.08.24/HM20240816120542.jpeg,36.9,31.2,2780,1265,0.1644667387008667,1.0,1.0,2807,1278,0.20991989970207214,1.0,1.0,2809,1296,0.20961086452007294,1.0,1.0,2809,1318,0.20976503193378448,1.0,1.0,2781,1208,0.2049586921930313,1.0,1.0,2768,1187,0.20461910963058472,1.0,1.0,2745,1161,0.20454198122024536,1.0,1.0,2757,1363,0.3613380789756775,1.0,1.0,2694,1139,0.3362688720226288,1.0,1.0,2717,1333,0.21780885756015778,0.9999998807907104,1.0,2692,1252,0.20827998220920563,0.9999998807907104,1.0,2522,1529,0.385370671749115,0.9999942779541016,0.9999997615814209,2473,1125,0.35336899757385254,0.9999544620513916,0.9999861717224121,2289,1703,0.46717318892478943,0.8750939965248108,0.999963641166687,2423,1011,0.41119885444641113,0.8903161883354187,0.9995524287223816,2449,1872,0.5969492197036743,0.9864193797111511,0.9999980926513672,2707,1050,0.541818380355835,0.9398447871208191,0.9999821186065674,2485,1943,0.6239269375801086,0.9878907203674316,0.999994158744812,2777,1059,0.5557451248168945,0.9435164928436279,0.9999710321426392,2520,1920,0.6020306348800659,0.9879329800605774,0.9999936819076538,2796,1075,0.5737282037734985,0.9364258050918579,0.9999721050262451,2509,1884,0.5913136601448059,0.9874052405357361,0.9999971389770508,2771,1082,0.5489224791526794,0.9381669759750366,0.9999866485595703,2013,1656,0.005975150037556887,0.9999829530715942,0.9999986886978149,1979,1333,-0.006184832658618689,0.9999624490737915,0.9999938011169434,1856,2010,-0.3333842158317566,0.9992444515228271,0.9999964237213135,1825,1003,-0.3338090777397156,0.9962788224220276,0.9999783039093018,1269,2082,-0.42206546664237976,0.997500479221344,0.999951958656311,1612,1536,-0.20986859500408173,0.956260621547699,0.99996018409729,1122,2014,-0.43435460329055786,0.9978992938995361,0.9997789263725281,1544,1658,-0.19802053272724152,0.9739325642585754,0.9999502897262573,1078,2283,-0.5888292789459229,0.9984513521194458,0.9959704875946045,1408,1583,-0.29703661799430847,0.9785328507423401,0.9993475079536438,2498,1327,None,None,2491,1905,1521,1592,1156,2126
False,/data/uabcvmsc/shared/newborn/29/16.08.24/HM20240816120643.jpeg,37.1,31.3
True,/data/uabcvmsc/shared/newborn/29/16.08.24/HM20240816120745.jpeg,36.8,31.4,2814,1220,0.08925903588533401,0.9999943971633911,0.9999996423721313,2834,1243,0.12917925417423248,0.999994158744812,0.9999996423721313,2832,1258,0.12882104516029358,0.9999924898147583,0.9999996423721313,2832,1271,0.12893551588058472,0.9999951124191284,0.9999995231628418,2823,1185,0.12174780666828156,0.9999954700469971,0.9999992847442627,2813,1157,0.12138804793357849,0.999995231628418,0.9999992847442627,2805,1139,0.12135393917560577,0.9999957084655762,0.999998927116394,2776,1321,0.2734575867652893,0.999993085861206,0.9999995231628418,2755,1107,0.23622244596481323,0.999977707862854,0.9999980926513672,2746,1284,0.1386062502861023,0.9999871253967285,0.9999992847442627,2749,1198,0.125388041138649,0.9999822378158569,0.9999982118606567,2526,1503,0.27948036789894104,0.9999895095825195,0.9999986886978149,2514,1008,0.20765075087547302,0.9999549388885498,0.9999774694442749,2300,1694,0.27428138256073,0.6929038166999817,0.9999887943267822,2247,1010,0.0790863111615181,0.40230411291122437,0.999664306640625,2226,1982,0.12803074717521667,0.9023326635360718,0.9999874830245972,2078,987,-0.14524397253990173,0.6851017475128174,0.9999145269393921,2167,2079,0.10630123317241669,0.900097131729126,0.9999219179153442,2034,923,-0.18477843701839447,0.7328580617904663,0.9997197985649109,2180,2070,0.06544715911149979,0.9130621552467346,0.9999135732650757,2043,959,-0.21500754356384277,0.7501084208488464,0.9997596144676208,2195,2022,0.10773200541734695,0.9054957628250122,0.9999668598175049,2056,1019,-0.16488933563232422,0.7382405996322632,0.9999063014984131,2009,1625,0.032501351088285446,0.9999978542327881,0.9999998807907104,1982,1277,-0.03312093764543533,0.9999947547912598,0.9999997615814209,1897,2030,-0.2724708914756775,0.9805861115455627,0.9999904632568359,1860,982,-0.3596263825893402,0.9523035883903503,0.9999706745147705,1294,1801,-0.27981963753700256,0.9508737325668335,0.9999881982803345,1568,1513,-0.2655199468135834,0.8400408625602722,0.999968409538269,1229,1703,-0.28237736225128174,0.9297899603843689,0.9999560117721558,1557,1613,-0.2533077597618103,0.7491391897201538,0.9999586343765259,1066,1972,-0.42298778891563416,0.9358187317848206,0.9992662072181702,1428,1739,-0.36425647139549255,0.8101949691772461,0.9993510842323303,2520,1256,None,None,2192,2038,1518,1622,1196,1825
True,/data/uabcvmsc/shared/newborn/29/16.08.24/HM20240816120847.jpeg,36.9,31.0,2699,1200,-0.30498385429382324,0.999998927116394,0.9999998807907104,2747,1248,-0.27257999777793884,0.9999984502792358,0.9999998807907104,2750,1285,-0.27299365401268005,0.9999980926513672,0.9999998807907104,2751,1308,-0.27290523052215576,0.9999986886978149,0.9999997615814209,2721,1155,-0.2769639194011688,0.9999985694885254,0.9999996423721313,2708,1124,-0.27738672494888306,0.9999982118606567,0.9999996423721313,2700,1102,-0.2774706184864044,0.9999980926513672,0.9999991655349731,2709,1357,-0.11774733662605286,0.9999971389770508,0.9999997615814209,2660,1085,-0.1393292099237442,0.9999877214431763,0.9999980926513672,2654,1270,-0.2467239648103714,0.9999761581420898,0.9999988079071045,2628,1168,-0.2557477056980133,0.9999641180038452,0.9999959468841553,2468,1515,-0.04224715754389763,0.9999632835388184,0.9999959468841553,2383,1037,-0.09931487590074539,0.9997338652610779,0.9998903274536133,2272,1758,-0.08280487358570099,0.7504204511642456,0.9999486207962036,2047,1013,-0.19660808145999908,0.33893677592277527,0.9976752400398254,2291,2105,-0.22220677137374878,0.7889840602874756,0.9998989105224609,1886,823,-0.3367185890674591,0.18401633203029633,0.9973514080047607,2282,2207,-0.23793286085128784,0.7566429972648621,0.9994083642959595,1851,743,-0.36115509271621704,0.18369515240192413,0.9922921657562256,2346,2221,-0.2787981629371643,0.7849364280700684,0.9994125366210938,1866,729,-0.3968767821788788,0.1978268176317215,0.9934326410293579,2347,2184,-0.24320678412914276,0.7805365324020386,0.9997552037239075,1875,774,-0.3582347631454468,0.22596804797649384,0.9972911477088928,1866,1660,0.031299132853746414,0.9999687671661377,0.9999992847442627,1806,1327,-0.031824544072151184,0.9999158382415771,0.9999972581863403,1858,2026,-0.20894667506217957,0.869392454624176,0.9999946355819702,1657,1092,-0.31300652027130127,0.72176194190979,0.9999741315841675,1307,1932,-0.16982008516788483,0.8675245642662048,0.9999868869781494,1334,1412,-0.11967816203832626,0.5603130459785461,0.9999295473098755,1177,1826,-0.17178572714328766,0.8305710554122925,0.9999433755874634,1287,1498,-0.10078860819339752,0.4630318880081177,0.9999016523361206,1205,2165,-0.2733888626098633,0.8474807143211365,0.9994524121284485,1117,1447,-0.1654106080532074,0.49633949995040894,0.9991869330406189,2426,1276,None,None,2316,2179,None,None,1230,1974
True,/data/uabcvmsc/shared/newborn/29/16.08.24/HM20240816120949.jpeg,36.8,31.0,2769,1308,-0.18130390346050262,0.9999898672103882,0.9999990463256836,2797,1297,-0.144639790058136,0.9999843835830688,0.9999983310699463,2795,1320,-0.14498910307884216,0.9999797344207764,0.9999983310699463,2793,1333,-0.14491993188858032,0.9999871253967285,0.999997615814209,2787,1258,-0.16104459762573242,0.9999898672103882,0.9999972581863403,2769,1197,-0.16140909492969513,0.999987006187439,0.9999970197677612,2774,1210,-0.1615065336227417,0.9999885559082031,0.9999949932098389,2739,1351,0.01745416596531868,0.9999706745147705,0.999997615814209,2681,1130,-0.05795888975262642,0.9999393224716187,0.9999901056289673,2701,1351,-0.12067099660634995,0.9999372959136963,0.9999964237213135,2683,1274,-0.14533904194831848,0.9999290704727173,0.9999905824661255,2504,1530,0.06487181037664413,0.999963641166687,0.9999915361404419,2410,1084,-0.013484017923474312,0.9997760653495789,0.9999001026153564,2264,1718,-0.004934445023536682,0.482944130897522,0.9997933506965637,2044,1082,-0.09884706884622574,0.1296645849943161,0.9980800151824951,2430,1800,-0.20882685482501984,0.717326819896698,0.9999862909317017,1873,966,-0.2203790843486786,0.08507294952869415,0.9990023970603943,2476,1862,-0.239057719707489,0.7329362630844116,0.9999535083770752,1825,938,-0.24374184012413025,0.10051322728395462,0.9973306655883789,2519,1825,-0.2625366151332855,0.7443006634712219,0.9999567270278931,1829,935,-0.2760689854621887,0.10210118442773819,0.9978139400482178,2494,1787,-0.22348010540008545,0.6941949725151062,0.9999805688858032,1853,974,-0.23806415498256683,0.11015595495700836,0.9991156458854675,1920,1678,0.020752329379320145,0.9999775886535645,0.9999994039535522,1856,1328,-0.02114928886294365,0.9999483823776245,0.9999985694885254,1865,1998,-0.2442825436592102,0.8669172525405884,0.9999963045120239,1697,1075,-0.30887654423713684,0.5438981652259827,0.9999816417694092,1324,1966,-0.19794777035713196,0.8892068266868591,0.9999823570251465,1325,1429,-0.10755535960197449,0.4949726164340973,0.999963641166687,1191,1872,-0.1995675414800644,0.7407720685005188,0.9999216794967651,1276,1552,-0.08943003416061401,0.3366779685020447,0.9999475479125977,1185,2217,-0.3141636252403259,0.8399738669395447,0.9991908669471741,1092,1403,-0.16465985774993896,0.39401382207870483,0.9993371367454529,2457,1307,None,None,2475,1829,None,None,1233,2018
True,/data/uabcvmsc/shared/newborn/29/16.08.24/HM20240816121051.jpeg,36.6,30.8,1393,1722,-0.17104877531528473,0.9991697072982788,0.9995915293693542,1365,1751,-0.18682807683944702,0.9992221593856812,0.9992398023605347,1364,1759,-0.18719510734081268,0.9988760352134705,0.9993939399719238,1364,1766,-0.18717782199382782,0.9994598031044006,0.9992817044258118,1374,1729,-0.1902972012758255,0.9995911717414856,0.9990662932395935,1381,1720,-0.19076451659202576,0.9994902610778809,0.9992648959159851,1387,1712,-0.1909411996603012,0.999745786190033,0.9991700649261475,1426,1761,-0.21464136242866516,0.9995263814926147,0.9998015761375427,1450,1679,-0.22814533114433289,0.999445378780365,0.9996053576469421,1451,1703,-0.17002879083156586,0.9990448355674744,0.9998570680618286,1465,1683,-0.1762901246547699,0.9991149306297302,0.9996441602706909,1779,1742,-0.1782774031162262,0.9998018145561218,0.9999583959579468,1752,1416,-0.1982717216014862,0.9991829991340637,0.9996941089630127,1897,1724,-0.11459024250507355,0.013633712194859982,0.9984326958656311,1910,1279,-0.1666957288980484,0.010281559079885483,0.9924805164337158,1516,1816,-0.07227453589439392,0.037851978093385696,0.9991999268531799,1540,1279,-0.11733798682689667,0.039976559579372406,0.9993602633476257,1442,1832,-0.09236395359039307,0.10624315589666367,0.9988318085670471,1428,1251,-0.14679192006587982,0.07836945354938507,0.9994080066680908,1416,1782,-0.104021817445755,0.1127617210149765,0.9987834095954895,1395,1292,-0.1447049230337143,0.07551508396863937,0.9994348883628845,1450,1749,-0.07711338996887207,0.09229883551597595,0.999140739440918,1441,1320,-0.11894098669290543,0.049998119473457336,0.9996387958526611,2477,1410,0.0019366682972759008,0.9998723268508911,0.9999969005584717,2423,1257,-0.002348292851820588,0.9998910427093506,0.9999964237213135,2671,1277,0.3277924954891205,0.0021863565780222416,0.9999024868011475,2574,1238,0.2780821919441223,0.001529409782961011,0.9999289512634277,2898,1145,0.6138333678245544,0.01215321384370327,0.9996254444122314,2912,1134,0.5368674397468567,0.008632703684270382,0.999415397644043,2947,1110,0.6423705816268921,0.03953501209616661,0.9988930821418762,2977,1103,0.5649285912513733,0.01893005520105362,0.9990206956863403,2895,1142,0.6495909690856934,0.0189727284014225,0.9994007349014282,2935,1137,0.5667683482170105,0.012201780453324318,0.9990623593330383,None,None,None,None,None,None,None,None,None,None
True,/data/uabcvmsc/shared/newborn/29/16.08.24/HM20240816121153.jpeg,36.9,30.9,2764,1223,-0.2893220782279968,0.9999980926513672,0.9999997615814209,2804,1247,-0.2535419762134552,0.9999973773956299,0.9999995231628418,2808,1273,-0.2538350820541382,0.9999964237213135,0.9999994039535522,2807,1306,-0.25372424721717834,0.9999977350234985,0.9999991655349731,2768,1164,-0.2613154351711273,0.9999984502792358,0.9999991655349731,2752,1140,-0.2616839110851288,0.9999978542327881,0.9999991655349731,2739,1114,-0.2617996037006378,0.9999982118606567,0.9999985694885254,2760,1370,-0.08243411034345627,0.9999958276748657,0.9999992847442627,2673,1102,-0.1170247495174408,0.9999920129776001,0.999997615814209,2714,1310,-0.22526010870933533,0.999994158744812,0.9999991655349731,2679,1222,-0.23780791461467743,0.999992847442627,0.9999977350234985,2510,1555,-0.0050791059620678425,0.9999862909317017,0.9999963045120239,2418,1082,-0.03946124017238617,0.9999299049377441,0.9999762773513794,2246,1717,-0.08116233348846436,0.8370539546012878,0.9997878670692444,2043,1054,-0.08297035843133926,0.2962622344493866,0.9991642236709595,2421,1782,-0.30409547686576843,0.9268469214439392,0.9999955892562866,1783,963,-0.21653318405151367,0.15649476647377014,0.999165415763855,2464,1824,-0.3438412547111511,0.9152679443359375,0.9999874830245972,1710,903,-0.24464921653270721,0.15822866559028625,0.9978122711181641,2505,1796,-0.3665192723274231,0.9151817560195923,0.9999885559082031,1707,906,-0.28168055415153503,0.15632511675357819,0.9980341792106628,2479,1771,-0.31835195422172546,0.8741191625595093,0.9999949932098389,1738,949,-0.23591658473014832,0.1680098921060562,0.999221682548523,1961,1668,0.008960981853306293,0.9999926090240479,0.9999997615814209,1903,1317,-0.009287454187870026,0.999988317489624,0.9999996423721313,1919,2087,-0.2702728807926178,0.9805961847305298,0.9999978542327881,1802,975,-0.3464012145996094,0.9239374399185181,0.9999954700469971,1442,1820,-0.1281387060880661,0.9716045260429382,0.9999966621398926,1348,1296,-0.1563485860824585,0.9338841438293457,0.9999903440475464,1346,1692,-0.11980587244033813,0.9304671287536621,0.999987006187439,1288,1429,-0.14021506905555725,0.863990843296051,0.9999837875366211,1282,1974,-0.2503526210784912,0.9593281149864197,0.9998412132263184,1080,1169,-0.25266125798225403,0.9036086201667786,0.9997122883796692,2464,1318,None,None,2467,1793,1239,1298,1357,1829
True,/data/uabcvmsc/shared/newborn/29/16.08.24/HM20240816121254.jpeg,36.8,30.6,1533,1351,-0.6343072056770325,0.9993833303451538,0.9997166991233826,1467,1272,-0.6298137307167053,0.9990330934524536,0.9993864297866821,1474,1264,-0.6303055286407471,0.9985628724098206,0.9992610812187195,1480,1225,-0.6303393244743347,0.9988324046134949,0.9986710548400879,1433,1345,-0.6254429221153259,0.9995313882827759,0.9995689988136292,1417,1370,-0.6260514259338379,0.999563992023468,0.9996811151504517,1401,1396,-0.6265014410018921,0.999760091304779,0.9996552467346191,1485,1181,-0.5034779906272888,0.9991733431816101,0.9981358051300049,1344,1395,-0.48854321241378784,0.999596893787384,0.9997487664222717,1591,1315,-0.5755549669265747,0.9987471103668213,0.9992951154708862,1550,1410,-0.573997974395752,0.9994530081748962,0.9995787739753723,1675,1031,-0.3620968759059906,0.9998095631599426,0.999729573726654,1523,1684,-0.36125460267066956,0.9999841451644897,0.9999845027923584,2088,997,-0.308896541595459,0.629831075668335,0.9977017045021057,1867,1997,-0.32906559109687805,0.9633384943008423,0.999803364276886,2142,1119,-0.33111879229545593,0.24463161826133728,0.998306155204773,2309,1811,-0.4336983263492584,0.9653823375701904,0.9998689889907837,2178,1169,-0.3479073941707611,0.24518051743507385,0.9960020184516907,2438,1862,-0.47560349106788635,0.9359538555145264,0.9994058609008789,2111,1142,-0.36694589257240295,0.24765846133232117,0.9960436820983887,2417,1806,-0.4917362928390503,0.9423064589500427,0.9994526505470276,2093,1147,-0.33550453186035156,0.23779450356960297,0.9977006316184998,2376,1769,-0.44210588932037354,0.932518482208252,0.9997782111167908,2273,1258,0.009503685869276524,0.9998419284820557,0.9999655485153198,2202,1610,-0.009942969307303429,0.9999409914016724,0.9999885559082031,2796,1203,0.16296331584453583,0.5847095251083374,0.9955593347549438,2643,1650,-0.022110404446721077,0.756925642490387,0.9991441965103149,2992,1225,0.5616635084152222,0.21180927753448486,0.984392523765564,2899,1465,0.3535960614681244,0.2716197669506073,0.9918986558914185,2993,1236,0.601555585861206,0.13598114252090454,0.9734621047973633,2903,1416,0.3956632614135742,0.18302670121192932,0.9925538897514343,3228,1267,0.5717746019363403,0.17038822174072266,0.8876602649688721,3155,1464,0.3630870580673218,0.19123339653015137,0.9257141947746277,1599,1358,2385,1812,None,None,None,None,None,None
False,/data/uabcvmsc/shared/newborn/29/16.08.24/HM20240816121356.jpeg,36.8,30.7
True,/data/uabcvmsc/shared/newborn/29/16.08.24/HM20240816121457.jpeg,36.9,31.0,2771,1243,-0.14443723857402802,0.9999823570251465,0.9999971389770508,2797,1279,-0.10944344103336334,0.9999809265136719,0.9999958276748657,2794,1312,-0.1097879409790039,0.9999780654907227,0.9999961853027344,2790,1336,-0.10972623527050018,0.9999872446060181,0.9999951124191284,2779,1190,-0.11550990492105484,0.9999816417694092,0.9999904632568359,2767,1163,-0.11588067561388016,0.9999761581420898,0.999988317489624,2767,1133,-0.1160053238272667,0.9999761581420898,0.9999798536300659,2733,1392,0.03266632929444313,0.999980092048645,0.9999958276748657,2696,1110,0.003901091869920492,0.9998785257339478,0.9999608993530273,2694,1309,-0.09320703893899918,0.9998687505722046,0.9999866485595703,2681,1210,-0.10388404130935669,0.9997521042823792,0.999944806098938,2470,1542,0.0769219920039177,0.9998515844345093,0.9999769926071167,2419,1038,0.008159956894814968,0.9978681802749634,0.9989442229270935,2302,1765,0.08804614096879959,0.5089253783226013,0.9999161958694458,2297,855,-0.09046538919210434,0.18595005571842194,0.9951989054679871,2410,2067,-0.0018394015496596694,0.7958800792694092,0.9999511241912842,2350,610,-0.2465006709098816,0.19223126769065857,0.9963263869285583,2449,2136,-0.006546616554260254,0.7950618863105774,0.9996451139450073,2389,520,-0.271487295627594,0.21777188777923584,0.9874017834663391,2494,2136,-0.04545467346906662,0.8217189908027649,0.9996417760848999,2417,511,-0.30060216784477234,0.23950833082199097,0.9885311126708984,2481,2111,-0.02080332115292549,0.8133350014686584,0.9998629093170166,2399,553,-0.2662844657897949,0.2802407145500183,0.9954420328140259,1919,1601,0.02878669649362564,0.9998574256896973,0.9999946355819702,1874,1264,-0.02921273000538349,0.9996234178543091,0.9999830722808838,1871,2011,-0.20953115820884705,0.49483412504196167,0.999727189540863,1665,934,-0.31522271037101746,0.2764407992362976,0.9988254904747009,1383,1587,-0.27140936255455017,0.4500810205936432,0.9999327659606934,1471,1423,-0.1397179365158081,0.10302859544754028,0.9997444748878479,1342,1482,-0.27886050939559937,0.5615397691726685,0.9998083710670471,1491,1496,-0.11612199991941452,0.18962208926677704,0.9997561573982239,1236,1544,-0.4075941741466522,0.4547414481639862,0.9987939596176147,1334,1545,-0.17923323810100555,0.10888104885816574,0.9986312985420227,2444,1290,None,None,2458,2112,None,None,None,None
False,/data/uabcvmsc/shared/newborn/29/16.08.24/HM20240816121558.jpeg,37.1,31.0
False,/data/uabcvmsc/shared/newborn/29/16.08.24/HM20240816121700.jpeg,37.0,30.7
False,/data/uabcvmsc/shared/newborn/29/16.08.24/HM20240816121802.jpeg,37.2,30.7
False,/data/uabcvmsc/shared/newborn/29/16.08.24/HM20240816121903.jpeg,37.2,30.4
False,/data/uabcvmsc/shared/newborn/29/16.08.24/HM20240816122004.jpeg,37.4,30.7
False,/data/uabcvmsc/shared/newborn/29/16.08.24/HM20240816122105.jpeg,37.1,30.8
False,/data/uabcvmsc/shared/newborn/29/16.08.24/HM20240816122207.jpeg,36.7,30.4
True,/data/uabcvmsc/shared/newborn/29/16.08.24/HM20240816122308.jpeg,36.8,30.7,2728,1204,-0.0377378836274147,0.9999934434890747,0.9999991655349731,2776,1218,-0.006863064132630825,0.9999845027923584,0.9999972581863403,2786,1247,-0.0071068149991333485,0.9999804496765137,0.9999964237213135,2766,1270,-0.007036478724330664,0.9999847412109375,0.9999942779541016,2726,1166,-0.003858582815155387,0.9999936819076538,0.9999978542327881,2714,1153,-0.004242474213242531,0.9999940395355225,0.9999980926513672,2701,1133,-0.004374512936919928,0.9999951124191284,0.999997615814209,2748,1323,0.11736594885587692,0.9999803304672241,0.999991774559021,2662,1127,0.13419069349765778,0.9999866485595703,0.9999971389770508,2679,1272,0.0067843906581401825,0.9999793767929077,0.9999969005584717,2630,1195,0.009473711252212524,0.9999837875366211,0.9999954700469971,2470,1564,0.14346502721309662,0.999958872795105,0.999981164932251,2429,1085,0.15086588263511658,0.9999890327453613,0.999994158744812,2215,1786,0.13619646430015564,0.6693499088287354,0.9998144507408142,2255,889,0.05149248242378235,0.9659696817398071,0.9999744892120361,2166,2088,0.054410602897405624,0.9233521223068237,0.9999407529830933,2106,780,-0.17490945756435394,0.9980248212814331,0.9999971389770508,2166,2188,0.04406750574707985,0.9300177097320557,0.9997535347938538,1995,695,-0.21756984293460846,0.9973479509353638,0.9999823570251465,2195,2191,-0.0028269472531974316,0.9404211044311523,0.9997641444206238,2010,778,-0.2493128925561905,0.9974568486213684,0.9999864101409912,2188,2151,0.033645112067461014,0.9351556301116943,0.9999037981033325,2036,835,-0.19604219496250153,0.9967305660247803,0.9999955892562866,1981,1622,-0.019788270816206932,0.999900221824646,0.9999828338623047,1930,1277,0.019283439964056015,0.9999591112136841,0.999994158744812,2005,2102,-0.19595284759998322,0.9103208184242249,0.9998674392700195,1792,1057,-0.24779543280601501,0.9335152506828308,0.9999790191650391,1573,1693,-0.1759118139743805,0.861397922039032,0.9999315738677979,1244,1281,-0.25659018754959106,0.9355993270874023,0.9998456239700317,1513,1609,-0.17951607704162598,0.8329825401306152,0.9998167157173157,1152,1403,-0.25922176241874695,0.9106014370918274,0.9997078776359558,1505,1633,-0.28308042883872986,0.8463236093521118,0.9989921450614929,1051,1073,-0.3611343801021576,0.9122997522354126,0.9969342947006226,2450,1324,2037,772,2179,2154,1149,1252,1530,1645
False,/data/uabcvmsc/shared/newborn/29/16.08.24/HM20240816122411.jpeg,36.7,30.7
True,/data/uabcvmsc/shared/newborn/29/16.08.24/HM20240816122513.jpeg,37.1,30.7,2788,1161,0.6430127620697021,1.0,1.0,2805,1176,0.7094032764434814,1.0,1.0,2817,1205,0.7094742655754089,1.0,1.0,2821,1217,0.7096453905105591,1.0,1.0,2777,1135,0.7051219344139099,1.0,1.0,2769,1128,0.7047154903411865,1.0,1.0,2758,1107,0.7050513625144958,1.0,1.0,2782,1292,0.8760494589805603,1.0,1.0,2704,1113,0.8441277146339417,1.0,1.0,2738,1222,0.684167742729187,1.0,1.0,2709,1157,0.6755786538124084,1.0,1.0,2479,1581,0.750819742679596,1.0,1.0,2448,1065,0.6546246409416199,1.0,1.0,2222,1793,0.4597656726837158,0.9999983310699463,1.0,2286,903,0.2172512263059616,0.9999942779541016,1.0,2198,2063,0.10036495327949524,0.9999921321868896,1.0,2145,779,-0.2141825258731842,0.9999992847442627,1.0,2172,2183,0.029892055317759514,0.9999765157699585,1.0,2027,725,-0.3212473392486572,0.9999951124191284,1.0,2223,2176,0.0067438180558383465,0.9999725818634033,1.0,2032,815,-0.3204871416091919,0.9999915361404419,1.0,2235,2120,0.07978532463312149,0.9999842643737793,1.0,2069,857,-0.22986844182014465,0.9999943971633911,1.0,1992,1622,0.022397661581635475,1.0,1.0,1929,1256,-0.022842353209853172,1.0,1.0,1935,1831,-0.6459642052650452,1.0,1.0,1806,1208,-0.6859094500541687,1.0,1.0,1432,1858,-1.225890040397644,0.9999842643737793,1.0,1268,1439,-1.1498030424118042,0.9999974966049194,1.0,1243,1835,-1.3028239011764526,1.0,1.0,1080,1539,-1.21309494972229,1.0,1.0,1454,1778,-1.5344090461730957,1.0,1.0,1311,1488,-1.4335381984710693,1.0,1.0,2464,1323,2068,794,2207,2136,1220,1489,1376,1824
False,/data/uabcvmsc/shared/newborn/29/16.08.24/HM20240816122615.jpeg,36.9,30.5
False,/data/uabcvmsc/shared/newborn/29/16.08.24/HM20240816122717.jpeg,37.2,30.9,1330,1549,-0.13988207280635834,0.999974250793457,0.999991774559021,1289,1552,-0.13852055370807648,0.9999386072158813,0.9999368190765381,1286,1545,-0.13880933821201324,0.9998751878738403,0.9999158382415771,1284,1537,-0.1388530731201172,0.9999260902404785,0.9998364448547363,1302,1573,-0.1402924805879593,0.9999862909317017,0.9999686479568481,1309,1581,-0.14064398407936096,0.9999816417694092,0.9999788999557495,1315,1590,-0.14080211520195007,0.9999933242797852,0.9999768733978271,1342,1528,-0.1264025866985321,0.9998871088027954,0.9998818635940552,1382,1596,-0.13422276079654694,0.9999836683273315,0.9999871253967285,1391,1521,-0.1316167116165161,0.9999282360076904,0.9999797344207764,1409,1557,-0.13581858575344086,0.999977707862854,0.9999868869781494,1692,1487,-0.14158640801906586,0.999935507774353,0.9999608993530273,1742,1540,-0.10183560103178024,0.9999945163726807,0.9999972581863403,1951,1597,-0.17436012625694275,0.11016879230737686,0.9991494417190552,2110,1658,-0.07370080798864365,0.23684349656105042,0.9999650716781616,1642,1724,-0.1507849544286728,0.0949467346072197,0.999934196472168,2251,1688,-0.07369962334632874,0.7695186138153076,0.9999969005584717,1508,1788,-0.16580721735954285,0.10928697139024734,0.9998496770858765,2297,1693,-0.08415205031633377,0.7481032609939575,0.9999823570251465,1515,1745,-0.15943604707717896,0.09809419512748718,0.9998629093170166,2287,1666,-0.10235052555799484,0.7433804869651794,0.999985933303833,1547,1732,-0.14782312512397766,0.08433398604393005,0.9999339580535889,2269,1655,-0.08152712881565094,0.6985873579978943,0.999995231628418,2336,1381,-0.014228874817490578,0.9999597072601318,0.9999974966049194,2335,1385,0.01380828209221363,0.9999887943267822,0.9999994039535522,2646,1339,0.26488131284713745,0.006879456341266632,0.9999446868896484,2526,1306,0.21117745339870453,0.0019389062654227018,0.9999938011169434,2787,1271,0.42334774136543274,0.015965661033988,0.9997686743736267,2802,1256,0.3382021188735962,0.0085519440472126,0.9998453855514526,2820,1250,0.43817877769470215,0.04586829990148544,0.9993372559547424,2857,1235,0.35139575600624084,0.020099066197872162,0.9996765851974487,2847,1269,0.4485749900341034,0.02021738514304161,0.9991613626480103,2884,1258,0.34753674268722534,0.013037082739174366,0.9992859959602356
True,/data/uabcvmsc/shared/newborn/29/16.08.24/HM20240816122818.jpeg,37.0,31.1,1292,1662,-0.02038288116455078,0.9997583031654358,0.999954104423523,1266,1680,-0.038905683904886246,0.9996040463447571,0.9998486042022705,1267,1687,-0.03921064734458923,0.9995037317276001,0.9998536109924316,1270,1693,-0.039127860218286514,0.9996424913406372,0.999795138835907,1267,1657,-0.040221601724624634,0.9998304843902588,0.999895453453064,1270,1647,-0.04068579524755478,0.9998471736907959,0.9999265670776367,1274,1637,-0.04083644971251488,0.9999176263809204,0.9999289512634277,1337,1683,-0.09249597787857056,0.9996638298034668,0.9999111890792847,1333,1595,-0.09872755408287048,0.9998675584793091,0.9999690055847168,1350,1650,-0.03063678741455078,0.9993755221366882,0.9999638795852661,1356,1631,-0.03423483669757843,0.9996365308761597,0.9999557733535767,1721,1712,-0.09562229365110397,0.9998788833618164,0.999981164932251,1586,1353,-0.10900596529245377,0.9999115467071533,0.9999862909317017,1938,1828,-0.10452765226364136,0.01221135351806879,0.9995457530021667,1649,1253,-0.028759341686964035,0.008336641825735569,0.9998350143432617,1564,1803,-0.11244608461856842,0.05460226535797119,0.9998131394386292,1307,1505,0.06224815547466278,0.28977152705192566,0.9999852180480957,1459,1799,-0.13437509536743164,0.12851877510547638,0.9996850490570068,1196,1546,0.045572083443403244,0.5200379490852356,0.9999756813049316,1457,1765,-0.14269743859767914,0.1319233477115631,0.999639630317688,1195,1605,0.03122260980308056,0.5184982419013977,0.9999717473983765,1492,1754,-0.11887223273515701,0.11953724920749664,0.9997857213020325,1267,1572,0.055603086948394775,0.44775694608688354,0.9999853372573853,2362,1471,-0.004068830981850624,0.9998879432678223,0.9999960660934448,2270,1264,0.0036154179833829403,0.9999384880065918,0.999997615814209,2347,1511,0.3714688718318939,0.00040987698594108224,0.9999619722366333,2044,1231,0.24785561859607697,0.0002264591894345358,0.9999957084655762,2497,1436,0.6299081444740295,0.0034801780711859465,0.9998840093612671,2380,1245,0.47576767206192017,0.001437877188436687,0.9999499320983887,2536,1394,0.6575154066085815,0.0138027872890234,0.9997496008872986,2466,1253,0.5018625259399414,0.005313162691891193,0.9998984336853027,2456,1491,0.6925659775733948,0.003996015060693026,0.9999134540557861,2331,1210,0.5237444043159485,0.0022843903861939907,0.9999377727508545,1654,1532,None,None,None,None,None,None,None,None
True,/data/uabcvmsc/shared/newborn/29/16.08.24/HM20240816122919.jpeg,37.1,31.0,2793,1180,0.14620095491409302,0.9999974966049194,1.0,2818,1195,0.18391329050064087,0.9999957084655762,0.9999998807907104,2824,1210,0.1837543398141861,0.9999939203262329,0.9999998807907104,2830,1232,0.18377149105072021,0.9999957084655762,0.9999998807907104,2788,1152,0.18125946819782257,0.9999982118606567,0.9999998807907104,2775,1141,0.1810312271118164,0.9999982118606567,0.9999998807907104,2761,1123,0.18106608092784882,0.9999983310699463,0.9999998807907104,2797,1285,0.3120548129081726,0.9999960660934448,0.9999998807907104,2710,1118,0.30011406540870667,0.9999938011169434,0.9999998807907104,2755,1227,0.18861396610736847,0.9999988079071045,1.0,2728,1175,0.18313370645046234,0.9999986886978149,1.0,2556,1499,0.2696220874786377,0.9999986886978149,0.9999997615814209,2452,1050,0.25569653511047363,0.9999978542327881,0.9999994039535522,2300,1681,0.03995756804943085,0.8948872685432434,0.9999715089797974,2177,978,0.01971590332686901,0.6593772768974304,0.9999668598175049,2419,1719,-0.31373074650764465,0.9213483929634094,0.9999957084655762,2037,894,-0.3141772747039795,0.777622401714325,0.9999339580535889,2439,1733,-0.38249361515045166,0.9372021555900574,0.999984860420227,1972,862,-0.3859994113445282,0.8333654403686523,0.9997842907905579,2492,1692,-0.3929179608821869,0.9331306219100952,0.9999909400939941,1987,886,-0.40188366174697876,0.8223484754562378,0.9998793601989746,2474,1672,-0.3272019922733307,0.8877851963043213,0.9999957084655762,2015,894,-0.33227667212486267,0.763351559638977,0.9999486207962036,2079,1591,0.012590842321515083,0.9999994039535522,1.0,2004,1239,-0.013095078989863396,0.9999996423721313,1.0,1978,2100,-0.3772630989551544,0.9925813674926758,0.9999934434890747,1750,1103,-0.5102360844612122,0.9954612851142883,0.9999966621398926,1543,1664,-0.2676198184490204,0.5899111032485962,0.9999973773956299,1328,1578,-0.5241261720657349,0.9292037487030029,0.999990701675415,1499,1556,-0.26000747084617615,0.9004629850387573,0.999994158744812,1282,1686,-0.5282782316207886,0.9650207757949829,0.9999803304672241,1330,1672,-0.40822145342826843,0.8248363733291626,0.9999655485153198,1190,1680,-0.7080820798873901,0.9702440500259399,0.9997128844261169,2504,1274,None,None,2456,1704,1267,1648,1414,1614
False,/data/uabcvmsc/shared/newborn/29/16.08.24/HM20240816123020.jpeg,37.2,30.9,1645,1810,-0.07916988432407379,0.9991047978401184,0.9999582767486572,1632,1784,-0.05317248776555061,0.9989451766014099,0.9998899698257446,1618,1765,-0.05356207862496376,0.9986514449119568,0.9998844861984253,1612,1754,-0.05357418209314346,0.9991782307624817,0.9998249411582947,1665,1822,-0.0650830939412117,0.9992632269859314,0.9998737573623657,1677,1827,-0.06544240564107895,0.9991369843482971,0.9998809099197388,1687,1836,-0.06562399864196777,0.9994988441467285,0.9998477697372437,1637,1696,0.052028555423021317,0.998073935508728,0.9997983574867249,1745,1857,-0.00436415383592248,0.9972749352455139,0.9998165965080261,1680,1784,-0.03977793827652931,0.9939854741096497,0.9996830224990845,1705,1819,-0.05835755541920662,0.9956529140472412,0.9996637105941772,1772,1541,0.0767340362071991,0.9995040893554688,0.9998496770858765,1998,1880,0.0075419689528644085,0.9997386336326599,0.9999264478683472,1877,1401,0.10625326633453369,0.0038333211559802294,0.9990768432617188,2138,1837,0.04524119570851326,0.05139852687716484,0.9996570348739624,1898,1385,0.06393061578273773,0.003572102403268218,0.9997565150260925,2131,1730,0.09390370547771454,0.06660214811563492,0.9999386072158813,1908,1364,0.05596751347184181,0.008102440275251865,0.9996044039726257,2145,1714,0.0875038355588913,0.08188378810882568,0.999859094619751,1895,1399,0.03425753861665726,0.007844810374081135,0.9994781613349915,2116,1699,0.07197563350200653,0.08436273038387299,0.9998437166213989,1895,1418,0.05452530458569527,0.00835537537932396,0.9997028708457947,2104,1702,0.08869004994630814,0.08326178044080734,0.9999257326126099,2145,1314,0.02276984415948391,0.999537467956543,0.9999366998672485,2311,1479,-0.023339543491601944,0.9995660185813904,0.9999468326568604,1821,1297,0.06021036207675934,0.0724039226770401,0.9997124075889587,2132,1662,-0.007723835296928883,0.04794321209192276,0.9999175071716309,1670,1553,-0.09808052331209183,0.14402127265930176,0.9998767375946045,1866,1696,-0.1391884982585907,0.1301286667585373,0.9997496008872986,1696,1549,-0.11612128466367722,0.26817530393600464,0.9996029734611511,1854,1641,-0.15167391300201416,0.1916637271642685,0.9995402097702026,1537,1722,-0.1968960165977478,0.29720452427864075,0.9992775321006775,1748,1834,-0.2275002896785736,0.21936167776584625,0.9986995458602905
False,/data/uabcvmsc/shared/newborn/29/16.08.24/HM20240816123122.jpeg,37.0,31.0,1744,1977,-0.12056305259466171,0.9930961728096008,0.9994471669197083,1700,1960,-0.11831597238779068,0.9917863011360168,0.998441755771637,1698,1951,-0.11862683296203613,0.988186240196228,0.998529314994812,1669,1943,-0.1186925545334816,0.9938116073608398,0.9978197813034058,1725,1987,-0.09756351262331009,0.9940885305404663,0.9983792304992676,1726,1988,-0.09791199117898941,0.9926419854164124,0.9985572695732117,1739,1994,-0.09814377129077911,0.9962194561958313,0.998319685459137,1660,1865,-0.10223530977964401,0.9929446578025818,0.9979098439216614,1754,1941,-0.005131998565047979,0.9847651720046997,0.9986730813980103,1756,1929,-0.11346924304962158,0.9747104644775391,0.9983976483345032,1790,1943,-0.0874539464712143,0.97308748960495,0.9970988035202026,1800,1594,-0.1444050371646881,0.9970201849937439,0.9988462924957275,1973,1832,0.010152776725590229,0.9980358481407166,0.9993191957473755,1866,1536,-0.2920445203781128,0.05208351090550423,0.9868770837783813,2123,2002,-0.12817907333374023,0.06796654313802719,0.9968709349632263,1746,1812,-0.3423546254634857,0.027189970016479492,0.9993195533752441,1866,1928,-0.28227266669273376,0.04907649755477905,0.9995728135108948,1720,1882,-0.37196239829063416,0.02649703621864319,0.9989023208618164,1809,1909,-0.3163841664791107,0.04298121854662895,0.9992557168006897,1685,1892,-0.3569221794605255,0.023160740733146667,0.9990631937980652,1760,1897,-0.30121472477912903,0.039636388421058655,0.9994171857833862,1701,1871,-0.33702734112739563,0.018156450241804123,0.9994076490402222,1779,1900,-0.282797247171402,0.03405281528830528,0.9996752738952637,2264,1267,-0.050376929342746735,0.996878981590271,0.9994663596153259,2353,1425,0.04983026161789894,0.9982720613479614,0.9997251629829407,2120,1409,-0.010702230967581272,0.0034414269030094147,0.9990070462226868,2143,1683,0.24096350371837616,0.0012052222155034542,0.9997908473014832,2001,1558,0.12352435290813446,0.0018698357744142413,0.9996302127838135,2113,1708,0.19846829771995544,0.007134289015084505,0.9991511106491089,2004,1547,0.13628509640693665,0.00462346663698554,0.9990469813346863,2142,1649,0.19367974996566772,0.014370431192219257,0.9987435936927795,1953,1677,0.10248775035142899,0.004953621421009302,0.9993444085121155,2067,1837,0.14834804832935333,0.015150965191423893,0.9979503750801086
False,/data/uabcvmsc/shared/newborn/29/16.08.24/HM20240816123224.jpeg,37.2,31.1
False,/data/uabcvmsc/shared/newborn/29/16.08.24/HM20240816123326.jpeg,37.2,31.0
True,/data/uabcvmsc/shared/newborn/29/16.08.24/HM20240816123428.jpeg,37.4,31.0,1823,1952,-0.17259584367275238,0.9976143836975098,0.9993583559989929,1799,1967,-0.15733860433101654,0.9967854022979736,0.9985319375991821,1782,1952,-0.15761828422546387,0.9958462119102478,0.9988178610801697,1763,1946,-0.15767616033554077,0.9982072114944458,0.9986398816108704,1827,1987,-0.15781907737255096,0.9970957040786743,0.9972620010375977,1837,1988,-0.15812453627586365,0.9955818057060242,0.9969712495803833,1851,1996,-0.15829487144947052,0.997092604637146,0.9954849481582642,1773,1918,-0.07894574850797653,0.9983181953430176,0.9993473887443542,1894,1991,-0.07916934043169022,0.9915280342102051,0.9956122636795044,1827,1890,-0.1412135660648346,0.9942399263381958,0.9990455508232117,1870,1944,-0.14337436854839325,0.9887748956680298,0.9966040849685669,1849,1674,-0.08860129117965698,0.9996578693389893,0.9997342228889465,2075,1898,-0.025562221184372902,0.9964357614517212,0.9977668523788452,1835,1506,-0.2150181382894516,0.16256386041641235,0.9964821338653564,2146,1977,-0.10586138069629669,0.1574867218732834,0.9961469173431396,1724,1723,-0.32381129264831543,0.16755972802639008,0.9998635053634644,1863,1983,-0.16344423592090607,0.07009535282850266,0.9993347525596619,1699,1782,-0.3540288507938385,0.1674918383359909,0.999679446220398,1795,1970,-0.18286879360675812,0.055696308612823486,0.9984248876571655,1677,1813,-0.34279751777648926,0.16159595549106598,0.9997358918190002,1765,1970,-0.16739389300346375,0.047810472548007965,0.9986416697502136,1696,1793,-0.32162773609161377,0.12461569160223007,0.9998607635498047,1788,1968,-0.1605476438999176,0.04162382706999779,0.9993439316749573,2257,1316,-0.0454527847468853,0.9994329810142517,0.9999366998672485,2355,1435,0.04503125697374344,0.9993751645088196,0.9999394416809082,2535,1383,0.0065139844082295895,0.00568031333386898,0.9998682737350464,2557,1465,0.12615561485290527,0.002711054403334856,0.9998512268066406,2775,1234,0.06612282246351242,0.0213982742279768,0.9995736479759216,2719,1306,0.140043705701828,0.013766280375421047,0.9992961883544922,2790,1185,0.07000087946653366,0.03428618609905243,0.9983225464820862,2731,1240,0.1405039131641388,0.030572621151804924,0.998902440071106,2921,1252,0.011618318036198616,0.03226763755083084,0.996934175491333,2839,1335,0.09246284514665604,0.02127321995794773,0.9953872561454773,None,None,None,None,None,None,None,None,None,None
False,/data/uabcvmsc/shared/newborn/29/16.08.24/HM20240816123529.jpeg,37.5,31.0
False,/data/uabcvmsc/shared/newborn/29/16.08.24/HM20240816123631.jpeg,37.1,30.8
False,/data/uabcvmsc/shared/newborn/29/16.08.24/HM20240816123732.jpeg,37.2,30.8
True,/data/uabcvmsc/shared/newborn/29/16.08.24/HM20240816123834.jpeg,37.5,31.4,2796,1173,0.2944667935371399,0.9999814033508301,0.9999998807907104,2833,1195,0.33020076155662537,0.9999560117721558,0.9999997615814209,2837,1204,0.3300361633300781,0.9999405145645142,0.9999997615814209,2843,1212,0.33011743426322937,0.9999562501907349,0.9999996423721313,2805,1135,0.32921165227890015,0.9999747276306152,0.9999997615814209,2799,1127,0.3289946913719177,0.9999687671661377,0.9999996423721313,2795,1119,0.32896143198013306,0.9999747276306152,0.9999995231628418,2820,1258,0.437004029750824,0.9999191761016846,0.9999997615814209,2743,1102,0.4333754777908325,0.9999115467071533,0.9999995231628418,2773,1222,0.3312431275844574,0.9998551607131958,0.9999994039535522,2750,1160,0.32786285877227783,0.9998243451118469,0.9999984502792358,2679,1422,0.38226592540740967,0.9999585151672363,0.9999916553497314,2520,1046,0.39736372232437134,0.9999327659606934,0.9999698400497437,2564,1546,0.26634034514427185,0.03225666284561157,0.9998528957366943,2513,990,0.3236822485923767,0.170752614736557,0.9999532699584961,2410,1675,0.1316915601491928,0.020850852131843567,0.9999300241470337,2543,971,0.29459044337272644,0.123173788189888,0.9999552965164185,2364,1734,0.10724321752786636,0.03540787100791931,0.9997683167457581,2542,958,0.2724069654941559,0.1291782110929489,0.9998499155044556,2356,1717,0.093595951795578,0.0335371270775795,0.9998056292533875,2546,980,0.27792418003082275,0.11534415930509567,0.9998716115951538,2365,1686,0.12296294420957565,0.029788658022880554,0.9999088048934937,2547,992,0.29163503646850586,0.1147342175245285,0.999943733215332,2270,1580,-0.0063844239339232445,0.9999357461929321,0.9999988079071045,2132,1323,0.0059285396710038185,0.9999544620513916,0.999998927116394,2012,1841,-0.23824505507946014,0.24976174533367157,0.9999823570251465,1848,1359,-0.3234090507030487,0.4483715295791626,0.9999896287918091,1535,2151,-0.29092875123023987,0.06543111056089401,0.9993276596069336,1394,1785,-0.339057594537735,0.1057027131319046,0.9998351335525513,1431,2198,-0.3042052984237671,0.2000037133693695,0.9973937273025513,1323,1892,-0.3453714847564697,0.30102086067199707,0.9996798038482666,1439,2199,-0.4612024426460266,0.18781603872776031,0.9918422698974609,1316,1740,-0.48683327436447144,0.24305489659309387,0.9970055222511292,2600,1234,None,None,None,None,None,None,None,None
True,/data/uabcvmsc/shared/newborn/29/16.08.24/HM20240816123937.jpeg,37.2,31.1,2720,1282,0.19717255234718323,0.9999974966049194,1.0,2766,1301,0.24341773986816406,0.9999967813491821,0.9999998807907104,2772,1322,0.24315226078033447,0.9999960660934448,1.0,2776,1344,0.24329258501529694,0.9999969005584717,0.9999998807907104,2752,1216,0.2325207144021988,0.9999970197677612,0.9999998807907104,2732,1181,0.232192263007164,0.9999964237213135,0.9999998807907104,2725,1169,0.23222409188747406,0.9999958276748657,0.9999997615814209,2749,1379,0.3929819166660309,0.9999970197677612,0.9999998807907104,2685,1132,0.34038302302360535,0.9999885559082031,0.9999995231628418,2676,1325,0.2477089762687683,0.9999886751174927,0.9999996423721313,2646,1264,0.23004333674907684,0.9999814033508301,0.9999990463256836,2523,1510,0.3598231375217438,0.9999905824661255,0.9999978542327881,2452,1070,0.30231183767318726,0.9999512434005737,0.9999524354934692,2297,1748,0.2427617907524109,0.6172478199005127,0.9999316930770874,2200,1050,0.12705720961093903,0.5376711487770081,0.9990869760513306,2200,1944,0.02474367618560791,0.8678365349769592,0.9999583959579468,2000,914,-0.05038167163729668,0.7395630478858948,0.9993608593940735,2133,2033,-0.0066534606739878654,0.8765886425971985,0.9998277425765991,1936,847,-0.08394056558609009,0.756495475769043,0.9981841444969177,2117,2011,-0.03059561550617218,0.8846654891967773,0.9998328685760498,1939,858,-0.10265012085437775,0.7590434551239014,0.9985634684562683,2130,1965,0.008788066916167736,0.8717888593673706,0.9999204874038696,1961,897,-0.06591727584600449,0.7574493885040283,0.9993987083435059,2066,1656,0.026782041415572166,0.9999916553497314,0.9999990463256836,1981,1374,-0.027464626356959343,0.9999822378158569,0.9999961853027344,1856,2030,-0.2676551342010498,0.9924330711364746,0.9999810457229614,1663,1342,-0.36707621812820435,0.9862949252128601,0.9999146461486816,1379,2169,-0.2616911232471466,0.9843727350234985,0.9998348951339722,1255,1708,-0.3105320930480957,0.9499080181121826,0.9993962049484253,1235,2137,-0.2665397524833679,0.968432605266571,0.9991959929466248,1228,1802,-0.3068370521068573,0.8800091743469238,0.9988856911659241,1175,2432,-0.38507190346717834,0.9750610589981079,0.9890227317810059,932,1800,-0.41123855113983154,0.9125459790229797,0.9828437566757202,2488,1290,None,None,2145,1988,1138,1770,None,None
True,/data/uabcvmsc/shared/newborn/29/16.08.24/HM20240816124038.jpeg,37.3,31.3,2915,1093,0.19677479565143585,0.9999778270721436,0.9999998807907104,2936,1126,0.22973893582820892,0.9999492168426514,0.9999995231628418,2938,1141,0.22957994043827057,0.999940037727356,0.9999992847442627,2939,1154,0.22965174913406372,0.9999357461929321,0.999998927116394,2913,1078,0.2375584989786148,0.9999822378158569,0.9999997615814209,2902,1066,0.23732620477676392,0.9999874830245972,0.9999997615814209,2893,1049,0.23726534843444824,0.9999901056289673,0.9999997615814209,2903,1223,0.32152196764945984,0.9999116659164429,0.999998927116394,2845,1056,0.36075329780578613,0.999962568283081,0.9999997615814209,2871,1139,0.22472050786018372,0.9999581575393677,0.9999997615814209,2852,1082,0.23397856950759888,0.999971866607666,0.9999997615814209,2661,1402,0.31034597754478455,0.9999890327453613,0.9999953508377075,2621,968,0.28895795345306396,0.9999991655349731,0.9999995231628418,2298,1535,0.1332153081893921,0.045335106551647186,0.9996285438537598,2287,889,0.1366121619939804,0.7824625372886658,0.9999885559082031,2119,1619,-0.11451563984155655,0.09841831028461456,0.9999449253082275,2063,757,-0.07679715752601624,0.985757052898407,0.9999982118606567,2048,1648,-0.15894119441509247,0.19736382365226746,0.9999179840087891,1986,684,-0.13134883344173431,0.9838920831680298,0.999994158744812,2072,1628,-0.18032434582710266,0.18531034886837006,0.9999459981918335,1998,741,-0.15357522666454315,0.982628345489502,0.9999955892562866,2089,1601,-0.12920841574668884,0.1748204380273819,0.9999710321426392,2014,774,-0.09474602341651917,0.9751072525978088,0.9999983310699463,2297,1337,0.01871003769338131,0.9999697208404541,0.9999985694885254,2275,1096,-0.019435932859778404,0.9999880790710449,0.9999994039535522,2564,1656,-0.3048883378505707,0.8332779407501221,0.9999983310699463,2277,1198,-0.3164319396018982,0.921908438205719,0.9999995231628418,1961,1593,-0.5199708342552185,0.6811100840568542,0.9999966621398926,1951,1497,-0.5206210613250732,0.7561548352241516,0.9999938011169434,1808,1530,-0.5532881021499634,0.9629155397415161,0.9999841451644897,1820,1558,-0.547732949256897,0.9762983322143555,0.9999843835830688,2016,1644,-0.7545908689498901,0.9400402307510376,0.9999547004699707,2033,1530,-0.7256948947906494,0.9729318618774414,0.9999344348907471,2641,1185,2015,739,None,None,1935,1528,1912,1587
False,/data/uabcvmsc/shared/newborn/29/16.08.24/HM20240816124140.jpeg,37.0,31.3,1832,2194,-0.08513758331537247,0.9994551539421082,0.9998971223831177,1831,2215,-0.11949250102043152,0.9995653033256531,0.9997536540031433,1826,2197,-0.11972854286432266,0.9991493225097656,0.999750554561615,1833,2197,-0.11963038146495819,0.9995926022529602,0.9996719360351562,1788,2193,-0.1002783551812172,0.9997524619102478,0.9997774958610535,1782,2186,-0.10075977444648743,0.9996575117111206,0.9998207688331604,1788,2163,-0.10092074424028397,0.9998595714569092,0.999809205532074,1839,2120,-0.22103054821491241,0.9989247918128967,0.9996871948242188,1740,2072,-0.13402730226516724,0.9995679259300232,0.9998331069946289,1872,2137,-0.11175534874200821,0.9988629817962646,0.9998276233673096,1816,2119,-0.08833254128694534,0.9992971420288086,0.9997547268867493,2097,1888,-0.2320633828639984,0.9989504814147949,0.9996832609176636,1693,1768,-0.1348785161972046,0.9992430210113525,0.9998461008071899,2272,2085,-0.3755139708518982,0.04839665815234184,0.9988769888877869,1670,1946,-0.07579635083675385,0.00581924756988883,0.9995456337928772,1952,2072,-0.5396556258201599,0.2175140380859375,0.9992062449455261,1696,2114,-0.04424094781279564,0.018557816743850708,0.9991093277931213,1861,2091,-0.6046265363693237,0.30576226115226746,0.998497486114502,1671,2159,-0.07147322595119476,0.021885262802243233,0.9976959824562073,1802,2075,-0.6264314651489258,0.33757996559143066,0.9983294606208801,1709,2133,-0.09862643480300903,0.02497667819261551,0.9971101880073547,1827,2084,-0.5574661493301392,0.2475862056016922,0.9990183115005493,1738,2120,-0.05967295914888382,0.021748773753643036,0.9985830783843994,2423,1377,-0.036803048104047775,0.9995666146278381,0.9999719858169556,2178,1265,0.03638344630599022,0.9997398257255554,0.9999874830245972,2444,1524,0.2853577136993408,0.0006227947305887938,0.999885082244873,2090,1587,0.2816177010536194,7.756325067020953e-05,0.999974250793457,2668,1362,0.5553804636001587,0.007330769207328558,0.9998410940170288,2328,1430,0.5593663454055786,0.0002532879589125514,0.999941349029541,2661,1364,0.5795247554779053,0.015460293740034103,0.9996206760406494,2376,1395,0.5881391763687134,0.0007804548367857933,0.9999233484268188,2694,1509,0.5326235890388489,0.01264866441488266,0.999884843826294,2298,1443,0.5655832886695862,0.0010859360918402672,0.9999618530273438
True,/data/uabcvmsc/shared/newborn/29/16.08.24/HM20240816124241.jpeg,37.3,31.0,2846,1106,0.07376419752836227,0.9989499449729919,0.9998981952667236,2883,1144,0.09854264557361603,0.9990878105163574,0.9997629523277283,2889,1163,0.09839160740375519,0.9987807869911194,0.9997615218162537,2894,1183,0.09838862717151642,0.9992584586143494,0.9996638298034668,2861,1096,0.10196757316589355,0.9993047714233398,0.9996702671051025,2850,1075,0.10168924927711487,0.9992324113845825,0.9996984004974365,2850,1070,0.10152147710323334,0.9995273351669312,0.9995995163917542,2863,1248,0.19009330868721008,0.9994968175888062,0.9997953772544861,2806,1092,0.2027202546596527,0.9984488487243652,0.9997158646583557,2806,1199,0.10614269971847534,0.9993759989738464,0.9999557733535767,2781,1140,0.10794267058372498,0.9990761280059814,0.9998862743377686,2618,1497,0.23411241173744202,0.9998925924301147,0.9999713897705078,2563,1141,0.13900607824325562,0.999908447265625,0.9999256134033203,2343,1688,0.1499384343624115,0.30767977237701416,0.9991569519042969,2310,1338,0.037215471267700195,0.12885931134223938,0.9991931319236755,2444,1611,0.03006514348089695,0.1339738368988037,0.9998797178268433,2367,1560,-0.09654071927070618,0.18073411285877228,0.9997488856315613,2462,1577,0.01805724948644638,0.16961106657981873,0.9996485710144043,2359,1624,-0.1383754312992096,0.21748468279838562,0.999402642250061,2568,1557,0.02015974186360836,0.1519221067428589,0.9997374415397644,2406,1622,-0.12290149182081223,0.19263674318790436,0.9994919300079346,2516,1573,0.03138384222984314,0.11924174427986145,0.9998761415481567,2411,1607,-0.09508530795574188,0.1720709651708603,0.9997647404670715,2134,1561,0.05952703580260277,0.9999878406524658,0.9999985694885254,2041,1342,-0.059616293758153915,0.9999929666519165,0.9999980926513672,2275,2020,-0.10930633544921875,0.5018491148948669,0.9996495246887207,1837,1429,-0.4183550775051117,0.9793413281440735,0.9998601675033569,1874,1946,-0.08631685376167297,0.22205059230327606,0.9995675683021545,1576,1939,-0.4346576929092407,0.8485680222511292,0.9986036419868469,1818,1910,-0.08561581373214722,0.2527264654636383,0.9989812970161438,1544,1986,-0.4339476525783539,0.7515724301338196,0.9974547028541565,1764,2036,-0.19190633296966553,0.22220513224601746,0.9947742819786072,1537,2202,-0.566602885723114,0.7555211782455444,0.9847462177276611,2590,1319,None,None,None,None,1552,2042,None,None
False,/data/uabcvmsc/shared/newborn/29/16.08.24/HM20240816124342.jpeg,36.3,26.6
True,/data/uabcvmsc/shared/newborn/29/16.08.24/HM20240816124443.jpeg,35.6,26.6,2838,1388,0.023794211447238922,0.9999988079071045,0.9999998807907104,2870,1378,0.056909266859292984,0.9999990463256836,0.9999998807907104,2870,1382,0.056687530130147934,0.9999988079071045,0.9999998807907104,2873,1405,0.05669855326414108,0.9999992847442627,0.9999997615814209,2857,1343,0.042787108570337296,0.9999991655349731,0.9999997615814209,2852,1325,0.04259238764643669,0.9999988079071045,0.9999996423721313,2848,1307,0.042617764323949814,0.999998927116394,0.9999994039535522,2829,1416,0.18882142007350922,0.9999991655349731,0.9999998807907104,2797,1260,0.12132933735847473,0.9999964237213135,0.9999990463256836,2783,1415,0.0708523690700531,0.9999982118606567,0.9999997615814209,2771,1360,0.049415454268455505,0.9999971389770508,0.9999991655349731,2557,1558,0.18752779066562653,0.9999924898147583,0.999998927116394,2544,1112,0.1164550930261612,0.9999667406082153,0.999976396560669,2300,1679,0.041271161288022995,0.5597829222679138,0.9999439716339111,2431,1000,0.03424077108502388,0.48035475611686707,0.9995251893997192,2384,1763,-0.20230109989643097,0.8860517144203186,0.999996542930603,2459,809,-0.07454626262187958,0.6558329463005066,0.9996551275253296,2438,1809,-0.24329927563667297,0.9039387702941895,0.9999885559082031,2471,737,-0.10058664530515671,0.7446630597114563,0.998957633972168,2476,1777,-0.2563154101371765,0.902732253074646,0.9999892711639404,2485,748,-0.12132839113473892,0.7577947974205017,0.9992096424102783,2444,1741,-0.21474622189998627,0.86043781042099,0.9999953508377075,2479,784,-0.0889272466301918,0.7382145524024963,0.9996979236602783,2108,1656,0.04320807754993439,0.9999973773956299,0.9999998807907104,2026,1356,-0.04352707415819168,0.9999972581863403,0.9999997615814209,2199,2130,-0.21108750998973846,0.965842068195343,0.9999949932098389,1818,1124,-0.4167008697986603,0.991802990436554,0.9999897480010986,1799,1945,-0.24104751646518707,0.935291588306427,0.9999990463256836,1605,1699,-0.3735240399837494,0.9441988468170166,0.9999966621398926,1718,1887,-0.24612586200237274,0.9702228903770447,0.9999972581863403,1593,1761,-0.3684174716472626,0.9259564280509949,0.9999942779541016,1611,2109,-0.3810889720916748,0.9721106290817261,0.9999544620513916,1416,1892,-0.5094863772392273,0.9608381390571594,0.9998787641525269,2550,1335,2478,756,2436,1772,1538,1784,1709,1980
False,/data/uabcvmsc/shared/newborn/29/16.08.24/HM20240816124545.jpeg,35.9,26.8
True,/data/uabcvmsc/shared/newborn/29/16.08.24/HM20240816124646.jpeg,36.6,28.3,2837,1397,0.01666681095957756,0.9997974038124084,0.99998939037323,2856,1388,0.056437741965055466,0.9996281862258911,0.9999675750732422,2854,1402,0.05625833943486214,0.9994003772735596,0.9999639987945557,2853,1411,0.05630573630332947,0.999638557434082,0.9999500513076782,2850,1340,0.04290519282221794,0.9997876286506653,0.999967098236084,2844,1323,0.042593590915203094,0.9997466206550598,0.9999685287475586,2834,1290,0.0424904003739357,0.9998199343681335,0.9999558925628662,2799,1422,0.20438721776008606,0.9995833039283752,0.999962568283081,2772,1239,0.1402807980775833,0.9995629191398621,0.9999598264694214,2776,1420,0.06786573678255081,0.999823272228241,0.9999916553497314,2765,1364,0.04724189266562462,0.9998650550842285,0.9999879598617554,2527,1578,0.21586696803569794,0.9999661445617676,0.9999562501907349,2572,1125,0.11709701269865036,0.9999697208404541,0.9999505281448364,2269,1749,0.041886672377586365,0.32205748558044434,0.9981599450111389,2375,958,-0.15125979483127594,0.7103655338287354,0.9982495903968811,2438,1846,-0.23904673755168915,0.4723479151725769,0.9999449253082275,2523,1282,-0.422319233417511,0.6505149602890015,0.9999161958694458,2472,1849,-0.2858830988407135,0.5109895467758179,0.9998793601989746,2499,1405,-0.4837449789047241,0.5310196280479431,0.9997861981391907,2517,1835,-0.2914699614048004,0.49116575717926025,0.9999138116836548,2551,1410,-0.4562760293483734,0.477674275636673,0.9998852014541626,2495,1823,-0.24751496315002441,0.3912806510925293,0.9999563694000244,2555,1393,-0.41856807470321655,0.37586110830307007,0.9999459981918335,2095,1659,0.021610446274280548,0.9999630451202393,0.999993085861206,2047,1331,-0.02198878303170204,0.999967098236084,0.9999923706054688,1881,1989,-0.3262072801589966,0.7147732973098755,0.9998816251754761,1849,1177,-0.48918426036834717,0.640807569026947,0.9999372959136963,1415,2101,-0.2428244948387146,0.6607216596603394,0.9996391534805298,1304,1328,-0.396206796169281,0.548915445804596,0.9996041655540466,1303,2049,-0.24114878475666046,0.550940990447998,0.9988242983818054,1225,1401,-0.3901680111885071,0.3916316032409668,0.9992979764938354,1189,2212,-0.39846131205558777,0.556458592414856,0.9916547536849976,1033,1290,-0.542987048625946,0.4390803873538971,0.990633487701416,2550,1352,None,None,None,None,None,None,None,None
True,/data/uabcvmsc/shared/newborn/29/16.08.24/HM20240816124748.jpeg,37.6,30.6,2680,1349,0.14099685847759247,0.9999994039535522,1.0,2711,1341,0.18373923003673553,0.9999991655349731,1.0,2717,1355,0.18360665440559387,0.9999988079071045,1.0,2722,1369,0.1836613565683365,0.9999990463256836,1.0,2687,1291,0.16323664784431458,0.9999995231628418,1.0,2675,1271,0.16305288672447205,0.9999995231628418,1.0,2665,1251,0.16306737065315247,0.9999995231628418,1.0,2680,1366,0.3447068929672241,0.9999990463256836,1.0,2598,1201,0.2495638132095337,0.9999985694885254,0.9999998807907104,2635,1384,0.19712169468402863,0.9999988079071045,1.0,2605,1325,0.16781029105186462,0.9999985694885254,0.9999998807907104,2468,1526,0.33408719301223755,0.9999977350234985,0.9999990463256836,2356,1125,0.2064211666584015,0.9999949932098389,0.9999967813491821,2277,1806,0.149091899394989,0.8288820385932922,0.9998465776443481,2203,1084,-0.06389185786247253,0.9526175260543823,0.9997836947441101,2389,1747,-0.12506775557994843,0.9330941438674927,0.9999949932098389,2404,1190,-0.28800052404403687,0.9711443781852722,0.9999740123748779,2458,1749,-0.16780327260494232,0.9312320351600647,0.9999860525131226,2441,1221,-0.34067419171333313,0.9619989991188049,0.9999268054962158,2472,1710,-0.16724975407123566,0.9178471565246582,0.9999904632568359,2475,1230,-0.31564828753471375,0.9509381651878357,0.9999620914459229,2437,1690,-0.13179068267345428,0.8835260272026062,0.9999957084655762,2461,1230,-0.2849356234073639,0.9212100505828857,0.9999837875366211,2068,1669,0.03130769729614258,0.9999815225601196,0.9999980926513672,1958,1392,-0.03190888091921806,0.9999827146530151,0.9999972581863403,2303,1988,-0.2825784683227539,0.9960857629776001,0.9999768733978271,1965,1053,-0.3876262903213501,0.997276246547699,0.9999886751174927,1724,2021,-0.4417593777179718,0.9698895812034607,0.9999510049819946,1599,1632,-0.5350435376167297,0.9760088920593262,0.9999370574951172,1610,1996,-0.46342092752456665,0.9912124276161194,0.9997953772544861,1533,1741,-0.5532856583595276,0.9901341795921326,0.9998090863227844,1625,2058,-0.6293498277664185,0.9860503077507019,0.9982300400733948,1520,1709,-0.7150326371192932,0.9913984537124634,0.9961010217666626,2412,1326,2445,1218,2439,1724,1551,1694,1653,2025
True,/data/uabcvmsc/shared/newborn/29/16.08.24/HM20240816124850.jpeg,37.4,31.5,2791,1434,0.08690803498029709,0.9999997615814209,1.0,2819,1428,0.12951800227165222,0.9999992847442627,0.9999998807907104,2815,1440,0.129368856549263,0.999998927116394,0.9999998807907104,2814,1460,0.12946799397468567,0.9999991655349731,0.9999998807907104,2817,1371,0.11242449283599854,0.9999997615814209,1.0,2809,1375,0.1121446043252945,0.9999997615814209,1.0,2807,1355,0.1121431440114975,0.9999997615814209,0.9999998807907104,2756,1467,0.27879971265792847,0.9999982118606567,0.9999998807907104,2764,1300,0.2006864845752716,0.9999991655349731,0.9999998807907104,2727,1446,0.13918070495128632,0.9999986886978149,0.9999998807907104,2722,1395,0.1139955148100853,0.9999992847442627,0.9999998807907104,2514,1575,0.271644651889801,0.9999946355819702,0.9999983310699463,2523,1112,0.1899167001247406,0.9999973773956299,0.9999988079071045,2287,1768,0.16909129917621613,0.6374034285545349,0.9998842477798462,2329,987,-0.01888442598283291,0.898165762424469,0.999966025352478,2440,1977,-0.01980605348944664,0.9052562713623047,0.999995231628418,2138,1033,-0.24504178762435913,0.9697801470756531,0.9999967813491821,2488,2040,-0.047650616616010666,0.9009310603141785,0.9999864101409912,2037,1023,-0.29464343190193176,0.9593434929847717,0.9999868869781494,2535,2004,-0.07459350675344467,0.9040132164955139,0.99998939037323,2086,1107,-0.29546114802360535,0.9552894830703735,0.9999932050704956,2520,1965,-0.035349272191524506,0.8729242086410522,0.9999955892562866,2118,1127,-0.25270581245422363,0.9331254959106445,0.9999971389770508,2048,1632,-0.001299527706578374,0.9999281167984009,0.9999920129776001,1985,1289,0.0007552385795861483,0.9999297857284546,0.9999932050704956,1864,1882,-0.3154260516166687,0.9568771719932556,0.9999927282333374,1706,1072,-0.29131436347961426,0.7152771353721619,0.9999909400939941,1289,1909,-0.49781692028045654,0.8920962810516357,0.9998160004615784,1233,1215,-0.4166214168071747,0.6446232795715332,0.9997832179069519,1143,1948,-0.5262104868888855,0.8310859799385071,0.9986850619316101,1119,1296,-0.43622130155563354,0.6612167358398438,0.9993426203727722,1314,1898,-0.6812882423400879,0.8864895105361938,0.9962924122810364,1209,991,-0.5620940327644348,0.6653292179107666,0.9967381358146667,2518,1344,2095,1072,2496,1996,None,None,1249,1918
True,/data/uabcvmsc/shared/newborn/29/16.08.24/HM20240816124953.jpeg,37.3,31.4,2825,1411,0.05174033343791962,0.9999992847442627,1.0,2852,1407,0.08540114015340805,0.9999982118606567,1.0,2850,1426,0.08528788387775421,0.9999974966049194,1.0,2848,1435,0.08534269034862518,0.9999983310699463,0.9999998807907104,2847,1372,0.07207684218883514,0.9999991655349731,1.0,2844,1353,0.07195860892534256,0.999998927116394,0.9999998807907104,2839,1294,0.0720023363828659,0.9999990463256836,0.9999998807907104,2803,1438,0.2090558409690857,0.9999974966049194,0.9999998807907104,2807,1253,0.14876458048820496,0.9999959468841553,0.9999997615814209,2767,1400,0.09664536267518997,0.9999974966049194,1.0,2755,1337,0.07721734791994095,0.9999970197677612,0.9999998807907104,2589,1542,0.21410703659057617,0.9999959468841553,0.999998927116394,2550,1113,0.12719924747943878,0.999985933303833,0.9999949932098389,2451,1824,0.0074521806091070175,0.9145852327346802,0.9998986721038818,2506,953,-0.07435373961925507,0.9356187582015991,0.9999430179595947,2540,1668,-0.26854124665260315,0.8790773749351501,0.9999985694885254,2694,1169,-0.23083214461803436,0.9262369871139526,0.9999959468841553,2582,1648,-0.31416192650794983,0.8289616107940674,0.9999948740005493,2729,1217,-0.2776153087615967,0.8787911534309387,0.9999864101409912,2605,1620,-0.30296167731285095,0.7857949733734131,0.9999974966049194,2770,1244,-0.24993720650672913,0.8389909863471985,0.9999934434890747,2585,1609,-0.269551157951355,0.6980398893356323,0.999998927116394,2753,1233,-0.22516852617263794,0.7837368845939636,0.9999971389770508,2200,1518,0.02524683065712452,0.9999715089797974,0.9999990463256836,2165,1233,-0.025713220238685608,0.9999687671661377,0.999998927116394,1880,1749,-0.24662649631500244,0.6210867762565613,0.9999834299087524,1928,1078,-0.36228349804878235,0.7205307483673096,0.9999909400939941,1365,1746,-0.38929834961891174,0.33773288130760193,0.9997441172599792,1439,1455,-0.48803573846817017,0.3785613477230072,0.9999433755874634,1249,1721,-0.4129798114299774,0.6744443774223328,0.9988594055175781,1333,1544,-0.5070008039474487,0.6964808702468872,0.9998499155044556,1310,1769,-0.5916875600814819,0.6075842976570129,0.9975926280021667,1385,1495,-0.6748706698417664,0.6838895082473755,0.9989680051803589,2570,1328,2736,1216,2576,1645,None,None,None,None
False,/data/uabcvmsc/shared/newborn/29/16.08.24/HM20240816125055.jpeg,37.6,31.4,1128,1902,-0.5647231340408325,0.9997228980064392,0.999982476234436,1110,1860,-0.5464714765548706,0.9994316697120667,0.9999040365219116,1110,1833,-0.5469613075256348,0.9992402791976929,0.9998810291290283,1110,1810,-0.5471245646476746,0.999516487121582,0.9997774958610535,1119,1912,-0.5412166118621826,0.9996927976608276,0.9999127388000488,1127,1931,-0.5416433811187744,0.9996858835220337,0.9999219179153442,1133,1943,-0.5418803691864014,0.9997820258140564,0.9998908042907715,1118,1731,-0.4425337016582489,0.9992559552192688,0.9996578693389893,1194,1953,-0.41437244415283203,0.999055802822113,0.999871015548706,1181,1849,-0.524124801158905,0.9973714351654053,0.999750554561615,1190,1922,-0.5179902911186218,0.9983001351356506,0.9997449517250061,1450,1459,-0.33961355686187744,0.9997943043708801,0.9998034834861755,1521,2038,-0.3553216755390167,0.9999097585678101,0.9999423027038574,1775,1139,-0.3103385269641876,0.17066501080989838,0.9986310601234436,1979,1918,-0.36440327763557434,0.5704324841499329,0.9996665716171265,1944,947,-0.295824259519577,0.10552198439836502,0.9993304014205933,2350,1785,-0.42214730381965637,0.7272894978523254,0.999971866607666,1970,902,-0.30333420634269714,0.09353116154670715,0.9986121654510498,2463,1765,-0.445637971162796,0.6571779251098633,0.9998832941055298,1933,919,-0.3425554037094116,0.10128705203533173,0.998543381690979,2427,1712,-0.486567884683609,0.69455885887146,0.9998900890350342,1940,949,-0.31092870235443115,0.10773725807666779,0.9992712140083313,2389,1697,-0.43987393379211426,0.6835212111473083,0.9999642372131348,1998,1433,-0.003934611566364765,0.9978007674217224,0.9994813799858093,2020,1731,0.0034038929734379053,0.998038113117218,0.9996094107627869,1940,1165,-0.05828316509723663,0.06884537637233734,0.9989835619926453,1707,1767,0.09574494510889053,0.0025107827968895435,0.9995521903038025,1571,1367,-0.23344920575618744,0.05991364270448685,0.9999611377716064,1484,1712,0.01891317404806614,0.013049383647739887,0.9997484087944031,1595,1414,-0.2559145987033844,0.1898358017206192,0.999881386756897,1525,1674,0.009373139590024948,0.03302423655986786,0.9997249245643616,1263,1369,-0.33908402919769287,0.23123112320899963,0.9998546838760376,1294,1776,-0.034496571868658066,0.04590369388461113,0.9997114539146423
False,/data/uabcvmsc/shared/newborn/29/16.08.24/HM20240816125157.jpeg,37.6,31.4
False,/data/uabcvmsc/shared/newborn/29/16.08.24/HM20240816125258.jpeg,37.5,31.5
False,/data/uabcvmsc/shared/newborn/29/16.08.24/HM20240816125359.jpeg,37.7,32.0
False,/data/uabcvmsc/shared/newborn/29/16.08.24/HM20240816125500.jpeg,37.7,32.0,1623,1505,-0.3194085657596588,0.9969741106033325,0.9998437166213989,1590,1498,-0.3420216143131256,0.9965110421180725,0.9996882677078247,1593,1496,-0.3423948287963867,0.9946027398109436,0.9996691942214966,1598,1494,-0.34253185987472534,0.9964858293533325,0.9994426369667053,1586,1496,-0.32650238275527954,0.9979390501976013,0.9996685981750488,1586,1491,-0.3268049359321594,0.9976984858512878,0.9996519088745117,1585,1487,-0.32697606086730957,0.9987373948097229,0.9995304346084595,1655,1465,-0.3755607008934021,0.992275059223175,0.9978875517845154,1634,1445,-0.3023515045642853,0.9910422563552856,0.9985382556915283,1678,1491,-0.3206685185432434,0.9668707251548767,0.9976254105567932,1674,1490,-0.30170971155166626,0.9819871783256531,0.9970852732658386,1899,1497,-0.3779642879962921,0.9933392405509949,0.9937596917152405,1797,1350,-0.25148504972457886,0.9953784942626953,0.9944880604743958,1710,1836,-0.5018957853317261,0.4876529574394226,0.9978057742118835,1582,1301,-0.32961001992225647,0.22946351766586304,0.9967929720878601,1339,1937,-0.611262321472168,0.3687953054904938,0.9988976716995239,1211,1240,-0.4917336106300354,0.3250083923339844,0.9995200634002686,1275,2010,-0.6843447089195251,0.42346903681755066,0.9972767233848572,1127,1176,-0.558474600315094,0.38682058453559875,0.999005138874054,1221,1931,-0.6896167397499084,0.43094420433044434,0.9977067708969116,1114,1208,-0.5725375413894653,0.411202996969223,0.9991951584815979,1245,1908,-0.6199370622634888,0.3954829275608063,0.9986122846603394,1148,1241,-0.5063359141349792,0.3752610683441162,0.9995569586753845,2324,1408,-0.034835875034332275,0.9956560134887695,0.9978245496749878,2272,1324,0.03463612124323845,0.9963386058807373,0.9968722462654114,1874,1350,-0.027535106986761093,0.002324109897017479,0.9991210103034973,1715,1272,0.06871378421783447,0.00021317902428563684,0.9997237324714661,1556,1426,0.12652477622032166,0.00680004945024848,0.9997265934944153,1412,1398,0.15909944474697113,0.002875428879633546,0.9995642304420471,1553,1436,0.13755236566066742,0.016008688136935234,0.9993357062339783,1432,1427,0.16656836867332458,0.006675267592072487,0.9994064569473267,1320,1445,0.05747024714946747,0.01852457784116268,0.9995735287666321,1138,1406,0.07855358719825745,0.010827749967575073,0.9993442893028259
True,/data/uabcvmsc/shared/newborn/29/16.08.24/HM20240816125602.jpeg,37.8,31.8,2820,1487,0.153985857963562,0.9999983310699463,0.9999998807907104,2846,1466,0.19912394881248474,0.9999986886978149,0.9999998807907104,2843,1471,0.198853000998497,0.9999983310699463,0.9999998807907104,2841,1477,0.19892176985740662,0.9999991655349731,0.9999998807907104,2851,1431,0.18253254890441895,0.999998927116394,0.9999997615814209,2850,1409,0.1822538524866104,0.9999983310699463,0.9999997615814209,2849,1379,0.18224668502807617,0.9999984502792358,0.9999996423721313,2794,1443,0.3401539921760559,0.9999990463256836,1.0,2790,1300,0.2673580050468445,0.9999967813491821,0.9999995231628418,2766,1496,0.20250363647937775,0.9999951124191284,0.9999996423721313,2763,1461,0.17906634509563446,0.9999929666519165,0.9999985694885254,2477,1586,0.3245459496974945,0.9999732971191406,0.999996542930603,2558,1162,0.2455853670835495,0.9997963309288025,0.9998999834060669,2264,1820,0.29447752237319946,0.28133103251457214,0.9998947381973267,2592,1001,0.22907790541648865,0.8048329949378967,0.999454915523529,2266,2139,0.21250948309898376,0.7967379093170166,0.9999927282333374,2879,1143,0.3184546232223511,0.8627521991729736,0.999984622001648,2242,2255,0.209819495677948,0.8361899852752686,0.9999774694442749,2932,1208,0.31884753704071045,0.8158684968948364,0.9999687671661377,2300,2266,0.18177121877670288,0.8466267585754395,0.999976396560669,2940,1237,0.3377246558666229,0.796899139881134,0.9999741315841675,2304,2211,0.19913174211978912,0.8142572045326233,0.9999899864196777,2905,1230,0.3256869316101074,0.758255124092102,0.9999881982803345,2037,1615,0.0004975508782081306,0.9999275207519531,0.9999954700469971,2028,1275,-0.0008933193166740239,0.9999109506607056,0.9999903440475464,1950,2063,-0.2718138098716736,0.9685570597648621,0.9999879598617554,1858,1034,-0.36787745356559753,0.9596198201179504,0.999983549118042,1512,1607,-0.28139200806617737,0.9072403311729431,0.9999897480010986,1350,1252,-0.2826378643512726,0.9042951464653015,0.9999618530273438,1409,1531,-0.2835406959056854,0.8942398428916931,0.99996018409729,1281,1348,-0.27143967151641846,0.9140444397926331,0.9999305009841919,1318,1517,-0.40888169407844543,0.8835457563400269,0.9995766282081604,1179,991,-0.36672550439834595,0.8790547251701355,0.9986724853515625,2518,1374,None,None,2278,2218,1270,1197,1413,1552
False,/data/uabcvmsc/shared/newborn/29/16.08.24/HM20240816125706.jpeg,37.6,31.4
True,/data/uabcvmsc/shared/newborn/29/16.08.24/HM20240816125808.jpeg,37.2,31.3,1190,1676,-0.3670930862426758,0.9931710958480835,0.9979754090309143,1178,1653,-0.3561548590660095,0.9930285811424255,0.9961543679237366,1177,1638,-0.35662972927093506,0.992708146572113,0.9966673254966736,1174,1614,-0.3566734194755554,0.99601149559021,0.9959335923194885,1185,1692,-0.3465999364852905,0.995104193687439,0.9937145113945007,1189,1704,-0.3471080958843231,0.9944654107093811,0.9941927790641785,1193,1717,-0.34748363494873047,0.9959375858306885,0.9927092790603638,1195,1564,-0.28039997816085815,0.9950507283210754,0.9974133372306824,1242,1713,-0.23560936748981476,0.9883283972740173,0.9930664300918579,1230,1641,-0.3359462022781372,0.9890944361686707,0.9986629486083984,1236,1689,-0.32546889781951904,0.9820183515548706,0.9957125186920166,1495,1349,-0.2372303456068039,0.9990537762641907,0.9995365142822266,1544,1733,-0.18787595629692078,0.9946963787078857,0.9979414343833923,1671,1244,-0.35514122247695923,0.1575750708580017,0.9972245693206787,1672,1653,-0.18790870904922485,0.0471741147339344,0.9960994720458984,1375,1150,-0.5258842706680298,0.2466444969177246,0.9997088313102722,1411,1677,-0.25200170278549194,0.07638092339038849,0.9982160925865173,1299,1125,-0.5600528717041016,0.34891360998153687,0.9991951584815979,1350,1679,-0.2812076508998871,0.08726426959037781,0.9960578680038452,1229,1115,-0.5764995217323303,0.3717070519924164,0.9992708563804626,1312,1705,-0.3004325032234192,0.09349618852138519,0.9953404664993286,1260,1133,-0.5364906787872314,0.31266841292381287,0.999622106552124,1332,1692,-0.2657296061515808,0.09686112403869629,0.9978955984115601,2186,1416,-0.010396623983979225,0.999180257320404,0.9999265670776367,2171,1630,0.010185145772993565,0.9994122982025146,0.9999431371688843,2411,1620,0.0823868066072464,0.00357339926995337,0.9989572763442993,2186,1772,-0.18410854041576385,0.029424309730529785,0.9995953440666199,2409,1898,0.2887316942214966,0.007860986515879631,0.998996913433075,2537,1612,-0.04991459473967552,0.019800705835223198,0.9989295601844788,2421,1908,0.30827680230140686,0.028248626738786697,0.9979973435401917,2583,1574,-0.03369348868727684,0.04023537412285805,0.9986675977706909,2398,2034,0.260673850774765,0.016396841034293175,0.9980633854866028,2666,1595,-0.08935602754354477,0.02910466492176056,0.9959523677825928,None,None,None,None,None,None,None,None,None,None
False,/data/uabcvmsc/shared/newborn/29/16.08.24/HM20240816125910.jpeg,36.9,31.0
False,/data/uabcvmsc/shared/newborn/29/16.08.24/HM20240816130012.jpeg,37.1,30.9,1657,1637,-0.4020920395851135,0.9974358677864075,0.9999845027923584,1596,1591,-0.4112938642501831,0.9960785508155823,0.9999443292617798,1592,1568,-0.41157853603363037,0.994198203086853,0.9999278783798218,1589,1545,-0.4116387367248535,0.9954935312271118,0.9998480081558228,1602,1640,-0.39107903838157654,0.9984387755393982,0.9999583959579468,1603,1652,-0.3914990723133087,0.998568058013916,0.9999650716781616,1604,1664,-0.39183294773101807,0.9991294741630554,0.9999542236328125,1589,1446,-0.3907072842121124,0.9915257096290588,0.9995837807655334,1609,1624,-0.29467281699180603,0.9967709183692932,0.9999434947967529,1699,1573,-0.3857828676700592,0.9727097749710083,0.9996980428695679,1709,1626,-0.3598570227622986,0.9819992780685425,0.999688982963562,1774,1223,-0.3263930082321167,0.9988512992858887,0.9992471933364868,1759,1644,-0.23755188286304474,0.999835729598999,0.999964714050293,1917,1287,-0.35283568501472473,0.025181187316775322,0.995061457157135,2047,1705,-0.26877933740615845,0.11687061190605164,0.9997890591621399,1883,1465,-0.31861910223960876,0.011252685450017452,0.9984273910522461,2298,1791,-0.37662258744239807,0.20193062722682953,0.9999682903289795,1865,1500,-0.32868295907974243,0.02154603786766529,0.9972984194755554,2303,1855,-0.4020647406578064,0.22559262812137604,0.9999290704727173,1807,1501,-0.3422107398509979,0.02230709046125412,0.997626006603241,2303,1836,-0.4350634217262268,0.22956296801567078,0.9999270439147949,1809,1498,-0.3222310543060303,0.022455258294939995,0.9985338449478149,2340,1773,-0.39230215549468994,0.21226716041564941,0.9999669790267944,2198,1321,-0.04697158560156822,0.9937236905097961,0.9986016154289246,2122,1555,0.04674180597066879,0.9970459342002869,0.9997374415397644,1904,1289,-0.06199412792921066,0.02994057722389698,0.9990026354789734,1786,1794,-0.03610430285334587,0.00471441401168704,0.9997765421867371,1566,1682,-0.23551605641841888,0.0772656723856926,0.9999426603317261,1471,1877,-0.20756806433200836,0.015513737685978413,0.9998202919960022,1581,1751,-0.2593473196029663,0.27549442648887634,0.9997697472572327,1510,1870,-0.22325873374938965,0.10238314419984818,0.9997349381446838,1248,1748,-0.34625715017318726,0.2891381084918976,0.9998339414596558,1122,2006,-0.2690328359603882,0.07603970915079117,0.9997180104255676
False,/data/uabcvmsc/shared/newborn/29/16.08.24/HM20240816130113.jpeg,37.4,31.3,1387,1440,-0.45625901222229004,0.9569435119628906,0.9991727471351624,1370,1451,-0.46544915437698364,0.9487180709838867,0.9969922304153442,1364,1453,-0.4658554196357727,0.9465808272361755,0.9969088435173035,1360,1455,-0.4659532308578491,0.9637234210968018,0.9955392479896545,1388,1445,-0.4624745845794678,0.967381477355957,0.9965188503265381,1397,1443,-0.4628206193447113,0.9709972143173218,0.9964750409126282,1406,1441,-0.46313127875328064,0.978611946105957,0.9953228831291199,1401,1463,-0.44009265303611755,0.9395036101341248,0.9915557503700256,1462,1432,-0.4228346049785614,0.9210485219955444,0.9904177784919739,1413,1433,-0.43717262148857117,0.9194778800010681,0.9989768266677856,1435,1431,-0.43392130732536316,0.9207019805908203,0.9979189038276672,1585,1494,-0.3797092139720917,0.9981302618980408,0.9993854761123657,1627,1360,-0.3649632930755615,0.9976252913475037,0.9993150234222412,1585,1793,-0.4753636121749878,0.04710943624377251,0.996560275554657,1631,1281,-0.4952039122581482,0.07560821622610092,0.9976595640182495,1273,1841,-0.5953207015991211,0.12817613780498505,0.9997865557670593,1240,1137,-0.6831268668174744,0.6247071623802185,0.9999428987503052,1214,1876,-0.6404838562011719,0.29768577218055725,0.9996060729026794,1183,1084,-0.7463526725769043,0.7687748074531555,0.999929666519165,1166,1812,-0.6523966789245605,0.3172153830528259,0.9996163845062256,1154,1095,-0.7455703020095825,0.7628743648529053,0.9999463558197021,1188,1795,-0.6023451089859009,0.2887054681777954,0.999782145023346,1180,1112,-0.6897544860839844,0.7051400542259216,0.9999743700027466,1923,1529,-0.006929855328053236,0.9944612979888916,0.9983401298522949,1919,1459,0.0064864992164075375,0.9973158240318298,0.9989332556724548,1818,1788,-0.029733166098594666,5.6991113524418324e-05,0.9978945851325989,1710,1366,-0.16467121243476868,0.00036562836612574756,0.9997196793556213,1419,1743,0.10660726577043533,0.0004807183868251741,0.9997252821922302,1558,1281,-0.18872961401939392,0.004762873984873295,0.9997888207435608,1419,1704,0.11842144280672073,0.002479257294908166,0.9993610978126526,1609,1282,-0.19024458527565002,0.014467651024460793,0.9996299743652344,1173,1805,0.060368578881025314,0.0033512848895043135,0.9998327493667603,1348,1253,-0.2767259180545807,0.022237155586481094,0.9994639754295349
False,/data/uabcvmsc/shared/newborn/29/16.08.24/HM20240816130214.jpeg,37.0,31.0
True,/data/uabcvmsc/shared/newborn/29/16.08.24/HM20240816130317.jpeg,37.2,31.1,2850,1480,0.16426420211791992,0.9995430707931519,0.9999897480010986,2876,1460,0.20040591061115265,0.9995542168617249,0.9999791383743286,2875,1466,0.20024605095386505,0.9991315007209778,0.9999778270721436,2876,1472,0.20034217834472656,0.9995675683021545,0.9999719858169556,2872,1441,0.18666377663612366,0.9997144341468811,0.999977707862854,2867,1426,0.18646754324436188,0.9995988011360168,0.9999793767929077,2862,1410,0.1864597052335739,0.9997580647468567,0.9999732971191406,2854,1498,0.32472342252731323,0.9994296431541443,0.9999816417694092,2811,1334,0.26242122054100037,0.9991394281387329,0.9999597072601318,2806,1496,0.20661188662052155,0.999574601650238,0.9999842643737793,2793,1454,0.18688146770000458,0.9994534850120544,0.9999608993530273,2609,1597,0.2939120829105377,0.9998633861541748,0.9999083280563354,2610,1215,0.19912832975387573,0.9996931552886963,0.9995063543319702,2499,1708,0.08774973452091217,0.11719908565282822,0.9972383975982666,2612,1097,-0.032753393054008484,0.5963094234466553,0.996747612953186,2622,1580,-0.18238133192062378,0.197812020778656,0.999956488609314,2791,1292,-0.23415648937225342,0.6952766180038452,0.9999082088470459,2660,1550,-0.23089201748371124,0.23863822221755981,0.9998877048492432,2823,1348,-0.28472521901130676,0.5973965525627136,0.9997329115867615,2682,1536,-0.21149039268493652,0.21765165030956268,0.9999300241470337,2842,1370,-0.2590203285217285,0.5470059514045715,0.9998499155044556,2671,1546,-0.18102231621742249,0.13880571722984314,0.9999631643295288,2825,1355,-0.2305690497159958,0.4049755334854126,0.9999408721923828,2141,1568,0.02548328973352909,0.9999830722808838,0.9999994039535522,2151,1290,-0.025918729603290558,0.9999842643737793,0.9999991655349731,2081,2068,-0.19969703257083893,0.5215120315551758,0.9999616146087646,1966,971,-0.2873958945274353,0.49153897166252136,0.9998948574066162,1591,1727,-0.208424374461174,0.5367434620857239,0.9999837875366211,1649,1318,-0.16870300471782684,0.2799854576587677,0.9999431371688843,1558,1617,-0.21124304831027985,0.6075142025947571,0.9999393224716187,1649,1396,-0.15546657145023346,0.33943989872932434,0.9999172687530518,1349,1776,-0.3667762875556946,0.41804033517837524,0.9984309077262878,1382,1416,-0.2906266748905182,0.21339276432991028,0.9977789521217346,2610,1406,None,None,None,None,None,None,None,None
True,/data/uabcvmsc/shared/newborn/29/16.08.24/HM20240816130418.jpeg,37.1,30.8,2843,1395,-0.01601478084921837,0.9999828338623047,0.9999998807907104,2876,1419,0.013811708427965641,0.9999805688858032,0.9999996423721313,2876,1432,0.013685180805623531,0.9999604225158691,0.9999995231628418,2875,1443,0.013819584622979164,0.9999808073043823,0.9999992847442627,2872,1359,0.003231482580304146,0.999988317489624,0.9999996423721313,2867,1329,0.0030209871474653482,0.9999837875366211,0.9999996423721313,2866,1308,0.0030696713365614414,0.9999899864196777,0.9999994039535522,2840,1453,0.13466742634773254,0.9999606609344482,0.9999990463256836,2823,1279,0.08691749721765518,0.9999504089355469,0.999998927116394,2800,1437,0.027815908193588257,0.9999611377716064,0.9999991655349731,2791,1353,0.012141134589910507,0.9999580383300781,0.9999986886978149,2621,1582,0.131924569606781,0.999929666519165,0.9999794960021973,2635,1193,0.053629688918590546,0.9999418258666992,0.99997878074646,2524,1758,-0.1175849586725235,0.5508790612220764,0.9990204572677612,2573,964,-0.1799699366092682,0.9012354016304016,0.999728262424469,2623,1580,-0.425296425819397,0.5079930424690247,0.9999825954437256,2824,1197,-0.3836278021335602,0.9471780061721802,0.9999966621398926,2659,1526,-0.4823331832885742,0.5467241406440735,0.9999350309371948,2871,1250,-0.4343803822994232,0.9174628853797913,0.9999855756759644,2678,1503,-0.4626524746417999,0.5170116424560547,0.9999666213989258,2902,1297,-0.40563884377479553,0.8989442586898804,0.9999934434890747,2668,1510,-0.4240555763244629,0.3722487688064575,0.9999849796295166,2873,1285,-0.37720638513565063,0.8448573350906372,0.9999974966049194,2167,1620,0.020680280402302742,0.9999508857727051,0.9999985694885254,2149,1298,-0.02118484489619732,0.9999569654464722,0.9999986886978149,2073,1981,-0.311024934053421,0.2635836601257324,0.999785840511322,2019,1058,-0.3776545822620392,0.2656398415565491,0.9999072551727295,1522,1560,-0.41639989614486694,0.20806722342967987,0.9999417066574097,1636,1564,-0.39694926142692566,0.17184294760227203,0.999937891960144,1470,1466,-0.42986994981765747,0.345628559589386,0.9998186230659485,1602,1645,-0.39821857213974,0.25957608222961426,0.999885082244873,1362,1543,-0.5808501243591309,0.23173633217811584,0.999091386795044,1521,1671,-0.5287590622901917,0.18314160406589508,0.9990424513816833,2628,1388,2868,1257,None,None,None,None,None,None
False,/data/uabcvmsc/shared/newborn/29/16.08.24/HM20240816130520.jpeg,37.1,30.5
False,/data/uabcvmsc/shared/newborn/29/16.08.24/HM20240816130622.jpeg,37.2,29.6,1530,1368,-0.1281285583972931,0.9958279728889465,0.9999676942825317,1491,1356,-0.1098862811923027,0.9945927262306213,0.9999279975891113,1489,1340,-0.11024209856987,0.9941819310188293,0.9999200105667114,1488,1324,-0.11027662456035614,0.995609700679779,0.9998555183410645,1495,1404,-0.11373745650053024,0.9964131712913513,0.999910831451416,1497,1423,-0.11399664729833603,0.995873749256134,0.9998996257781982,1498,1442,-0.11414746195077896,0.9969025254249573,0.9998435974121094,1510,1323,-0.02528686635196209,0.9864913821220398,0.9996922016143799,1523,1492,-0.041707493364810944,0.9821879267692566,0.9995759129524231,1573,1352,-0.09424100071191788,0.9015516638755798,0.9981546998023987,1578,1408,-0.10108926892280579,0.9239924550056458,0.9972156286239624,1658,1270,-0.04534975811839104,0.9933680891990662,0.9959428906440735,1657,1628,-0.01967463828623295,0.9927576780319214,0.9945085644721985,1564,1430,-0.18847310543060303,0.011558116413652897,0.9907268285751343,1524,1661,-0.07508600503206253,0.040768057107925415,0.9970044493675232,1245,1495,-0.307387113571167,0.013915466144680977,0.9994804263114929,1198,1652,-0.089825339615345,0.10323202610015869,0.9997864365577698,1173,1498,-0.3383514881134033,0.02851521596312523,0.9991230368614197,1110,1635,-0.10469590127468109,0.1421581655740738,0.999548614025116,1139,1491,-0.3333684802055359,0.026520587503910065,0.9990625977516174,1074,1634,-0.10939972847700119,0.14501385390758514,0.9995810389518738,1166,1500,-0.30932432413101196,0.022519299760460854,0.9994331002235413,1112,1635,-0.09491824358701706,0.14095382392406464,0.9998036026954651,2114,1330,0.005447982810437679,0.9928500652313232,0.998759388923645,2121,1559,-0.005992391612380743,0.9935482144355774,0.9984728693962097,1967,1020,-0.08149956166744232,0.012623587623238564,0.9994462132453918,1659,1516,-0.09946274012327194,0.008323981426656246,0.9998288154602051,1474,898,-0.30672815442085266,0.09853421896696091,0.9997958540916443,1554,1276,-0.20247215032577515,0.06688615679740906,0.9998489618301392,1546,892,-0.33192241191864014,0.3463799059391022,0.9993929862976074,1588,1231,-0.21188756823539734,0.16137227416038513,0.9997410178184509,1279,869,-0.42992642521858215,0.237373486161232,0.9992663264274597,1427,1220,-0.2858927249908447,0.12242630124092102,0.9992939233779907
False,/data/uabcvmsc/shared/newborn/29/16.08.24/HM20240816130723.jpeg,37.2,30.8
True,/data/uabcvmsc/shared/newborn/29/16.08.24/HM20240816130824.jpeg,37.0,29.8,2722,1267,-0.3670024275779724,0.9999996423721313,1.0,2760,1289,-0.3410314619541168,0.9999997615814209,1.0,2763,1305,-0.34125226736068726,0.9999994039535522,0.9999998807907104,2767,1331,-0.341143399477005,0.9999997615814209,0.9999998807907104,2737,1226,-0.34612396359443665,0.9999997615814209,0.9999998807907104,2724,1199,-0.34639498591423035,0.9999996423721313,0.9999998807907104,2716,1182,-0.34640926122665405,0.9999996423721313,0.9999997615814209,2753,1366,-0.18384195864200592,0.9999995231628418,0.9999998807907104,2652,1145,-0.20466549694538116,0.9999982118606567,0.9999995231628418,2688,1312,-0.30580058693885803,0.9999991655349731,0.9999998807907104,2652,1249,-0.31360092759132385,0.9999984502792358,0.9999995231628418,2526,1569,-0.10700137168169022,0.9999856948852539,0.9999982118606567,2472,1121,-0.12259866297245026,0.9998801946640015,0.999983549118042,2354,1852,-0.2676914632320404,0.8715199828147888,0.999568521976471,2303,1034,-0.2678425908088684,0.554314911365509,0.9991752505302429,2433,1806,-0.5767865180969238,0.9397140145301819,0.9999691247940063,2330,835,-0.5310596823692322,0.7708951234817505,0.9993860721588135,2427,1799,-0.639518141746521,0.9531174898147583,0.9999291896820068,2335,766,-0.5885955095291138,0.8606225252151489,0.9986883997917175,2498,1745,-0.6558489799499512,0.9554508328437805,0.9999572038650513,2363,769,-0.6107320785522461,0.8662930727005005,0.9992489218711853,2483,1739,-0.5912363529205322,0.923638641834259,0.9999775886535645,2358,809,-0.5486927032470703,0.8224614858627319,0.9996531009674072,2061,1641,0.0015960634918883443,0.9999830722808838,0.9999997615814209,2037,1330,-0.0019405417842790484,0.9999759197235107,0.9999997615814209,1944,2062,-0.2841584384441376,0.9818766117095947,0.9999792575836182,1843,1067,-0.29205355048179626,0.950314462184906,0.9999792575836182,1494,1681,-0.213144913315773,0.9650285243988037,0.9999972581863403,1570,1405,-0.17347250878810883,0.9309949278831482,0.9999957084655762,1441,1571,-0.20981284976005554,0.9576367735862732,0.9999921321868896,1542,1498,-0.16287195682525635,0.909587025642395,0.9999938011169434,1293,1693,-0.34648168087005615,0.9623120427131653,0.9999408721923828,1334,1429,-0.27763575315475464,0.9207500219345093,0.999893069267273,2499,1345,2346,795,2460,1772,1482,1444,1409,1648
False,/data/uabcvmsc/shared/newborn/29/16.08.24/HM20240816130925.jpeg,36.8,29.8
False,/data/uabcvmsc/shared/newborn/29/16.08.24/HM20240816131027.jpeg,36.9,29.9
False,/data/uabcvmsc/shared/newborn/29/16.08.24/HM20240816131129.jpeg,36.9,30.3
False,/data/uabcvmsc/shared/newborn/29/16.08.24/HM20240816131231.jpeg,36.8,30.0,2317,1044,0.2470521777868271,0.9997019171714783,0.9999996423721313,2334,1016,0.26603421568870544,0.9995512366294861,0.9999992847442627,2338,1017,0.26588451862335205,0.9994356036186218,0.9999992847442627,2342,1019,0.2658405005931854,0.9997511506080627,0.9999990463256836,2319,1004,0.25145649909973145,0.999794065952301,0.9999986886978149,2313,999,0.2512265145778656,0.9997696280479431,0.9999985694885254,2308,994,0.2512805163860321,0.9997926354408264,0.999997615814209,2339,1011,0.3266110122203827,0.9998434782028198,0.9999995231628418,2293,977,0.2632833421230316,0.999279797077179,0.9999966621398926,2314,1063,0.2719082236289978,0.9994997978210449,0.9999990463256836,2298,1053,0.25201302766799927,0.9991790652275085,0.9999973773956299,2316,1151,0.33576828241348267,0.9999985694885254,0.9999997615814209,2220,1042,0.14255863428115845,0.9999781847000122,0.9999954700469971,2401,1467,0.21561187505722046,0.05142958462238312,0.999990701675415,2324,1316,-0.02137656882405281,0.24579846858978271,0.9999607801437378,2422,1626,0.013931089080870152,0.11037115752696991,0.9999948740005493,2506,1511,-0.11326272040605545,0.2629167139530182,0.9999686479568481,2436,1661,-0.009478217922151089,0.17243681848049164,0.9999880790710449,2541,1566,-0.1563728004693985,0.3271300196647644,0.999954104423523,2436,1631,-0.020456599071621895,0.18032656610012054,0.9999903440475464,2566,1550,-0.13169842958450317,0.30673250555992126,0.9999617338180542,2429,1619,0.00551133556291461,0.12572908401489258,0.9999940395355225,2550,1524,-0.10667743533849716,0.2072778046131134,0.9999723434448242,2041,1499,0.05661347508430481,0.9999812841415405,0.9999996423721313,2012,1401,-0.05710343271493912,0.9999700784683228,0.9999991655349731,1939,1924,-0.11805406957864761,0.606682538986206,0.999988317489624,2050,1661,-0.3324699103832245,0.8875728249549866,0.9999879598617554,1604,1640,-0.16277772188186646,0.15510845184326172,0.9999877214431763,1710,1492,-0.3657611608505249,0.19247356057167053,0.9999723434448242,1584,1593,-0.16890324652194977,0.4089031219482422,0.9999642372131348,1675,1479,-0.3657797873020172,0.47059017419815063,0.9999649524688721,1442,1553,-0.22922445833683014,0.27972617745399475,0.9999756813049316,1568,1432,-0.3916025459766388,0.3908345699310303,0.9998723268508911
True,/data/uabcvmsc/shared/newborn/29/16.08.24/HM20240816131333.jpeg,36.7,30.6,2731,1299,-0.022997017949819565,0.9997040629386902,0.9999880790710449,2769,1296,0.006799303460866213,0.9997348189353943,0.9999774694442749,2775,1309,0.006605152972042561,0.9995903372764587,0.9999781847000122,2780,1322,0.00665561156347394,0.999813973903656,0.9999723434448242,2752,1251,-0.002553954953327775,0.999809205532074,0.9999635219573975,2745,1234,-0.002759160939604044,0.9997475743293762,0.99996018409729,2738,1217,-0.0028085829690098763,0.9998043179512024,0.9999386072158813,2758,1332,0.13494449853897095,0.9997833371162415,0.9999810457229614,2700,1179,0.09208863228559494,0.9992094039916992,0.9999041557312012,2691,1333,0.02445584163069725,0.9997711777687073,0.9999889135360718,2669,1280,0.010379493236541748,0.9996289014816284,0.9999624490737915,2541,1520,0.14806364476680756,0.9999592304229736,0.9999828338623047,2478,1057,0.0869634822010994,0.9995070695877075,0.9997029900550842,2315,1730,-0.023685801774263382,0.4637334942817688,0.9990270137786865,2272,1092,-0.12778496742248535,0.15068471431732178,0.9916154742240906,2440,1708,-0.3165235221385956,0.5663173198699951,0.9999556541442871,2393,1253,-0.41215628385543823,0.16016480326652527,0.9993378520011902,2430,1719,-0.3737989664077759,0.6190823912620544,0.9998781681060791,2409,1297,-0.4753580093383789,0.211880624294281,0.9989614486694336,2506,1684,-0.3723248839378357,0.6138742566108704,0.9999316930770874,2466,1310,-0.46575266122817993,0.19482234120368958,0.9994731545448303,2486,1675,-0.3228759169578552,0.45820698142051697,0.999966025352478,2460,1302,-0.41637828946113586,0.13019832968711853,0.9997263550758362,2082,1563,0.018304724246263504,0.9999783039093018,0.9999996423721313,2053,1266,-0.018561838194727898,0.999962329864502,0.9999991655349731,1981,2087,-0.24917468428611755,0.8502541780471802,0.9999793767929077,1879,1035,-0.3738325238227844,0.6990975737571716,0.9999651908874512,1621,1627,-0.16614018380641937,0.8846192359924316,0.9999953508377075,1620,1360,-0.16477946937084198,0.5812418460845947,0.9999908208847046,1509,1545,-0.16085360944271088,0.8854796886444092,0.9999874830245972,1593,1433,-0.14318038523197174,0.5660213828086853,0.9999879598617554,1454,1706,-0.3164282739162445,0.8330292701721191,0.999872088432312,1423,1383,-0.27008360624313354,0.5005886554718018,0.99981290102005,2510,1288,None,None,None,None,None,None,1528,1626
False,/data/uabcvmsc/shared/newborn/29/16.08.24/HM20240816131439.jpeg,36.8,31.0
False,/data/uabcvmsc/shared/newborn/29/16.08.24/HM20240816131541.jpeg,37.0,30.9
False,/data/uabcvmsc/shared/newborn/29/16.08.24/HM20240816131642.jpeg,36.9,30.5
False,/data/uabcvmsc/shared/newborn/29/16.08.24/HM20240816131744.jpeg,37.1,31.5
True,/data/uabcvmsc/shared/newborn/29/16.08.24/HM20240816131845.jpeg,37.0,31.1,2712,1181,-0.2973802387714386,0.9997500777244568,0.9999905824661255,2764,1197,-0.2707867920398712,0.999625563621521,0.9999672174453735,2774,1215,-0.27104735374450684,0.9994161128997803,0.9999642372131348,2783,1247,-0.27095094323158264,0.9996274709701538,0.9999399185180664,2731,1145,-0.2619875967502594,0.9997575879096985,0.9999567270278931,2723,1134,-0.2623059153556824,0.9997128844261169,0.9999555349349976,2712,1115,-0.2624543011188507,0.999769389629364,0.999931812286377,2764,1331,-0.13292406499385834,0.9995083808898926,0.9999406337738037,2665,1114,-0.09334594011306763,0.9988237023353577,0.9999203681945801,2675,1254,-0.24550989270210266,0.9995614886283875,0.9999823570251465,2649,1176,-0.23638156056404114,0.999388575553894,0.9999562501907349,2552,1545,-0.09166282415390015,0.9998365640640259,0.9999185800552368,2449,1089,-0.05560716241598129,0.9996614456176758,0.999789297580719,2420,1834,-0.297071248292923,0.48463717103004456,0.9962416887283325,2276,1069,-0.2842766046524048,0.17952607572078705,0.9972255825996399,2433,1624,-0.5696797370910645,0.137760192155838,0.9983915686607361,2314,1065,-0.6266613602638245,0.18440930545330048,0.9978547692298889,2423,1577,-0.6284991502761841,0.16674229502677917,0.9956358075141907,2299,1054,-0.7042922377586365,0.24487018585205078,0.9945662021636963,2429,1532,-0.6298856139183044,0.16072693467140198,0.9976212382316589,2351,1079,-0.7060179114341736,0.2364169806241989,0.9970098733901978,2426,1557,-0.5748509764671326,0.111873097717762,0.9986435770988464,2356,1094,-0.6389108896255493,0.18151158094406128,0.9985104203224182,2046,1647,0.006960459519177675,0.999811589717865,0.9999876022338867,1951,1332,-0.007289792876690626,0.9998266100883484,0.9999881982803345,2056,2004,-0.3668704032897949,0.3882708251476288,0.9996274709701538,1772,1219,-0.4391699731349945,0.4821215271949768,0.9997736811637878,1562,1900,-0.3333301544189453,0.34829360246658325,0.9995535016059875,1358,1574,-0.3786434829235077,0.5170862674713135,0.9992013573646545,1496,1844,-0.3382568657398224,0.3560645580291748,0.9987114667892456,1262,1685,-0.37763693928718567,0.37564796209335327,0.9985729455947876,1482,1919,-0.5289685726165771,0.33124735951423645,0.9958767890930176,1234,1686,-0.5634346008300781,0.39719510078430176,0.9929401874542236,2500,1317,None,None,None,None,None,None,None,None
False,/data/uabcvmsc/shared/newborn/29/16.08.24/HM20240816131946.jpeg,37.2,30.1
True,/data/uabcvmsc/shared/newborn/29/16.08.24/HM20240816132048.jpeg,36.8,30.4,1794,1508,-0.19199977815151215,0.9997712969779968,0.9999685287475586,1728,1505,-0.18740065395832062,0.9990793466567993,0.999907374382019,1719,1490,-0.18761380016803741,0.9987506866455078,0.9998935461044312,1712,1474,-0.18755514919757843,0.9989401698112488,0.9998170733451843,1745,1549,-0.18712791800498962,0.9996709823608398,0.9999483823776245,1750,1564,-0.1874411404132843,0.999721109867096,0.9999637603759766,1754,1580,-0.18761472404003143,0.9998421669006348,0.9999649524688721,1703,1441,-0.12461289763450623,0.9994588494300842,0.9998056292533875,1762,1592,-0.12451017647981644,0.9998071789741516,0.9999778270721436,1818,1460,-0.16203339397907257,0.9996943473815918,0.9999431371688843,1841,1514,-0.1642961949110031,0.9998306035995483,0.9999507665634155,1868,1193,-0.10012196749448776,0.9999598264694214,0.9999535083770752,1938,1677,-0.08709501475095749,0.9999951124191284,0.9999960660934448,1958,891,-0.2926790416240692,0.9838371872901917,0.9973917007446289,2153,1939,-0.14431442320346832,0.9187593460083008,0.9999281167984009,1666,1208,-0.4547222852706909,0.9510361552238464,0.9999759197235107,2357,1743,-0.23535041511058807,0.9673556089401245,0.9999926090240479,1559,1264,-0.4978073239326477,0.8711257576942444,0.9999562501907349,2463,1763,-0.2656746506690979,0.9389559626579285,0.9999709129333496,1557,1264,-0.46263670921325684,0.8435181379318237,0.9999754428863525,2448,1694,-0.2541641294956207,0.9321197271347046,0.9999812841415405,1595,1246,-0.4432893693447113,0.7585259675979614,0.9999850988388062,2417,1678,-0.23286454379558563,0.9090723395347595,0.9999912977218628,2465,1207,0.005214164033532143,0.999914288520813,0.9999939203262329,2496,1440,-0.005455745849758387,0.9999635219573975,0.9999982118606567,2825,1091,0.2186335027217865,0.24257279932498932,0.9999005794525146,2875,1335,0.14973929524421692,0.2617354393005371,0.9999740123748779,2989,1054,0.49690648913383484,0.1525079309940338,0.9997186064720154,3059,1222,0.4590229094028473,0.16251720488071442,0.9996843338012695,3004,1055,0.5231616497039795,0.16462887823581696,0.9993461966514587,3070,1197,0.49052897095680237,0.11136162281036377,0.9996026158332825,3142,1017,0.4678887128829956,0.16373035311698914,0.9973543882369995,3222,1161,0.43127039074897766,0.13450393080711365,0.9977578520774841,None,None,2421,1720,1594,1246,None,None,None,None
True,/data/uabcvmsc/shared/newborn/29/16.08.24/HM20240816132150.jpeg,36.8,30.9,1864,1568,-0.08475156128406525,0.9982120990753174,0.9999171495437622,1801,1560,-0.08494646847248077,0.9931105375289917,0.999822199344635,1791,1546,-0.08515402674674988,0.9918718934059143,0.9998013377189636,1782,1530,-0.0851014032959938,0.9930128455162048,0.9996813535690308,1818,1603,-0.08490215986967087,0.9972148537635803,0.9998862743377686,1821,1618,-0.08513209223747253,0.997795581817627,0.9999141693115234,1824,1633,-0.08525533229112625,0.9985982775688171,0.9999151229858398,1748,1493,-0.04628828167915344,0.9972200393676758,0.9996969699859619,1805,1645,-0.0450960174202919,0.998537540435791,0.9999457597732544,1870,1525,-0.06177052855491638,0.9978886246681213,0.9998519420623779,1892,1573,-0.06378065049648285,0.99874347448349,0.9998443126678467,1836,1260,-0.04418758302927017,0.999948263168335,0.9999220371246338,1908,1751,-0.043057747185230255,0.9999922513961792,0.9999897480010986,1936,943,-0.24287717044353485,0.9844253063201904,0.9969722032546997,2100,1961,-0.1080629974603653,0.9580038189888,0.9999033212661743,1659,1244,-0.4039051830768585,0.9339043498039246,0.9999736547470093,2345,1739,-0.18101538717746735,0.9814426302909851,0.9999945163726807,1618,1286,-0.44745248556137085,0.8490288257598877,0.9999562501907349,2440,1760,-0.21227683126926422,0.9604999423027039,0.9999830722808838,1581,1296,-0.41229182481765747,0.8208721876144409,0.9999735355377197,2441,1687,-0.19800452888011932,0.9570234417915344,0.9999885559082031,1612,1285,-0.3929519057273865,0.7337023019790649,0.999982476234436,2417,1667,-0.17760156095027924,0.9370945692062378,0.9999943971633911,2380,1287,0.014946023933589458,0.9999392032623291,0.9999959468841553,2400,1527,-0.015168759040534496,0.9999691247940063,0.9999980926513672,2812,1133,0.13317519426345825,0.5325695276260376,0.9999518394470215,2805,1374,0.11005205661058426,0.4708230495452881,0.9999788999557495,2993,1116,0.4245838224887848,0.3341732919216156,0.9999308586120605,3038,1223,0.41623109579086304,0.36253851652145386,0.9999051094055176,3025,1099,0.45236146450042725,0.33689355850219727,0.9998297691345215,3056,1190,0.44735658168792725,0.2838221490383148,0.9999005794525146,3180,1048,0.3913065493106842,0.3116021454334259,0.9992377758026123,3199,1153,0.3859620690345764,0.25712212920188904,0.9992350339889526,None,None,2411,1713,1618,1278,None,None,None,None
False,/data/uabcvmsc/shared/newborn/29/16.08.24/HM20240816132253.jpeg,37.2,31.0,2402,907,-0.24668633937835693,0.9898495674133301,0.9997075200080872,2440,888,-0.23760442435741425,0.982925534248352,0.999451220035553,2454,891,-0.23794159293174744,0.9794991612434387,0.9995490908622742,2469,895,-0.23793816566467285,0.9860588908195496,0.9993933439254761,2402,877,-0.2311975061893463,0.9890515208244324,0.999038815498352,2389,872,-0.23144982755184174,0.9904230833053589,0.998996913433075,2376,867,-0.2315775752067566,0.9918529391288757,0.998563826084137,2496,905,-0.16005972027778625,0.9916424751281738,0.9995099306106567,2361,864,-0.1278950721025467,0.967106819152832,0.9983577132225037,2413,959,-0.21286603808403015,0.9622166752815247,0.9994877576828003,2366,933,-0.20564520359039307,0.9561294913291931,0.9985501170158386,2588,1013,-0.13233861327171326,0.9996756315231323,0.9999291896820068,2216,1008,-0.05962933227419853,0.9969583749771118,0.9995409250259399,2807,1171,-0.2486257255077362,0.13213574886322021,0.9972020387649536,2116,1271,-0.15246357023715973,0.010462275706231594,0.9905394315719604,2640,1190,-0.4056261479854584,0.028917165473103523,0.9974428415298462,2070,1192,-0.3298390209674835,0.04232526943087578,0.9985132813453674,2592,1206,-0.4440010190010071,0.032689254730939865,0.9949892163276672,2059,1173,-0.368084579706192,0.08448106050491333,0.9984373450279236,2567,1163,-0.4438331425189972,0.032762885093688965,0.99644535779953,2065,1123,-0.3776591420173645,0.0909527838230133,0.9988815188407898,2575,1163,-0.4084140360355377,0.02647789753973484,0.9975494742393494,2079,1134,-0.3393918573856354,0.06585458666086197,0.9992353916168213,2419,1489,-0.019655974581837654,0.9991456270217896,0.9999632835388184,2226,1396,0.019174857065081596,0.998217761516571,0.9999456405639648,2512,1581,-0.10633695870637894,0.1350303441286087,0.9996167421340942,2175,1060,-0.011391657404601574,0.02566026709973812,0.9999018907546997,2322,1715,0.04025381803512573,0.024306481704115868,0.9994818568229675,2149,1281,-0.10007357597351074,0.0788145437836647,0.9996156692504883,2287,1731,0.05351344868540764,0.046708736568689346,0.9987258315086365,2165,1377,-0.1098349392414093,0.13196226954460144,0.9994638562202454,2272,1730,0.004420608282089233,0.02841344103217125,0.9989542961120605,2084,1214,-0.17082814872264862,0.10124673694372177,0.9977676868438721
False,/data/uabcvmsc/shared/newborn/29/16.08.24/HM20240816132354.jpeg,37.2,30.9,2002,1516,-0.21276330947875977,0.9994055032730103,0.9999819993972778,1936,1482,-0.22063031792640686,0.9984936714172363,0.9999595880508423,1925,1459,-0.22086946666240692,0.9975805282592773,0.9999414682388306,1915,1436,-0.22073566913604736,0.9979674220085144,0.9998785257339478,1950,1549,-0.22129322588443756,0.999596893787384,0.9999840259552002,1950,1570,-0.22162052989006042,0.9996680021286011,0.9999889135360718,1950,1592,-0.2218576818704605,0.9998449087142944,0.9999897480010986,1854,1384,-0.17838050425052643,0.9987208247184753,0.9998395442962646,1900,1618,-0.18175938725471497,0.9998154044151306,0.9999948740005493,1997,1473,-0.18290886282920837,0.9982201457023621,0.9998431205749512,2015,1538,-0.18631991744041443,0.999355137348175,0.999916672706604,1864,1185,-0.1335800439119339,0.9998379945755005,0.9998443126678467,1914,1757,-0.14161761105060577,0.9999957084655762,0.9999973773956299,1845,985,-0.21278901398181915,0.9526811242103577,0.9979534149169922,2075,1967,-0.11242076009511948,0.9839720726013184,0.9999793767929077,1635,1404,-0.23200172185897827,0.8357123136520386,0.9999744892120361,2372,1746,-0.11056520789861679,0.993979811668396,0.9999988079071045,1516,1524,-0.2577707767486572,0.6410309672355652,0.9999597072601318,2479,1731,-0.13480651378631592,0.9803550243377686,0.9999959468841553,1516,1518,-0.22046859562397003,0.5954589247703552,0.9999728202819824,2435,1676,-0.11974920332431793,0.9792674779891968,0.9999969005584717,1526,1522,-0.21604573726654053,0.45738184452056885,0.9999818801879883,2401,1671,-0.10383131355047226,0.9634252190589905,0.9999985694885254,2398,1256,0.020132485777139664,0.9999294281005859,0.9999958276748657,2406,1543,-0.02040533348917961,0.9999784231185913,0.9999990463256836,2762,1133,0.2622659206390381,0.04340919107198715,0.9999227523803711,2787,1440,0.18444673717021942,0.13301755487918854,0.9999868869781494,2829,1123,0.5980270504951477,0.0215129554271698,0.9999103546142578,2942,1268,0.5222544074058533,0.04968797788023949,0.9999020099639893,2829,1145,0.6318625211715698,0.034790538251399994,0.9998152852058411,2952,1232,0.5586814284324646,0.053106680512428284,0.9999076128005981,2930,1076,0.5877684354782104,0.03273622691631317,0.9995738863945007,3071,1201,0.5016953349113464,0.04808301851153374,0.9995577931404114
False,/data/uabcvmsc/shared/newborn/29/16.08.24/HM20240816132456.jpeg,36.8,30.7,1835,1462,-0.015007817186415195,0.9810658097267151,0.9998897314071655,1785,1443,-0.020991774275898933,0.9566918611526489,0.9997367262840271,1780,1429,-0.0212342981249094,0.93473881483078,0.9996836185455322,1776,1415,-0.02116042748093605,0.959961473941803,0.9994997978210449,1791,1487,-0.020895469933748245,0.9866978526115417,0.999855637550354,1790,1502,-0.02114577405154705,0.9867686629295349,0.9998944997787476,1788,1516,-0.02129044383764267,0.994696855545044,0.9999057054519653,1752,1386,-0.011649656109511852,0.9713691473007202,0.9996870756149292,1770,1541,-0.012085454538464546,0.9915322661399841,0.9999631643295288,1852,1439,-0.001838788972236216,0.9849154949188232,0.9998527765274048,1858,1482,-0.0042586177587509155,0.9940746426582336,0.9999024868011475,1838,1233,-0.029559478163719177,0.9999388456344604,0.9999514818191528,1877,1704,0.0022816944401711226,0.9999961853027344,0.9999961853027344,1911,1177,-0.08978927135467529,0.8247506618499756,0.9996198415756226,1980,1960,0.07333499938249588,0.7925230264663696,0.9999815225601196,1645,1459,-0.11627695709466934,0.7718355059623718,0.9999980926513672,2370,1748,0.11018554121255875,0.9554803371429443,0.9999995231628418,1577,1535,-0.1474456489086151,0.6020706295967102,0.9999963045120239,2455,1744,0.09342825412750244,0.9106676578521729,0.9999982118606567,1546,1536,-0.11781948059797287,0.5511451363563538,0.9999974966049194,2436,1683,0.09436167031526566,0.9066101312637329,0.9999986886978149,1542,1526,-0.10394258797168732,0.39284998178482056,0.9999985694885254,2399,1678,0.11121943593025208,0.8371826410293579,0.9999994039535522,2303,1278,0.011958794668316841,0.9999439716339111,0.9999986886978149,2323,1523,-0.012375008314847946,0.9999746084213257,0.9999992847442627,2545,1094,0.23899148404598236,0.0019248172175139189,0.9999598264694214,2617,1431,0.19599728286266327,0.0019932189024984837,0.9999818801879883,2721,1045,0.5105748772621155,0.0015828958712518215,0.9999473094940186,2833,1267,0.457563191652298,0.0017945237923413515,0.999889612197876,2738,1067,0.5377702713012695,0.005500379949808121,0.9998806715011597,2843,1239,0.4854317605495453,0.003473364980891347,0.999889612197876,2828,963,0.4716752767562866,0.002855903934687376,0.9997332692146301,2975,1188,0.40644413232803345,0.0021534806583076715,0.9995341300964355
False,/data/uabcvmsc/shared/newborn/29/16.08.24/HM20240816132557.jpeg,36.8,30.4
False,/data/uabcvmsc/shared/newborn/29/16.08.24/HM20240816132658.jpeg,36.9,31.0
True,/data/uabcvmsc/shared/newborn/29/16.08.24/HM20240816132759.jpeg,36.7,30.6,2793,1164,0.0684715062379837,0.9999793767929077,0.9999992847442627,2834,1181,0.1039569303393364,0.9999799728393555,0.9999980926513672,2842,1206,0.10375642031431198,0.999968409538269,0.9999979734420776,2846,1221,0.10381218045949936,0.9999841451644897,0.9999973773956299,2804,1133,0.10075651854276657,0.9999886751174927,0.9999970197677612,2788,1112,0.10050665587186813,0.9999831914901733,0.9999966621398926,2780,1100,0.1004815399646759,0.9999866485595703,0.9999948740005493,2815,1279,0.23556886613368988,0.999976634979248,0.9999983310699463,2725,1083,0.22284215688705444,0.9999364614486694,0.9999934434890747,2760,1211,0.11391417682170868,0.9999740123748779,0.999998927116394,2739,1163,0.10832662135362625,0.999961256980896,0.9999967813491821,2616,1463,0.21812410652637482,0.9999655485153198,0.9999939203262329,2484,1047,0.2190847247838974,0.999835729598999,0.9999536275863647,2411,1669,0.0951555073261261,0.2693992555141449,0.9996615648269653,2312,1004,0.05895625054836273,0.1863156259059906,0.9992651343345642,2459,1721,-0.12635652720928192,0.634028971195221,0.9999806880950928,2377,907,-0.17098090052604675,0.607141375541687,0.9998452663421631,2491,1749,-0.16792860627174377,0.7241505980491638,0.9999457597732544,2386,867,-0.21978360414505005,0.7191284894943237,0.9996501207351685,2511,1691,-0.18490661680698395,0.7301924228668213,0.999962568283081,2424,882,-0.2280874401330948,0.7180110812187195,0.9998015761375427,2492,1670,-0.13861395418643951,0.6357415318489075,0.9999830722808838,2421,909,-0.18295271694660187,0.6385612487792969,0.9999160766601562,2106,1607,-0.008514181710779667,0.9999475479125977,0.9999985694885254,2034,1311,0.00801150780171156,0.999937891960144,0.9999982118606567,2204,1968,-0.32062673568725586,0.9604365825653076,0.9999868869781494,2115,1013,-0.305651992559433,0.8713372945785522,0.999990701675415,1689,1629,-0.35789498686790466,0.9178805947303772,0.9999890327453613,1640,1427,-0.34112119674682617,0.870359480381012,0.9999799728393555,1617,1588,-0.3650008738040924,0.9216113686561584,0.999954104423523,1593,1545,-0.34559622406959534,0.8956281542778015,0.999950647354126,1532,1601,-0.5084555149078369,0.9084532260894775,0.9996449947357178,1458,1326,-0.46657606959342957,0.8829310536384583,0.9988866448402405,2550,1255,2405,874,2501,1720,1564,1433,1613,1606
False,/data/uabcvmsc/shared/newborn/29/16.08.24/HM20240816132901.jpeg,36.7,30.9
False,/data/uabcvmsc/shared/newborn/29/16.08.24/HM20240816133003.jpeg,36.8,31.0
False,/data/uabcvmsc/shared/newborn/29/16.08.24/HM20240816133105.jpeg,37.1,31.1
True,/data/uabcvmsc/shared/newborn/29/16.08.24/HM20240816133209.jpeg,36.5,30.6,1697,2086,-0.29685312509536743,0.9997314810752869,0.9998737573623657,1668,2069,-0.3135683536529541,0.9995535016059875,0.999704897403717,1672,2063,-0.31386417150497437,0.9993985891342163,0.9997132420539856,1678,2032,-0.3139124810695648,0.9996275901794434,0.9995842576026917,1658,2085,-0.2904828190803528,0.9996238946914673,0.9997480511665344,1656,2089,-0.29099708795547485,0.9995949864387512,0.9998040795326233,1666,2102,-0.2912655770778656,0.9997921586036682,0.999788224697113,1628,1958,-0.3296038508415222,0.9996795654296875,0.9996844530105591,1641,2043,-0.22807520627975464,0.9996387958526611,0.9999154806137085,1738,2007,-0.29487231373786926,0.9994482398033142,0.9998486042022705,1729,2057,-0.267989844083786,0.9993919134140015,0.9998261332511902,1868,1654,-0.30170705914497375,0.9997645020484924,0.9998719692230225,1773,1948,-0.13236738741397858,0.9999656677246094,0.9999878406524658,2006,1357,-0.29135972261428833,0.48352402448654175,0.9964662790298462,1921,2086,-0.03307074308395386,0.1608094871044159,0.9998555183410645,1746,1650,-0.2175796926021576,0.30278030037879944,0.9998204112052917,1797,2122,0.0049798148684203625,0.38487064838409424,0.9999567270278931,1687,1738,-0.2274872213602066,0.2584162652492523,0.9997376799583435,1768,2204,0.005631388630717993,0.373392254114151,0.999872088432312,1623,1743,-0.23005053400993347,0.24414411187171936,0.9997356534004211,1743,2183,0.0002895754005294293,0.3667113184928894,0.9998631477355957,1644,1720,-0.21609269082546234,0.18118500709533691,0.999840259552002,1753,2144,0.0019092655275017023,0.3464173972606659,0.9999368190765381,2319,1293,-0.06752011179924011,0.9997352957725525,0.9999486207962036,2271,1442,0.06720136106014252,0.9998621940612793,0.9999808073043823,2690,1503,0.021248165518045425,0.03490662947297096,0.9996538162231445,2395,1521,0.2746441662311554,0.005171188618987799,0.9999024868011475,2608,1224,0.20840485394001007,0.01474569458514452,0.9992233514785767,2459,1313,0.3773532211780548,0.00500072818249464,0.9993358254432678,2570,1168,0.23061619699001312,0.03462545946240425,0.9982491731643677,2460,1277,0.39128124713897705,0.0127793550491333,0.9992803931236267,2679,1190,0.2766542136669159,0.03066267818212509,0.9971103072166443,2525,1268,0.4328254163265228,0.011350562795996666,0.9986334443092346,1820,1801,None,None,None,None,None,None,None,None
False,/data/uabcvmsc/shared/newborn/29/16.08.24/HM20240816133311.jpeg,36.7,31.1
False,/data/uabcvmsc/shared/newborn/29/16.08.24/HM20240816133412.jpeg,36.8,30.6,1594,1855,-0.2494564801454544,0.399527907371521,0.9850908517837524,1564,1822,-0.27159401774406433,0.3265323042869568,0.9647075533866882,1560,1812,-0.27196717262268066,0.2663869559764862,0.9655995965003967,1557,1802,-0.272018164396286,0.42207810282707214,0.9509528279304504,1565,1848,-0.2573072016239166,0.445454865694046,0.959633469581604,1563,1853,-0.25759899616241455,0.41595685482025146,0.9646920561790466,1560,1858,-0.2578224241733551,0.6026458144187927,0.9615172147750854,1515,1749,-0.2948208153247833,0.3650570213794708,0.9436911940574646,1515,1841,-0.2307330220937729,0.3038724362850189,0.967832624912262,1592,1830,-0.24522358179092407,0.4618094563484192,0.9879606366157532,1593,1849,-0.2290194034576416,0.42537420988082886,0.9797306656837463,1524,1567,-0.2915108799934387,0.9988985061645508,0.9996262788772583,1543,1933,-0.16578932106494904,0.99853515625,0.9995872378349304,1623,1468,-0.4627620577812195,0.04627745971083641,0.9953272342681885,1708,1905,-0.19300338625907898,0.010240470059216022,0.9976546168327332,1400,1720,-0.6022290587425232,0.043459925800561905,0.9997697472572327,1591,2001,-0.280247300863266,0.09161386638879776,0.999923586845398,1344,1792,-0.6337407231330872,0.04639923945069313,0.9996046423912048,1545,2033,-0.30026158690452576,0.11173388361930847,0.9999076128005981,1288,1799,-0.6143202781677246,0.04049502685666084,0.9996973276138306,1517,2047,-0.3169032633304596,0.10499653220176697,0.9999072551727295,1304,1781,-0.5939106941223145,0.022792236879467964,0.9998107552528381,1529,2021,-0.28998932242393494,0.0810733437538147,0.9999505281448364,1990,1605,-0.02272285893559456,0.9989997744560242,0.999954104423523,1988,1812,0.022427722811698914,0.9991106390953064,0.9999756813049316,2069,1533,0.067385233938694,0.005362217780202627,0.9996627569198608,2084,2117,-0.15533895790576935,0.01738378405570984,0.9998986721038818,1740,1565,0.14218463003635406,0.006030146032571793,0.9999254941940308,1638,1785,-0.07352534681558609,0.007934254594147205,0.9999680519104004,1735,1583,0.14862307906150818,0.011542372405529022,0.999804675579071,1583,1756,-0.06087153032422066,0.015059856697916985,0.999961256980896,1535,1535,0.11898592859506607,0.014476485550403595,0.9997881054878235,1468,1703,-0.08049039542675018,0.015894334763288498,0.9999159574508667
True,/data/uabcvmsc/shared/newborn/29/16.08.24/HM20240816133514.jpeg,37.1,31.0,2768,1179,-0.05492944270372391,0.9999915361404419,0.9999992847442627,2811,1152,-0.031663939356803894,0.9999884366989136,0.9999982118606567,2838,1176,-0.03180887922644615,0.9999834299087524,0.9999978542327881,2845,1184,-0.031724605709314346,0.9999895095825195,0.9999970197677612,2763,1107,-0.030596571043133736,0.9999940395355225,0.9999979734420776,2753,1097,-0.030806556344032288,0.9999929666519165,0.9999979734420776,2745,1075,-0.03086393140256405,0.9999951124191284,0.9999971389770508,2814,1234,0.0791541188955307,0.9999872446060181,0.9999977350234985,2705,1072,0.0855424776673317,0.9999771118164062,0.9999960660934448,2744,1245,-0.0123362448066473,0.9999881982803345,0.9999988079071045,2694,1187,-0.012540739960968494,0.9999841451644897,0.9999959468841553,2617,1494,0.14695477485656738,0.9999872446060181,0.9999958276748657,2529,1073,0.11627372354269028,0.9999815225601196,0.9999885559082031,2463,1645,0.1408764272928238,0.656852662563324,0.9998059868812561,2337,1105,0.12467449903488159,0.43036308884620667,0.9999476671218872,2585,1606,0.08581291139125824,0.7942839860916138,0.9999964237213135,2300,1041,0.04343508183956146,0.8671162128448486,0.9999891519546509,2648,1592,0.07813949137926102,0.7320029735565186,0.9999866485595703,2272,1011,0.019151857122778893,0.8738309144973755,0.9999395608901978,2652,1566,0.06904584914445877,0.7147574424743652,0.9999896287918091,2287,1031,0.0018967873184010386,0.8752621412277222,0.9999444484710693,2628,1563,0.0836140438914299,0.6595124006271362,0.9999959468841553,2296,1057,0.03250668942928314,0.8700066804885864,0.9999809265136719,2165,1515,0.0235794335603714,0.9999351501464844,0.9999951124191284,2081,1260,-0.023761508986353874,0.9999576807022095,0.9999953508377075,2280,1952,-0.2301926165819168,0.33760812878608704,0.999836802482605,1998,1293,-0.3191717565059662,0.5926188826560974,0.9999086856842041,1695,1776,-0.3146851658821106,0.12187360227108002,0.9998408555984497,1551,1769,-0.3664986491203308,0.4080003499984741,0.9997368454933167,1620,1730,-0.32655155658721924,0.18369555473327637,0.9996412992477417,1487,1826,-0.3715485632419586,0.4617263972759247,0.9996358156204224,1545,1781,-0.4624253213405609,0.24748152494430542,0.9985259175300598,1482,1978,-0.5103092789649963,0.5597958564758301,0.9978840947151184,2573,1284,2289,1035,2628,1588,None,None,None,None
False,/data/uabcvmsc/shared/newborn/29/16.08.24/HM20240816133616.jpeg,36.6,31.0
False,/data/uabcvmsc/shared/newborn/29/16.08.24/HM20240816133718.jpeg,36.9,31.4
False,/data/uabcvmsc/shared/newborn/29/16.08.24/HM20240816133820.jpeg,36.7,30.7
False,/data/uabcvmsc/shared/newborn/29/16.08.24/HM20240816133922.jpeg,36.9,31.2
False,/data/uabcvmsc/shared/newborn/29/16.08.24/HM20240816134024.jpeg,36.7,31.1
True,/data/uabcvmsc/shared/newborn/29/16.08.24/HM20240816134126.jpeg,36.4,30.4,2737,1114,0.3006383180618286,0.9999405145645142,1.0,2780,1134,0.33315303921699524,0.9999140501022339,0.9999998807907104,2787,1160,0.33293211460113525,0.9998534917831421,0.9999998807907104,2792,1174,0.333086222410202,0.9998756647109985,0.9999997615814209,2765,1097,0.3409962058067322,0.999967098236084,0.9999998807907104,2754,1076,0.34071585536003113,0.999963641166687,1.0,2750,1065,0.3407956063747406,0.9999760389328003,0.9999998807907104,2779,1256,0.41873568296432495,0.9998624324798584,0.9999997615814209,2704,1064,0.45576608180999756,0.9999417066574097,0.9999998807907104,2699,1147,0.32692253589630127,0.9998478889465332,0.9999996423721313,2663,1104,0.3354896008968353,0.9999016523361206,0.9999995231628418,2627,1378,0.28763121366500854,0.9999251365661621,0.999974250793457,2449,1033,0.3851071298122406,0.9999889135360718,0.9999945163726807,2530,1237,-0.012306826189160347,0.2081572711467743,0.9994404911994934,2290,820,0.17580516636371613,0.7178208827972412,0.999953031539917,2483,1020,-0.2838191092014313,0.4080791175365448,0.9999396800994873,2139,665,-0.05955582857131958,0.945105254650116,0.9999910593032837,2425,976,-0.3496611714363098,0.5395932793617249,0.9998675584793091,2018,614,-0.11011522263288498,0.944188117980957,0.9999711513519287,2447,964,-0.33285704255104065,0.5148523449897766,0.9999072551727295,2030,684,-0.12311699241399765,0.937660276889801,0.999981164932251,2479,1010,-0.28469187021255493,0.4022029936313629,0.9999474287033081,2068,728,-0.07520125061273575,0.9064825773239136,0.9999926090240479,2149,1544,-0.008262978866696358,0.9999938011169434,0.9999998807907104,2002,1278,0.007607459556311369,0.999997615814209,0.9999998807907104,2103,2147,-0.27617934346199036,0.9639028906822205,0.9999891519546509,1647,1134,-0.32082948088645935,0.977253258228302,0.9999961853027344,1677,1873,-0.21185651421546936,0.769050657749176,0.9999847412109375,1170,1400,-0.3303728401660919,0.9207146167755127,0.9999401569366455,1577,1775,-0.21100842952728271,0.9109008312225342,0.9999430179595947,1115,1516,-0.33395838737487793,0.9534783363342285,0.9998466968536377,1536,2019,-0.35300999879837036,0.7182385325431824,0.9996790885925293,905,1313,-0.4881751239299774,0.8776318430900574,0.9981622099876404,2538,1206,2064,673,None,None,1063,1410,None,None
True,/data/uabcvmsc/shared/newborn/29/16.08.24/HM20240816134227.jpeg,36.7,30.8,2778,1113,0.23564863204956055,0.9999982118606567,1.0,2819,1146,0.2697179615497589,0.9999967813491821,1.0,2824,1156,0.2695658206939697,0.9999942779541016,1.0,2832,1180,0.269663006067276,0.9999945163726807,1.0,2799,1102,0.26994630694389343,0.9999991655349731,1.0,2796,1093,0.2696453630924225,0.9999991655349731,1.0,2785,1067,0.2697612941265106,0.9999994039535522,1.0,2806,1223,0.3768594264984131,0.999994158744812,1.0,2745,1059,0.3763049244880676,0.9999984502792358,1.0,2753,1153,0.2703598141670227,0.999994158744812,1.0,2737,1111,0.26811671257019043,0.9999971389770508,1.0,2648,1399,0.27395638823509216,0.9999803304672241,0.999997615814209,2485,1012,0.30237847566604614,0.9999985694885254,0.9999997615814209,2659,1323,-0.06097225844860077,0.5222374200820923,0.9998748302459717,2284,811,0.012538985349237919,0.8464667201042175,0.999987006187439,2930,1153,-0.3577326536178589,0.838800311088562,0.9999903440475464,2146,663,-0.2857118248939514,0.9800522327423096,0.9999984502792358,2997,1124,-0.42545565962791443,0.8722187876701355,0.9999767541885376,2019,608,-0.34346404671669006,0.9827735424041748,0.9999959468841553,2997,1120,-0.4064235985279083,0.8560051918029785,0.9999822378158569,2037,679,-0.3516317307949066,0.9798290133476257,0.9999974966049194,2962,1133,-0.36102962493896484,0.7980568408966064,0.9999905824661255,2079,721,-0.30083534121513367,0.9674943089485168,0.999998927116394,2154,1566,0.008577730506658554,0.9999991655349731,1.0,2037,1266,-0.009161638095974922,0.9999996423721313,1.0,2107,2159,-0.2754810154438019,0.9948234558105469,0.9999995231628418,1655,1138,-0.3339290916919708,0.9963143467903137,0.9999998807907104,1672,1896,-0.19190190732479095,0.9394595623016357,0.9999988079071045,1189,1393,-0.34315767884254456,0.9839969873428345,0.9999969005584717,1564,1792,-0.19004186987876892,0.978789746761322,0.9999951124191284,1121,1525,-0.34792008996009827,0.9800292253494263,0.9999909400939941,1541,2058,-0.32774072885513306,0.9693478345870972,0.9999608993530273,959,1246,-0.5055859088897705,0.9842644333839417,0.9998536109924316,2566,1206,2070,668,2972,1132,1090,1388,None,None
False,/data/uabcvmsc/shared/newborn/29/16.08.24/HM20240816134328.jpeg,36.5,30.7,1887,1406,-0.1463964432477951,0.9998200535774231,0.9999758005142212,1869,1418,-0.14088204503059387,0.9996011853218079,0.9998575448989868,1865,1415,-0.1409919559955597,0.9991287589073181,0.9998316764831543,1860,1412,-0.14096885919570923,0.9995624423027039,0.9996689558029175,1882,1428,-0.14801084995269775,0.9998528957366943,0.9998998641967773,1887,1432,-0.14816316962242126,0.9997895359992981,0.999916672706604,1893,1437,-0.14824971556663513,0.9998911619186401,0.9998849630355835,1863,1407,-0.0931696966290474,0.9993243217468262,0.9997430443763733,1908,1441,-0.12406310439109802,0.999683141708374,0.9999117851257324,1894,1386,-0.12500640749931335,0.9983415603637695,0.9997404217720032,1910,1398,-0.1348295658826828,0.998417854309082,0.9996782541275024,1911,1320,-0.047123514115810394,0.9979434609413147,0.9991198182106018,1981,1394,-0.11427368968725204,0.998149037361145,0.9995594620704651,1886,1249,-0.10634530335664749,0.0052335686050355434,0.9911103248596191,1941,1351,-0.14861823618412018,0.13828854262828827,0.9993845224380493,1817,1322,-0.21029242873191833,0.0020288899540901184,0.9914594888687134,1862,1425,-0.1581740379333496,0.1426711529493332,0.9992285966873169,1803,1345,-0.23189860582351685,0.004133724607527256,0.985942542552948,1843,1444,-0.17628790438175201,0.1353239268064499,0.9981279969215393,1793,1362,-0.23489461839199066,0.0043065813370049,0.9895260334014893,1841,1457,-0.17588774859905243,0.12081871926784515,0.9984298348426819,1800,1353,-0.21504874527454376,0.003375688102096319,0.9928767085075378,1848,1448,-0.15938535332679749,0.07400103658437729,0.9991508722305298,2102,1141,0.014463653787970543,0.9994744658470154,0.9999775886535645,2142,1192,-0.014616471715271473,0.9995673298835754,0.9999896287918091,2224,1040,0.03192171826958656,0.00200300058349967,0.9998553991317749,2275,1115,0.013233084231615067,0.0013760108267888427,0.9999254941940308,2388,925,0.07797099649906158,0.004883122630417347,0.9978442192077637,2462,1039,0.08756541460752487,0.0023973044008016586,0.9945489764213562,2420,911,0.07966148108243942,0.012672101147472858,0.9905143976211548,2489,1009,0.09325766563415527,0.004632520489394665,0.9904859662055969,2416,889,0.044577259570360184,0.0061496105045080185,0.9898681640625,2525,1051,0.06608503311872482,0.0028003850020468235,0.9824655055999756
False,/data/uabcvmsc/shared/newborn/29/16.08.24/HM20240816134430.jpeg,36.7,30.7,1669,1459,-0.5304755568504333,0.9992141723632812,0.9999825954437256,1694,1471,-0.5497274994850159,0.9987916350364685,0.9999616146087646,1705,1483,-0.5501149892807007,0.998556911945343,0.9999622106552124,1717,1494,-0.5502294898033142,0.9985472559928894,0.999943733215332,1675,1442,-0.5622643828392029,0.9992725253105164,0.9999544620513916,1673,1433,-0.5625317096710205,0.9993394017219543,0.9999480247497559,1671,1424,-0.5626522302627563,0.9993606209754944,0.9999227523803711,1803,1537,-0.5444437861442566,0.9978255033493042,0.9998254179954529,1729,1430,-0.6006860136985779,0.9981016516685486,0.9996393918991089,1714,1499,-0.5145329833030701,0.9927201271057129,0.9996427297592163,1694,1470,-0.5323760509490967,0.9968346953392029,0.9995071887969971,1992,1740,-0.47162875533103943,0.9993487000465393,0.9994163513183594,1794,1379,-0.5496866703033447,0.9979350566864014,0.9988031387329102,2025,2086,-0.6161055564880371,0.0347832590341568,0.9963274598121643,1726,1556,-0.7401487827301025,0.0302860327064991,0.9859494566917419,1606,1938,-0.8077458143234253,0.22914259135723114,0.998127281665802,1602,1766,-0.872342586517334,0.13487286865711212,0.9967390894889832,1513,1944,-0.8612647652626038,0.46551570296287537,0.9970021843910217,1552,1848,-0.9263677000999451,0.18691201508045197,0.9953116774559021,1504,1908,-0.8801808953285217,0.4709319472312927,0.9967660903930664,1575,1825,-0.9287726879119873,0.17992328107357025,0.9969844222068787,1540,1884,-0.8225457668304443,0.39080166816711426,0.9976024031639099,1601,1800,-0.8811914920806885,0.16325658559799194,0.998213529586792,2203,1509,0.0436805859208107,0.9772920608520508,0.9934559464454651,2103,1299,-0.044104546308517456,0.9842342734336853,0.9911732077598572,1964,1438,0.1569773405790329,3.8966769352555275e-05,0.9726613759994507,1747,1305,-0.008197314105927944,0.0003262245445512235,0.9845550656318665,1611,1408,0.29433977603912354,0.00041282997699454427,0.9796631932258606,1282,1338,0.09482776373624802,0.0026628405321389437,0.9789000749588013,1594,1356,0.30471235513687134,0.002770927269011736,0.9685752987861633,1340,1255,0.10323657095432281,0.007173124700784683,0.9833321571350098,1383,1505,0.22938737273216248,0.0010338120628148317,0.9952754974365234,1042,1349,0.00020872689492534846,0.00304508488625288,0.9864372611045837
False,/data/uabcvmsc/shared/newborn/29/16.08.24/HM20240816134532.jpeg,35.8,29.3
False,/data/uabcvmsc/shared/newborn/29/16.08.24/HM20240816134633.jpeg,36.4,30.5
False,/data/uabcvmsc/shared/newborn/29/16.08.24/HM20240816134735.jpeg,36.5,30.6
False,/data/uabcvmsc/shared/newborn/29/16.08.24/HM20240816134836.jpeg,36.5,30.5
True,/data/uabcvmsc/shared/newborn/29/16.08.24/HM20240816134937.jpeg,36.7,30.6,2756,1325,0.07947776466608047,0.9999967813491821,0.9999998807907104,2790,1355,0.1259511262178421,0.9999961853027344,0.9999997615814209,2781,1375,0.12576362490653992,0.9999938011169434,0.9999996423721313,2776,1393,0.1258876919746399,0.9999960660934448,0.9999995231628418,2777,1272,0.11861885339021683,0.9999982118606567,0.9999996423721313,2769,1244,0.118345245718956,0.9999977350234985,0.9999996423721313,2759,1211,0.11831946671009064,0.9999980926513672,0.9999994039535522,2719,1424,0.29585811495780945,0.9999958276748657,0.9999995231628418,2699,1163,0.260773241519928,0.9999932050704956,0.9999992847442627,2695,1375,0.13829398155212402,0.999993085861206,0.9999994039535522,2677,1282,0.1260555535554886,0.9999933242797852,0.9999990463256836,2478,1578,0.3079470694065094,0.9999686479568481,0.9999908208847046,2460,1110,0.2714853584766388,0.9999474287033081,0.9999772310256958,2419,1817,0.22193016111850739,0.7058950066566467,0.9996405839920044,2258,1023,0.16161556541919708,0.40871956944465637,0.999118983745575,2537,1745,0.03264352306723595,0.9191166758537292,0.9999865293502808,2247,1005,-0.025664471089839935,0.7978793978691101,0.9998788833618164,2593,1747,-0.004120204597711563,0.934562087059021,0.9999557733535767,2203,969,-0.06755175441503525,0.8404710292816162,0.999686598777771,2584,1705,-0.007540199905633926,0.9308354258537292,0.9999723434448242,2236,1025,-0.07176384329795837,0.8278203010559082,0.9998142123222351,2554,1698,0.02697642147541046,0.8876901268959045,0.9999874830245972,2245,1058,-0.03333548456430435,0.783896803855896,0.9999216794967651,1995,1627,0.012667256407439709,0.9999897480010986,0.9999995231628418,1983,1294,-0.01305619440972805,0.9999871253967285,0.9999994039535522,1994,2086,-0.25217461585998535,0.9925814867019653,0.9999881982803345,1961,1041,-0.3865059018135071,0.9875985980033875,0.999993085861206,1607,1701,-0.17739072442054749,0.9834338426589966,0.9999922513961792,1531,1282,-0.30428987741470337,0.9808695316314697,0.9999808073043823,1551,1583,-0.17279770970344543,0.9776502847671509,0.9999758005142212,1486,1370,-0.2962099611759186,0.9762250185012817,0.9999617338180542,1409,1740,-0.31722214818000793,0.9699831008911133,0.9996029734611511,1256,1247,-0.42946967482566833,0.9690028429031372,0.9988075494766235,2469,1344,2233,1014,2567,1724,1424,1300,1522,1675
False,/data/uabcvmsc/shared/newborn/29/16.08.24/HM20240816135038.jpeg,36.9,31.1
False,/data/uabcvmsc/shared/newborn/29/16.08.24/HM20240816135139.jpeg,36.9,31.1
True,/data/uabcvmsc/shared/newborn/29/16.08.24/HM20240816135241.jpeg,36.5,31.0,2745,1238,-0.009287477470934391,0.9999998807907104,1.0,2784,1266,0.03732677921652794,0.9999998807907104,1.0,2789,1296,0.03707260265946388,0.9999997615814209,1.0,2790,1323,0.037205010652542114,0.9999998807907104,1.0,2754,1189,0.03321193531155586,0.9999998807907104,1.0,2739,1166,0.032910726964473724,0.9999997615814209,1.0,2723,1142,0.03287893161177635,0.9999997615814209,1.0,2750,1383,0.2073037028312683,0.9999998807907104,1.0,2660,1118,0.19108407199382782,0.9999991655349731,0.9999998807907104,2694,1311,0.0506863035261631,0.9999990463256836,1.0,2661,1221,0.043400418013334274,0.9999980926513672,0.9999997615814209,2494,1562,0.23360665142536163,0.9999922513961792,0.999997615814209,2478,1095,0.22804392874240875,0.9999463558197021,0.9999619722366333,2238,1742,0.08832540363073349,0.610264241695404,0.9990242719650269,2348,954,0.12500640749931335,0.5590659379959106,0.9985378980636597,2360,1757,-0.10992800444364548,0.9177254438400269,0.9999910593032837,2490,986,0.017621709033846855,0.7852864861488342,0.9998788833618164,2398,1764,-0.14289264380931854,0.9299601912498474,0.9999845027923584,2511,980,-0.011181741952896118,0.8038718700408936,0.9998030066490173,2454,1744,-0.1477803736925125,0.9212222099304199,0.9999898672103882,2554,1013,-0.003178820013999939,0.7762888073921204,0.9998840093612671,2427,1727,-0.11572209000587463,0.8850060701370239,0.9999947547912598,2545,1026,0.015237957239151001,0.7233879566192627,0.9999419450759888,2010,1595,-0.005493377801030874,0.9999548196792603,0.9999910593032837,1999,1240,0.005152010824531317,0.9999260902404785,0.9999784231185913,1835,1936,-0.3095102608203888,0.9869458079338074,0.9999938011169434,1805,962,-0.34971049427986145,0.9701621532440186,0.99998939037323,1297,1891,-0.3708972930908203,0.9840429425239563,0.9999051094055176,1307,1056,-0.45588454604148865,0.9718062281608582,0.9996849298477173,1143,1785,-0.385591983795166,0.9822978973388672,0.9993345141410828,1168,1154,-0.47292929887771606,0.9670940041542053,0.9990517497062683,1220,2148,-0.5141310095787048,0.97133868932724,0.9932299852371216,1190,720,-0.59339439868927,0.9571077227592468,0.9846856594085693,2486,1328,None,None,2410,1748,1222,977,None,None
True,/data/uabcvmsc/shared/newborn/29/16.08.24/HM20240816135342.jpeg,36.9,31.0,2645,1244,0.08149987459182739,0.9999998807907104,1.0,2701,1285,0.12863951921463013,0.9999998807907104,1.0,2708,1315,0.128535658121109,0.9999998807907104,1.0,2707,1336,0.12873363494873047,0.9999998807907104,1.0,2660,1186,0.12311795353889465,1.0,1.0,2640,1150,0.12289926409721375,1.0,1.0,2629,1127,0.12292230874300003,1.0,1.0,2685,1394,0.30657505989074707,0.9999997615814209,1.0,2583,1093,0.2803540527820587,0.9999998807907104,1.0,2581,1304,0.1440313458442688,0.9999988079071045,1.0,2529,1200,0.13456769287586212,0.9999986886978149,1.0,2478,1536,0.3235652446746826,0.9999610185623169,0.999992847442627,2356,1061,0.2767964005470276,0.9999674558639526,0.9999920129776001,2474,1711,0.1270648092031479,0.8853552341461182,0.9991445541381836,2220,963,0.11920437216758728,0.8951600790023804,0.99949049949646,2704,1514,-0.06168867647647858,0.9540992975234985,0.9999953508377075,2411,1078,-0.002515783766284585,0.9719922542572021,0.9999949932098389,2764,1468,-0.09560960531234741,0.9357179999351501,0.9999861717224121,2447,1127,-0.029820870608091354,0.9574511647224426,0.9999887943267822,2757,1449,-0.06863068789243698,0.914060652256012,0.999992847442627,2478,1128,-0.0032976206857711077,0.9415816068649292,0.9999939203262329,2742,1456,-0.0556468702852726,0.864446759223938,0.9999967813491821,2474,1119,0.004346877336502075,0.9170467257499695,0.9999973773956299,1991,1580,0.020611854270100594,0.9999920129776001,0.9999998807907104,1984,1277,-0.021026281639933586,0.9999924898147583,0.9999998807907104,1921,2049,-0.2538580000400543,0.9963425993919373,0.9999973773956299,1972,948,-0.37316063046455383,0.9969397783279419,0.9999990463256836,1523,1746,-0.2812630534172058,0.9923840165138245,0.9999977350234985,1547,1406,-0.36793380975723267,0.9880844950675964,0.9999969005584717,1414,1646,-0.28798213601112366,0.9963280558586121,0.9999904632568359,1480,1499,-0.36878702044487,0.9903215765953064,0.9999920129776001,1387,1906,-0.43504443764686584,0.9939551949501038,0.9998200535774231,1391,1456,-0.5077568292617798,0.9919175505638123,0.9997184872627258,2417,1298,2452,1113,2742,1472,1473,1454,None,None
True,/data/uabcvmsc/shared/newborn/29/16.08.24/HM20240816135444.jpeg,37.0,31.0,1280,1405,-0.2842981815338135,0.9876666069030762,0.9977595806121826,1279,1384,-0.2661121189594269,0.9582991600036621,0.9856469035148621,1285,1371,-0.2664102017879486,0.9294238686561584,0.9835779666900635,1290,1359,-0.2663995623588562,0.9536210894584656,0.9731640815734863,1275,1424,-0.2723335027694702,0.9860365390777588,0.9928125739097595,1279,1435,-0.2725653350353241,0.9872472286224365,0.9953020811080933,1282,1468,-0.2727709412574768,0.9947405457496643,0.9958139061927795,1334,1361,-0.16691981256008148,0.9684905409812927,0.981455385684967,1326,1534,-0.19842135906219482,0.9895538091659546,0.9980173110961914,1356,1387,-0.2447715401649475,0.9928572177886963,0.9991738200187683,1374,1447,-0.25602707266807556,0.9972315430641174,0.9995449185371399,1594,1223,-0.13166038691997528,0.9996950626373291,0.999461829662323,1594,1727,-0.15817148983478546,0.9999574422836304,0.9999691247940063,1913,1023,-0.28981512784957886,0.4468299150466919,0.9835524559020996,1866,1977,-0.27436527609825134,0.7619631886482239,0.9996367692947388,1605,1330,-0.4699115753173828,0.11467403173446655,0.9998652935028076,1888,1704,-0.4321226179599762,0.9656318426132202,0.9999973773956299,1542,1439,-0.5139083862304688,0.07035231590270996,0.999763548374176,1913,1642,-0.4841054081916809,0.9394015669822693,0.9999898672103882,1473,1438,-0.4892300069332123,0.052268292754888535,0.9998749494552612,1843,1583,-0.46347475051879883,0.9324406385421753,0.9999955892562866,1500,1416,-0.4617236256599426,0.036788251250982285,0.9999312162399292,1838,1597,-0.42762237787246704,0.8843798041343689,0.9999979734420776,2124,1333,0.024253372102975845,0.9994099140167236,0.9999568462371826,2133,1598,-0.024530775845050812,0.9995600581169128,0.9999794960021973,2430,1198,0.02397978864610195,0.014275169000029564,0.9986868500709534,2169,1569,-0.07046675682067871,0.007147670723497868,0.9998513460159302,2780,1203,0.25921180844306946,0.01133803278207779,0.9968729615211487,2344,1304,0.09417954087257385,0.023365307599306107,0.9993979930877686,2834,1207,0.28032633662223816,0.01832219585776329,0.9918272495269775,2395,1253,0.10941623896360397,0.030143430456519127,0.9991530179977417,2917,1223,0.17373239994049072,0.01196893397718668,0.9871353507041931,2371,1231,-0.010012133978307247,0.025845574215054512,0.9941326975822449,1594,1475,None,None,None,None,None,None,None,None
True,/data/uabcvmsc/shared/newborn/29/16.08.24/HM20240816135546.jpeg,36.9,31.1,2740,1229,0.13943512737751007,0.999923825263977,0.9999982118606567,2775,1247,0.18147012591362,0.9998929500579834,0.9999958276748657,2779,1268,0.18124502897262573,0.9998282194137573,0.9999957084655762,2782,1292,0.18139511346817017,0.9998965263366699,0.9999933242797852,2748,1181,0.18124818801879883,0.9999377727508545,0.9999946355819702,2734,1157,0.18099111318588257,0.9999167919158936,0.9999943971633911,2722,1138,0.18092714250087738,0.9999343156814575,0.9999916553497314,2740,1351,0.318092942237854,0.9998677968978882,0.9999953508377075,2665,1130,0.3171667158603668,0.999727189540863,0.9999895095825195,2700,1294,0.18551114201545715,0.9997449517250061,0.9999933242797852,2670,1221,0.18274791538715363,0.9996486902236938,0.9999798536300659,2539,1539,0.2805282771587372,0.999657392501831,0.9999195337295532,2452,1101,0.31000012159347534,0.9987529516220093,0.9994008541107178,2537,1709,0.1218443363904953,0.28127989172935486,0.996975302696228,2369,980,0.1423894166946411,0.10798655450344086,0.9957119226455688,2649,1538,-0.02562457136809826,0.2779737412929535,0.9998164772987366,2508,859,-0.04188239574432373,0.2913035750389099,0.9993265867233276,2673,1499,-0.05664258077740669,0.2912667691707611,0.9995493292808533,2538,813,-0.0797680914402008,0.35912927985191345,0.9986774325370789,2682,1483,-0.04474012553691864,0.26463285088539124,0.999687671661377,2565,837,-0.0733310803771019,0.33024102449417114,0.9991710186004639,2664,1498,-0.024418756365776062,0.20759059488773346,0.9998358488082886,2552,866,-0.04776158928871155,0.2991548776626587,0.9996144771575928,2031,1655,-0.004709293600171804,0.9999780654907227,0.9999992847442627,2019,1329,0.0042864675633609295,0.9999629259109497,0.999998927116394,1968,2065,-0.33893027901649475,0.9677506685256958,0.9999959468841553,1945,1063,-0.3751055598258972,0.8669679760932922,0.9999942779541016,1419,2073,-0.3453466296195984,0.9743558168411255,0.9999701976776123,1609,1568,-0.3240804374217987,0.8665311932563782,0.9999865293502808,1296,1994,-0.35208848118782043,0.9577358365058899,0.9998496770858765,1545,1692,-0.32168862223625183,0.854701578617096,0.9999706745147705,1217,2301,-0.5160998702049255,0.9446516633033752,0.9975354671478271,1405,1503,-0.45224690437316895,0.8015798330307007,0.9991570711135864,2496,1320,None,None,None,None,1520,1588,None,None
True,/data/uabcvmsc/shared/newborn/29/16.08.24/HM20240816135648.jpeg,36.7,31.4,2741,1247,0.229936882853508,0.9997876286506653,0.9999954700469971,2775,1256,0.2659085988998413,0.9997748732566833,0.999990701675415,2787,1267,0.2656969428062439,0.9996355772018433,0.9999918937683105,2790,1278,0.2658109664916992,0.9997878670692444,0.9999896287918091,2760,1208,0.26452091336250305,0.9998536109924316,0.9999854564666748,2755,1195,0.2642868459224701,0.9997771382331848,0.9999852180480957,2738,1170,0.2642851173877716,0.9998192191123962,0.9999783039093018,2767,1322,0.38256198167800903,0.999840497970581,0.9999964237213135,2692,1171,0.37635597586631775,0.9993643164634705,0.999970555305481,2705,1289,0.2688736021518707,0.9999028444290161,0.9999978542327881,2680,1237,0.2650958001613617,0.9997573494911194,0.9999876022338867,2551,1544,0.33389317989349365,0.9999802112579346,0.999995231628418,2470,1121,0.34185415506362915,0.9997239708900452,0.9998155236244202,2500,1796,0.15319214761257172,0.5054689645767212,0.9992837309837341,2232,1055,0.1459740698337555,0.0632229819893837,0.995864748954773,2596,1647,-0.08280690014362335,0.7288746237754822,0.9999691247940063,2203,994,-0.11574163287878036,0.16921542584896088,0.9979661703109741,2643,1624,-0.12619146704673767,0.7629934549331665,0.9999105930328369,2177,976,-0.16739608347415924,0.2806050777435303,0.9963541030883789,2639,1594,-0.11185089498758316,0.7395088076591492,0.9999490976333618,2211,990,-0.1688830554485321,0.254298597574234,0.997866690158844,2605,1592,-0.0817122533917427,0.6476434469223022,0.9999738931655884,2222,1007,-0.12616367638111115,0.22017301619052887,0.9990203380584717,2056,1558,-0.00037355991662479937,0.9999955892562866,0.9999998807907104,2042,1281,-7.655089575564489e-05,0.9999920129776001,0.9999998807907104,1947,2065,-0.2123633772134781,0.9837940335273743,0.9999936819076538,1862,982,-0.31578192114830017,0.9806619882583618,0.9999513626098633,1372,2037,-0.20526811480522156,0.9697701930999756,0.9998924732208252,1578,1513,-0.21175557374954224,0.9051448106765747,0.9999340772628784,1260,1970,-0.20799638330936432,0.9619210958480835,0.999492883682251,1568,1625,-0.2008548229932785,0.9343566298484802,0.999889612197876,1189,2204,-0.3512743413448334,0.9259217977523804,0.9857484698295593,1291,1524,-0.311463862657547,0.7889658808708191,0.995458722114563,2510,1332,None,None,2626,1622,1479,1554,None,None
True,/data/uabcvmsc/shared/newborn/29/16.08.24/HM20240816135750.jpeg,36.8,31.4,2723,1248,0.11348623037338257,0.9999963045120239,0.9999998807907104,2770,1275,0.1524716317653656,0.9999969005584717,0.9999998807907104,2772,1290,0.1522996425628662,0.9999948740005493,0.9999998807907104,2772,1309,0.15241952240467072,0.9999967813491821,0.9999998807907104,2745,1210,0.15014804899692535,0.9999978542327881,0.9999997615814209,2735,1180,0.14996731281280518,0.9999964237213135,0.9999997615814209,2729,1162,0.1499764323234558,0.9999967813491821,0.9999994039535522,2761,1355,0.2924570143222809,0.9999961853027344,0.9999998807907104,2657,1132,0.283566951751709,0.9999854564666748,0.9999990463256836,2668,1308,0.1626184731721878,0.9999828338623047,0.9999996423721313,2644,1239,0.15804308652877808,0.9999599456787109,0.9999972581863403,2544,1534,0.28345122933387756,0.9999586343765259,0.999995231628418,2442,1116,0.2838832139968872,0.9990454316139221,0.999679684638977,2486,1802,0.13261601328849792,0.2983064353466034,0.9992383718490601,2231,1065,0.1735193282365799,0.03911427780985832,0.9958364963531494,2591,1645,-0.03492751345038414,0.3600679934024811,0.9999716281890869,2383,969,0.06560449302196503,0.09812185168266296,0.9992967844009399,2635,1630,-0.060440827161073685,0.34868621826171875,0.9999139308929443,2422,945,0.04357517138123512,0.1337517648935318,0.9987768530845642,2630,1596,-0.042431771755218506,0.2992860674858093,0.9999427795410156,2455,937,0.04834875091910362,0.11228541284799576,0.9991196990013123,2608,1593,-0.030972018837928772,0.243413507938385,0.9999727010726929,2442,958,0.0617758072912693,0.10863395780324936,0.999617338180542,2049,1577,0.001141685526818037,0.9999974966049194,1.0,2016,1275,-0.0014823728706687689,0.9999949932098389,1.0,1906,2016,-0.24100175499916077,0.9631333351135254,0.9999986886978149,1856,981,-0.29701295495033264,0.961133599281311,0.9999940395355225,1370,1914,-0.24232357740402222,0.9313744902610779,0.9999905824661255,1577,1495,-0.24175117909908295,0.8844626545906067,0.9999954700469971,1265,1806,-0.24492305517196655,0.9334782361984253,0.9999520778656006,1564,1613,-0.23530609905719757,0.9353381991386414,0.9999918937683105,1167,2012,-0.37316954135894775,0.8886457681655884,0.9983648657798767,1323,1533,-0.3379354774951935,0.8567436933517456,0.9994658827781677,2493,1325,None,None,None,None,1488,1547,1267,1911
False,/data/uabcvmsc/shared/newborn/29/16.08.24/HM20240816135852.jpeg,36.9,31.1
True,/data/uabcvmsc/shared/newborn/29/16.08.24/HM20240816135954.jpeg,36.9,31.0,2707,1261,-0.0280152540653944,0.9999470710754395,0.9999996423721313,2768,1267,-0.0057954792864620686,0.9999313354492188,0.999998927116394,2758,1288,-0.006015576887875795,0.9998818635940552,0.9999988079071045,2762,1303,-0.005975429434329271,0.999940037727356,0.9999983310699463,2747,1211,-0.0021012150682508945,0.9999653100967407,0.9999986886978149,2739,1181,-0.002371987095102668,0.9999516010284424,0.9999985694885254,2715,1169,-0.00238555739633739,0.9999610185623169,0.9999978542327881,2750,1338,0.09286925196647644,0.9999370574951172,0.9999990463256836,2689,1165,0.11412356048822403,0.9998420476913452,0.999997615814209,2665,1305,0.009224899113178253,0.9999707937240601,0.9999997615814209,2668,1224,0.013377925381064415,0.9999504089355469,0.9999991655349731,2540,1549,0.08962336927652359,0.9999951124191284,0.9999980926513672,2531,1081,0.12533119320869446,0.9999765157699585,0.999990701675415,2316,1737,-0.1285891979932785,0.40008851885795593,0.9995517134666443,2323,1026,-0.12697793543338776,0.15500527620315552,0.9995500445365906,2409,1760,-0.45926347374916077,0.6503419280052185,0.9999493360519409,2363,972,-0.5077474117279053,0.6374933123588562,0.9999357461929321,2436,1774,-0.5305416584014893,0.7509448528289795,0.9998648166656494,2362,933,-0.590522825717926,0.7611107230186462,0.9998792409896851,2462,1733,-0.540605902671814,0.7670981287956238,0.9999371767044067,2385,976,-0.5997239351272583,0.7495561838150024,0.9999476671218872,2447,1715,-0.47170960903167725,0.6661309003829956,0.9999678134918213,2382,1003,-0.5246082544326782,0.6370001435279846,0.9999738931655884,2125,1444,-0.023134509101510048,0.9999638795852661,0.9999991655349731,2157,1156,0.02272688038647175,0.9999560117721558,0.9999990463256836,1761,1762,-0.32317230105400085,0.3972001075744629,0.9999921321868896,1820,860,-0.30299341678619385,0.1551423817873001,0.9999874830245972,1248,1467,-0.27308014035224915,0.2614212930202484,0.9999345541000366,1288,960,-0.22475185990333557,0.2036820501089096,0.9998952150344849,1147,1354,-0.27754661440849304,0.34400174021720886,0.9997269511222839,1160,1042,-0.22344408929347992,0.3301975429058075,0.9998152852058411,1067,1594,-0.43679293990135193,0.20726561546325684,0.9986055493354797,1187,629,-0.3584859073162079,0.15733860433101654,0.9981929659843445,2536,1315,2374,954,2449,1754,None,None,None,None
True,/data/uabcvmsc/shared/newborn/29/16.08.24/HM20240816140056.jpeg,36.7,31.0,2763,1255,-0.055164240300655365,0.9999985694885254,0.9999998807907104,2797,1269,-0.018376881256699562,0.9999978542327881,0.9999997615814209,2792,1314,-0.01869387924671173,0.999997615814209,0.9999997615814209,2791,1326,-0.018624836578965187,0.9999984502792358,0.9999997615814209,2785,1198,-0.019916895776987076,0.9999985694885254,0.9999995231628418,2775,1164,-0.020249102264642715,0.9999982118606567,0.9999994039535522,2770,1153,-0.02029280737042427,0.9999979734420776,0.999998927116394,2736,1379,0.12215661257505417,0.9999978542327881,0.9999997615814209,2711,1131,0.12053021043539047,0.9999899864196777,0.9999983310699463,2705,1288,-0.005415583960711956,0.999994158744812,0.9999997615814209,2694,1216,-0.008625185117125511,0.9999912977218628,0.999998927116394,2516,1504,0.10957647860050201,0.9999953508377075,0.9999990463256836,2484,1071,0.15437278151512146,0.9999297857284546,0.9999814033508301,2272,1719,-0.039860762655735016,0.7089634537696838,0.9999581575393677,2235,1020,0.042771048843860626,0.1864851862192154,0.9997116923332214,2347,1848,-0.29581376910209656,0.9127269983291626,0.9999933242797852,2284,940,-0.14538505673408508,0.3660452663898468,0.999881386756897,2390,1887,-0.34155529737472534,0.923521101474762,0.9999727010726929,2272,923,-0.18500244617462158,0.446114182472229,0.9997071623802185,2448,1870,-0.36414265632629395,0.9278311729431152,0.9999778270721436,2312,937,-0.20477624237537384,0.4405391812324524,0.9997900128364563,2431,1843,-0.31103408336639404,0.9010275602340698,0.9999909400939941,2311,964,-0.16138829290866852,0.4190761148929596,0.9999035596847534,2003,1493,-0.024241698905825615,0.9999557733535767,0.9999971389770508,1992,1176,0.02381042204797268,0.9999316930770874,0.9999957084655762,1910,1941,-0.2523028552532196,0.8053129315376282,0.9999654293060303,1785,913,-0.2827051877975464,0.708274781703949,0.9999767541885376,1482,1465,-0.27663445472717285,0.5164300799369812,0.9999228715896606,1281,819,-0.4253450036048889,0.809352695941925,0.9996727705001831,1431,1358,-0.2860319912433624,0.48206135630607605,0.9997096657752991,1122,878,-0.44355493783950806,0.8333556652069092,0.999220609664917,1417,1324,-0.39839744567871094,0.47571003437042236,0.9991938471794128,1216,450,-0.5546945333480835,0.7844225168228149,0.9940642714500427,2500,1288,None,None,2404,1862,1206,716,None,None
False,/data/uabcvmsc/shared/newborn/29/16.08.24/HM20240816140200.jpeg,36.7,30.6
True,/data/uabcvmsc/shared/newborn/29/16.08.24/HM20240816140302.jpeg,36.8,30.9,2717,1142,-0.07933839410543442,0.9999136924743652,0.9999929666519165,2774,1174,-0.055312611162662506,0.9998801946640015,0.999985933303833,2779,1191,-0.05565604194998741,0.9998586177825928,0.9999871253967285,2784,1206,-0.055577900260686874,0.9999291896820068,0.9999842643737793,2744,1124,-0.047910574823617935,0.9999138116836548,0.9999731779098511,2729,1102,-0.048276934772729874,0.9998894929885864,0.9999699592590332,2722,1091,-0.048391446471214294,0.9999030828475952,0.999954104423523,2753,1303,0.05011461675167084,0.9999181032180786,0.9999889135360718,2674,1096,0.08900099247694016,0.9995871186256409,0.9999386072158813,2681,1211,-0.03943561762571335,0.9998914003372192,0.9999932050704956,2653,1150,-0.03118075616657734,0.9997895359992981,0.9999713897705078,2512,1548,0.0696108266711235,0.9999779462814331,0.9999926090240479,2428,1091,0.15204456448554993,0.9997313618659973,0.9998941421508789,2364,1851,-0.015917742624878883,0.6829900145530701,0.9998102784156799,2132,1045,0.14008729159832,0.08425319939851761,0.9990323781967163,2449,1747,-0.19312110543251038,0.8769305348396301,0.9999960660934448,1964,953,0.030368806794285774,0.19643785059452057,0.9998878240585327,2455,1720,-0.22879856824874878,0.8836550116539001,0.999985933303833,1920,905,0.009841608814895153,0.26482945680618286,0.9997634291648865,2492,1677,-0.2366451919078827,0.8782324194908142,0.9999898672103882,1962,904,-0.023091604933142662,0.2527506351470947,0.9998131394386292,2480,1678,-0.1983194500207901,0.8092390298843384,0.9999958276748657,1958,952,0.012794583104550838,0.23492757976055145,0.9999221563339233,1938,1613,-0.02937944605946541,0.9999760389328003,0.9999991655349731,1881,1286,0.028932765126228333,0.9999508857727051,0.9999985694885254,1923,2028,-0.2369716465473175,0.883629322052002,0.9999969005584717,1763,935,-0.2225421518087387,0.7516327500343323,0.999995231628418,1475,1566,-0.18751946091651917,0.8808596730232239,0.9999951124191284,1268,1080,-0.22063545882701874,0.8910410404205322,0.9999738931655884,1367,1441,-0.18928998708724976,0.7969706058502197,0.9999793767929077,1141,1217,-0.22346994280815125,0.8759879469871521,0.9999496936798096,1370,1638,-0.292161762714386,0.807580292224884,0.9998377561569214,1179,737,-0.30576997995376587,0.8341414928436279,0.9992843270301819,2470,1320,None,None,2469,1706,1196,1011,1404,1548
False,/data/uabcvmsc/shared/newborn/29/16.08.24/HM20240816140404.jpeg,36.9,30.9
False,/data/uabcvmsc/shared/newborn/29/16.08.24/HM20240816140506.jpeg,36.9,30.5
True,/data/uabcvmsc/shared/newborn/29/16.08.24/HM20240816140608.jpeg,36.7,30.8,1314,1255,-0.115598663687706,0.9982207417488098,0.9995378255844116,1270,1219,-0.09077248722314835,0.9957127571105957,0.9983317255973816,1271,1196,-0.09118258953094482,0.993851900100708,0.9980328679084778,1274,1172,-0.09121178835630417,0.9949317574501038,0.9963374137878418,1267,1282,-0.08853370696306229,0.9987772107124329,0.9989473223686218,1267,1305,-0.08899472653865814,0.998878538608551,0.9992853999137878,1267,1329,-0.08928708732128143,0.9994327425956726,0.9992450475692749,1333,1149,0.0055323392152786255,0.9955009818077087,0.9963145852088928,1321,1365,0.015258966945111752,0.9988056421279907,0.9994532465934753,1392,1220,-0.08012882620096207,0.994300365447998,0.9979377388954163,1389,1306,-0.07993322610855103,0.9977704286575317,0.9985893368721008,1653,1083,-0.01136904675513506,0.9966148734092712,0.9962717294692993,1700,1537,0.04208254814147949,0.9997037053108215,0.9996906518936157,1750,1164,-0.10359285771846771,0.08935592323541641,0.9890823364257812,2089,1815,0.05413508415222168,0.32547101378440857,0.9989373087882996,1511,1294,-0.14109091460704803,0.0406702496111393,0.9933311343193054,2309,1818,0.0050153969787061214,0.5390642881393433,0.9998338222503662,1460,1337,-0.16549110412597656,0.06014208123087883,0.9857725501060486,2384,1886,-0.009686268866062164,0.5760876536369324,0.999445378780365,1430,1316,-0.15376955270767212,0.05704689398407936,0.9859917759895325,2399,1851,-0.03704725205898285,0.5928086638450623,0.9994511008262634,1454,1318,-0.13798777759075165,0.05726771056652069,0.9919171929359436,2348,1789,-0.008071796037256718,0.6077841520309448,0.9997696280479431,2438,1184,0.0018977872096002102,0.9996861219406128,0.99991774559021,2443,1438,-0.0023762506898492575,0.9998600482940674,0.9999700784683228,2833,1145,0.21042709052562714,0.06232593208551407,0.9979636669158936,2762,1354,0.1077367290854454,0.060282666236162186,0.99958735704422,3067,1117,0.38683825731277466,0.05299237370491028,0.9699820876121521,2993,1274,0.3354140520095825,0.041972313076257706,0.9783387184143066,3121,1131,0.40082693099975586,0.09490803629159927,0.9286775588989258,3038,1261,0.3591986298561096,0.06143384054303169,0.9711432456970215,3177,1063,0.3483118712902069,0.06139986589550972,0.8562192916870117,3110,1225,0.32001736760139465,0.04207058995962143,0.9103820323944092,1676,1310,None,None,None,None,None,None,None,None
False,/data/uabcvmsc/shared/newborn/29/16.08.24/HM20240816140709.jpeg,36.8,31.0
False,/data/uabcvmsc/shared/newborn/29/16.08.24/HM20240816140810.jpeg,37.1,31.0
True,/data/uabcvmsc/shared/newborn/29/16.08.24/HM20240816140912.jpeg,36.9,31.2,2804,1387,-0.010118511505424976,0.9999904632568359,0.9999994039535522,2827,1389,0.03572364151477814,0.9999809265136719,0.9999983310699463,2822,1404,0.03543202951550484,0.9999758005142212,0.9999980926513672,2816,1419,0.035491302609443665,0.9999817609786987,0.9999973773956299,2826,1322,0.021034253761172295,0.9999918937683105,0.9999983310699463,2818,1296,0.020698923617601395,0.9999922513961792,0.9999985694885254,2811,1272,0.020683713257312775,0.9999927282333374,0.9999979734420776,2751,1430,0.2015494853258133,0.999982476234436,0.9999978542327881,2748,1198,0.1349630355834961,0.9999819993972778,0.999997615814209,2735,1415,0.04658275470137596,0.9999891519546509,0.9999992847442627,2735,1338,0.025032933801412582,0.9999914169311523,0.999998927116394,2485,1551,0.20235301554203033,0.9999898672103882,0.9999959468841553,2512,1071,0.1352662742137909,0.9999929666519165,0.9999942779541016,2213,1761,0.09843664616346359,0.745585560798645,0.9998915195465088,2331,891,-0.060753725469112396,0.8992147445678711,0.9998675584793091,2175,2070,-0.14620177447795868,0.9325013756752014,0.999907374382019,2131,790,-0.3592352867126465,0.9894751310348511,0.9999773502349854,2132,2184,-0.19027449190616608,0.9365304112434387,0.9996510744094849,2023,728,-0.42103201150894165,0.9897007942199707,0.9999122619628906,2194,2207,-0.23267927765846252,0.9441583156585693,0.9996848106384277,2048,835,-0.451901376247406,0.9898771643638611,0.9999456405639648,2212,2171,-0.17153213918209076,0.9385839104652405,0.9998670816421509,2069,868,-0.3817134499549866,0.9852778315544128,0.9999793767929077,2043,1554,0.008285745978355408,0.9999929666519165,0.9999991655349731,2030,1220,-0.008830553852021694,0.9999936819076538,0.9999990463256836,1945,2047,-0.28039607405662537,0.9857321381568909,0.9999938011169434,1827,1053,-0.4172586500644684,0.974651575088501,0.9999958276748657,1441,1743,-0.20105808973312378,0.979358971118927,0.9999908208847046,1250,1339,-0.3455120623111725,0.977066695690155,0.9999755620956421,1342,1607,-0.20130689442157745,0.9733266830444336,0.9999679327011108,1148,1467,-0.3430752158164978,0.9546176195144653,0.9999483823776245,1266,1917,-0.34543576836586,0.9714755415916443,0.9996019005775452,1015,1159,-0.49059128761291504,0.960771918296814,0.9991260170936584,2498,1311,2068,805,2178,2158,1138,1322,1350,1756
True,/data/uabcvmsc/shared/newborn/29/16.08.24/HM20240816141016.jpeg,37.4,31.5,2806,1363,0.14963626861572266,0.9999960660934448,1.0,2838,1376,0.19658087193965912,0.9999922513961792,0.9999998807907104,2827,1392,0.19650119543075562,0.999987006187439,0.9999998807907104,2821,1404,0.19657409191131592,0.9999896287918091,0.9999997615814209,2832,1317,0.18356819450855255,0.9999979734420776,0.9999998807907104,2824,1283,0.18342332541942596,0.9999978542327881,0.9999998807907104,2818,1259,0.18346144258975983,0.9999983310699463,0.9999998807907104,2772,1419,0.36086323857307434,0.9999834299087524,0.9999997615814209,2751,1194,0.3000139594078064,0.9999924898147583,0.9999997615814209,2738,1394,0.20539206266403198,0.999994158744812,0.9999998807907104,2738,1319,0.18568450212478638,0.9999964237213135,0.9999998807907104,2538,1530,0.33616164326667786,0.9999922513961792,0.9999960660934448,2507,1069,0.25616270303726196,0.9999970197677612,0.9999978542327881,2442,1781,0.11479373276233673,0.7592276334762573,0.9997093081474304,2297,889,0.046845629811286926,0.7669700980186462,0.999919056892395,2576,1814,-0.2210766226053238,0.8298543691635132,0.9999905824661255,2116,816,-0.21301299333572388,0.9031544923782349,0.999955415725708,2637,1824,-0.28053736686706543,0.8402801156044006,0.9999589920043945,2013,764,-0.2704189419746399,0.8929029703140259,0.9997149109840393,2645,1771,-0.2812083661556244,0.8242342472076416,0.9999790191650391,2022,843,-0.28192368149757385,0.8847251534461975,0.9998606443405151,2618,1763,-0.2302485555410385,0.7514389753341675,0.9999920129776001,2035,890,-0.2263799011707306,0.8468494415283203,0.9999535083770752,2111,1504,0.031307756900787354,0.9999964237213135,1.0,2096,1205,-0.03178108111023903,0.999997615814209,1.0,1974,1964,-0.3732011318206787,0.9696021676063538,0.9999873638153076,1924,1153,-0.5191424489021301,0.9794416427612305,0.9999938011169434,1495,1537,-0.3657967448234558,0.5647870302200317,0.9999936819076538,1575,1653,-0.5434562563896179,0.780105710029602,0.9999918937683105,1446,1448,-0.36840152740478516,0.8927310705184937,0.9999839067459106,1474,1742,-0.5472169518470764,0.9445405006408691,0.9999843835830688,1336,1455,-0.5353578329086304,0.7674986720085144,0.9999098777770996,1424,1818,-0.7215597033500671,0.9030282497406006,0.9997733235359192,2522,1300,2046,828,2619,1793,1491,1738,1391,1452
True,/data/uabcvmsc/shared/newborn/29/16.08.24/HM20240816141119.jpeg,36.9,31.2,2781,1283,0.10347013175487518,0.9999973773956299,1.0,2821,1319,0.14996130764484406,0.9999949932098389,0.9999998807907104,2815,1342,0.1497982293367386,0.999991774559021,0.9999998807907104,2809,1361,0.14990130066871643,0.9999932050704956,0.9999997615814209,2816,1242,0.14537900686264038,0.9999986886978149,1.0,2806,1216,0.1450880914926529,0.9999988079071045,1.0,2797,1190,0.14505237340927124,0.9999990463256836,1.0,2760,1403,0.3221818506717682,0.9999853372573853,0.9999997615814209,2735,1148,0.30291318893432617,0.9999958276748657,0.9999998807907104,2722,1335,0.1619546115398407,0.999994158744812,0.9999998807907104,2717,1242,0.15446165204048157,0.9999961853027344,0.9999998807907104,2498,1558,0.3359368145465851,0.9999861717224121,0.999993085861206,2511,1043,0.2792603075504303,0.999998927116394,0.9999995231628418,2228,1711,0.15387117862701416,0.1588616669178009,0.9996393918991089,2243,853,0.1229047179222107,0.9338339567184448,0.9999872446060181,2158,1858,-0.15666314959526062,0.31741878390312195,0.9998887777328491,2007,852,-0.14624278247356415,0.9942460656166077,0.9999977350234985,2121,1917,-0.21900346875190735,0.4525291919708252,0.9996949434280396,1903,809,-0.20813076198101044,0.9937071204185486,0.9999865293502808,2154,1907,-0.24198393523693085,0.46400636434555054,0.9998202919960022,1910,884,-0.23511691391468048,0.9937210083007812,0.9999927282333374,2159,1869,-0.17561279237270355,0.41780439019203186,0.999914288520813,1949,904,-0.1655505895614624,0.989118218421936,0.9999974966049194,2063,1491,0.011140336282551289,0.9999697208404541,0.9999983310699463,2083,1153,-0.011912274174392223,0.9999901056289673,0.9999994039535522,2116,1797,-0.3797265589237213,0.8787303566932678,0.9999712705612183,2214,973,-0.3864234387874603,0.9239838123321533,0.9999955892562866,1589,1344,-0.562551736831665,0.6610069870948792,0.9999809265136719,1589,1280,-0.5584210157394409,0.7982209920883179,0.9999520778656006,1454,1236,-0.58860844373703,0.9390335083007812,0.9999374151229858,1464,1294,-0.5815883278846741,0.9276583194732666,0.9998923540115356,1451,1413,-0.7832314968109131,0.8962675333023071,0.9995684027671814,1477,1334,-0.7771996855735779,0.9369502067565918,0.9989414811134338,2504,1300,1942,862,None,None,1510,1303,1452,1324
False,/data/uabcvmsc/shared/newborn/29/16.08.24/HM20240816141221.jpeg,37.0,31.4
False,/data/uabcvmsc/shared/newborn/29/16.08.24/HM20240816141322.jpeg,37.3,31.5,1687,1447,-0.16329462826251984,0.9996102452278137,0.9999407529830933,1658,1452,-0.18431814014911652,0.9996090531349182,0.9999213218688965,1657,1458,-0.18466244637966156,0.9995002746582031,0.9999237060546875,1658,1463,-0.18457350134849548,0.9996254444122314,0.9998941421508789,1663,1433,-0.1798410415649414,0.9997922778129578,0.999911904335022,1667,1423,-0.1802700310945511,0.9998089671134949,0.9999204874038696,1670,1414,-0.1804439127445221,0.9998606443405151,0.9999034404754639,1702,1457,-0.2238307148218155,0.9995254278182983,0.9998648166656494,1714,1379,-0.20234139263629913,0.999650239944458,0.9998483657836914,1730,1446,-0.16535931825637817,0.9984087347984314,0.9998390674591064,1739,1424,-0.16139253973960876,0.9987321496009827,0.9997178912162781,1905,1562,-0.1897944211959839,0.9994507431983948,0.9997912049293518,1884,1187,-0.17729857563972473,0.9987956285476685,0.9995473027229309,1751,1628,-0.23150001466274261,0.2059219926595688,0.9987978935241699,1715,1059,-0.16246916353702545,0.05223707854747772,0.99824059009552,1361,1663,-0.32062065601348877,0.7331142425537109,0.9996988773345947,1348,1102,-0.17455512285232544,0.7459259033203125,0.9999052286148071,1279,1701,-0.36774298548698425,0.8744713068008423,0.9993962049484253,1234,1100,-0.22049714624881744,0.8508033752441406,0.9998540878295898,1242,1656,-0.37501442432403564,0.8885684013366699,0.9993634819984436,1198,1139,-0.22923500835895538,0.8581137657165527,0.9998496770858765,1316,1635,-0.32790490984916687,0.8363003134727478,0.9995914101600647,1290,1138,-0.18371841311454773,0.8109752535820007,0.9999247789382935,2492,1498,-0.010912371799349785,0.9993402361869812,0.9999221563339233,2445,1284,0.010319351218640804,0.9994326233863831,0.999927282333374,2340,1601,0.3353842496871948,0.002652680967003107,0.9997963309288025,2193,1249,0.26632827520370483,0.001269226660951972,0.9999065399169922,2561,1644,0.5934143662452698,0.04498739540576935,0.9995908141136169,2540,1339,0.5228193998336792,0.009743710979819298,0.9996556043624878,2613,1622,0.6179423928260803,0.11389441788196564,0.9990257024765015,2615,1350,0.5502041578292847,0.026652462780475616,0.9994916915893555,2555,1716,0.6036367416381836,0.0641428604722023,0.9994314312934875,2556,1347,0.5405533909797668,0.01637149788439274,0.9994801878929138
True,/data/uabcvmsc/shared/newborn/29/16.08.24/HM20240816141423.jpeg,37.3,31.6,1374,1560,-0.21054643392562866,0.9977931976318359,0.9994465708732605,1346,1549,-0.1895492970943451,0.9949316382408142,0.9973530769348145,1344,1526,-0.1899367868900299,0.991238534450531,0.9968628883361816,1342,1511,-0.19000770151615143,0.9950689077377319,0.9941599369049072,1357,1609,-0.19162338972091675,0.9984489679336548,0.9983872175216675,1364,1632,-0.1920606791973114,0.9982753992080688,0.9988884329795837,1373,1659,-0.1923622190952301,0.999265730381012,0.9988337159156799,1388,1505,-0.08767933398485184,0.9950721859931946,0.9949253797531128,1439,1706,-0.10064439475536346,0.9977219700813293,0.9992496371269226,1442,1527,-0.17124974727630615,0.9966224431991577,0.9991279244422913,1454,1601,-0.1776638925075531,0.9978927969932556,0.9993795156478882,1717,1264,-0.08827907592058182,0.9993072748184204,0.9992566704750061,1832,1795,-0.03738308697938919,0.999863862991333,0.9999034404754639,1885,1060,-0.1812000870704651,0.13670343160629272,0.9906258583068848,2095,1815,-0.12570124864578247,0.14636963605880737,0.9993171691894531,1554,1494,-0.2536141276359558,0.06872083991765976,0.9995099306106567,2112,1928,-0.3188602924346924,0.6292356848716736,0.9999585151672363,1446,1624,-0.27853766083717346,0.06400381773710251,0.9989615678787231,2109,1954,-0.35515308380126953,0.6706438660621643,0.999854326248169,1406,1632,-0.2605201303958893,0.05479549244046211,0.9992450475692749,2050,1963,-0.3704574704170227,0.6707348823547363,0.9998936653137207,1457,1588,-0.24623186886310577,0.043001938611269,0.9996144771575928,2052,1943,-0.33073750138282776,0.6094762086868286,0.9999566078186035,2375,1203,-0.010581284761428833,0.9995637536048889,0.9999281167984009,2455,1477,0.010142798535525799,0.9997355341911316,0.9999724626541138,2816,1191,0.06090822070837021,0.0061126830987632275,0.9975247979164124,2829,1395,-0.05182693153619766,0.0044049909338355064,0.9992664456367493,2962,1224,0.158123180270195,0.00406009703874588,0.9885151982307434,2935,1305,0.1251428872346878,0.001955021172761917,0.9909148812294006,3001,1224,0.16574792563915253,0.009662684984505177,0.9703209400177002,2956,1280,0.14495554566383362,0.00454945582896471,0.9881352186203003,3015,1221,0.11134425550699234,0.00695290882140398,0.9579763412475586,3006,1280,0.10523799061775208,0.002735847607254982,0.9733268618583679,1774,1530,None,None,None,None,None,None,None,None
True,/data/uabcvmsc/shared/newborn/29/16.08.24/HM20240816141525.jpeg,37.2,31.7,2807,1421,-0.06325635313987732,1.0,1.0,2830,1433,-0.02318262681365013,1.0,1.0,2825,1444,-0.02342301607131958,1.0,1.0,2821,1465,-0.023297835141420364,1.0,1.0,2831,1371,-0.032966889441013336,1.0,1.0,2841,1353,-0.03322331979870796,1.0,1.0,2834,1351,-0.03312940150499344,1.0,1.0,2774,1487,0.14325028657913208,1.0,1.0,2794,1305,0.09590895473957062,0.9999997615814209,1.0,2747,1449,-0.003441915614530444,0.9999998807907104,1.0,2733,1398,-0.019145747646689415,0.9999997615814209,1.0,2518,1605,0.1604919135570526,0.9999992847442627,1.0,2584,1142,0.12027105689048767,0.9999904632568359,0.9999972581863403,2304,1795,0.030276281759142876,0.9147579669952393,0.9999905824661255,2331,1031,-0.07087629288434982,0.46439215540885925,0.999681830406189,2197,1964,-0.2573831379413605,0.967762291431427,0.9999934434890747,2238,931,-0.354762464761734,0.6225723028182983,0.9998038411140442,2126,2041,-0.31528711318969727,0.9644423723220825,0.9999653100967407,2204,881,-0.41140562295913696,0.6942977905273438,0.9994611144065857,2121,1965,-0.34090232849121094,0.9675025343894958,0.9999747276306152,2226,906,-0.43431419134140015,0.7050527930259705,0.9997033476829529,2130,1916,-0.27569591999053955,0.9552077651023865,0.9999892711639404,2234,936,-0.3732110559940338,0.6558318138122559,0.9998712539672852,2097,1572,0.019564304500818253,0.9999988079071045,1.0,2095,1284,-0.020126482471823692,0.999996542930603,0.9999998807907104,1867,1920,-0.3574240803718567,0.9837914705276489,0.9999984502792358,1938,1013,-0.37311631441116333,0.9408693909645081,0.9999912977218628,1361,1760,-0.35419631004333496,0.9670365452766418,0.999990701675415,1583,1528,-0.2944895625114441,0.8405119180679321,0.9999841451644897,1268,1670,-0.3592832684516907,0.9646177291870117,0.9999583959579468,1533,1617,-0.2896501123905182,0.7752984166145325,0.9999725818634033,1138,2000,-0.5197622776031494,0.964806318283081,0.9994704127311707,1350,1599,-0.4325612783432007,0.8364498019218445,0.9995912909507751,2551,1374,None,None,2144,1972,1489,1581,None,None
False,/data/uabcvmsc/shared/newborn/29/16.08.24/HM20240816141626.jpeg,37.2,31.4
False,/data/uabcvmsc/shared/newborn/29/16.08.24/HM20240816141728.jpeg,37.2,30.1
False,/data/uabcvmsc/shared/newborn/29/16.08.24/HM20240816141830.jpeg,36.9,31.1,2487,1240,0.04923393204808235,0.9999985694885254,1.0,2504,1246,0.08384755253791809,0.9999957084655762,0.9999998807907104,2496,1261,0.08363355696201324,0.9999954700469971,0.9999998807907104,2497,1269,0.08356033265590668,0.9999957084655762,0.9999997615814209,2497,1210,0.08038051426410675,0.9999974966049194,0.9999997615814209,2495,1198,0.08007749915122986,0.999997615814209,0.9999997615814209,2511,1179,0.08002003282308578,0.9999970197677612,0.9999995231628418,2488,1309,0.20993463695049286,0.9999949932098389,0.9999997615814209,2495,1136,0.1926894187927246,0.9999889135360718,0.9999991655349731,2447,1241,0.09202264994382858,0.9999830722808838,0.9999994039535522,2451,1213,0.08530313521623611,0.9999784231185913,0.9999988079071045,2336,1418,0.20045340061187744,0.9999979734420776,0.9999985694885254,2306,1004,0.19531701505184174,0.9999864101409912,0.9999896287918091,2191,1683,0.05742741748690605,0.4714992940425873,0.9999130964279175,2088,1021,-0.026244763284921646,0.0956578180193901,0.9992074370384216,2307,1894,-0.12534765899181366,0.5940234661102295,0.9999611377716064,2186,1121,-0.2692943215370178,0.10296493023633957,0.9997201561927795,2366,1953,-0.15555615723133087,0.6000121831893921,0.9999333620071411,2219,1135,-0.3187227249145508,0.1297728568315506,0.9997904896736145,2406,1946,-0.16713298857212067,0.5928642153739929,0.9999370574951172,2270,1141,-0.3100706934928894,0.11154439300298691,0.9998503923416138,2376,1906,-0.13533224165439606,0.5248952507972717,0.9999631643295288,2259,1148,-0.2749689221382141,0.09726748615503311,0.999893307685852,1958,1374,-0.01448666863143444,0.9999278783798218,0.9999796152114868,1949,1138,0.013875779695808887,0.9999305009841919,0.9999699592590332,2182,1544,-0.18975746631622314,0.9657902717590332,0.999993085861206,2013,746,-0.34950634837150574,0.9939807653427124,0.9999966621398926,2209,1746,-0.44786518812179565,0.6219663023948669,0.999913215637207,1635,607,-0.69883131980896,0.9091267585754395,0.9997013211250305,2121,1774,-0.48316308856010437,0.9490641355514526,0.9996256828308105,1499,575,-0.7400538325309753,0.9865250587463379,0.998916506767273,2381,1800,-0.5886567234992981,0.9048243761062622,0.9995375871658325,1666,366,-0.8620333671569824,0.9774335026741028,0.9972110390663147
True,/data/uabcvmsc/shared/newborn/29/16.08.24/HM20240816141932.jpeg,36.8,30.7,2885,1430,0.10601802170276642,0.9999995231628418,1.0,2905,1421,0.14808404445648193,0.9999991655349731,1.0,2905,1428,0.1478235274553299,0.9999991655349731,1.0,2906,1436,0.1478375643491745,0.9999992847442627,1.0,2898,1376,0.13544856011867523,0.9999995231628418,0.9999998807907104,2890,1357,0.13518162071704865,0.9999995231628418,0.9999998807907104,2880,1328,0.13517040014266968,0.9999994039535522,0.9999998807907104,2855,1438,0.29663294553756714,0.9999994039535522,1.0,2815,1280,0.2384387105703354,0.9999977350234985,0.9999997615814209,2831,1463,0.15622875094413757,0.9999990463256836,1.0,2829,1406,0.13761676847934723,0.9999983310699463,0.9999998807907104,2548,1625,0.28337642550468445,0.9999979734420776,0.9999997615814209,2568,1152,0.2051074355840683,0.9999836683273315,0.9999921321868896,2278,1821,0.16389523446559906,0.972198486328125,0.999987006187439,2413,1002,-0.014733499847352505,0.8981754779815674,0.9997653365135193,2244,2102,-0.07190167158842087,0.9865449070930481,0.9999839067459106,2453,989,-0.28801029920578003,0.9483681321144104,0.9998987913131714,2215,2212,-0.11359904706478119,0.9864381551742554,0.999945878982544,2456,975,-0.3434736430644989,0.9632336497306824,0.9998186230659485,2269,2225,-0.14767169952392578,0.9882975220680237,0.9999513626098633,2499,993,-0.3536120355129242,0.9651514291763306,0.9998806715011597,2283,2185,-0.09367965161800385,0.9876500964164734,0.9999761581420898,2493,1005,-0.30177658796310425,0.9583784341812134,0.9999369382858276,2055,1603,0.02807200513780117,0.9999879598617554,0.9999990463256836,2083,1300,-0.028731627389788628,0.9999802112579346,0.9999970197677612,1863,1860,-0.34867578744888306,0.9989318251609802,0.9999829530715942,2205,1113,-0.4173898994922638,0.9966222047805786,0.9999805688858032,1361,1547,-0.43730512261390686,0.9836077094078064,0.9999532699584961,1662,1441,-0.48539602756500244,0.9659221768379211,0.9998860359191895,1288,1447,-0.45046791434288025,0.9961142539978027,0.9998243451118469,1545,1467,-0.4945129454135895,0.9794943332672119,0.9997738003730774,1167,1593,-0.6050239205360413,0.9932878613471985,0.9987773299217224,1563,1534,-0.6416475772857666,0.9884496927261353,0.9978845715522766,2558,1388,2475,990,2253,2181,1590,1481,1272,1529
True,/data/uabcvmsc/shared/newborn/29/16.08.24/HM20240816142035.jpeg,37.3,30.5,2716,1192,-0.3637358546257019,0.9999966621398926,1.0,2773,1212,-0.3347282409667969,0.9999953508377075,0.9999998807907104,2782,1249,-0.33491232991218567,0.9999903440475464,0.9999998807907104,2783,1265,-0.3348538875579834,0.9999938011169434,0.9999997615814209,2743,1141,-0.33467844128608704,0.9999978542327881,0.9999998807907104,2733,1121,-0.3350986838340759,0.9999972581863403,0.9999998807907104,2722,1099,-0.33516085147857666,0.999997615814209,0.9999998807907104,2750,1359,-0.1705280989408493,0.9999918937683105,0.9999997615814209,2665,1078,-0.1673750877380371,0.9999932050704956,0.9999998807907104,2664,1273,-0.30055883526802063,0.9999915361404419,0.9999998807907104,2619,1181,-0.3011566400527954,0.9999918937683105,0.9999998807907104,2522,1524,-0.09936059266328812,0.9999724626541138,0.9999920129776001,2492,1027,-0.11368439346551895,0.9999841451644897,0.9999957084655762,2310,1734,-0.37630030512809753,0.8377370834350586,0.998444139957428,2267,899,-0.43011748790740967,0.9775839447975159,0.9995248317718506,2378,1851,-0.7673625349998474,0.9183447360992432,0.9995347261428833,2326,1030,-0.8501725792884827,0.9960798621177673,0.9999864101409912,2439,1919,-0.8488405346870422,0.9468943476676941,0.9990687966346741,2288,1053,-0.9412792325019836,0.996552586555481,0.9999752044677734,2492,1892,-0.8622006773948669,0.9458644390106201,0.9995156526565552,2361,1138,-0.9334362149238586,0.9956644177436829,0.9999899864196777,2465,1852,-0.7838438153266907,0.9091624021530151,0.9997506737709045,2367,1144,-0.858588457107544,0.9886171221733093,0.999995231628418,1974,1506,-0.01937037706375122,0.9999457597732544,0.9999977350234985,1991,1158,0.0189546886831522,0.9999507665634155,0.9999983310699463,1787,1792,-0.4968761205673218,0.9739640355110168,0.9999896287918091,1867,881,-0.4302022159099579,0.8456432223320007,0.9999935626983643,1305,1551,-0.40333813428878784,0.9746793508529663,0.9999721050262451,1394,1133,-0.2754766643047333,0.9092671871185303,0.9999700784683228,1172,1438,-0.4048064649105072,0.9664270281791687,0.9998853206634521,1296,1244,-0.26815536618232727,0.886433482170105,0.9999450445175171,1156,1752,-0.5639406442642212,0.9517202377319336,0.9992096424102783,1181,909,-0.400873601436615,0.8368588089942932,0.9993357062339783,2507,1276,2336,1091,2444,1878,1290,1095,1211,1580
False,/data/uabcvmsc/shared/newborn/29/16.08.24/HM20240816142137.jpeg,38.8,30.5,2381,1215,0.09491642564535141,0.9999997615814209,1.0,2423,1224,0.1286565214395523,0.9999997615814209,1.0,2430,1241,0.12858693301677704,0.9999996423721313,1.0,2437,1258,0.12866348028182983,0.9999997615814209,1.0,2390,1178,0.12011013180017471,0.9999998807907104,1.0,2395,1157,0.1199256107211113,0.9999998807907104,1.0,2388,1138,0.11992528289556503,0.9999998807907104,1.0,2424,1287,0.25807228684425354,0.9999996423721313,1.0,2358,1114,0.21882247924804688,0.9999992847442627,1.0,2350,1262,0.14169158041477203,0.9999990463256836,1.0,2325,1203,0.12883643805980682,0.9999985694885254,1.0,2303,1453,0.25882256031036377,0.9999971389770508,0.9999995231628418,2174,1093,0.17838914692401886,0.9999796152114868,0.9999967813491821,2321,1789,0.07696454226970673,0.803162693977356,0.999762237071991,2082,1034,-0.10430439561605453,0.5974856019020081,0.9994625449180603,2450,1624,-0.16660034656524658,0.8172429203987122,0.9999949932098389,2289,1121,-0.3606196343898773,0.47079306840896606,0.9997637867927551,2480,1587,-0.20804743468761444,0.822949230670929,0.9999817609786987,2331,1144,-0.41673392057418823,0.46803155541419983,0.9993786811828613,2514,1539,-0.19651585817337036,0.7955484986305237,0.9999922513961792,2374,1150,-0.3847184479236603,0.38194870948791504,0.9997370839118958,2497,1545,-0.16774889826774597,0.6862276792526245,0.9999963045120239,2358,1151,-0.3553628921508789,0.29266485571861267,0.9998669624328613,1897,1554,0.009139236062765121,0.9999649524688721,0.9999994039535522,1850,1311,-0.009776250459253788,0.9999408721923828,0.9999990463256836,1790,1798,-0.3876693844795227,0.9655961394309998,0.999984622001648,1814,1095,-0.28144675493240356,0.5970820784568787,0.9999566078186035,1421,1335,-0.45315954089164734,0.5777692198753357,0.9999833106994629,1601,1411,-0.22287511825561523,0.09999630600214005,0.9999387264251709,1335,1315,-0.4608262777328491,0.9077561497688293,0.9999427795410156,1565,1487,-0.21706297993659973,0.5397314429283142,0.9999203681945801,1262,1228,-0.592555582523346,0.8547853827476501,0.999818742275238,1527,1463,-0.30573371052742004,0.41009876132011414,0.9995191097259521
False,/data/uabcvmsc/shared/newborn/29/16.08.24/HM20240816142239.jpeg,37.5,25.9
True,/data/uabcvmsc/shared/newborn/29/16.08.24/HM20240816142340.jpeg,37.0,28.1,1532,1137,-0.09643136709928513,0.9998652935028076,0.9999217987060547,1490,1170,-0.12919659912586212,0.999567449092865,0.9999222755432129,1486,1198,-0.12945955991744995,0.9997727274894714,0.9999357461929321,1482,1223,-0.12940073013305664,0.9996384382247925,0.9999234676361084,1503,1121,-0.13881638646125793,0.999819815158844,0.999936580657959,1506,1102,-0.1391674280166626,0.9999418258666992,0.999955415725708,1507,1087,-0.13931117951869965,0.9999097585678101,0.9999597072601318,1534,1309,-0.19004976749420166,0.9998873472213745,0.9999493360519409,1580,1057,-0.2339758276939392,0.9999352693557739,0.9999735355377197,1579,1204,-0.1000911295413971,0.9997313618659973,0.999968409538269,1595,1123,-0.1151287853717804,0.9998317956924438,0.9999634027481079,1884,1618,-0.2006496787071228,0.9999438524246216,0.9999741315841675,1884,992,-0.2255038321018219,0.9999055862426758,0.9999688863754272,1867,1972,-0.20627546310424805,0.9558238387107849,0.9996163845062256,2081,752,-0.16870936751365662,0.5724099278450012,0.999046266078949,1411,2058,-0.23632033169269562,0.923450231552124,0.9998772144317627,1653,990,-0.10305356979370117,0.42033714056015015,0.9996883869171143,1355,2100,-0.28264299035072327,0.9691647887229919,0.9997230172157288,1567,978,-0.13090106844902039,0.7989877462387085,0.9995577931404114,1323,2038,-0.27226510643959045,0.9677459001541138,0.9997482895851135,1597,1056,-0.15525966882705688,0.7712379693984985,0.9996845722198486,1332,2029,-0.234920471906662,0.9400016665458679,0.9998470544815063,1641,1073,-0.11283368617296219,0.7282022833824158,0.9998217225074768,2464,1455,0.007331503555178642,0.9998798370361328,0.999983549118042,2435,1143,-0.007771890144795179,0.999879002571106,0.999983549118042,2197,1631,0.2659263610839844,0.005815662909299135,0.9999454021453857,2105,1096,0.24071571230888367,0.005143081769347191,0.999983549118042,2431,1629,0.5767706632614136,0.15343908965587616,0.9999269247055054,2492,1223,0.5161043405532837,0.17797702550888062,0.9999326467514038,2484,1617,0.6147173643112183,0.5751096606254578,0.999893069267273,2603,1262,0.5505264401435852,0.6280491948127747,0.9999178647994995,2310,1653,0.6760632991790771,0.0010325610637664795,0.9999793767929077,2345,1156,0.5946890115737915,0.0012949962401762605,0.9999701976776123,None,None,1602,1036,None,None,None,None,None,None
True,/data/uabcvmsc/shared/newborn/29/16.08.24/HM20240816142441.jpeg,37.9,27.8,2797,1153,0.07179726660251617,0.9999955892562866,0.9999997615814209,2835,1197,0.11133367568254471,0.9999932050704956,0.9999995231628418,2839,1215,0.11104775965213776,0.9999918937683105,0.9999995231628418,2843,1231,0.11111574620008469,0.9999935626983643,0.9999992847442627,2810,1115,0.10880868136882782,0.9999953508377075,0.9999992847442627,2804,1103,0.10854563862085342,0.9999946355819702,0.9999991655349731,2785,1074,0.10844631493091583,0.999994158744812,0.9999986886978149,2795,1301,0.2541747987270355,0.9999934434890747,0.9999996423721313,2736,1072,0.24374298751354218,0.9999815225601196,0.9999979734420776,2757,1221,0.12022986263036728,0.999991774559021,0.9999996423721313,2731,1149,0.11489170789718628,0.9999836683273315,0.9999986886978149,2504,1525,0.256426602602005,0.9999905824661255,0.9999977350234985,2474,972,0.25914135575294495,0.9999440908432007,0.9999743700027466,2195,1690,0.1209225207567215,0.8333887457847595,0.9997684359550476,2208,773,0.10981173813343048,0.32581183314323425,0.9993107318878174,2363,1716,-0.12156934291124344,0.9615566730499268,0.9999942779541016,2243,423,-0.12643755972385406,0.7346765995025635,0.9998414516448975,2387,1770,-0.16234233975410461,0.9648052453994751,0.9999861717224121,2242,387,-0.16795115172863007,0.8296718597412109,0.999718964099884,2423,1729,-0.17742297053337097,0.9597514867782593,0.9999901056289673,2272,386,-0.19379617273807526,0.810773491859436,0.9997987151145935,2403,1693,-0.13398508727550507,0.9486498236656189,0.9999953508377075,2268,439,-0.14664652943611145,0.8048169016838074,0.9999146461486816,1977,1486,-0.0017928052693605423,0.999994158744812,0.9999997615814209,1968,1106,0.0011730105616152287,0.9999879598617554,0.9999995231628418,1926,1987,-0.2798305153846741,0.9935625791549683,0.9999985694885254,1953,622,-0.2659883499145508,0.9813640713691711,0.9999951124191284,1337,2001,-0.33975932002067566,0.9892444610595703,0.9999887943267822,1541,1058,-0.2149858921766281,0.9435570240020752,0.9999920129776001,1224,1903,-0.35447362065315247,0.9944856762886047,0.9999434947967529,1472,1200,-0.2137666940689087,0.9781002402305603,0.9999864101409912,1155,2250,-0.5046582818031311,0.9918239712715149,0.9984375834465027,1303,983,-0.31720665097236633,0.963341474533081,0.9995821118354797,2489,1248,None,None,2394,1727,1439,1080,1239,2051
True,/data/uabcvmsc/shared/newborn/29/16.08.24/HM20240816142543.jpeg,38.2,27.5,2821,1146,0.01805567555129528,0.9999586343765259,0.9999988079071045,2860,1180,0.05387159064412117,0.999956488609314,0.9999969005584717,2864,1194,0.05357417091727257,0.9999392032623291,0.9999970197677612,2868,1206,0.053632937371730804,0.9999606609344482,0.9999960660934448,2818,1116,0.05129077285528183,0.9999701976776123,0.9999954700469971,2806,1105,0.051010698080062866,0.9999619722366333,0.999995231628418,2793,1081,0.05092575401067734,0.9999674558639526,0.9999927282333374,2825,1271,0.19310198724269867,0.9999562501907349,0.9999977350234985,2744,1073,0.18218940496444702,0.9998797178268433,0.9999911785125732,2750,1232,0.06642689555883408,0.9999675750732422,0.9999991655349731,2748,1156,0.06109478697180748,0.9999388456344604,0.9999970197677612,2492,1517,0.20658104121685028,0.9999855756759644,0.9999963045120239,2481,981,0.1944105625152588,0.9999303817749023,0.9999691247940063,2186,1699,0.04801681637763977,0.4534982740879059,0.9995005130767822,2178,964,0.040889397263526917,0.1232929527759552,0.9989456534385681,2361,1745,-0.23774969577789307,0.8151506185531616,0.9999864101409912,2285,894,-0.2247317135334015,0.7187830805778503,0.9999555349349976,2384,1771,-0.28839021921157837,0.8699765801429749,0.9999746084213257,2301,867,-0.27958232164382935,0.8439747095108032,0.9999417066574097,2426,1741,-0.30225205421447754,0.858853816986084,0.9999827146530151,2355,863,-0.2944030463695526,0.831008791923523,0.9999617338180542,2413,1719,-0.2497185468673706,0.8011183738708496,0.9999916553497314,2350,891,-0.24001677334308624,0.7601252794265747,0.9999825954437256,1972,1474,0.004108916502445936,0.9999871253967285,0.9999994039535522,1970,1106,-0.004567671101540327,0.9999752044677734,0.999998927116394,1910,1985,-0.2856050133705139,0.9692313075065613,0.999995231628418,1947,632,-0.3182958960533142,0.9365558624267578,0.9999904632568359,1338,2007,-0.35054293274879456,0.9781834483146667,0.9999716281890869,1517,1087,-0.2904927432537079,0.896884560585022,0.9999812841415405,1223,1924,-0.3654196858406067,0.9812464118003845,0.9998575448989868,1453,1216,-0.29142463207244873,0.9184231758117676,0.9999630451202393,1158,2271,-0.5419548153877258,0.9690749049186707,0.997671902179718,1297,1055,-0.42776286602020264,0.8732873797416687,0.9991924166679382,2486,1249,2323,879,2396,1744,1422,1119,1240,2067
True,/data/uabcvmsc/shared/newborn/29/16.08.24/HM20240816142644.jpeg,37.9,27.6,2777,1139,0.037709809839725494,0.999995231628418,0.9999998807907104,2818,1175,0.07605910301208496,0.9999955892562866,0.9999997615814209,2824,1192,0.07576017826795578,0.9999940395355225,0.9999997615814209,2826,1231,0.0758293941617012,0.9999958276748657,0.9999997615814209,2789,1104,0.07416077703237534,0.9999966621398926,0.9999996423721313,2781,1094,0.07390418648719788,0.9999954700469971,0.9999996423721313,2773,1070,0.07383477687835693,0.9999955892562866,0.9999994039535522,2783,1275,0.2189772129058838,0.999995231628418,0.9999998807907104,2729,1066,0.21081222593784332,0.9999847412109375,0.9999990463256836,2710,1226,0.08756136894226074,0.9999904632568359,0.9999997615814209,2702,1142,0.08292795717716217,0.9999819993972778,0.9999991655349731,2472,1505,0.23333364725112915,0.9999865293502808,0.9999978542327881,2446,972,0.22954469919204712,0.9999268054962158,0.9999755620956421,2188,1692,0.09686242043972015,0.6193705201148987,0.999748170375824,2196,956,0.16349151730537415,0.17943373322486877,0.9993118047714233,2355,1721,-0.1325107216835022,0.9181899428367615,0.9999949932098389,2300,843,0.029579773545265198,0.7296266555786133,0.9999666213989258,2383,1773,-0.17185218632221222,0.9456744194030762,0.9999884366989136,2283,827,-0.0020651358645409346,0.8445383906364441,0.9999498128890991,2421,1732,-0.1850356161594391,0.9411216974258423,0.9999921321868896,2327,830,-0.016650274395942688,0.8314111828804016,0.9999637603759766,2400,1695,-0.14295288920402527,0.9190319776535034,0.9999964237213135,2324,860,0.017592759802937508,0.7909119129180908,0.9999842643737793,1944,1486,0.003937442786991596,0.9999856948852539,0.9999995231628418,1931,1106,-0.0042999135330319405,0.9999688863754272,0.9999988079071045,1920,1986,-0.31329038739204407,0.9764252305030823,0.9999963045120239,1928,631,-0.3273340165615082,0.9535919427871704,0.9999908208847046,1327,1996,-0.3770516514778137,0.9738572835922241,0.9999775886535645,1512,1078,-0.29858699440956116,0.8907898664474487,0.9999825954437256,1214,1915,-0.39080530405044556,0.9825050234794617,0.9998890161514282,1450,1222,-0.29898959398269653,0.9354495406150818,0.9999682903289795,1147,2242,-0.5545209646224976,0.9718976616859436,0.9982957243919373,1297,1048,-0.4224643111228943,0.8910820484161377,0.999357283115387,2459,1238,2308,840,2390,1730,1420,1116,1229,2051
True,/data/uabcvmsc/shared/newborn/29/16.08.24/HM20240816142747.jpeg,37.6,27.8,2831,1148,0.13794195652008057,0.9999260902404785,0.9999978542327881,2858,1168,0.1728120893239975,0.9999181032180786,0.9999945163726807,2862,1193,0.17249606549739838,0.9998831748962402,0.9999953508377075,2863,1209,0.17254972457885742,0.9999370574951172,0.9999946355819702,2833,1118,0.17371679842472076,0.9999347925186157,0.9999909400939941,2813,1105,0.17340920865535736,0.999906063079834,0.9999904632568359,2801,1094,0.1733461618423462,0.9999264478683472,0.9999862909317017,2809,1279,0.28731584548950195,0.9999239444732666,0.9999973773956299,2741,1082,0.29519209265708923,0.9996628761291504,0.9999836683273315,2787,1212,0.17510166764259338,0.999962329864502,0.9999994039535522,2761,1151,0.17476218938827515,0.9999147653579712,0.9999969005584717,2505,1523,0.2564341723918915,0.9999910593032837,0.9999982118606567,2480,990,0.2766820788383484,0.9999361038208008,0.999976634979248,2192,1696,0.06988712400197983,0.3116312026977539,0.9998072981834412,2262,920,0.09406675398349762,0.12826034426689148,0.9994603991508484,2329,1733,-0.25177431106567383,0.6982741951942444,0.9999929666519165,2341,893,-0.18656069040298462,0.5323576331138611,0.9999680519104004,2359,1781,-0.30956295132637024,0.7764438986778259,0.9999839067459106,2341,895,-0.24315109848976135,0.6469150185585022,0.9999533891677856,2409,1748,-0.3235543966293335,0.7688624858856201,0.9999895095825195,2398,898,-0.2550073564052582,0.6209568977355957,0.9999713897705078,2395,1721,-0.2645839750766754,0.6703410148620605,0.9999949932098389,2372,909,-0.20149533450603485,0.5082679390907288,0.9999868869781494,1952,1480,-0.01247004047036171,0.9999909400939941,0.9999997615814209,1948,1110,0.011851150542497635,0.9999818801879883,0.9999994039535522,1911,1994,-0.29360851645469666,0.92008376121521,0.9999974966049194,1953,626,-0.2516940236091614,0.8120872378349304,0.9999943971633911,1320,2008,-0.3349471688270569,0.8752392530441284,0.9999734163284302,1524,1072,-0.294382780790329,0.7082244753837585,0.9999728202819824,1224,1914,-0.34635496139526367,0.903397798538208,0.9998494386672974,1450,1180,-0.3020113706588745,0.8062079548835754,0.9999372959136963,1190,2272,-0.4823077321052551,0.7960745096206665,0.9980477094650269,1461,889,-0.4051119089126587,0.6382929682731628,0.9987188577651978,2492,1256,None,None,2384,1764,1487,1126,1245,2065
True,/data/uabcvmsc/shared/newborn/29/16.08.24/HM20240816142851.jpeg,37.6,28.1,2803,1143,0.14580941200256348,0.9997732043266296,0.9999963045120239,2844,1166,0.1803416758775711,0.9997826218605042,0.999993085861206,2849,1180,0.18002067506313324,0.9997263550758362,0.9999939203262329,2837,1226,0.18005385994911194,0.999819815158844,0.9999923706054688,2818,1117,0.18315494060516357,0.9998241066932678,0.9999876022338867,2808,1108,0.18288113176822662,0.999784529209137,0.999985933303833,2798,1085,0.18280090391635895,0.9997987151145935,0.9999780654907227,2802,1291,0.2972487509250641,0.9998558759689331,0.9999960660934448,2756,1084,0.3114663362503052,0.9993450045585632,0.9999744892120361,2732,1213,0.18493525683879852,0.9998254179954529,0.9999979734420776,2742,1127,0.18662695586681366,0.9996421337127686,0.9999912977218628,2496,1498,0.27263808250427246,0.9999738931655884,0.9999942779541016,2493,984,0.3109750747680664,0.9998037219047546,0.9999080896377563,2183,1696,0.10680282860994339,0.3909546434879303,0.9994827508926392,2132,1000,0.15886859595775604,0.039974234998226166,0.9974088072776794,2328,1739,-0.15964540839195251,0.7948238849639893,0.9999867677688599,2271,882,-0.08972522616386414,0.4669145941734314,0.9999107122421265,2357,1777,-0.20573976635932922,0.8468301296234131,0.999971866607666,2300,841,-0.13617688417434692,0.6569148302078247,0.9999008178710938,2410,1748,-0.2162984162569046,0.8296933770179749,0.9999808073043823,2352,832,-0.14865203201770782,0.6282151937484741,0.9999340772628784,2394,1720,-0.16976766288280487,0.7576834559440613,0.9999911785125732,2344,865,-0.10429976135492325,0.5325036644935608,0.9999693632125854,1967,1474,-0.012504488229751587,0.9999908208847046,0.9999996423721313,1982,1096,0.012025061063468456,0.9999762773513794,0.999998927116394,1899,1987,-0.3107335865497589,0.9795469641685486,0.9999971389770508,1942,629,-0.27198490500450134,0.9403678774833679,0.9999929666519165,1329,1998,-0.31923606991767883,0.976332426071167,0.9999748468399048,1495,1079,-0.2806047201156616,0.9298449158668518,0.999977707862854,1217,1916,-0.32767176628112793,0.9786576628684998,0.9998601675033569,1436,1185,-0.28520312905311584,0.9568629860877991,0.9999529123306274,1153,2245,-0.47760286927223206,0.9496376514434814,0.9973211884498596,1327,912,-0.4021626114845276,0.8874399065971375,0.998611330986023,2494,1241,None,None,2372,1746,1419,1059,1233,2053
True,/data/uabcvmsc/shared/newborn/29/16.08.24/HM20240816142953.jpeg,38.1,28.4,2769,1298,0.16981962323188782,0.9999991655349731,1.0,2806,1305,0.21416234970092773,0.9999990463256836,1.0,2809,1321,0.21405787765979767,0.9999984502792358,1.0,2812,1337,0.2140771448612213,0.9999988079071045,1.0,2793,1250,0.20524613559246063,0.9999997615814209,1.0,2786,1230,0.20497781038284302,0.9999997615814209,1.0,2780,1210,0.20499518513679504,0.9999997615814209,1.0,2755,1338,0.37147408723831177,0.9999984502792358,1.0,2724,1170,0.3315085172653198,0.9999986886978149,1.0,2710,1338,0.2222338169813156,0.9999994039535522,1.0,2693,1270,0.2089284062385559,0.9999992847442627,1.0,2478,1526,0.33630630373954773,0.9999991655349731,0.9999998807907104,2418,1006,0.26551225781440735,0.9999966621398926,0.9999995231628418,2179,1698,0.10621849447488785,0.9288767576217651,0.9999589920043945,2124,996,-0.023275574669241905,0.6077069640159607,0.9999239444732666,2341,1723,-0.23616009950637817,0.8890475034713745,0.9999964237213135,2261,892,-0.34512174129486084,0.7863467335700989,0.9999202489852905,2381,1767,-0.2928752899169922,0.9218503832817078,0.9999881982803345,2297,861,-0.4163021743297577,0.8540869355201721,0.9998317956924438,2420,1733,-0.29733511805534363,0.9177768230438232,0.999993085861206,2340,866,-0.41031613945961,0.8388404250144958,0.9999134540557861,2400,1694,-0.2467009574174881,0.8895770311355591,0.9999969005584717,2330,889,-0.3541226387023926,0.7659791111946106,0.9999599456787109,1978,1508,0.02004804089665413,0.9999994039535522,1.0,1961,1167,-0.020582672208547592,0.9999996423721313,1.0,1860,1870,-0.4970293939113617,0.99956876039505,0.999998927116394,1985,909,-0.5383898019790649,0.9994361996650696,0.9999990463256836,1532,1271,-0.4918670654296875,0.9699829816818237,0.9999996423721313,1494,1441,-0.6004193425178528,0.9881265163421631,0.9999995231628418,1523,1163,-0.4927128553390503,0.9971103072166443,0.9999990463256836,1455,1492,-0.6075894236564636,0.9983630776405334,0.9999992847442627,1326,1104,-0.6698250770568848,0.9946572184562683,0.9999936819076538,1362,1663,-0.7970765829086304,0.9983918070793152,0.9999836683273315,2448,1266,2307,877,2386,1729,1437,1532,1460,1179
True,/data/uabcvmsc/shared/newborn/29/16.08.24/HM20240816143055.jpeg,37.8,27.7,2769,1149,0.12245247513055801,0.9999991655349731,1.0,2809,1164,0.1652461290359497,0.9999991655349731,1.0,2817,1191,0.16513663530349731,0.9999988079071045,1.0,2832,1203,0.1651913821697235,0.9999990463256836,1.0,2784,1115,0.16412822902202606,0.9999997615814209,1.0,2775,1095,0.16387097537517548,0.9999996423721313,1.0,2771,1083,0.16390010714530945,0.9999997615814209,1.0,2798,1270,0.3172103464603424,0.9999984502792358,1.0,2712,1068,0.3132697343826294,0.9999985694885254,1.0,2739,1214,0.17294932901859283,0.9999991655349731,1.0,2696,1132,0.17008836567401886,0.999998927116394,1.0,2511,1496,0.28797057271003723,0.9999984502792358,0.9999997615814209,2426,992,0.26375478506088257,0.9999957084655762,0.9999991655349731,2200,1703,0.044864218682050705,0.6511378884315491,0.9997656941413879,2141,964,-0.015019661746919155,0.23136994242668152,0.9998619556427002,2352,1734,-0.311992883682251,0.6484725475311279,0.9999862909317017,2262,820,-0.3517853021621704,0.5013505220413208,0.9998735189437866,2389,1768,-0.37081122398376465,0.7240217328071594,0.9999591112136841,2300,769,-0.42242342233657837,0.6083427667617798,0.9996955394744873,2430,1733,-0.3762703239917755,0.7041480541229248,0.99997878074646,2342,772,-0.4198736548423767,0.5636028051376343,0.9998302459716797,2409,1697,-0.3226090967655182,0.6071673631668091,0.9999902248382568,2334,805,-0.3628830313682556,0.4686763882637024,0.9999277591705322,2069,1484,0.0052266535349190235,0.9999991655349731,1.0,2035,1143,-0.005753104109317064,0.9999995231628418,1.0,1819,1881,-0.5514668822288513,0.98023921251297,0.9999958276748657,1917,880,-0.5588517189025879,0.9892470240592957,0.9999977350234985,1522,1288,-0.5189095735549927,0.19387978315353394,0.999998927116394,1482,1453,-0.6137300729751587,0.8398973345756531,0.999998927116394,1508,1187,-0.5169957280158997,0.7948399186134338,0.9999972581863403,1403,1551,-0.6199207901954651,0.9756593704223633,0.9999980926513672,1302,1105,-0.6850175261497498,0.6779756546020508,0.9999783039093018,1302,1623,-0.7995156645774841,0.971821665763855,0.9999499320983887,2468,1244,None,None,2410,1750,1396,1542,1508,1187
True,/data/uabcvmsc/shared/newborn/29/16.08.24/HM20240816143157.jpeg,37.9,28.2,2756,1138,0.11972976475954056,0.9999990463256836,1.0,2790,1155,0.16163888573646545,0.9999991655349731,1.0,2797,1186,0.16150543093681335,0.9999986886978149,1.0,2798,1213,0.161577969789505,0.9999990463256836,1.0,2772,1105,0.16127705574035645,0.9999996423721313,1.0,2749,1082,0.1610439270734787,0.9999996423721313,1.0,2745,1071,0.1610819399356842,0.9999996423721313,1.0,2760,1275,0.31133782863616943,0.9999984502792358,1.0,2694,1063,0.3104107975959778,0.9999974966049194,1.0,2696,1198,0.16977666318416595,0.9999988079071045,1.0,2674,1120,0.16761848330497742,0.9999983310699463,1.0,2497,1498,0.2810972332954407,0.9999979734420776,0.9999997615814209,2417,993,0.2546318769454956,0.999992847442627,0.9999988079071045,2207,1712,0.023250756785273552,0.5406580567359924,0.9997963309288025,2172,947,-0.04552255943417549,0.1391233205795288,0.9997770190238953,2346,1737,-0.3540442883968353,0.6695781350135803,0.9999918937683105,2256,817,-0.41678470373153687,0.32834914326667786,0.9997147917747498,2389,1756,-0.41690793633461,0.75755375623703,0.9999736547470093,2281,765,-0.4937952756881714,0.4584980010986328,0.9992104768753052,2424,1713,-0.4221585690975189,0.7419281601905823,0.9999872446060181,2314,783,-0.4914851486682892,0.42437663674354553,0.9995976090431213,2403,1679,-0.36475133895874023,0.6248714327812195,0.999994158744812,2311,814,-0.42911261320114136,0.3283633887767792,0.9998297691345215,2037,1465,0.006958940532058477,0.9999984502792358,1.0,2005,1142,-0.007516331039369106,0.999998927116394,1.0,1814,1895,-0.523770272731781,0.9032344222068787,0.9999933242797852,1902,875,-0.5544729828834534,0.9374035596847534,0.9999932050704956,1517,1242,-0.49773886799812317,0.10163778811693192,0.9999986886978149,1486,1454,-0.590475857257843,0.5872421860694885,0.9999977350234985,1503,1168,-0.49594977498054504,0.5511478185653687,0.9999966621398926,1460,1529,-0.5941335558891296,0.8962123990058899,0.9999963045120239,1317,1122,-0.6694957613945007,0.36767688393592834,0.999971866607666,1328,1617,-0.7724075317382812,0.8472626209259033,0.9999148845672607,2457,1246,None,None,2406,1734,1394,1573,None,None
True,/data/uabcvmsc/shared/newborn/29/16.08.24/HM20240816143258.jpeg,37.8,28.2,2743,1175,0.17105545103549957,0.9999996423721313,1.0,2775,1186,0.2126767784357071,0.9999997615814209,1.0,2779,1221,0.21254399418830872,0.9999996423721313,1.0,2784,1238,0.21260446310043335,0.9999997615814209,1.0,2758,1133,0.21035327017307281,0.9999998807907104,1.0,2750,1108,0.21015936136245728,0.9999998807907104,1.0,2729,1099,0.21025940775871277,0.9999998807907104,1.0,2740,1303,0.35379481315612793,0.9999996423721313,1.0,2676,1086,0.343390554189682,0.9999991655349731,1.0,2679,1242,0.21743623912334442,0.9999997615814209,1.0,2665,1157,0.2124800682067871,0.9999995231628418,1.0,2493,1500,0.29991674423217773,0.9999995231628418,1.0,2412,995,0.27542567253112793,0.9999971389770508,0.9999995231628418,2213,1706,0.02288336679339409,0.8363471031188965,0.999921441078186,2195,932,-0.04553317278623581,0.2637948989868164,0.9998562335968018,2354,1726,-0.37308454513549805,0.9206253886222839,0.9999980926513672,2284,797,-0.4247167706489563,0.5271101593971252,0.9998736381530762,2406,1760,-0.4402071237564087,0.9369204044342041,0.9999938011169434,2310,744,-0.5039373636245728,0.6477257609367371,0.9996885061264038,2432,1697,-0.44352850317955017,0.9316083788871765,0.9999970197677612,2342,762,-0.4988538920879364,0.6102012991905212,0.9998470544815063,2407,1668,-0.3835970163345337,0.8846474885940552,0.9999986886978149,2339,792,-0.43650534749031067,0.5156158804893494,0.9999333620071411,2052,1472,0.009107055142521858,0.9999992847442627,1.0,2020,1135,-0.00965720135718584,0.9999992847442627,1.0,1805,1900,-0.5063737630844116,0.9821733236312866,0.9999982118606567,1882,859,-0.5394209623336792,0.983350932598114,0.9999974966049194,1521,1287,-0.4498714804649353,0.2302655279636383,0.9999996423721313,1490,1439,-0.5575898289680481,0.7554329037666321,0.9999992847442627,1499,1179,-0.4448426365852356,0.8077983856201172,0.9999990463256836,1457,1524,-0.5595313310623169,0.9527799487113953,0.9999988079071045,1317,1133,-0.6094886064529419,0.6588227152824402,0.9999914169311523,1334,1581,-0.7314836382865906,0.9381878972053528,0.9999727010726929,2452,1248,None,None,2400,1713,1427,1515,1499,1179
True,/data/uabcvmsc/shared/newborn/29/16.08.24/HM20240816143359.jpeg,38.1,28.5,2769,1118,0.09075498580932617,0.9999912977218628,0.9999998807907104,2814,1155,0.1270393431186676,0.9999942779541016,0.9999997615814209,2820,1168,0.12675558030605316,0.9999911785125732,0.9999997615814209,2825,1195,0.1268840730190277,0.9999945163726807,0.9999997615814209,2786,1107,0.13028694689273834,0.9999963045120239,0.9999996423721313,2764,1088,0.13001830875873566,0.9999953508377075,0.9999996423721313,2756,1077,0.13002431392669678,0.9999953508377075,0.9999994039535522,2795,1244,0.250317245721817,0.9999947547912598,0.9999998807907104,2708,1080,0.2641740143299103,0.9999791383743286,0.9999991655349731,2732,1194,0.131119504570961,0.9999960660934448,1.0,2698,1122,0.13315746188163757,0.9999927282333374,0.9999997615814209,2512,1491,0.2023257613182068,0.9999971389770508,0.9999992847442627,2474,1005,0.2130650281906128,0.9999847412109375,0.9999929666519165,2213,1686,-0.02116324193775654,0.6245220899581909,0.9996433258056641,2231,951,-0.06665605306625366,0.2430102527141571,0.9991505146026611,2311,1736,-0.38782456517219543,0.8317755460739136,0.9999769926071167,2332,851,-0.48524996638298035,0.6902517080307007,0.9997286200523376,2371,1784,-0.45224136114120483,0.8577959537506104,0.9999262094497681,2350,816,-0.5679519772529602,0.7273654937744141,0.9994208812713623,2396,1741,-0.464383065700531,0.8652358651161194,0.9999626874923706,2396,828,-0.5734031796455383,0.7166920304298401,0.9997026324272156,2368,1702,-0.40016528964042664,0.8127546906471252,0.9999819993972778,2393,850,-0.5011489987373352,0.6241386532783508,0.9998648166656494,2073,1435,-0.0027768900617957115,0.9999974966049194,1.0,2076,1108,0.002293447032570839,0.9999974966049194,1.0,1802,1915,-0.39485567808151245,0.9741364121437073,0.9999680519104004,1891,826,-0.4253274202346802,0.9734514355659485,0.999950647354126,1446,1363,-0.2631088197231293,0.6407169103622437,0.9999959468841553,1526,1378,-0.3442957401275635,0.8678120374679565,0.9999915361404419,1472,1256,-0.24910220503807068,0.8073312640190125,0.9999897480010986,1493,1458,-0.33396387100219727,0.9035509824752808,0.999988317489624,1219,1256,-0.4027838408946991,0.6982613205909729,0.9998970031738281,1281,1500,-0.4853884279727936,0.8508530855178833,0.999734103679657,2493,1248,2373,822,2362,1741,1433,1445,1472,1256
False,/data/uabcvmsc/shared/newborn/29/16.08.24/HM20240816143500.jpeg,38.8,27.9
True,/data/uabcvmsc/shared/newborn/29/16.08.24/HM20240816143602.jpeg,38.1,28.8,2695,1180,0.186476930975914,0.9999940395355225,1.0,2734,1192,0.22369399666786194,0.9999921321868896,1.0,2741,1209,0.22344407439231873,0.999994158744812,1.0,2745,1226,0.22357502579689026,0.9999932050704956,0.9999998807907104,2715,1140,0.22122952342033386,0.9999957084655762,0.9999998807907104,2707,1122,0.221021369099617,0.9999970197677612,0.9999998807907104,2699,1104,0.22089597582817078,0.9999953508377075,0.9999998807907104,2711,1260,0.3495136797428131,0.9999970197677612,1.0,2650,1085,0.3388572931289673,0.9999933242797852,0.9999998807907104,2646,1230,0.23178808391094208,0.9999773502349854,0.9999997615814209,2622,1168,0.2262609302997589,0.9999698400497437,0.9999992847442627,2479,1476,0.3877633213996887,0.9999802112579346,0.9999964237213135,2410,988,0.35572075843811035,0.9999511241912842,0.9999748468399048,2409,1749,0.47469857335090637,0.49449190497398376,0.9997770190238953,2389,876,0.48643431067466736,0.20257242023944855,0.9996721744537354,2550,1627,0.5903738141059875,0.7094067335128784,0.9999947547912598,2427,861,0.637316107749939,0.513975977897644,0.9999903440475464,2564,1643,0.6120372414588928,0.7953991293907166,0.9999864101409912,2413,881,0.6567068696022034,0.6586019396781921,0.999982476234436,2564,1626,0.6092133522033691,0.7910170555114746,0.9999885559082031,2423,902,0.6598699688911438,0.6298670172691345,0.9999814033508301,2551,1615,0.5933300256729126,0.7678473591804504,0.999994158744812,2423,914,0.6417046785354614,0.6107853651046753,0.9999922513961792,2014,1483,0.010017093271017075,0.9999884366989136,0.9999997615814209,1994,1126,-0.010146163403987885,0.999985933303833,0.9999994039535522,1937,1989,-0.24421361088752747,0.9831768870353699,0.999991774559021,1883,686,-0.2624305486679077,0.9705209732055664,0.9999744892120361,1541,1537,-0.33438754081726074,0.8724069595336914,0.9999980926513672,1509,1240,-0.2252027988433838,0.7654974460601807,0.9999860525131226,1473,1436,-0.3442372977733612,0.9726094007492065,0.9999951124191284,1471,1359,-0.2203456163406372,0.9266681671142578,0.9999866485595703,1369,1601,-0.5199623703956604,0.9595514535903931,0.9999120235443115,1314,1375,-0.3726463317871094,0.9118131399154663,0.9997172951698303,2444,1232,None,None,2557,1628,1431,1325,1461,1525
False,/data/uabcvmsc/shared/newborn/29/16.08.24/HM20240816143704.jpeg,37.5,28.5
False,/data/uabcvmsc/shared/newborn/29/16.08.24/HM20240816143806.jpeg,37.2,28.3,1375,1365,-0.21586574614048004,0.9983585476875305,0.9994901418685913,1433,1371,-0.24137233197689056,0.996657133102417,0.9986629486083984,1447,1388,-0.24167987704277039,0.9963177442550659,0.998863697052002,1458,1412,-0.24167793989181519,0.9973553419113159,0.9986017346382141,1416,1324,-0.24728462100028992,0.9985332489013672,0.9986717700958252,1417,1303,-0.24765005707740784,0.9987795948982239,0.9989404082298279,1385,1298,-0.2477843016386032,0.9991833567619324,0.9989163875579834,1496,1452,-0.28887996077537537,0.9979634284973145,0.9991415739059448,1435,1278,-0.31363844871520996,0.9982498288154602,0.9991125464439392,1394,1393,-0.21992775797843933,0.9978033900260925,0.999804675579071,1366,1344,-0.22897279262542725,0.9983158111572266,0.999679446220398,1710,1646,-0.235003262758255,0.9998984336853027,0.9999560117721558,1726,1057,-0.25917381048202515,0.9996106028556824,0.9998375177383423,1819,1679,-0.19287307560443878,0.06005335971713066,0.9994615912437439,1807,795,-0.13359950482845306,0.010125205852091312,0.9984954595565796,1461,1682,-0.21156704425811768,0.1584906131029129,0.999796450138092,1514,1194,-0.04453105106949806,0.27026546001434326,0.9998868703842163,1415,1668,-0.24325884878635406,0.24491453170776367,0.9995641112327576,1448,1229,-0.06443415582180023,0.4369199872016907,0.9998406171798706,1378,1655,-0.2533665895462036,0.25406917929649353,0.9995168447494507,1478,1348,-0.10464295744895935,0.4435536861419678,0.9998195767402649,1412,1646,-0.21861207485198975,0.22331693768501282,0.9997214674949646,1530,1298,-0.0614815428853035,0.37779170274734497,0.9999080896377563,2264,1449,-0.0011931920889765024,0.9995710253715515,0.9999583959579468,2205,1140,0.0007114221225492656,0.9995912909507751,0.9999459981918335,2143,1559,0.31619498133659363,0.00021636304154526442,0.9996002316474915,2033,1141,0.25304603576660156,0.00010876833403017372,0.9997157454490662,2308,1577,0.5608387589454651,0.0023031553719192743,0.9988248944282532,2297,1245,0.49701377749443054,0.00047728826757520437,0.9982085227966309,2356,1555,0.5846956372261047,0.008489171043038368,0.9976252913475037,2367,1269,0.5230742692947388,0.002125286730006337,0.9977695941925049,2227,1618,0.5841559171676636,0.0038269751239567995,0.9993313550949097,2229,1228,0.5206999778747559,0.000912517192773521,0.998989999294281
False,/data/uabcvmsc/shared/newborn/29/16.08.24/HM20240816143908.jpeg,37.3,28.3,1428,1303,-0.1613454520702362,0.9993177652359009,0.9998730421066284,1459,1317,-0.1831289678812027,0.9987779259681702,0.9995526671409607,1470,1348,-0.18347635865211487,0.9989921450614929,0.9996237754821777,1453,1350,-0.18354974687099457,0.9991681575775146,0.9995809197425842,1449,1259,-0.18657085299491882,0.9993382096290588,0.999427855014801,1462,1235,-0.18691828846931458,0.9994707703590393,0.9994643330574036,1461,1208,-0.18708035349845886,0.9994741082191467,0.999394416809082,1539,1402,-0.21603012084960938,0.9994250535964966,0.999645471572876,1490,1221,-0.2302316129207611,0.9989597797393799,0.9991729855537415,1442,1343,-0.1628374308347702,0.9993395209312439,0.9999226331710815,1426,1288,-0.1688191294670105,0.9993960857391357,0.9998574256896973,1757,1611,-0.1851435750722885,0.9998651742935181,0.9999673366546631,1709,1066,-0.1838640719652176,0.9995090961456299,0.9997878670692444,1883,1775,-0.13200028240680695,0.6014916896820068,0.9995049238204956,1793,878,-0.09049860388040543,0.14750732481479645,0.9946956038475037,1459,1664,-0.0863441526889801,0.3894027769565582,0.9999755620956421,1525,1179,0.03493278846144676,0.07979137450456619,0.9997983574867249,1427,1645,-0.09764174371957779,0.4777596890926361,0.9999611377716064,1464,1234,0.040521372109651566,0.10952115058898926,0.9998100399971008,1387,1638,-0.11283444613218307,0.47989946603775024,0.9999474287033081,1491,1295,0.0033460864797234535,0.1123521476984024,0.9997933506965637,1412,1634,-0.09176726639270782,0.4394112229347229,0.9999686479568481,1515,1257,0.02125922031700611,0.1299206018447876,0.9998873472213745,2341,1431,0.007017344236373901,0.9997069239616394,0.9999067783355713,2294,1130,-0.007579348515719175,0.9997064471244812,0.9997566342353821,2271,1781,0.14977878332138062,0.12847895920276642,0.9999220371246338,1841,858,0.03552750125527382,0.15168483555316925,0.9999500513076782,2230,1741,0.23130911588668823,0.3270455002784729,0.9995265007019043,2111,704,0.10865118354558945,0.21955908834934235,0.999366819858551,2247,1703,0.24214909970760345,0.39217182993888855,0.9989979863166809,2214,721,0.12168529629707336,0.2688847780227661,0.999115526676178,2114,1783,0.2716676890850067,0.27946311235427856,0.9993405938148499,2083,568,0.1502033919095993,0.19399002194404602,0.9984815716743469
False,/data/uabcvmsc/shared/newborn/29/16.08.24/HM20240816144009.jpeg,38.6,28.6
True,/data/uabcvmsc/shared/newborn/29/16.08.24/HM20240816144110.jpeg,37.2,28.8,2837,1091,0.34886467456817627,0.9999878406524658,1.0,2851,1110,0.3974500894546509,0.9999704360961914,0.9999998807907104,2852,1125,0.397249311208725,0.9999632835388184,0.9999998807907104,2855,1151,0.39737075567245483,0.999954104423523,0.9999997615814209,2834,1063,0.39477771520614624,0.9999898672103882,0.9999998807907104,2825,1053,0.3943703770637512,0.999992847442627,1.0,2817,1034,0.394374817609787,0.9999929666519165,1.0,2812,1221,0.5315567851066589,0.9999634027481079,0.9999997615814209,2735,1028,0.5189036726951599,0.9999847412109375,0.9999998807907104,2787,1153,0.3884734809398651,0.9999861717224121,0.9999998807907104,2770,1099,0.3830938935279846,0.9999880790710449,0.9999998807907104,2529,1478,0.4885452687740326,0.9999939203262329,0.9999954700469971,2496,993,0.3764927387237549,0.9999996423721313,0.9999994039535522,2201,1701,0.31920626759529114,0.32567131519317627,0.9997134804725647,2267,811,0.09120591729879379,0.9924772381782532,0.999983549118042,2154,2046,0.03719688206911087,0.7698068022727966,0.999859094619751,2124,649,-0.28092852234840393,0.999638557434082,0.9999946355819702,2126,2147,-0.003943339921534061,0.8964923620223999,0.9995352029800415,2021,592,-0.36412328481674194,0.9996331930160522,0.9999688863754272,2172,2170,-0.04078507795929909,0.8991693258285522,0.9997031092643738,2004,692,-0.37875300645828247,0.9995846152305603,0.9999796152114868,2182,2120,0.013604734092950821,0.9058710932731628,0.9998618364334106,2040,735,-0.30186307430267334,0.9993141889572144,0.9999933242797852,2112,1505,0.03491950035095215,0.9999954700469971,0.9999997615814209,2083,1177,-0.035492245107889175,0.9999985694885254,0.9999998807907104,1996,2050,-0.2913011610507965,0.9973142743110657,0.9999454021453857,1761,973,-0.40697604417800903,0.9991655349731445,0.9999552965164185,1481,1907,-0.28960058093070984,0.8034728169441223,0.9999750852584839,1572,1594,-0.35467925667762756,0.8799632787704468,0.9999669790267944,1368,1833,-0.29452019929885864,0.995414137840271,0.9999486207962036,1547,1685,-0.3511987030506134,0.9945135116577148,0.9999656677246094,1295,2045,-0.4607032239437103,0.9879776239395142,0.9995341300964355,1453,1807,-0.5114989876747131,0.987301230430603,0.9997240900993347,2512,1236,2047,667,2158,2121,1524,1695,1381,1928
False,/data/uabcvmsc/shared/newborn/29/16.08.24/HM20240816144212.jpeg,37.0,29.3
False,/data/uabcvmsc/shared/newborn/29/16.08.24/HM20240816144314.jpeg,36.9,29.2
False,/data/uabcvmsc/shared/newborn/29/16.08.24/HM20240816144416.jpeg,38.6,29.3,2253,872,-0.20495405793190002,0.9949241876602173,0.9966511130332947,2231,832,-0.19719097018241882,0.990530788898468,0.9948432445526123,2226,829,-0.19746609032154083,0.9850812554359436,0.9958373308181763,2221,828,-0.19755211472511292,0.9928869605064392,0.9947329759597778,2231,838,-0.23101913928985596,0.9960618615150452,0.99443519115448,2226,840,-0.23130583763122559,0.9946979284286499,0.9956164360046387,2222,842,-0.23154295980930328,0.9970621466636658,0.9948010444641113,2174,834,-0.13450828194618225,0.9949154853820801,0.9974651336669922,2184,853,-0.2904933989048004,0.9935470223426819,0.9960468411445618,2241,901,-0.1747797578573227,0.9875312447547913,0.9988631010055542,2241,908,-0.22165760397911072,0.9921482801437378,0.998094379901886,2073,1026,0.012002888135612011,0.9999634027481079,0.9999796152114868,2181,1073,-0.3644907474517822,0.9999641180038452,0.9998784065246582,2118,1385,0.08993545174598694,0.0002868431620299816,0.9999094009399414,2223,1411,-0.415422260761261,0.4876798391342163,0.9995330572128296,2296,1547,0.10126267373561859,0.00022758498380426317,0.9978933930397034,2423,1520,-0.3700989782810211,0.11669842898845673,0.9984330534934998,2338,1556,0.11677361279726028,0.00048568699276074767,0.995672345161438,2479,1539,-0.4148593246936798,0.07156044244766235,0.9978098273277283,2365,1550,0.08267726004123688,0.00047126959543675184,0.9931413531303406,2498,1489,-0.39627841114997864,0.06642700731754303,0.9970448613166809,2354,1549,0.08863046765327454,0.000472239131340757,0.995183527469635,2474,1474,-0.3642677664756775,0.030215928331017494,0.9977635145187378,1976,1551,0.13766701519489288,0.9999690055847168,0.9999991655349731,2025,1621,-0.13765807449817657,0.9999911785125732,0.9999991655349731,2208,1606,0.5223932266235352,0.00011408702994231135,0.9998910427093506,2137,2086,-0.2741844356060028,0.9636308550834656,0.9999778270721436,2239,1832,0.7873049378395081,0.0020146076567471027,0.9996107220649719,1595,2096,-0.2499881386756897,0.7989824414253235,0.9998514652252197,2225,1878,0.8101573586463928,0.013272088021039963,0.9993467926979065,1533,2045,-0.24247074127197266,0.5878159999847412,0.9997807145118713,2349,1885,0.8778793811798096,0.0029756450094282627,0.9992237091064453,1490,2214,-0.2349684089422226,0.7113901972770691,0.998292863368988
True,/data/uabcvmsc/shared/newborn/29/16.08.24/HM20240816144518.jpeg,37.2,29.1,2182,667,-0.05608084797859192,0.9999346733093262,0.9999769926071167,2191,640,-0.03444807603955269,0.999893069267273,0.9999600648880005,2197,642,-0.03475137799978256,0.9998792409896851,0.9999632835388184,2210,651,-0.03474406152963638,0.9999276399612427,0.9999545812606812,2156,637,-0.058680400252342224,0.9999583959579468,0.9999576807022095,2149,636,-0.059053029865026474,0.9999653100967407,0.9999685287475586,2123,634,-0.05920691043138504,0.9999750852584839,0.9999672174453735,2150,658,0.06143035367131233,0.9999685287475586,0.9999756813049316,2065,674,-0.046536579728126526,0.9999674558639526,0.9999749660491943,2181,755,-0.018265491351485252,0.999964714050293,0.9999899864196777,2142,752,-0.05137697979807854,0.9999721050262451,0.9999849796295166,2174,1001,0.12404587864875793,0.9999938011169434,0.9999980926513672,1831,911,-0.08706770837306976,0.9999947547912598,0.999997615814209,2026,1416,0.11842408776283264,0.255016952753067,0.9999557733535767,1767,1320,-0.10397624969482422,0.9423731565475464,0.9999579191207886,1956,1625,-0.002762339310720563,0.3007067143917084,0.9999644756317139,1669,1622,-0.12697938084602356,0.9313200116157532,0.9999634027481079,1943,1688,-0.02253657765686512,0.4028378427028656,0.9999133348464966,1618,1700,-0.1518901288509369,0.9290945529937744,0.9998912811279297,1958,1653,-0.04883153364062309,0.41662195324897766,0.9998856782913208,1630,1695,-0.1740611493587494,0.9355801343917847,0.9998608827590942,1951,1627,-0.016507716849446297,0.3731135129928589,0.9999347925186157,1660,1671,-0.1355496197938919,0.9202208518981934,0.9999377727508545,1947,1614,0.0740085244178772,0.9999977350234985,0.9999997615814209,1751,1505,-0.07431244850158691,0.9999983310699463,0.9999997615814209,2153,2011,-0.09524378180503845,0.9848778247833252,0.9999829530715942,1968,1512,-0.3884437680244446,0.9968891739845276,0.999996542930603,1616,1985,0.007413108833134174,0.9751151204109192,0.9999947547912598,1555,1852,-0.19801978766918182,0.9878996014595032,0.9999922513961792,1524,1916,0.01692173443734646,0.9607219696044922,0.9999887943267822,1496,1859,-0.17311662435531616,0.9509268403053284,0.9999902248382568,1457,2199,-0.03897171840071678,0.9844273924827576,0.9999083280563354,1444,2097,-0.20130987465381622,0.9906313419342041,0.9997871518135071,None,None,1644,1672,None,None,1498,1936,1532,2033
True,/data/uabcvmsc/shared/newborn/29/16.08.24/HM20240816144622.jpeg,37.1,29.7,1704,1541,-0.1267589032649994,0.9966854453086853,0.9997665286064148,1674,1563,-0.1659461259841919,0.9929221868515015,0.9997063279151917,1680,1581,-0.16628122329711914,0.9935930371284485,0.999704897403717,1688,1598,-0.16617456078529358,0.9921371340751648,0.9995991587638855,1662,1514,-0.16479378938674927,0.9973828196525574,0.9998456239700317,1659,1492,-0.16526444256305695,0.9987727999687195,0.9999090433120728,1656,1471,-0.16549785435199738,0.9990621209144592,0.9999274015426636,1734,1599,-0.2519247233867645,0.9954687356948853,0.9995360374450684,1681,1411,-0.2468080073595047,0.9990861415863037,0.9999537467956543,1755,1551,-0.14041155576705933,0.9932604432106018,0.9998168349266052,1742,1489,-0.14105463027954102,0.9968562126159668,0.9998610019683838,2046,1682,-0.2038125991821289,0.9994693398475647,0.9998735189437866,1804,1148,-0.2375679761171341,0.9999023675918579,0.9999834299087524,2097,2026,-0.15064212679862976,0.11396611481904984,0.9989259839057922,1624,1033,-0.22203828394412994,0.10946087539196014,0.999864935874939,1645,1937,-0.13773249089717865,0.5414880514144897,0.9997912049293518,1345,1422,-0.2553926408290863,0.9654166102409363,0.9999957084655762,1547,1998,-0.16964663565158844,0.8216157555580139,0.9997031092643738,1197,1477,-0.30666980147361755,0.9888569712638855,0.9999940395355225,1520,1924,-0.1945115476846695,0.856059730052948,0.9996035695075989,1243,1527,-0.32979097962379456,0.9898284673690796,0.9999935626983643,1554,1875,-0.1508035510778427,0.8266934156417847,0.9997244477272034,1318,1525,-0.2712751626968384,0.9869735240936279,0.9999966621398926,2592,1383,0.0029286087956279516,0.9993022680282593,0.9999324083328247,2455,1138,-0.0034356205724179745,0.9996751546859741,0.9999744892120361,2494,1428,0.30756187438964844,0.00011727788660209626,0.9941132664680481,2447,1059,0.28046348690986633,0.00013464642688632011,0.9990252256393433,2731,1315,0.6567383408546448,0.0010356914717704058,0.9965254664421082,2765,1020,0.6060045957565308,0.000978391501121223,0.997333288192749,2782,1264,0.6920598149299622,0.00781962089240551,0.9956185221672058,2855,1022,0.6406229138374329,0.005507244262844324,0.9973610043525696,2690,1382,0.7141647338867188,0.0019886267837136984,0.9995618462562561,2666,1004,0.6419847011566162,0.0012156687444075942,0.9995044469833374,None,None,1276,1488,1540,1932,None,None,None,None
True,/data/uabcvmsc/shared/newborn/29/16.08.24/HM20240816144723.jpeg,37.1,30.5,2797,1025,-0.14490821957588196,0.9998598098754883,0.9999701976776123,2824,1045,-0.12675794959068298,0.999836802482605,0.9999368190765381,2835,1072,-0.12705391645431519,0.9997971653938293,0.9999431371688843,2848,1084,-0.12699121236801147,0.9998857975006104,0.9999330043792725,2795,1003,-0.11937341094017029,0.999873161315918,0.9999083280563354,2786,997,-0.11976940929889679,0.9998602867126465,0.9999196529388428,2779,990,-0.11995748430490494,0.9999033212661743,0.999904990196228,2832,1155,-0.02025109902024269,0.9998773336410522,0.9999644756317139,2727,999,0.012944681569933891,0.9997010827064514,0.9999279975891113,2759,1089,-0.10296481847763062,0.9999284744262695,0.9999911785125732,2731,1044,-0.09560376405715942,0.9999008178710938,0.9999741315841675,2585,1426,0.05745678022503853,0.9999704360961914,0.9999938011169434,2451,993,0.07129961252212524,0.999914288520813,0.9999728202819824,2229,1641,0.046024806797504425,0.4089537560939789,0.999818742275238,2112,1063,0.06572870910167694,0.11716996133327484,0.9995156526565552,2324,1693,-0.11037716269493103,0.6323760747909546,0.9999903440475464,2036,1095,-0.10315127670764923,0.21285368502140045,0.999880313873291,2352,1737,-0.14267750084400177,0.6946724653244019,0.9999759197235107,2006,1101,-0.14168627560138702,0.2974046468734741,0.9997982382774353,2408,1710,-0.1678788661956787,0.6924040913581848,0.9999781847000122,2052,1099,-0.16463921964168549,0.29611387848854065,0.9998257756233215,2390,1683,-0.12234176695346832,0.5808098912239075,0.9999897480010986,2069,1111,-0.11743906885385513,0.25663167238235474,0.9999192953109741,2061,1577,0.004954418633133173,0.999992847442627,0.9999998807907104,1979,1260,-0.005167065188288689,0.9999924898147583,0.9999998807907104,2070,2074,-0.25139719247817993,0.9408954381942749,0.9999873638153076,1764,877,-0.2998836040496826,0.9384551048278809,0.9999880790710449,1614,2005,-0.12045276165008545,0.9107362627983093,0.9999908208847046,1419,1440,-0.1407008022069931,0.9197794795036316,0.9999856948852539,1479,1941,-0.11114639043807983,0.8208815455436707,0.9999760389328003,1389,1548,-0.12534579634666443,0.7875187993049622,0.9999812841415405,1480,2122,-0.2539777457714081,0.8792959451675415,0.9997158646583557,1164,1510,-0.2579614520072937,0.8671473264694214,0.9996534585952759,2518,1210,None,None,None,None,1324,1499,1524,2023
False,/data/uabcvmsc/shared/newborn/29/16.08.24/HM20240816144824.jpeg,36.7,30.5
False,/data/uabcvmsc/shared/newborn/29/16.08.24/HM20240816144925.jpeg,36.8,30.6
False,/data/uabcvmsc/shared/newborn/29/16.08.24/HM20240816145026.jpeg,36.9,30.8
False,/data/uabcvmsc/shared/newborn/29/16.08.24/HM20240816145127.jpeg,36.9,30.8
False,/data/uabcvmsc/shared/newborn/29/16.08.24/HM20240816145230.jpeg,38.2,30.8
True,/data/uabcvmsc/shared/newborn/29/16.08.24/HM20240816145332.jpeg,36.8,31.0,1521,1419,-0.27595439553260803,0.9982890486717224,0.997648298740387,1483,1374,-0.2527223825454712,0.9899722337722778,0.9910706281661987,1487,1344,-0.25301074981689453,0.9866738319396973,0.990375816822052,1492,1324,-0.2530392110347748,0.9880146384239197,0.984538197517395,1474,1447,-0.25396230816841125,0.9958508014678955,0.9937945604324341,1474,1474,-0.2543033957481384,0.996660590171814,0.9955917000770569,1478,1507,-0.25453075766563416,0.9978305697441101,0.9957555532455444,1527,1307,-0.12401116639375687,0.9958860278129578,0.9873513579368591,1510,1544,-0.1326838731765747,0.9979523420333862,0.9977053999900818,1589,1375,-0.22402556240558624,0.9979795813560486,0.9972898960113525,1589,1472,-0.22972962260246277,0.9988588094711304,0.9979634284973145,1773,1116,-0.10092607885599136,0.9996753931045532,0.9987799525260925,1873,1685,-0.09590394049882889,0.9999402761459351,0.9998290538787842,2031,850,-0.35939913988113403,0.9943535327911377,0.9959638118743896,2097,2070,-0.1980072557926178,0.968756377696991,0.9996705055236816,1621,1220,-0.6094641089439392,0.985773503780365,0.9999593496322632,2590,1484,-0.328567773103714,0.9814503192901611,0.9999077320098877,1562,1362,-0.6828998327255249,0.959324061870575,0.9999033212661743,2726,1457,-0.3885592818260193,0.9568941593170166,0.999402642250061,1523,1358,-0.642726719379425,0.9505385160446167,0.9999493360519409,2698,1405,-0.36637023091316223,0.9567177295684814,0.9997479319572449,1574,1348,-0.5980983376502991,0.9317544102668762,0.9999701976776123,2645,1395,-0.32351359724998474,0.949598491191864,0.9998728036880493,2624,1114,0.018582893535494804,0.9972403049468994,0.9967784285545349,2669,1406,-0.018943410366773605,0.9983406066894531,0.9982397556304932,3156,1043,0.1956922858953476,0.02116193249821663,0.5913827419281006,3194,1303,0.1478237509727478,0.011036369018256664,0.7431076765060425,3613,934,0.5561333894729614,0.003182104090228677,0.14988172054290771,3651,1237,0.4692792594432831,0.005096108186990023,0.07347337156534195,3680,900,0.5876546502113342,0.005534702911973,0.072477325797081,3728,1226,0.4975699782371521,0.007333663292229176,0.06682762503623962,3835,973,0.47372713685035706,0.002706061815842986,0.07717794179916382,3837,1173,0.3689905107021332,0.003388533601537347,0.04654780775308609,1823,1400,2665,1435,1570,1322,None,None,None,None
False,/data/uabcvmsc/shared/newborn/29/16.08.24/HM20240816145434.jpeg,36.9,30.7,1537,1507,-0.25420844554901123,0.9891983866691589,0.9993571639060974,1478,1480,-0.24457472562789917,0.9828886985778809,0.9986567497253418,1474,1461,-0.24500882625579834,0.9813534021377563,0.9989129304885864,1472,1441,-0.24503189325332642,0.9881286025047302,0.9986345171928406,1484,1533,-0.24140538275241852,0.986518919467926,0.9980008006095886,1485,1550,-0.24179871380329132,0.987571120262146,0.9981036186218262,1486,1568,-0.24204333126544952,0.9900102019309998,0.9976466298103333,1482,1397,-0.16521583497524261,0.9949048757553101,0.9992138147354126,1501,1580,-0.15156546235084534,0.9821125268936157,0.9982975125312805,1584,1463,-0.22029012441635132,0.985079824924469,0.9994854927062988,1591,1524,-0.21846964955329895,0.984965443611145,0.9989528656005859,1678,1174,-0.14336195588111877,0.9999080896377563,0.9999755620956421,1751,1678,-0.12035094946622849,0.9996476173400879,0.999896764755249,1874,907,-0.3449038863182068,0.8353381752967834,0.9984318614006042,1980,1877,-0.32201868295669556,0.27052223682403564,0.9952467083930969,1497,1278,-0.5107609033584595,0.8986079692840576,0.9999963045120239,1701,1593,-0.48465827107429504,0.5088215470314026,0.9999650716781616,1417,1372,-0.5527885556221008,0.8350828886032104,0.9999934434890747,1642,1501,-0.5281834602355957,0.45057210326194763,0.9999629259109497,1350,1363,-0.5167820453643799,0.7989569902420044,0.999995231628418,1599,1447,-0.48586660623550415,0.3943145275115967,0.9999771118164062,1388,1354,-0.4983806014060974,0.7034332752227783,0.9999971389770508,1632,1462,-0.4722626805305481,0.33760419487953186,0.9999861717224121,2315,1139,-0.008275474421679974,0.9997000694274902,0.9999722242355347,2353,1453,0.007503962144255638,0.9996814727783203,0.9999648332595825,2225,1008,0.28684473037719727,0.008307068608701229,0.9995669722557068,2114,1626,0.31733569502830505,0.00824230071157217,0.9998247027397156,2067,1148,0.5128714442253113,0.012637282721698284,0.9998776912689209,2096,1656,0.31634411215782166,0.033953722566366196,0.9996427297592163,2077,1158,0.5350496172904968,0.026640361174941063,0.9996856451034546,2160,1610,0.3167779743671417,0.05690512806177139,0.9994688630104065,2004,1194,0.4927886724472046,0.02403273433446884,0.999755322933197,2017,1737,0.25000250339508057,0.05531338229775429,0.9990360736846924
True,/data/uabcvmsc/shared/newborn/29/16.08.24/HM20240816145537.jpeg,36.8,30.8,2862,1079,0.08420771360397339,0.9999213218688965,0.9999935626983643,2871,1109,0.10931998491287231,0.9999147653579712,0.9999840259552002,2869,1117,0.10911872982978821,0.9998785257339478,0.9999837875366211,2871,1144,0.10915792733430862,0.999930739402771,0.999981164932251,2852,1071,0.11998962610960007,0.9999587535858154,0.9999833106994629,2840,1049,0.11969151347875595,0.9999569654464722,0.999987006187439,2835,1043,0.1195908933877945,0.9999723434448242,0.9999860525131226,2855,1216,0.1966509073972702,0.9999384880065918,0.999990701675415,2780,1046,0.24739298224449158,0.9999327659606934,0.999991774559021,2784,1158,0.11334041506052017,0.999981164932251,0.9999985694885254,2759,1103,0.12612661719322205,0.99997878074646,0.9999967813491821,2555,1517,0.17862623929977417,0.999990701675415,0.9999972581863403,2449,1002,0.2144891321659088,0.9999866485595703,0.9999961853027344,2174,1659,0.08068221807479858,0.2590976357460022,0.9998335838317871,2050,1003,0.12530945241451263,0.1380089521408081,0.999876856803894,2018,1720,-0.12097813189029694,0.2510920763015747,0.9999480247497559,1801,1118,-0.0826396495103836,0.12600745260715485,0.9998741149902344,1973,1757,-0.16642603278160095,0.3654461205005646,0.999830961227417,1715,1139,-0.1320512890815735,0.1771019697189331,0.9996328353881836,2012,1728,-0.1871265321969986,0.3875044584274292,0.9998770952224731,1751,1177,-0.148655965924263,0.18665717542171478,0.9997559189796448,2026,1701,-0.1329672783613205,0.30616453289985657,0.9999409914016724,1786,1182,-0.09553051739931107,0.15911884605884552,0.999896764755249,2010,1551,-0.00951877050101757,0.9999942779541016,0.9999998807907104,1986,1210,0.00917887780815363,0.9999967813491821,0.9999998807907104,1988,2085,-0.3312090337276459,0.8946974277496338,0.9999315738677979,1949,860,-0.3385803997516632,0.9095104932785034,0.9999746084213257,1623,1590,-0.1790718287229538,0.35647669434547424,0.9999872446060181,1465,1341,-0.29597964882850647,0.7487195730209351,0.9999598264694214,1620,1509,-0.1627948135137558,0.41262710094451904,0.9999748468399048,1439,1435,-0.2894746959209442,0.6593572497367859,0.9999425411224365,1465,1478,-0.30032041668891907,0.3818965256214142,0.999832034111023,1282,1411,-0.44208332896232605,0.7225303053855896,0.9990549683570862,2502,1260,None,None,None,None,1374,1376,None,None
True,/data/uabcvmsc/shared/newborn/29/16.08.24/HM20240816145639.jpeg,36.9,30.8,2820,1067,0.1320929080247879,0.9999727010726929,0.9999996423721313,2842,1103,0.16298845410346985,0.9999587535858154,0.9999985694885254,2841,1111,0.16281352937221527,0.9999338388442993,0.9999980926513672,2844,1146,0.16284988820552826,0.9999566078186035,0.9999971389770508,2815,1041,0.1708555519580841,0.9999867677688599,0.9999990463256836,2809,1036,0.1706022471189499,0.9999866485595703,0.9999991655349731,2796,1015,0.1704927533864975,0.9999915361404419,0.9999990463256836,2764,1236,0.2656222879886627,0.9999297857284546,0.9999983310699463,2744,1022,0.3035789728164673,0.9999711513519287,0.9999995231628418,2765,1121,0.16600528359413147,0.9999743700027466,0.9999997615814209,2736,1049,0.17517481744289398,0.9999755620956421,0.9999997615814209,2494,1534,0.24360956251621246,0.9999939203262329,0.9999985694885254,2397,1031,0.2561954855918884,0.9999973773956299,0.9999996423721313,2161,1691,0.1466410607099533,0.030445029959082603,0.9998804330825806,2059,1075,0.11370932310819626,0.03824132680892944,0.9999904632568359,1974,1759,-0.037890397012233734,0.010302653536200523,0.9999195337295532,1862,1155,-0.12016229331493378,0.09403621405363083,0.9999904632568359,1919,1785,-0.07746933400630951,0.024797238409519196,0.9997460246086121,1786,1165,-0.1771649569272995,0.16431796550750732,0.9999672174453735,1958,1765,-0.09745436161756516,0.02313668467104435,0.9998389482498169,1822,1191,-0.18789148330688477,0.14593949913978577,0.9999804496765137,1981,1740,-0.04958110302686691,0.021538035944104195,0.9999285936355591,1857,1202,-0.13212701678276062,0.1261892169713974,0.9999922513961792,2088,1572,-0.015535312704741955,0.9999971389770508,1.0,2043,1206,0.015086830593645573,0.9999986886978149,1.0,1974,2097,-0.34458547830581665,0.6795887351036072,0.9999932050704956,1938,863,-0.3587389290332794,0.6398807764053345,0.9999983310699463,1568,1631,-0.2847166359424591,0.06048526242375374,0.9999953508377075,1462,1371,-0.304155170917511,0.15234558284282684,0.9999949932098389,1509,1548,-0.28099027276039124,0.2184932976961136,0.9999877214431763,1410,1493,-0.2974678575992584,0.4313981533050537,0.9999915361404419,1471,1515,-0.4215848743915558,0.14469437301158905,0.9998921155929565,1322,1362,-0.4236549735069275,0.3446680009365082,0.9998414516448975,2446,1282,None,None,None,None,None,None,None,None
False,/data/uabcvmsc/shared/newborn/29/16.08.24/HM20240816145740.jpeg,38.2,30.7,2613,1163,-0.15304605662822723,0.9999332427978516,0.9999972581863403,2654,1161,-0.1492399275302887,0.999948263168335,0.9999938011169434,2655,1168,-0.14946989715099335,0.9999401569366455,0.999993085861206,2656,1175,-0.14945323765277863,0.9999561309814453,0.9999901056289673,2650,1139,-0.15340612828731537,0.9999722242355347,0.9999939203262329,2649,1130,-0.15364237129688263,0.9999769926071167,0.9999946355819702,2648,1121,-0.15371018648147583,0.9999834299087524,0.9999933242797852,2642,1174,-0.10178284347057343,0.9999645948410034,0.9999898672103882,2630,1098,-0.12032478302717209,0.9999525547027588,0.9999939203262329,2572,1178,-0.1301659196615219,0.999882698059082,0.9999923706054688,2567,1153,-0.13714055716991425,0.9999035596847534,0.9999910593032837,2441,1279,-0.06841783225536346,0.9999716281890869,0.9999946355819702,2439,1076,-0.11009491235017776,0.9999699592590332,0.9999969005584717,2233,1475,-0.08780848979949951,0.1832035481929779,0.9998186230659485,2273,1357,-0.12946191430091858,0.2149456888437271,0.999948263168335,2201,1517,-0.16057710349559784,0.1177004873752594,0.9998137354850769,2261,1523,-0.18830017745494843,0.7314745187759399,0.9999884366989136,2194,1527,-0.17940695583820343,0.170932337641716,0.999589741230011,2245,1567,-0.21742013096809387,0.8189096450805664,0.9999737739562988,2244,1507,-0.1971105933189392,0.176544651389122,0.9995372295379639,2282,1554,-0.2267138808965683,0.832600474357605,0.9999744892120361,2244,1504,-0.16842663288116455,0.14806942641735077,0.9997500777244568,2286,1542,-0.1936911940574646,0.7496776580810547,0.9999866485595703,2011,1413,0.010114457458257675,0.9998805522918701,0.9999905824661255,1990,1248,-0.010448974557220936,0.9999037981033325,0.9999932050704956,2297,1713,-0.1314547210931778,0.9594495892524719,0.9998303651809692,2363,946,-0.12869584560394287,0.9118919372558594,0.9999804496765137,2058,1419,-0.11090106517076492,0.6262873411178589,0.9999662637710571,2062,1334,-0.1377614587545395,0.7582281231880188,0.9999580383300781,2035,1374,-0.10681319981813431,0.6294071078300476,0.9999351501464844,2001,1385,-0.13417896628379822,0.6813293099403381,0.9999338388442993,2009,1267,-0.15303942561149597,0.6945255398750305,0.9999134540557861,2099,1392,-0.17357832193374634,0.8202647566795349,0.9997746348381042
True,/data/uabcvmsc/shared/newborn/29/16.08.24/HM20240816145841.jpeg,36.9,30.3,2733,1259,-0.01716449111700058,1.0,1.0,2779,1261,0.013947688043117523,1.0,1.0,2789,1278,0.013757308013737202,1.0,1.0,2796,1296,0.013848609291017056,1.0,1.0,2752,1203,0.010817521251738071,1.0,1.0,2741,1183,0.010572372935712337,1.0,1.0,2731,1162,0.010632669553160667,1.0,1.0,2767,1323,0.1469983458518982,1.0,1.0,2679,1133,0.13489913940429688,1.0,1.0,2687,1313,0.030633781105279922,1.0,1.0,2653,1245,0.025186432525515556,1.0,1.0,2471,1561,0.1392780840396881,0.9999995231628418,1.0,2418,1092,0.14757290482521057,0.9999977350234985,0.9999997615814209,2207,1752,-0.010671224445104599,0.9517271518707275,0.9999755620956421,2253,1045,0.03379097580909729,0.8018358945846558,0.9999839067459106,2354,1729,-0.27543431520462036,0.9875326752662659,0.9999995231628418,2350,834,-0.17444926500320435,0.9642016291618347,0.999988317489624,2392,1763,-0.320974200963974,0.987331211566925,0.9999983310699463,2340,827,-0.2168268859386444,0.9733032584190369,0.9999513626098633,2440,1725,-0.33283549547195435,0.9867857098579407,0.9999986886978149,2388,809,-0.23409245908260345,0.9733018279075623,0.9999643564224243,2417,1696,-0.2857635021209717,0.9779816269874573,0.9999995231628418,2364,874,-0.18932190537452698,0.9659464359283447,0.9999878406524658,1965,1573,-0.006133605260401964,0.9999978542327881,1.0,1951,1219,0.0057175601832568645,0.9999986886978149,1.0,1903,2096,-0.31058141589164734,0.9964826107025146,0.9999817609786987,1945,811,-0.3005160391330719,0.9960184693336487,0.9999922513961792,1646,1487,-0.29034900665283203,0.8811160326004028,0.9999986886978149,1467,1347,-0.3394002318382263,0.9774211049079895,0.9999966621398926,1684,1352,-0.2857773005962372,0.9294820427894592,0.9999969005584717,1485,1440,-0.3408268094062805,0.9738053679466248,0.9999932050704956,1522,1321,-0.39691901206970215,0.9449605941772461,0.9999769926071167,1310,1444,-0.4667886793613434,0.986753523349762,0.999840259552002,2444,1326,2360,836,2401,1728,1421,1410,1617,1387
True,/data/uabcvmsc/shared/newborn/29/16.08.24/HM20240816145943.jpeg,37.0,30.9,2740,1253,0.13702991604804993,1.0,1.0,2781,1259,0.17489966750144958,1.0,1.0,2790,1278,0.1747289001941681,1.0,1.0,2797,1296,0.17483402788639069,1.0,1.0,2756,1202,0.17275355756282806,1.0,1.0,2746,1182,0.1725080907344818,1.0,1.0,2736,1162,0.1725577861070633,1.0,1.0,2758,1330,0.31144535541534424,1.0,1.0,2677,1141,0.30334874987602234,1.0,1.0,2691,1311,0.1840350180864334,1.0,1.0,2658,1241,0.17964650690555573,1.0,1.0,2476,1568,0.2867181897163391,0.9999992847442627,0.9999998807907104,2436,1058,0.29631736874580383,0.9999979734420776,0.9999997615814209,2213,1759,0.149958997964859,0.8831316828727722,0.9999299049377441,2312,994,0.22982479631900787,0.5975142121315002,0.9999812841415405,2348,1743,-0.07080032676458359,0.9651991724967957,0.9999991655349731,2388,786,0.11991468071937561,0.9085854887962341,0.9999855756759644,2392,1770,-0.10415004193782806,0.9673718810081482,0.9999971389770508,2402,727,0.09597016870975494,0.9270265698432922,0.9999357461929321,2438,1731,-0.11236291378736496,0.9630456566810608,0.9999978542327881,2419,737,0.08500377088785172,0.9196828007698059,0.9999516010284424,2414,1703,-0.07874106615781784,0.9459556341171265,0.9999991655349731,2414,774,0.10955188423395157,0.9086105823516846,0.999983549118042,1985,1597,-0.005494844168424606,0.9999973773956299,0.9999998807907104,1957,1238,0.005063446704298258,0.9999985694885254,0.9999998807907104,1887,2103,-0.34349632263183594,0.9931704998016357,0.9999732971191406,1936,817,-0.3192927837371826,0.9925810098648071,0.9999881982803345,1624,1489,-0.3119291067123413,0.5232595801353455,0.9999967813491821,1451,1339,-0.33676522970199585,0.8972100615501404,0.9999909400939941,1679,1354,-0.30590763688087463,0.8496572375297546,0.9999926090240479,1413,1426,-0.33600613474845886,0.9531419277191162,0.999984622001648,1514,1309,-0.41985955834388733,0.8172913193702698,0.9999231100082397,1278,1430,-0.462049275636673,0.9615522623062134,0.9995984435081482,2456,1313,None,None,2398,1737,1381,1398,1596,1332
False,/data/uabcvmsc/shared/newborn/29/16.08.24/HM20240816150044.jpeg,37.7,30.7
True,/data/uabcvmsc/shared/newborn/29/16.08.24/HM20240816150146.jpeg,37.1,30.7,1369,1528,-0.11867277324199677,0.9960033297538757,0.9990319013595581,1331,1474,-0.09204976260662079,0.9925347566604614,0.9971680045127869,1327,1448,-0.0924060121178627,0.988621175289154,0.9971641898155212,1326,1420,-0.0924074724316597,0.9938878417015076,0.9956520199775696,1343,1543,-0.08831728249788284,0.9949933886528015,0.9969845414161682,1345,1558,-0.08878637105226517,0.9932253956794739,0.9973306655883789,1349,1580,-0.08909818530082703,0.9963915944099426,0.9966840147972107,1406,1365,0.01640993542969227,0.9955058097839355,0.9969186782836914,1396,1595,0.03182266652584076,0.992161214351654,0.9975423812866211,1458,1452,-0.07784433662891388,0.9897000789642334,0.9973294734954834,1435,1551,-0.07639393955469131,0.9897059202194214,0.9957590699195862,1676,1147,0.005240733735263348,0.9982070922851562,0.9974337220191956,1758,1715,0.04681231826543808,0.9983354210853577,0.9975201487541199,1844,904,-0.13941055536270142,0.5929327011108398,0.9910206198692322,1955,2145,-0.09425919502973557,0.7816999554634094,0.9955514073371887,1509,1380,-0.15441305935382843,0.2976478338241577,0.9997747540473938,1633,1697,-0.14323337376117706,0.6139981746673584,0.999902606010437,1433,1490,-0.16541627049446106,0.17739237844944,0.9992801547050476,1508,1631,-0.1622016727924347,0.35843759775161743,0.99970942735672,1444,1497,-0.1164667159318924,0.1371617317199707,0.9994801878929138,1502,1607,-0.11225108057260513,0.2897031307220459,0.9997779726982117,1479,1469,-0.13213081657886505,0.11114861071109772,0.9997391104698181,1553,1599,-0.12547814846038818,0.26231420040130615,0.9998981952667236,2499,1152,-0.004120315425097942,0.9992307424545288,0.9998338222503662,2554,1448,0.003594999900087714,0.9995073080062866,0.9998944997787476,2810,1010,0.2344900518655777,0.011089439503848553,0.9929017424583435,2919,1555,0.12195701152086258,0.027199337258934975,0.9974555373191833,3096,1027,0.4944670796394348,0.009185700677335262,0.9553805589675903,3164,1416,0.35505548119544983,0.011494086124002934,0.9532052278518677,3154,1038,0.5184223055839539,0.01719522476196289,0.8942543268203735,3202,1360,0.38095593452453613,0.019866004586219788,0.9400083422660828,3234,996,0.47207027673721313,0.007663759868592024,0.780975878238678,3326,1435,0.34002506732940674,0.008971507661044598,0.7834489941596985,1717,1431,None,None,None,None,None,None,None,None
False,/data/uabcvmsc/shared/newborn/29/16.08.24/HM20240816150247.jpeg,37.2,30.2,1857,1251,0.039433255791664124,0.9946607947349548,0.9999556541442871,1872,1212,0.03708836808800697,0.9904261231422424,0.999954104423523,1882,1202,0.03688574209809303,0.9868665933609009,0.9999643564224243,1891,1193,0.03682797774672508,0.9938545227050781,0.9999561309814453,1849,1227,0.038666147738695145,0.9934667944908142,0.9999257326126099,1846,1228,0.03845549747347832,0.989939272403717,0.999920129776001,1843,1228,0.038381144404411316,0.9934000968933105,0.9998828172683716,1943,1136,0.04875417426228523,0.995559811592102,0.9999749660491943,1867,1180,0.058973658829927444,0.9816116690635681,0.9998428821563721,1893,1232,0.04979272186756134,0.9890050292015076,0.9999617338180542,1879,1252,0.051066264510154724,0.9848359227180481,0.9998244643211365,2137,1129,0.08134043961763382,0.9999990463256836,0.9999995231628418,1819,1198,0.0006932305404916406,0.9999847412109375,0.9999727010726929,2339,1340,-0.015328635461628437,0.019864557310938835,0.9999840259552002,1733,1462,-0.12695612013339996,0.03320760652422905,0.999505877494812,2502,1509,-0.13291695713996887,0.03800768405199051,0.9999759197235107,1631,1687,-0.24501018226146698,0.01005779393017292,0.9994552731513977,2581,1534,-0.14801518619060516,0.053899239748716354,0.9999476671218872,1599,1725,-0.2858702838420868,0.00875852257013321,0.9994409680366516,2559,1534,-0.1631525754928589,0.05963381007313728,0.9999532699584961,1606,1721,-0.29373931884765625,0.00906766764819622,0.9993650317192078,2517,1521,-0.14124059677124023,0.04868020489811897,0.9999699592590332,1620,1702,-0.2554558515548706,0.007403248455375433,0.9995336532592773,2053,1472,0.03954581171274185,0.9999879598617554,0.9999997615814209,1883,1530,-0.040021441876888275,0.9999829530715942,0.9999992847442627,2479,1430,0.14909590780735016,0.013820739462971687,0.9999995231628418,1857,1921,-0.2766570448875427,0.3257281184196472,0.9999982118606567,2376,1651,0.2415735274553299,0.01996299810707569,0.9999991655349731,1542,1749,-0.1307792365550995,0.020250173285603523,0.9999912977218628,2331,1697,0.24768951535224915,0.05757393315434456,0.9999979734420776,1516,1711,-0.11006508767604828,0.06454553455114365,0.9999924898147583,2487,1689,0.23977847397327423,0.03578373044729233,0.9999953508377075,1423,1758,-0.09775565564632416,0.05195966735482216,0.999977707862854
True,/data/uabcvmsc/shared/newborn/29/16.08.24/HM20240816150348.jpeg,36.8,30.5,2728,1204,0.12595097720623016,0.9999396800994873,0.999998927116394,2756,1203,0.15812371671199799,0.9998859167098999,0.9999979734420776,2759,1214,0.15790940821170807,0.9998480081558228,0.9999977350234985,2761,1226,0.15796108543872833,0.999864935874939,0.9999969005584717,2742,1165,0.14800256490707397,0.999954104423523,0.9999982118606567,2736,1151,0.14778809249401093,0.9999656677246094,0.9999985694885254,2730,1136,0.14774025976657867,0.9999728202819824,0.9999984502792358,2730,1230,0.28999656438827515,0.9999042749404907,0.9999978542327881,2684,1104,0.24112699925899506,0.9999303817749023,0.9999983310699463,2689,1231,0.1729930341243744,0.9999405145645142,0.9999986886978149,2672,1186,0.15683308243751526,0.9999581575393677,0.9999985694885254,2579,1420,0.27114731073379517,0.9999771118164062,0.9999948740005493,2387,961,0.22840245068073273,0.9999915361404419,0.9999966621398926,2399,1635,0.0875900462269783,0.2290842980146408,0.9997039437294006,2139,890,0.035638920962810516,0.5474332571029663,0.9999161958694458,2273,1616,-0.185491681098938,0.12605637311935425,0.9997228980064392,1971,680,-0.2196396440267563,0.9311590790748596,0.999963641166687,2227,1621,-0.23559707403182983,0.20204520225524902,0.9995391368865967,1934,602,-0.272438645362854,0.9676108956336975,0.9999254941940308,2262,1583,-0.2436010241508484,0.19309529662132263,0.9996204376220703,1950,593,-0.2916330397129059,0.9693139791488647,0.9999525547027588,2268,1573,-0.19620266556739807,0.1841934323310852,0.9997486472129822,1963,625,-0.23682785034179688,0.9576112031936646,0.9999760389328003,2122,1589,0.03182072192430496,0.9999971389770508,1.0,1983,1342,-0.03252431005239487,0.9999983310699463,1.0,2350,1912,-0.32239586114883423,0.9981807470321655,0.9999979734420776,2007,1254,-0.4908357560634613,0.9993293285369873,0.9999997615814209,1763,1950,-0.417213499546051,0.9758400321006775,0.9999986886978149,1692,1796,-0.5919115543365479,0.9922228455543518,0.9999990463256836,1660,1896,-0.4310656189918518,0.9944621920585632,0.9999963045120239,1651,1851,-0.6033108234405518,0.9949472546577454,0.999997615814209,1588,2077,-0.5823920369148254,0.994132936000824,0.9999376535415649,1648,1987,-0.7647126913070679,0.9979294538497925,0.9999040365219116,2483,1190,1954,625,None,None,1664,1878,1670,1974
True,/data/uabcvmsc/shared/newborn/29/16.08.24/HM20240816150451.jpeg,37.1,30.5,2737,1007,0.24707752466201782,0.9988013505935669,0.9999880790710449,2771,1037,0.2771672308444977,0.9974779486656189,0.9999576807022095,2778,1056,0.27701088786125183,0.9966151118278503,0.9999480247497559,2783,1072,0.27705833315849304,0.9972021579742432,0.9999266862869263,2739,992,0.2884470224380493,0.999118983745575,0.9999700784683228,2722,979,0.2881685793399811,0.9992813467979431,0.9999771118164062,2710,971,0.28805452585220337,0.9994899034500122,0.9999761581420898,2764,1138,0.3740702271461487,0.9972758889198303,0.9999425411224365,2656,996,0.4259285032749176,0.9986974596977234,0.9999810457229614,2705,1070,0.2777758538722992,0.9995478987693787,0.9999942779541016,2671,1017,0.29075923562049866,0.9995903372764587,0.999990701675415,2577,1429,0.3133241534233093,0.9999444484710693,0.999958872795105,2383,986,0.36616653203964233,0.9999874830245972,0.9999902248382568,2434,1541,0.0813131108880043,0.3259875476360321,0.9990863800048828,2221,889,0.16599668562412262,0.4710216820240021,0.9999418258666992,2545,1491,-0.22277171909809113,0.5232164263725281,0.9999380111694336,2088,814,-0.18191085755825043,0.9266911745071411,0.9999877214431763,2571,1482,-0.285096675157547,0.6522551774978638,0.9998192191123962,1981,762,-0.2536204159259796,0.9431207180023193,0.9999462366104126,2609,1467,-0.2891412675380707,0.6367362141609192,0.9998953342437744,1999,855,-0.27391892671585083,0.9400585889816284,0.9999661445617676,2596,1460,-0.2314346879720688,0.512629508972168,0.9999500513076782,2038,886,-0.20241372287273407,0.9104365110397339,0.9999878406524658,2026,1570,-0.0019105117535218596,0.9999721050262451,0.9999986886978149,1957,1247,0.0014465056592598557,0.9999902248382568,0.9999995231628418,2060,2104,-0.3067331612110138,0.665799081325531,0.9995958209037781,1754,1034,-0.43137240409851074,0.8915793299674988,0.9998725652694702,1595,1777,-0.27906695008277893,0.10458478331565857,0.9998487234115601,1422,1605,-0.40443694591522217,0.26096901297569275,0.9997377991676331,1533,1705,-0.27997496724128723,0.4553344249725342,0.9996939897537231,1383,1714,-0.40220364928245544,0.5973407626152039,0.9996254444122314,1499,1750,-0.44055667519569397,0.24294407665729523,0.9988430738449097,1287,1765,-0.5633159875869751,0.45204460620880127,0.9974988102912903,2480,1208,2026,829,None,None,None,None,None,None
True,/data/uabcvmsc/shared/newborn/29/16.08.24/HM20240816150552.jpeg,37.2,30.5,2744,996,0.18340115249156952,0.9998124241828918,0.9999921321868896,2783,1036,0.21581193804740906,0.9996418952941895,0.9999728202819824,2788,1056,0.21564921736717224,0.9995337724685669,0.9999653100967407,2792,1072,0.2157292515039444,0.9996341466903687,0.9999516010284424,2755,988,0.2246134728193283,0.9998611211776733,0.9999805688858032,2732,975,0.2243281602859497,0.9998801946640015,0.9999847412109375,2723,969,0.22421561181545258,0.9999135732650757,0.9999842643737793,2774,1143,0.32863849401474,0.9996106028556824,0.9999544620513916,2663,988,0.3675450086593628,0.9997859597206116,0.999987006187439,2710,1063,0.2202654480934143,0.9999171495437622,0.9999958276748657,2684,1013,0.2292977273464203,0.9999289512634277,0.9999936819076538,2584,1437,0.28584158420562744,0.9999645948410034,0.9999715089797974,2417,991,0.33588775992393494,0.9999915361404419,0.9999932050704956,2382,1585,0.06936683505773544,0.6548815965652466,0.999037504196167,2243,865,0.1715971678495407,0.7439206838607788,0.9999455213546753,2617,1484,-0.22801810503005981,0.8867109417915344,0.9999905824661255,2092,779,-0.14554522931575775,0.9829506278038025,0.9999947547912598,2688,1468,-0.2870452404022217,0.9179090857505798,0.9999743700027466,1980,732,-0.20908549427986145,0.984226644039154,0.9999748468399048,2708,1450,-0.2882668673992157,0.9115481972694397,0.9999837875366211,1985,813,-0.2324671745300293,0.983346700668335,0.999982476234436,2680,1436,-0.23483921587467194,0.8578373789787292,0.9999927282333374,2027,852,-0.16637690365314484,0.9771883487701416,0.9999942779541016,2078,1634,-0.003701384412124753,0.9999905824661255,0.9999995231628418,1943,1285,0.0032479469664394855,0.9999960660934448,0.9999998807907104,2045,2131,-0.23744681477546692,0.9005751609802246,0.9999431371688843,1656,1096,-0.35489752888679504,0.9452509880065918,0.9999727010726929,1603,1832,-0.18702302873134613,0.6700701713562012,0.9999897480010986,1399,1643,-0.23922428488731384,0.6849861741065979,0.9999830722808838,1539,1780,-0.18546633422374725,0.8147184252738953,0.9999750852584839,1377,1764,-0.2270679920911789,0.8028880953788757,0.9999769926071167,1461,1871,-0.35011371970176697,0.8065305352210999,0.9997724890708923,1235,1797,-0.37638968229293823,0.7970170974731445,0.9996802806854248,2500,1214,2021,794,2673,1460,1306,1780,1500,1826
True,/data/uabcvmsc/shared/newborn/29/16.08.24/HM20240816150654.jpeg,37.1,30.8,2848,1084,0.3372182250022888,0.9999990463256836,1.0,2876,1092,0.3827590048313141,0.999997615814209,1.0,2879,1102,0.38264214992523193,0.9999957084655762,1.0,2891,1124,0.382771372795105,0.9999953508377075,1.0,2834,1051,0.3766617476940155,0.9999995231628418,1.0,2828,1041,0.3763902187347412,0.9999996423721313,1.0,2814,1017,0.37643757462501526,0.9999997615814209,1.0,2857,1152,0.529747486114502,0.9999946355819702,1.0,2760,1011,0.5025185346603394,0.9999990463256836,1.0,2821,1131,0.38484469056129456,0.9999984502792358,1.0,2775,1088,0.3744455575942993,0.9999991655349731,1.0,2659,1406,0.462024986743927,0.9999957084655762,0.999998927116394,2476,965,0.3862907588481903,0.9999998807907104,1.0,2535,1590,0.14756059646606445,0.7098507881164551,0.9997850060462952,2231,817,0.08597243577241898,0.9606412053108215,0.9999982118606567,2633,1437,-0.23365646600723267,0.531906247138977,0.99997878074646,2068,728,-0.25879642367362976,0.9964492321014404,0.9999991655349731,2632,1437,-0.3059082627296448,0.6373421549797058,0.9999450445175171,1955,681,-0.34060537815093994,0.9959497451782227,0.9999951124191284,2653,1409,-0.2975923418998718,0.600124716758728,0.9999716281890869,1954,778,-0.3439973294734955,0.9952996969223022,0.9999973773956299,2645,1412,-0.24056702852249146,0.5367860794067383,0.999984622001648,1999,827,-0.2730160057544708,0.9915404915809631,0.9999990463256836,2067,1564,0.04815952107310295,0.9999986886978149,1.0,1987,1283,-0.0488077811896801,0.9999997615814209,1.0,2100,2100,-0.2849014699459076,0.9553197026252747,0.9999911785125732,1797,1349,-0.47953662276268005,0.9970399737358093,0.9999995231628418,1538,1778,-0.2570516765117645,0.3305482864379883,0.9999958276748657,1335,1921,-0.5940106511116028,0.9653851389884949,0.9999947547912598,1462,1722,-0.2587771415710449,0.8843324780464172,0.9999904632568359,1255,1985,-0.6083661913871765,0.9940779209136963,0.9999891519546509,1247,1811,-0.43164294958114624,0.6768395900726318,0.999942421913147,1292,2188,-0.8264450430870056,0.9875802993774414,0.9998548030853271,2568,1186,1994,754,None,None,1294,2031,1462,1722
True,/data/uabcvmsc/shared/newborn/29/16.08.24/HM20240816150756.jpeg,36.7,30.5,2801,1028,0.1915169209241867,0.9999973773956299,1.0,2822,1032,0.22766023874282837,0.9999943971633911,0.9999998807907104,2835,1056,0.227521613240242,0.9999911785125732,0.9999998807907104,2842,1067,0.22758635878562927,0.9999924898147583,0.9999998807907104,2800,1000,0.2235366702079773,0.9999979734420776,1.0,2778,999,0.22327589988708496,0.9999982118606567,1.0,2774,993,0.22331514954566956,0.9999984502792358,1.0,2815,1099,0.35874414443969727,0.9999936819076538,0.9999998807907104,2727,994,0.3389042615890503,0.9999949932098389,0.9999998807907104,2767,1102,0.23567506670951843,0.9999988079071045,1.0,2734,1067,0.2275926023721695,0.999998927116394,1.0,2640,1377,0.3237663805484772,0.9999985694885254,0.9999996423721313,2423,946,0.284779816865921,0.9999994039535522,0.9999997615814209,2516,1559,0.07410851120948792,0.9838460683822632,0.9999512434005737,2182,881,0.02619759738445282,0.9511193037033081,0.9999879598617554,2659,1464,-0.2708092927932739,0.9865238666534424,0.9999984502792358,2066,700,-0.32277631759643555,0.9942915439605713,0.9999953508377075,2714,1447,-0.3355995714664459,0.9872474670410156,0.999995231628418,1976,682,-0.398308128118515,0.9954742789268494,0.9999829530715942,2719,1440,-0.3378135561943054,0.9850476980209351,0.9999972581863403,1998,743,-0.41065409779548645,0.9950946569442749,0.9999912977218628,2705,1438,-0.2801799774169922,0.9766848087310791,0.9999986886978149,2021,763,-0.34024977684020996,0.9914142489433289,0.9999964237213135,2139,1557,0.033394280821084976,0.9999980926513672,1.0,2009,1270,-0.03396191447973251,0.9999990463256836,1.0,2221,2080,-0.30991411209106445,0.9973268508911133,0.9999946355819702,1779,1117,-0.46274906396865845,0.9986298084259033,0.9999974966049194,1640,2005,-0.30017396807670593,0.9474971294403076,0.9999954700469971,1543,1782,-0.5176128149032593,0.9824934601783752,0.9999914169311523,1533,1945,-0.30493226647377014,0.9894071221351624,0.999987006187439,1486,1928,-0.5270208120346069,0.994059681892395,0.9999840259552002,1536,2096,-0.47753846645355225,0.9807197451591492,0.9999333620071411,1540,2014,-0.7247895002365112,0.9941763877868652,0.9998756647109985,2532,1162,2015,722,2699,1447,1523,1908,1570,2015
True,/data/uabcvmsc/shared/newborn/29/16.08.24/HM20240816150858.jpeg,36.9,30.6,2789,1046,0.3122730255126953,1.0,1.0,2843,1062,0.3550181984901428,0.9999998807907104,1.0,2860,1084,0.3549073338508606,0.9999998807907104,1.0,2868,1096,0.3550216853618622,0.9999998807907104,1.0,2807,1020,0.3551523685455322,1.0,1.0,2799,1011,0.3548532724380493,1.0,1.0,2793,1001,0.35492682456970215,1.0,1.0,2821,1142,0.4892002046108246,0.9999997615814209,1.0,2733,995,0.4884481728076935,1.0,1.0,2755,1081,0.3522281348705292,0.9999998807907104,1.0,2731,1041,0.3504972457885742,1.0,1.0,2644,1413,0.4341554641723633,0.9999996423721313,0.9999997615814209,2409,960,0.3970275819301605,1.0,1.0,2388,1644,0.21950988471508026,0.4922615885734558,0.9999270439147949,2198,847,0.12651576101779938,0.8639812469482422,0.9999990463256836,2201,1824,-0.10008319467306137,0.25060176849365234,0.9999744892120361,2074,684,-0.20010992884635925,0.9936403632164001,0.9999992847442627,2147,1868,-0.15858188271522522,0.37840405106544495,0.9999269247055054,1959,610,-0.28142043948173523,0.9932025074958801,0.9999963045120239,2156,1847,-0.18224315345287323,0.33235710859298706,0.9999614953994751,1975,675,-0.29246678948402405,0.9918140172958374,0.9999978542327881,2165,1813,-0.11802534759044647,0.3359321057796478,0.9999823570251465,2007,727,-0.21823880076408386,0.987902045249939,0.9999991655349731,2242,1517,0.014413478784263134,0.9999991655349731,1.0,2107,1190,-0.014900029636919498,0.9999997615814209,1.0,2275,1990,-0.46788546442985535,0.9994180202484131,0.9999990463256836,2007,1224,-0.5503310561180115,0.999518871307373,0.9999998807907104,1504,1959,-0.6807520389556885,0.2762736976146698,0.9999988079071045,1548,1756,-0.7785556316375732,0.7461612820625305,0.9999997615814209,1356,1980,-0.7117127180099487,0.9973567724227905,0.9999969005584717,1444,1865,-0.8080474734306335,0.999693751335144,0.9999995231628418,1339,1899,-0.9117223620414734,0.993091344833374,0.9999864101409912,1514,1825,-0.9975506067276001,0.9996470212936401,0.9999943971633911,2526,1186,2004,674,None,None,1502,1815,1348,1940
False,/data/uabcvmsc/shared/newborn/29/16.08.24/HM20240816150959.jpeg,36.8,30.4,1295,1833,-0.33418533205986023,0.9999353885650635,0.9999949932098389,1262,1808,-0.3196723759174347,0.9999198913574219,0.9999858140945435,1257,1783,-0.32014721632003784,0.999901294708252,0.9999867677688599,1255,1767,-0.3201976418495178,0.999937891960144,0.9999814033508301,1267,1854,-0.30236977338790894,0.9999188184738159,0.9999773502349854,1269,1865,-0.3029126822948456,0.9999151229858398,0.9999773502349854,1270,1877,-0.3031959533691406,0.9999337196350098,0.9999673366546631,1275,1687,-0.23874032497406006,0.9999359846115112,0.9999853372573853,1322,1891,-0.15821494162082672,0.9996919631958008,0.9999680519104004,1356,1796,-0.30335599184036255,0.9996594190597534,0.9999864101409912,1367,1835,-0.2823799252510071,0.9995061159133911,0.9999589920043945,1537,1363,-0.16747474670410156,0.9999245405197144,0.9999923706054688,1702,1929,-0.11096547544002533,0.9997331500053406,0.9999502897262573,1836,997,-0.14633068442344666,0.34558406472206116,0.9998493194580078,2024,2169,-0.20249740779399872,0.7407652735710144,0.9990247488021851,2007,711,-0.12541472911834717,0.5120789408683777,0.9997714161872864,1584,2083,-0.35945847630500793,0.9435297846794128,0.9999909400939941,1940,636,-0.1158728078007698,0.47452765703201294,0.9994557499885559,1408,2161,-0.3896636664867401,0.9254740476608276,0.9999887943267822,1903,666,-0.15972290933132172,0.49729761481285095,0.9993744492530823,1393,2115,-0.3951176106929779,0.9263178110122681,0.9999890327453613,1929,705,-0.1404002457857132,0.49848195910453796,0.9997028708457947,1431,2071,-0.3686259984970093,0.8979852199554443,0.9999945163726807,2203,1238,-0.0023984690196812153,0.9982663989067078,0.9997361302375793,2254,1595,0.0019401049939915538,0.998046875,0.9996839761734009,1957,1084,0.08635614067316055,0.11642706394195557,0.9990947246551514,1987,1827,-0.09819182008504868,0.23415015637874603,0.9998764991760254,2079,1317,-0.06390588730573654,0.08940479904413223,0.9997832179069519,1705,1860,-0.488283634185791,0.3316105604171753,0.999503493309021,2170,1367,-0.0845787301659584,0.2838490307331085,0.9991685152053833,1763,1823,-0.5279790163040161,0.514792799949646,0.9991037249565125,1923,1340,-0.1644713431596756,0.2113574892282486,0.9992631077766418,1388,1980,-0.6220338940620422,0.5762708783149719,0.9982659220695496
False,/data/uabcvmsc/shared/newborn/29/16.08.24/HM20240816151101.jpeg,36.8,30.5
False,/data/uabcvmsc/shared/newborn/29/16.08.24/HM20240816151203.jpeg,37.0,30.6
True,/data/uabcvmsc/shared/newborn/29/16.08.24/HM20240816151304.jpeg,36.7,30.1,2758,1008,0.006803466938436031,0.9999793767929077,0.9999973773956299,2790,1041,0.036730118095874786,0.9999706745147705,0.9999935626983643,2794,1049,0.036491263657808304,0.9999639987945557,0.9999934434890747,2798,1057,0.03656761348247528,0.9999774694442749,0.9999920129776001,2758,999,0.03433050215244293,0.9999862909317017,0.9999914169311523,2748,985,0.03401472419500351,0.9999854564666748,0.9999920129776001,2728,968,0.0339188314974308,0.9999873638153076,0.9999899864196777,2777,1108,0.15647001564502716,0.9999793767929077,0.9999945163726807,2661,962,0.1459370255470276,0.999969482421875,0.9999901056289673,2712,1092,0.049101680517196655,0.9999879598617554,0.999998927116394,2677,1007,0.04390358924865723,0.999987006187439,0.9999972581863403,2576,1417,0.14568708837032318,0.9999902248382568,0.9999977350234985,2402,965,0.15543952584266663,0.999964714050293,0.9999927282333374,2325,1712,0.026841631159186363,0.7945141792297363,0.999809205532074,2081,941,-0.012746859341859818,0.3436121642589569,0.9997065663337708,2435,1704,-0.21889978647232056,0.9227726459503174,0.9999915361404419,1996,679,-0.31326332688331604,0.8119783997535706,0.9999287128448486,2474,1741,-0.25984373688697815,0.9369118213653564,0.9999761581420898,1949,652,-0.3685365617275238,0.8750344514846802,0.999840259552002,2521,1699,-0.2823150157928467,0.9405849575996399,0.9999827146530151,1976,640,-0.3895686864852905,0.8796440958976746,0.9998921155929565,2484,1681,-0.23330079019069672,0.9177179336547852,0.999991774559021,1990,687,-0.3321659564971924,0.8571644425392151,0.9999526739120483,2098,1581,-0.005456093233078718,0.9999822378158569,0.9999995231628418,1969,1235,0.0051088398322463036,0.9999812841415405,0.9999996423721313,1980,2155,-0.25606271624565125,0.9847559332847595,0.9999663829803467,1767,1015,-0.3793056309223175,0.9633783102035522,0.9999872446060181,1566,1680,-0.11019089818000793,0.9026569724082947,0.9999910593032837,1454,1422,-0.21206723153591156,0.8747941851615906,0.9999935626983643,1514,1606,-0.0965251699090004,0.8530766367912292,0.9999805688858032,1429,1492,-0.1922076940536499,0.846231997013092,0.9999910593032837,1301,1587,-0.2135516107082367,0.8949779868125916,0.9998860359191895,1206,1402,-0.28519368171691895,0.8741343021392822,0.9998313188552856,2489,1191,1978,664,2478,1706,1363,1439,1460,1624
True,/data/uabcvmsc/shared/newborn/29/16.08.24/HM20240816151406.jpeg,36.9,30.3,2716,1070,0.31156662106513977,1.0,1.0,2743,1069,0.35004401206970215,1.0,1.0,2749,1079,0.34996113181114197,0.9999998807907104,1.0,2753,1091,0.3500831127166748,0.9999998807907104,1.0,2723,1038,0.3453671336174011,1.0,1.0,2715,1031,0.3451997935771942,1.0,1.0,2707,1023,0.3453000783920288,1.0,1.0,2725,1130,0.4725002944469452,0.9999998807907104,1.0,2661,1032,0.45017966628074646,1.0,1.0,2685,1123,0.3503223955631256,0.9999998807907104,1.0,2659,1088,0.3419935703277588,1.0,1.0,2586,1378,0.4345490038394928,0.9999992847442627,0.9999997615814209,2418,1000,0.3480900228023529,1.0,1.0,2521,1661,0.2472778856754303,0.15362872183322906,0.9998494386672974,2215,818,0.09252511709928513,0.8420871496200562,0.999998927116394,2489,1659,0.005046243313699961,0.08507148921489716,0.9999736547470093,2109,676,-0.17106424272060394,0.9830689430236816,0.9999990463256836,2476,1659,-0.03720925748348236,0.1184733659029007,0.9999442100524902,2010,618,-0.2383521944284439,0.9784339070320129,0.9999953508377075,2488,1621,-0.04197031259536743,0.1037425771355629,0.9999727010726929,2023,690,-0.23994578421115875,0.9757776260375977,0.9999978542327881,2486,1616,-0.0032880092039704323,0.08992060273885727,0.9999852180480957,2066,729,-0.18377284705638885,0.9610258340835571,0.9999991655349731,2197,1538,0.050148699432611465,0.9999927282333374,1.0,2080,1318,-0.05068766325712204,0.9999990463256836,1.0,2552,1844,-0.17986877262592316,0.7776188254356384,0.9999992847442627,2079,1384,-0.4200116693973541,0.9979590177536011,1.0,2086,1777,-0.2797386348247528,0.021990977227687836,0.9999995231628418,1731,1983,-0.6367509961128235,0.9017594456672668,0.9999994039535522,1977,1763,-0.29696109890937805,0.7727254629135132,0.999998927116394,1631,2071,-0.6631280183792114,0.996313750743866,0.9999983310699463,2047,1728,-0.45017948746681213,0.4513688087463379,0.9999963045120239,1775,2137,-0.8596855998039246,0.9939416646957397,0.9999796152114868,2502,1189,2052,678,None,None,1712,2064,1977,1763
True,/data/uabcvmsc/shared/newborn/29/16.08.24/HM20240816151507.jpeg,36.8,30.2,2792,1011,0.27468281984329224,0.999998927116394,1.0,2820,1037,0.314630389213562,0.9999977350234985,1.0,2823,1043,0.31449806690216064,0.9999964237213135,1.0,2826,1049,0.314554899930954,0.9999967813491821,1.0,2792,1008,0.31045764684677124,0.9999994039535522,1.0,2769,989,0.31016361713409424,0.9999994039535522,1.0,2766,986,0.31017887592315674,0.9999995231628418,1.0,2809,1108,0.44575223326683044,0.999995231628418,1.0,2705,980,0.4260941743850708,0.9999986886978149,1.0,2758,1079,0.31704947352409363,0.9999983310699463,1.0,2730,1042,0.3091510534286499,0.999998927116394,1.0,2634,1384,0.374767005443573,0.9999978542327881,0.9999991655349731,2412,952,0.3502873182296753,0.9999996423721313,0.9999998807907104,2394,1624,0.18335449695587158,0.7543161511421204,0.9997783303260803,2200,827,0.09599974006414413,0.8577912449836731,0.9999954700469971,2391,1733,-0.08568597584962845,0.5102465152740479,0.9999914169311523,2064,686,-0.20756390690803528,0.9764426350593567,0.9999974966049194,2405,1757,-0.12879207730293274,0.6489276885986328,0.9999794960021973,1965,614,-0.27523988485336304,0.9762835502624512,0.9999876022338867,2446,1740,-0.1437908560037613,0.6387109160423279,0.9999876022338867,1991,677,-0.28158921003341675,0.9756280183792114,0.9999933242797852,2427,1716,-0.09777672588825226,0.6084189414978027,0.9999940395355225,2022,729,-0.22267752885818481,0.9624946713447571,0.9999974966049194,2148,1538,0.009281393140554428,0.9999973773956299,1.0,1995,1239,-0.009829780086874962,0.9999992847442627,1.0,2115,2188,-0.28330808877944946,0.9872744083404541,0.9999887943267822,1695,1190,-0.43796291947364807,0.993018388748169,0.9999978542327881,1655,1791,-0.27457910776138306,0.4755750298500061,0.9999958276748657,1522,1844,-0.47722935676574707,0.7604336738586426,0.9999978542327881,1603,1739,-0.27473965287208557,0.9179925918579102,0.999990701675415,1534,1945,-0.47966745495796204,0.9775028824806213,0.9999970197677612,1490,1669,-0.3975084722042084,0.7555440664291382,0.9999555349349976,1521,1987,-0.6153994798660278,0.9340359568595886,0.9999665021896362,2523,1168,2010,676,None,None,1526,1925,1546,1704
True,/data/uabcvmsc/shared/newborn/29/16.08.24/HM20240816151608.jpeg,36.7,30.4,2670,994,0.3335263431072235,1.0,1.0,2714,1010,0.3695368468761444,1.0,1.0,2717,1014,0.36934447288513184,1.0,1.0,2729,1058,0.36950987577438354,1.0,1.0,2686,983,0.36837008595466614,1.0,1.0,2664,966,0.3681318163871765,1.0,1.0,2660,962,0.3681873083114624,1.0,1.0,2706,1094,0.47636738419532776,1.0,1.0,2635,989,0.4663631319999695,1.0,1.0,2637,1090,0.36709150671958923,1.0,1.0,2628,1014,0.36216750741004944,1.0,1.0,2517,1339,0.39468568563461304,0.9999997615814209,0.9999998807907104,2369,950,0.3842592239379883,1.0,1.0,2279,1635,0.20158058404922485,0.5723134875297546,0.9999401569366455,2167,897,0.13071830570697784,0.9224867224693298,0.9999991655349731,2379,1728,-0.04597865417599678,0.536474883556366,0.9999992847442627,2057,675,-0.14362868666648865,0.9869044423103333,0.9999992847442627,2413,1766,-0.08319422602653503,0.4927065074443817,0.9999982118606567,1983,588,-0.2016296684741974,0.9662162065505981,0.9999958276748657,2445,1731,-0.09212817251682281,0.4676240086555481,0.999998927116394,1998,655,-0.20294788479804993,0.9624472856521606,0.999997615814209,2431,1712,-0.054702162742614746,0.4450841546058655,0.9999995231628418,2016,715,-0.15595871210098267,0.9583471417427063,0.9999990463256836,2138,1492,0.008308197371661663,0.9999992847442627,1.0,2016,1254,-0.008977429941296577,0.9999998807907104,1.0,2037,2126,-0.2522824704647064,0.9827545285224915,0.999997615814209,1671,1282,-0.4008167088031769,0.9964625239372253,0.9999996423721313,1595,1914,-0.33661794662475586,0.12619277834892273,0.9999983310699463,1494,1877,-0.5399524569511414,0.6841286420822144,0.9999994039535522,1538,1872,-0.34820082783699036,0.7271596193313599,0.9999954700469971,1460,1980,-0.5546920299530029,0.9664037823677063,0.9999986886978149,1416,1830,-0.4784500300884247,0.641213059425354,0.9999828338623047,1437,2027,-0.6940468549728394,0.9576523303985596,0.9999818801879883,2443,1144,2014,658,None,None,1448,2004,1538,1872
True,/data/uabcvmsc/shared/newborn/29/16.08.24/HM20240816151709.jpeg,36.8,30.3,2722,984,0.15661326050758362,0.9999926090240479,0.9999996423721313,2752,1012,0.18459755182266235,0.9999877214431763,0.9999991655349731,2755,1033,0.18438534438610077,0.999984860420227,0.9999991655349731,2762,1047,0.18440185487270355,0.9999884366989136,0.999998927116394,2717,976,0.18778881430625916,0.9999938011169434,0.9999991655349731,2697,960,0.1875065714120865,0.9999943971633911,0.9999992847442627,2691,954,0.1874934583902359,0.9999951124191284,0.9999990463256836,2748,1093,0.28801658749580383,0.9999916553497314,0.9999991655349731,2641,965,0.3028459846973419,0.999987006187439,0.999998927116394,2706,1036,0.1916821449995041,0.9999969005584717,0.9999998807907104,2652,1003,0.19375690817832947,0.9999964237213135,0.9999996423721313,2586,1393,0.2641368806362152,0.9999979734420776,0.9999992847442627,2408,960,0.2594797909259796,0.9999985694885254,0.9999991655349731,2375,1635,0.10377935320138931,0.9607378840446472,0.9999585151672363,2127,961,0.09373825043439865,0.9536140561103821,0.9999839067459106,2398,1734,-0.17603638768196106,0.9769133925437927,0.9999961853027344,2038,756,-0.2155420333147049,0.9973788261413574,0.9999954700469971,2424,1794,-0.22479678690433502,0.9813776612281799,0.9999858140945435,1965,694,-0.27742427587509155,0.9979031085968018,0.9999804496765137,2465,1743,-0.24395132064819336,0.9813950657844543,0.9999908208847046,1984,728,-0.3028108477592468,0.9980539083480835,0.9999867677688599,2446,1713,-0.1899661272764206,0.9756724238395691,0.9999958276748657,2009,764,-0.23730522394180298,0.9972562193870544,0.9999949932098389,2114,1558,0.021347807720303535,0.9999967813491821,0.9999998807907104,1982,1270,-0.021877242252230644,0.9999985694885254,0.9999998807907104,2102,2223,-0.23463517427444458,0.9854406714439392,0.9998574256896973,1672,1223,-0.38860276341438293,0.9963619112968445,0.9999676942825317,1602,1966,-0.13737167418003082,0.5594831109046936,0.999983549118042,1453,1884,-0.3945605754852295,0.9273025393486023,0.9999614953994751,1561,1870,-0.12758812308311462,0.8465718030929565,0.999972939491272,1437,1958,-0.39306458830833435,0.9542020559310913,0.9999498128890991,1420,2007,-0.2301287204027176,0.7675366997718811,0.9998176693916321,1378,2112,-0.5282857418060303,0.9642907381057739,0.9993708729743958,2497,1176,1999,736,2433,1746,1423,1985,1490,1938
True,/data/uabcvmsc/shared/newborn/29/16.08.24/HM20240816151810.jpeg,36.9,30.7,2733,1124,0.16045129299163818,0.999991774559021,0.9999991655349731,2771,1124,0.19614610075950623,0.9999904632568359,0.9999983310699463,2780,1140,0.19593803584575653,0.9999891519546509,0.9999983310699463,2788,1156,0.19589509069919586,0.999993085861206,0.9999982118606567,2742,1076,0.1905178725719452,0.999994158744812,0.9999970197677612,2731,1059,0.19030989706516266,0.9999934434890747,0.9999966621398926,2719,1042,0.19027124345302582,0.9999939203262329,0.9999949932098389,2755,1191,0.32138875126838684,0.9999954700469971,0.9999991655349731,2644,1005,0.29476892948150635,0.9999837875366211,0.9999948740005493,2694,1186,0.203491672873497,0.9999964237213135,0.9999996423721313,2655,1125,0.1933528035879135,0.9999947547912598,0.999998927116394,2523,1482,0.29063230752944946,0.9999985694885254,0.9999995231628418,2343,1014,0.26481157541275024,0.9999904632568359,0.9999929666519165,2244,1763,0.148087739944458,0.9234009385108948,0.9999538660049438,2049,1154,0.12003235518932343,0.24279162287712097,0.9997979998588562,2419,1698,-0.09345104545354843,0.9645047187805176,0.9999991655349731,1969,1219,-0.08436189591884613,0.3920303285121918,0.9997403025627136,2475,1747,-0.1340208500623703,0.9642429351806641,0.9999961853027344,1927,1229,-0.13147608935832977,0.4925079345703125,0.9991210103034973,2506,1697,-0.1374705582857132,0.9591180682182312,0.9999971389770508,1967,1236,-0.13586106896400452,0.4710858464241028,0.9993846416473389,2479,1666,-0.09887784719467163,0.9348668456077576,0.999998927116394,1991,1245,-0.09391884505748749,0.46394503116607666,0.9997534155845642,2080,1649,0.014792177826166153,0.9999982118606567,0.9999998807907104,1907,1343,-0.015182532370090485,0.9999984502792358,0.9999998807907104,2103,2203,-0.2680489420890808,0.9780789017677307,0.9999606609344482,1658,1362,-0.47732195258140564,0.9944494962692261,0.9999754428863525,1481,1905,-0.1657387614250183,0.4580163061618805,0.999981164932251,1264,1982,-0.5452313423156738,0.9672264456748962,0.9999411106109619,1438,1826,-0.15508973598480225,0.6314921379089355,0.9999600648880005,1252,2096,-0.5499857664108276,0.9727137088775635,0.9998838901519775,1200,1858,-0.2593703866004944,0.5838836431503296,0.9995601773262024,1036,2061,-0.6953953504562378,0.9762276411056519,0.9959861636161804,2433,1248,None,None,2470,1702,1184,2046,None,None
True,/data/uabcvmsc/shared/newborn/29/16.08.24/HM20240816151911.jpeg,37.1,30.9,2767,1041,0.1072804406285286,0.999996542930603,0.9999995231628418,2822,1070,0.14164307713508606,0.9999947547912598,0.9999988079071045,2828,1085,0.1414506584405899,0.9999932050704956,0.9999984502792358,2834,1097,0.14154332876205444,0.9999942779541016,0.9999978542327881,2778,1019,0.14212577044963837,0.9999979734420776,0.9999990463256836,2771,1010,0.14175619184970856,0.9999982118606567,0.9999991655349731,2765,1001,0.1416722983121872,0.9999984502792358,0.9999991655349731,2811,1158,0.2786503732204437,0.9999949932098389,0.9999978542327881,2704,997,0.28010934591293335,0.9999973773956299,0.9999991655349731,2746,1087,0.155210942029953,0.9999978542327881,0.9999996423721313,2705,1033,0.15354003012180328,0.9999984502792358,0.9999995231628418,2615,1410,0.2739807367324829,0.9999921321868896,0.9999958276748657,2438,954,0.2674395740032196,0.9999978542327881,0.999998927116394,2291,1643,0.1621129810810089,0.822076678276062,0.9997643828392029,2176,900,0.08173591643571854,0.9723786115646362,0.9999730587005615,2406,1752,-0.09477128088474274,0.9782665371894836,0.9999945163726807,2106,721,-0.2728249132633209,0.9992393255233765,0.9999973773956299,2421,1809,-0.1407468616962433,0.9849764108657837,0.999984860420227,1994,693,-0.34431686997413635,0.9992063641548157,0.9999885559082031,2471,1774,-0.17310994863510132,0.9865013957023621,0.9999891519546509,2036,788,-0.363474577665329,0.9992584586143494,0.9999927282333374,2461,1741,-0.11395963281393051,0.9802761077880859,0.9999946355819702,2072,822,-0.2927575707435608,0.9988337159156799,0.9999972581863403,2118,1572,-0.008426342159509659,0.9999843835830688,0.9999986886978149,1984,1256,0.007919447496533394,0.999994158744812,0.9999995231628418,1956,2212,-0.26990723609924316,0.9932730197906494,0.999795138835907,1635,1059,-0.3196057379245758,0.9881119728088379,0.9999374151229858,1393,1769,-0.173045814037323,0.9201580286026001,0.9999727010726929,1272,1520,-0.20134223997592926,0.902617335319519,0.9999606609344482,1360,1685,-0.16417871415615082,0.9212216138839722,0.9999403953552246,1222,1639,-0.18765784800052643,0.8988702893257141,0.9999485015869141,1138,1674,-0.3088833689689636,0.9449146389961243,0.9994857311248779,967,1634,-0.32168421149253845,0.9334970712661743,0.9989596605300903,2526,1182,2052,756,2440,1769,1154,1598,1297,1709
False,/data/uabcvmsc/shared/newborn/29/16.08.24/HM20240816152012.jpeg,36.9,30.9
True,/data/uabcvmsc/shared/newborn/29/16.08.24/HM20240816152114.jpeg,36.9,30.6,1500,1679,-0.16336816549301147,0.9998966455459595,0.9999533891677856,1494,1701,-0.1948724091053009,0.9997251629829407,0.9999552965164185,1500,1712,-0.19525684416294098,0.9997941851615906,0.9999582767486572,1508,1722,-0.19513057172298431,0.9997379183769226,0.9999480247497559,1484,1661,-0.1898442953824997,0.9998903274536133,0.9999693632125854,1484,1643,-0.19028688967227936,0.9999537467956543,0.9999803304672241,1483,1625,-0.1904345005750656,0.999955415725708,0.9999827146530151,1572,1714,-0.2591395080089569,0.9998452663421631,0.9999608993530273,1533,1564,-0.23545953631401062,0.9999517202377319,0.9999891519546509,1556,1670,-0.17091836035251617,0.9997833371162415,0.9999772310256958,1547,1630,-0.16638991236686707,0.9999034404754639,0.9999793767929077,1882,1733,-0.2285059243440628,0.9999450445175171,0.9999860525131226,1779,1308,-0.20427849888801575,0.9999834299087524,0.999992847442627,2028,1902,-0.17018985748291016,0.3375890552997589,0.9993019104003906,1897,1425,-0.1360321342945099,0.04209760203957558,0.9993574023246765,1537,1891,-0.150938481092453,0.7510475516319275,0.9999343156814575,1579,1646,-0.12105057388544083,0.7793037295341492,0.9999895095825195,1436,1925,-0.17963255941867828,0.9442812204360962,0.9999206066131592,1468,1697,-0.14943498373031616,0.9562640190124512,0.9999886751174927,1463,1848,-0.19487129151821136,0.9453438520431519,0.9999085664749146,1478,1690,-0.1611020267009735,0.949475109577179,0.999990701675415,1460,1835,-0.15714092552661896,0.9103949069976807,0.9999381303787231,1471,1774,-0.12853308022022247,0.9360184073448181,0.9999946355819702,2459,1472,0.003857932286337018,0.9998915195465088,0.9999914169311523,2420,1271,-0.004301190841943026,0.9999469518661499,0.9999943971633911,2579,1312,0.3253568112850189,0.0070833065547049046,0.9996296167373657,2428,1152,0.30737030506134033,0.003946192096918821,0.99993896484375,2775,1205,0.603126585483551,0.11609655618667603,0.9995599389076233,2746,1018,0.570828914642334,0.10970434546470642,0.9997513890266418,2837,1177,0.634290874004364,0.5369293093681335,0.9992793202400208,2839,1006,0.6037769317626953,0.4591118097305298,0.9996813535690308,2694,1200,0.6699582934379578,0.003953480161726475,0.9997667670249939,2639,965,0.6335705518722534,0.0029464764520525932,0.9998080134391785,None,None,1499,1702,1474,1875,None,None,None,None
True,/data/uabcvmsc/shared/newborn/29/16.08.24/HM20240816152215.jpeg,37.2,30.6,1464,1610,-0.2196333259344101,0.9999771118164062,0.9999833106994629,1449,1614,-0.24918469786643982,0.9999185800552368,0.9999783039093018,1455,1622,-0.24952316284179688,0.999941349029541,0.9999765157699585,1462,1629,-0.24936816096305847,0.9998946189880371,0.9999661445617676,1440,1583,-0.24336478114128113,0.9999768733978271,0.9999902248382568,1441,1569,-0.24379336833953857,0.9999920129776001,0.9999945163726807,1441,1555,-0.24401727318763733,0.9999918937683105,0.9999957084655762,1534,1626,-0.3024583160877228,0.9999425411224365,0.9999657869338989,1501,1506,-0.27543917298316956,0.9999945163726807,0.9999978542327881,1529,1608,-0.22382016479969025,0.9999368190765381,0.9999876022338867,1522,1583,-0.21804441511631012,0.999981164932251,0.9999936819076538,1868,1699,-0.2629215717315674,0.9999364614486694,0.9999765157699585,1786,1322,-0.23878918588161469,0.9999948740005493,0.9999986886978149,2020,1883,-0.18776409327983856,0.35231366753578186,0.9978011250495911,1942,1511,-0.15351489186286926,0.1524394303560257,0.9998123049736023,1555,1904,-0.13814297318458557,0.5711244344711304,0.9997639060020447,1534,1720,-0.10639795660972595,0.9730663895606995,0.9999992847442627,1515,1879,-0.15630406141281128,0.8980882167816162,0.9997544884681702,1402,1760,-0.1261976808309555,0.9950626492500305,0.9999992847442627,1483,1843,-0.16891470551490784,0.8965502381324768,0.9997157454490662,1383,1784,-0.13258033990859985,0.9938825368881226,0.9999994039535522,1485,1830,-0.14165429770946503,0.8591737151145935,0.9998001456260681,1442,1767,-0.10937607288360596,0.992978036403656,0.9999996423721313,2409,1494,0.0034134641755372286,0.9998600482940674,0.9999822378158569,2364,1311,-0.003842798061668873,0.9999550580978394,0.999995231628418,2553,1387,0.3391239643096924,0.019375819712877274,0.9990442395210266,2220,1183,0.2681298553943634,0.02544754557311535,0.9999656677246094,2668,1267,0.6010869145393372,0.3314902186393738,0.9986405968666077,2514,876,0.485908567905426,0.48307695984840393,0.9998138546943665,2725,1215,0.631945788860321,0.751623272895813,0.9977172613143921,2607,831,0.5163581371307373,0.8407581448554993,0.9997072815895081,2551,1345,0.6621600985527039,0.008295128121972084,0.9993228912353516,2391,794,0.5419086813926697,0.012287365272641182,0.9996713399887085,None,None,1440,1758,1494,1851,None,None,2725,1215
False,/data/uabcvmsc/shared/newborn/29/16.08.24/HM20240816152317.jpeg,37.9,30.9,2184,1506,0.15015777945518494,0.9999686479568481,0.9999996423721313,2220,1536,0.11924053728580475,0.9999347925186157,0.9999994039535522,2236,1543,0.11890583485364914,0.9999576807022095,0.9999995231628418,2251,1552,0.11895545572042465,0.9999423027038574,0.9999992847442627,2186,1503,0.11438149213790894,0.9999591112136841,0.9999994039535522,2164,1506,0.1143525019288063,0.9999790191650391,0.9999991655349731,2150,1497,0.11434369534254074,0.9999628067016602,0.999998927116394,2312,1517,0.026885004714131355,0.9999666213989258,0.9999996423721313,2138,1421,0.002462254837155342,0.9999457597732544,0.999998927116394,2214,1493,0.13115300238132477,0.9998726844787598,0.9999995231628418,2181,1469,0.12260686606168747,0.9998571872711182,0.999998927116394,2487,1375,-0.03524436056613922,1.0,0.9999997615814209,2126,1178,-0.05756330490112305,0.9999996423721313,0.9999985694885254,2318,1637,-0.15367655456066132,0.8472497463226318,0.9999755620956421,1958,1423,-0.20593787729740143,0.5679201483726501,0.999887228012085,2094,1858,-0.28661811351776123,0.8462470769882202,0.9999963045120239,1938,1687,-0.34789103269577026,0.8630356192588806,0.9999909400939941,2047,1904,-0.3226075768470764,0.8512166142463684,0.9999927282333374,1899,1755,-0.3929349482059479,0.8127431273460388,0.9999837875366211,2038,1868,-0.3275865912437439,0.8397026658058167,0.9999946355819702,1950,1759,-0.38750943541526794,0.8104239702224731,0.9999902248382568,2039,1868,-0.29051831364631653,0.8706388473510742,0.9999964237213135,1978,1730,-0.34946152567863464,0.8302981853485107,0.9999935626983643,2458,1191,0.019547773525118828,0.9999961853027344,0.9999998807907104,2247,1071,-0.019894812256097794,0.9999947547912598,0.9999997615814209,2497,1500,-0.140252023935318,0.8369264006614685,0.9999990463256836,2153,1130,-0.2791827917098999,0.9584636688232422,0.9999988079071045,2144,1807,-0.22662799060344696,0.6344934105873108,0.9999843835830688,2038,1690,-0.3330853581428528,0.6573004722595215,0.9999946355819702,2087,1850,-0.2398834228515625,0.8479005098342896,0.9999241828918457,2014,1780,-0.3399973213672638,0.8850210309028625,0.9999868869781494,2050,1917,-0.3631835877895355,0.867804765701294,0.9999419450759888,2000,1848,-0.4613092243671417,0.893301248550415,0.9999722242355347
False,/data/uabcvmsc/shared/newborn/29/16.08.24/HM20240816152418.jpeg,37.1,30.9
False,/data/uabcvmsc/shared/newborn/29/16.08.24/HM20240816152520.jpeg,37.2,31.0
False,/data/uabcvmsc/shared/newborn/29/16.08.24/HM20240816152622.jpeg,38.3,31.1
False,/data/uabcvmsc/shared/newborn/29/16.08.24/HM20240816152723.jpeg,37.1,30.8,1907,1821,-0.3766092360019684,0.9994768500328064,0.9998728036880493,1864,1836,-0.3926193416118622,0.9995798468589783,0.9998319149017334,1857,1830,-0.39294955134391785,0.9992799162864685,0.9998365640640259,1850,1823,-0.39290809631347656,0.9996065497398376,0.9997361302375793,1879,1844,-0.37976089119911194,0.9997519850730896,0.9998270869255066,1884,1843,-0.38018012046813965,0.999700665473938,0.999846339225769,1888,1843,-0.38042181730270386,0.9998531341552734,0.9998010993003845,1846,1766,-0.3947151303291321,0.9994441866874695,0.9996873140335083,1896,1794,-0.3363885283470154,0.9995177984237671,0.9997853636741638,1921,1764,-0.36569666862487793,0.9959965944290161,0.999144434928894,1943,1773,-0.35065263509750366,0.9962297081947327,0.998544454574585,1991,1573,-0.35304954648017883,0.9978423118591309,0.9993195533752441,1948,1623,-0.2809343934059143,0.9972808361053467,0.9994533658027649,1965,1628,-0.42807722091674805,0.22152690589427948,0.9946492314338684,1871,1704,-0.31842389702796936,0.022836193442344666,0.9978773593902588,1826,1950,-0.4719678461551666,0.14664223790168762,0.9969214797019958,1598,1879,-0.3887959420681,0.0910821184515953,0.9991438388824463,1806,2045,-0.5131484270095825,0.16113847494125366,0.9946169257164001,1506,1914,-0.4327499270439148,0.10682928562164307,0.9985619187355042,1753,2066,-0.5046933889389038,0.16328869760036469,0.9954031705856323,1497,1930,-0.42394906282424927,0.10645359754562378,0.99859219789505,1761,2027,-0.4713144302368164,0.11587194353342056,0.9968321919441223,1541,1916,-0.3910385072231293,0.0818624272942543,0.9991843104362488,2397,1218,-0.03380986303091049,0.9995531439781189,0.9999749660491943,2332,1266,0.033534079790115356,0.9996079802513123,0.9999860525131226,2488,1230,0.30308568477630615,0.001370878191664815,0.9997056126594543,2346,1409,0.35273465514183044,0.0003069124068133533,0.999920129776001,2599,1191,0.6038904190063477,0.007609181571751833,0.9996098875999451,2423,1381,0.6672364473342896,0.0008004512055777013,0.9998664855957031,2606,1158,0.6331477761268616,0.01663314178586006,0.9990905523300171,2438,1355,0.7013854384422302,0.002998870564624667,0.9998332262039185,2647,1252,0.6039261817932129,0.01075733546167612,0.9995467066764832,2423,1402,0.6926448941230774,0.0021375042852014303,0.9998512268066406
False,/data/uabcvmsc/shared/newborn/29/16.08.24/HM20240816152824.jpeg,37.1,31.0
False,/data/uabcvmsc/shared/newborn/29/16.08.24/HM20240816152926.jpeg,37.0,30.9,2862,1211,0.016980841755867004,0.9980593323707581,0.999966025352478,2886,1228,0.03112747333943844,0.9966415166854858,0.9999037981033325,2887,1239,0.030980180948972702,0.9960317015647888,0.9999064207077026,2888,1249,0.030972424894571304,0.9975956082344055,0.9998698234558105,2884,1199,0.032703615725040436,0.9969307780265808,0.9998418092727661,2883,1190,0.03251084312796593,0.9966813921928406,0.9998162388801575,2882,1180,0.0324210599064827,0.9972733855247498,0.9997043013572693,2876,1278,0.08913523703813553,0.9974613189697266,0.9998868703842163,2871,1180,0.09749290347099304,0.9866772890090942,0.9996129870414734,2836,1237,0.03927312791347504,0.994175910949707,0.9999179840087891,2831,1204,0.04020771384239197,0.9878645539283752,0.9997140765190125,2721,1367,0.09720271825790405,0.9999165534973145,0.9999685287475586,2796,1158,0.07888150960206985,0.9996613264083862,0.9998809099197388,2552,1435,-0.0009009309578686953,0.13491858541965485,0.9991092085838318,2744,1205,-0.052926208823919296,0.03874683380126953,0.9995936751365662,2665,1412,-0.12742257118225098,0.1664513498544693,0.9999781847000122,2729,1323,-0.19953502714633942,0.0831374078989029,0.9998778104782104,2688,1407,-0.1493198722600937,0.1899116039276123,0.9999532699584961,2713,1339,-0.23653437197208405,0.10164479166269302,0.9997093081474304,2724,1406,-0.15204529464244843,0.18969908356666565,0.9999676942825317,2720,1364,-0.22593815624713898,0.09493418037891388,0.9997724890708923,2715,1401,-0.13024847209453583,0.14004327356815338,0.9999819993972778,2722,1360,-0.20050695538520813,0.07544469088315964,0.9998763799667358,2413,1239,-0.004787278361618519,0.9989551305770874,0.9997667670249939,2456,1119,0.004415999166667461,0.9987163543701172,0.9997336268424988,2417,1210,-0.10261230170726776,0.009770801290869713,0.9995431900024414,2465,1137,-0.04216412827372551,0.0032191118225455284,0.9996310472488403,2296,1210,-0.18479636311531067,0.004443390294909477,0.9979931116104126,2382,1073,-0.12746605277061462,0.0034023523330688477,0.9959244728088379,2249,1217,-0.19644148647785187,0.010849595069885254,0.9923866987228394,2321,1063,-0.13774266839027405,0.01343485713005066,0.9931821227073669,2337,1170,-0.2668794095516205,0.01078065112233162,0.9960100650787354,2456,1055,-0.19124390184879303,0.008841490373015404,0.9948524832725525
False,/data/uabcvmsc/shared/newborn/29/16.08.24/HM20240816153027.jpeg,37.0,30.8,2879,1192,-0.10762827843427658,0.9998906850814819,0.9999984502792358,2909,1205,-0.10600468516349792,0.9998388290405273,0.999993085861206,2912,1215,-0.10613303631544113,0.9997522234916687,0.9999920129776001,2915,1225,-0.10614220052957535,0.9998574256896973,0.9999862909317017,2899,1179,-0.09385109692811966,0.9999157190322876,0.9999926090240479,2894,1171,-0.09406986832618713,0.9999147653579712,0.9999932050704956,2890,1164,-0.09414973855018616,0.9999386072158813,0.9999903440475464,2899,1260,-0.07902828603982925,0.9998047947883606,0.999984860420227,2867,1175,-0.021404976025223732,0.9996992349624634,0.9999897480010986,2852,1225,-0.09438558667898178,0.999701201915741,0.9999954700469971,2839,1193,-0.07896418869495392,0.9994242191314697,0.9999892711639404,2726,1349,-0.08979539573192596,0.9999749660491943,0.9999899864196777,2732,1217,0.00034190769656561315,0.9999356269836426,0.9999953508377075,2560,1380,-0.23086346685886383,0.13782218098640442,0.999582827091217,2589,1368,-0.09451908618211746,0.05725998431444168,0.9999752044677734,2532,1312,-0.37075260281562805,0.02958931215107441,0.9992054104804993,2488,1496,-0.2564823031425476,0.1613994687795639,0.9999818801879883,2514,1296,-0.41220542788505554,0.04901473596692085,0.9980408549308777,2437,1514,-0.30155184864997864,0.2325882613658905,0.9999476671218872,2548,1287,-0.416014701128006,0.055103451013565063,0.9987369179725647,2453,1536,-0.3044237792491913,0.22398118674755096,0.999961256980896,2550,1295,-0.3749017119407654,0.04025900736451149,0.9992097616195679,2469,1531,-0.26332786679267883,0.15335367619991302,0.9999775886535645,2357,1259,-0.04745807126164436,0.9997087121009827,0.9999614953994751,2401,1186,0.04719335958361626,0.9998140931129456,0.9999902248382568,2392,1008,-0.16959428787231445,0.028760867193341255,0.9998925924301147,2394,1021,-0.1059204488992691,0.009851604700088501,0.9999634027481079,2228,709,-0.2127649188041687,0.02753332257270813,0.9996597766876221,2254,751,-0.11993774771690369,0.0066546183079481125,0.9991564750671387,2175,691,-0.2208949476480484,0.041677795350551605,0.9986836314201355,2195,729,-0.12351001799106598,0.015876339748501778,0.9987404942512512,2274,559,-0.3008565306663513,0.05364099517464638,0.9992443323135376,2296,636,-0.18339647352695465,0.015875251963734627,0.9987247586250305
False,/data/uabcvmsc/shared/newborn/29/16.08.24/HM20240816153129.jpeg,37.1,31.0
True,/data/uabcvmsc/shared/newborn/29/16.08.24/HM20240816153231.jpeg,36.8,30.8,2660,981,0.28472900390625,0.996052086353302,0.9998134970664978,2718,1009,0.3192058205604553,0.9938125610351562,0.9997492432594299,2710,1041,0.3189781606197357,0.9945393204689026,0.9997661709785461,2719,1054,0.31900256872177124,0.9952749013900757,0.999734103679657,2686,968,0.321739137172699,0.9945023059844971,0.9996764659881592,2681,963,0.32144874334335327,0.9952854514122009,0.9996886253356934,2634,944,0.3212762176990509,0.9957595467567444,0.9996296167373657,2701,1108,0.4193733334541321,0.9979978203773499,0.9999082088470459,2606,994,0.4303043782711029,0.9952421188354492,0.9997579455375671,2638,1094,0.31821855902671814,0.9977579712867737,0.9999061822891235,2615,1003,0.31881654262542725,0.9963323473930359,0.9996935129165649,2539,1422,0.3801422715187073,0.999808132648468,0.9997965693473816,2359,969,0.38304901123046875,0.9998086094856262,0.9993276596069336,2384,1622,0.24452953040599823,0.12296904623508453,0.9964757561683655,2372,716,0.43316179513931274,0.14453467726707458,0.9991607666015625,2368,1587,0.08740856498479843,0.08421307057142258,0.9993537068367004,2388,725,0.5067611336708069,0.2358582764863968,0.9991574287414551,2345,1589,0.06257926672697067,0.13850170373916626,0.9982006549835205,2379,714,0.50319904088974,0.27253204584121704,0.9970308542251587,2378,1571,0.061351481825113297,0.12653909623622894,0.998536229133606,2390,734,0.5020362734794617,0.24925221502780914,0.9971495270729065,2379,1556,0.0842825323343277,0.10763806104660034,0.9992833733558655,2392,746,0.5043678879737854,0.25564756989479065,0.9988743662834167,2097,1600,0.027764279395341873,0.9998867511749268,0.999976396560669,1956,1282,-0.02811615914106369,0.99992835521698,0.9999678134918213,2180,2104,-0.3331141173839569,0.4752790033817291,0.9950248599052429,1676,1242,-0.4602733254432678,0.8703091740608215,0.9946788549423218,1622,2109,-0.28677335381507874,0.026222990825772285,0.9932790398597717,1469,1968,-0.3968276083469391,0.09780136495828629,0.9823493361473083,1532,2123,-0.2817893922328949,0.20843921601772308,0.9861217141151428,1467,2052,-0.3872763216495514,0.3479534387588501,0.9825113415718079,1434,2249,-0.427628755569458,0.05198078975081444,0.9292294979095459,1412,2259,-0.5375269651412964,0.17643515765666962,0.8791840672492981,2449,1196,None,None,None,None,None,None,None,None
True,/data/uabcvmsc/shared/newborn/29/16.08.24/HM20240816153333.jpeg,36.7,30.9,2733,1004,0.1796276867389679,0.9999579191207886,0.9999973773956299,2769,1013,0.20965924859046936,0.9999498128890991,0.9999955892562866,2785,1038,0.20942194759845734,0.9999290704727173,0.9999953508377075,2788,1046,0.20949482917785645,0.9999523162841797,0.999994158744812,2742,982,0.22182126343250275,0.9999649524688721,0.9999945163726807,2709,986,0.2214318811893463,0.9999583959579468,0.9999946355819702,2702,983,0.22129885852336884,0.9999711513519287,0.9999936819076538,2759,1145,0.3217185139656067,0.9999475479125977,0.9999958276748657,2664,999,0.3738585114479065,0.9999219179153442,0.9999940395355225,2698,1063,0.21853961050510406,0.9999394416809082,0.9999945163726807,2660,1017,0.23100592195987701,0.999934196472168,0.9999867677688599,2631,1406,0.2983722984790802,0.9999097585678101,0.9999688863754272,2418,1017,0.3810502588748932,0.9999332427978516,0.999943733215332,2614,1430,0.2501279413700104,0.3875845670700073,0.999854564666748,2414,745,0.44070544838905334,0.57523512840271,0.9999289512634277,2690,1437,0.1912727802991867,0.4356899559497833,0.9999433755874634,2396,675,0.4412655532360077,0.67156982421875,0.9999269247055054,2715,1409,0.17620469629764557,0.5154317617416382,0.9997085928916931,2371,654,0.4366990923881531,0.6838600635528564,0.9995787739753723,2719,1413,0.16422365605831146,0.5098074078559875,0.9996970891952515,2383,697,0.4181762635707855,0.6841585636138916,0.999552309513092,2715,1408,0.18621386587619781,0.47801801562309265,0.999875545501709,2393,714,0.43033337593078613,0.7128925323486328,0.9998435974121094,2072,1670,-0.0049954978749156,0.9999946355819702,0.9999997615814209,1909,1384,0.004456032067537308,0.9999971389770508,0.9999997615814209,2130,2140,-0.2930031716823578,0.9175443649291992,0.9998263716697693,1601,1220,-0.3798540234565735,0.9776298999786377,0.9998873472213745,1544,2077,-0.2952898442745209,0.45106106996536255,0.9998787641525269,1502,1929,-0.40055426955223083,0.7089691162109375,0.9998243451118469,1527,2032,-0.2936086058616638,0.7114788293838501,0.9997299313545227,1533,2004,-0.3990614116191864,0.7502110600471497,0.9997931122779846,1321,2218,-0.41530534625053406,0.6354972124099731,0.9953010082244873,1396,2269,-0.5347297787666321,0.7888551354408264,0.9952136278152466,2524,1212,2393,714,None,None,1477,2067,1527,2032
False,/data/uabcvmsc/shared/newborn/29/16.08.24/HM20240816153434.jpeg,36.7,30.8
True,/data/uabcvmsc/shared/newborn/29/16.08.24/HM20240816153535.jpeg,36.8,30.8,1578,1916,-0.23513096570968628,0.9982404708862305,0.9997444748878479,1481,1907,-0.2197004109621048,0.9977295994758606,0.999382495880127,1467,1897,-0.22008660435676575,0.9963496923446655,0.9993281364440918,1446,1870,-0.22004184126853943,0.9975208640098572,0.9988515377044678,1538,1973,-0.2154921442270279,0.9986503720283508,0.9995087385177612,1545,1985,-0.216033935546875,0.9984203577041626,0.9995930790901184,1567,2007,-0.21638812124729156,0.9991389513015747,0.9994866847991943,1431,1835,-0.12289614975452423,0.9972413778305054,0.9988068342208862,1600,2015,-0.10546005517244339,0.9980558156967163,0.9996094107627869,1586,1845,-0.19501984119415283,0.9896433353424072,0.9988221526145935,1641,1930,-0.19245849549770355,0.9937135577201843,0.9985645413398743,1651,1546,-0.10461370646953583,0.9981733560562134,0.9987425208091736,1868,1948,-0.06032169610261917,0.9993724226951599,0.9995515942573547,1879,1393,-0.16967563331127167,0.11686842888593674,0.9731284976005554,2167,2205,-0.20631293952465057,0.5424433946609497,0.9953378438949585,1765,1588,-0.1588677316904068,0.03576451912522316,0.9971882700920105,1667,2065,-0.31458941102027893,0.5387346148490906,0.9999078512191772,1738,1645,-0.16591395437717438,0.03710636869072914,0.9959681034088135,1559,2079,-0.34287965297698975,0.4002745747566223,0.9998176693916321,1687,1645,-0.14856061339378357,0.03346911072731018,0.9963255524635315,1541,2035,-0.30129966139793396,0.3552554249763489,0.9998481273651123,1707,1642,-0.1501610428094864,0.03169172629714012,0.9976154565811157,1569,2028,-0.30187904834747314,0.291185200214386,0.9999215602874756,2300,1208,-0.03037017025053501,0.9997267127037048,0.999958872795105,2415,1423,0.029890205711126328,0.9998619556427002,0.9999829530715942,2405,897,0.2580355703830719,0.05988217890262604,0.9997466206550598,2468,1320,0.2979739010334015,0.017436062917113304,0.9999675750732422,2370,750,0.48720303177833557,0.18145158886909485,0.9992271661758423,2555,1190,0.5728778839111328,0.04538954049348831,0.9997594952583313,2460,671,0.5080512166023254,0.24136072397232056,0.9979708790779114,2559,1137,0.6024728417396545,0.0789901465177536,0.9996228218078613,2555,612,0.4566364288330078,0.2007354199886322,0.9901835322380066,2693,1164,0.5777258276939392,0.06835582852363586,0.9976254105567932,1760,1747,None,None,None,None,None,None,None,None
False,/data/uabcvmsc/shared/newborn/29/16.08.24/HM20240816153636.jpeg,36.7,30.8
True,/data/uabcvmsc/shared/newborn/29/16.08.24/HM20240816153737.jpeg,37.1,31.0,2739,1002,0.16000297665596008,0.9999818801879883,0.9999972581863403,2796,1033,0.19453755021095276,0.9999738931655884,0.9999918937683105,2800,1042,0.19434015452861786,0.9999669790267944,0.9999909400939941,2800,1080,0.19438815116882324,0.9999762773513794,0.9999877214431763,2745,988,0.20394177734851837,0.9999815225601196,0.9999909400939941,2751,964,0.2036682814359665,0.9999799728393555,0.9999909400939941,2713,963,0.2035190314054489,0.9999843835830688,0.9999889135360718,2772,1156,0.309636652469635,0.999976396560669,0.9999910593032837,2665,981,0.34750455617904663,0.9999549388885498,0.9999904632568359,2711,1064,0.19715516269207,0.9999864101409912,0.9999978542327881,2684,1023,0.20548978447914124,0.9999810457229614,0.9999949932098389,2543,1501,0.2659720182418823,0.9999773502349854,0.9999866485595703,2426,966,0.32336169481277466,0.999984622001648,0.9999842643737793,2323,1683,0.061750203371047974,0.7943012118339539,0.9989223480224609,2378,793,0.17691634595394135,0.6466516256332397,0.9998805522918701,2441,1533,-0.14941491186618805,0.7629655599594116,0.9999804496765137,2412,679,-0.0405418798327446,0.8541865944862366,0.9998780488967896,2460,1483,-0.1867249757051468,0.7709255814552307,0.9999405145645142,2393,638,-0.08771824091672897,0.8691803216934204,0.9993680119514465,2521,1456,-0.1795487254858017,0.7382367849349976,0.9999595880508423,2425,679,-0.08634800463914871,0.8568633198738098,0.9995439648628235,2504,1455,-0.14920058846473694,0.6752669811248779,0.9999822378158569,2430,710,-0.05046150088310242,0.8648828864097595,0.9998384714126587,2059,1627,0.0021489879582077265,0.9999877214431763,0.9999985694885254,1895,1307,-0.002691227477043867,0.9999938011169434,0.9999990463256836,2115,1984,-0.3324589431285858,0.8631815314292908,0.9998651742935181,1660,1182,-0.4367433488368988,0.9727588295936584,0.9999279975891113,1664,2114,-0.3962269127368927,0.4322718679904938,0.999826967716217,1503,1860,-0.4799843430519104,0.7598754167556763,0.9999011754989624,1590,2114,-0.4051079750061035,0.6969440579414368,0.9995661377906799,1472,1994,-0.48388203978538513,0.8535071611404419,0.9998445510864258,1527,2184,-0.564013659954071,0.7288215756416321,0.9960914254188538,1443,2169,-0.6462689638137817,0.8872634172439575,0.9977053999900818,2484,1234,2415,676,None,None,1473,2008,1527,2184
False,/data/uabcvmsc/shared/newborn/29/16.08.24/HM20240816153838.jpeg,36.8,31.1,2401,1672,0.2807813584804535,0.045288655906915665,0.8518099188804626,2448,1679,0.2949652075767517,0.008516676723957062,0.7287694215774536,2453,1687,0.29474884271621704,0.012687872163951397,0.8119639754295349,2456,1694,0.294625461101532,0.012891758233308792,0.808901846408844,2441,1656,0.2988208532333374,0.010073953308165073,0.6953384280204773,2439,1650,0.2985853850841522,0.018697455525398254,0.7434810996055603,2438,1643,0.2984352707862854,0.015993529930710793,0.736738383769989,2465,1709,0.31645092368125916,0.07905451208353043,0.9604854583740234,2446,1631,0.33768975734710693,0.015662170946598053,0.8561239242553711,2390,1688,0.28705891966819763,0.157417431473732,0.9917759895324707,2378,1666,0.29106974601745605,0.08986759930849075,0.9693445563316345,2260,1853,0.2363324761390686,0.9999862909317017,0.9999282360076904,2424,1471,0.23479527235031128,0.9998366832733154,0.9990124702453613,1876,1954,0.05835277587175369,0.0025607990100979805,0.9953965544700623,2269,1397,-0.026268646121025085,0.0048411232419312,0.9958720803260803,1514,2114,-0.10723227262496948,0.0005905640427954495,0.9431699514389038,2232,1400,-0.2513447701931,0.010910490527749062,0.9944778680801392,1431,2185,-0.1345314234495163,0.0008650848758406937,0.9447707533836365,2236,1393,-0.30647793412208557,0.01365895476192236,0.9946116209030151,1436,2175,-0.15159381926059723,0.0008760497439652681,0.9513953924179077,2235,1411,-0.29417648911476135,0.013356895186007023,0.9955406785011292,1477,2136,-0.11801373958587646,0.0009435926913283765,0.9543373584747314,2237,1421,-0.25759339332580566,0.008159327320754528,0.9964809417724609,2029,1630,-0.009458674117922783,0.9981639981269836,0.9996194839477539,2167,1424,0.008248414844274521,0.9980095028877258,0.9992080330848694,2227,2012,-0.17795968055725098,0.010098773054778576,0.9998286962509155,2368,1216,-0.02828195132315159,0.00961330533027649,0.9998319149017334,1740,1928,-0.1297386884689331,0.012127022258937359,0.9980524778366089,2407,762,-0.0436377115547657,0.011175459250807762,0.9888123273849487,1659,1884,-0.1296669840812683,0.07061584293842316,0.9937120676040649,2361,692,-0.04870590195059776,0.04641718417406082,0.9879812598228455,1643,1991,-0.2699487507343292,0.005669840611517429,0.9927599430084229,2464,656,-0.17748945951461792,0.00789802335202694,0.9837438464164734
False,/data/uabcvmsc/shared/newborn/29/16.08.24/HM20240816153940.jpeg,38.3,31.5
False,/data/uabcvmsc/shared/newborn/29/16.08.24/HM20240816154042.jpeg,36.9,31.0
True,/data/uabcvmsc/shared/newborn/29/16.08.24/HM20240816154143.jpeg,37.0,31.1,2828,1052,0.2608143389225006,0.9999239444732666,0.9999995231628418,2838,1053,0.29770559072494507,0.999763548374176,0.9999984502792358,2849,1079,0.29758965969085693,0.9996317625045776,0.9999979734420776,2850,1086,0.29764631390571594,0.9997064471244812,0.9999967813491821,2828,1035,0.28687557578086853,0.999931812286377,0.9999992847442627,2812,1010,0.28666597604751587,0.9999366998672485,0.9999994039535522,2809,1004,0.28667446970939636,0.9999624490737915,0.9999994039535522,2815,1128,0.4186534583568573,0.9996663331985474,0.999997615814209,2759,984,0.3697470724582672,0.9998629093170166,0.9999994039535522,2787,1111,0.3022688925266266,0.9999186992645264,0.9999994039535522,2765,1069,0.2859328091144562,0.9999440908432007,0.9999994039535522,2604,1380,0.40022164583206177,0.9999822378158569,0.9999911785125732,2498,976,0.28797483444213867,0.9999986886978149,0.9999984502792358,2367,1618,0.23307251930236816,0.0410945825278759,0.9989413619041443,2273,759,0.09888512641191483,0.755478024482727,0.9999793767929077,2369,1687,-0.01959117501974106,0.05190812423825264,0.9999270439147949,2161,496,-0.13042519986629486,0.9571884274482727,0.9999722242355347,2413,1696,-0.057285793125629425,0.07445189356803894,0.9998584985733032,2059,421,-0.18675261735916138,0.948750376701355,0.9998315572738647,2410,1675,-0.06954023987054825,0.0660315454006195,0.9999120235443115,2048,475,-0.20099763572216034,0.9445726275444031,0.9998995065689087,2404,1666,-0.031147019937634468,0.05274991691112518,0.9999558925628662,2077,531,-0.1469537317752838,0.9139537215232849,0.9999675750732422,2138,1512,0.06197482720017433,0.9999643564224243,0.9999992847442627,2065,1263,-0.06236408278346062,0.9999922513961792,0.9999997615814209,2163,2159,-0.22256627678871155,0.417482852935791,0.9997627139091492,1800,1329,-0.42995038628578186,0.8937177062034607,0.9999494552612305,1765,1997,-0.19209600985050201,0.011335947550833225,0.9997527003288269,1555,1936,-0.4812057614326477,0.0723380595445633,0.9996071457862854,1685,1946,-0.1927640736103058,0.3263953626155853,0.9996180534362793,1498,2015,-0.4885821044445038,0.4731268882751465,0.9994495511054993,1689,2118,-0.32108035683631897,0.05459410697221756,0.9993973970413208,1588,2158,-0.653832733631134,0.17964445054531097,0.9980722665786743,2551,1178,2086,481,None,None,None,None,None,None
True,/data/uabcvmsc/shared/newborn/29/16.08.24/HM20240816154244.jpeg,39.3,30.8,2813,1088,0.22669900953769684,0.9998130202293396,0.9999951124191284,2846,1051,0.26383301615715027,0.9994813799858093,0.9999830722808838,2847,1057,0.26368284225463867,0.9992483258247375,0.99997878074646,2857,1082,0.2636803388595581,0.9993952512741089,0.9999688863754272,2825,1016,0.2576671540737152,0.9998319149017334,0.9999905824661255,2821,1011,0.2574380040168762,0.9998550415039062,0.999993085861206,2817,1005,0.2573780119419098,0.9999082088470459,0.999992847442627,2815,1128,0.3875632584095001,0.9994194507598877,0.9999802112579346,2739,1021,0.35765698552131653,0.9997336268424988,0.9999945163726807,2802,1110,0.26751282811164856,0.9998924732208252,0.9999978542327881,2745,1099,0.2566928565502167,0.9999241828918457,0.9999973773956299,2565,1408,0.3583756983280182,0.9999805688858032,0.9999839067459106,2435,965,0.2961835563182831,0.9999979734420776,0.9999972581863403,2229,1683,0.1882878988981247,0.13511426746845245,0.9984390139579773,2213,786,0.07318766415119171,0.39299294352531433,0.9999574422836304,2353,1717,-0.06476359814405441,0.08937983214855194,0.9999039173126221,2153,522,-0.2345680445432663,0.8782078623771667,0.9999568462371826,2402,1745,-0.10550684481859207,0.09755924344062805,0.9997988343238831,2052,448,-0.2987704575061798,0.8719208836555481,0.9997608065605164,2427,1705,-0.11650513112545013,0.08300421386957169,0.9998681545257568,2044,514,-0.3128804862499237,0.8655622005462646,0.999854564666748,2413,1678,-0.07570729404687881,0.06828859448432922,0.9999333620071411,2080,563,-0.2529473602771759,0.8201032280921936,0.99994957447052,2087,1537,0.04330868273973465,0.9999881982803345,0.9999996423721313,1994,1258,-0.04378766939043999,0.9999972581863403,0.9999998807907104,2129,2196,-0.23705317080020905,0.20165012776851654,0.999713122844696,1752,1270,-0.45881029963493347,0.7592255473136902,0.9999659061431885,1717,2056,-0.1377999186515808,0.004212910775095224,0.9998681545257568,1522,1930,-0.47761979699134827,0.07314667850732803,0.9998956918716431,1648,2003,-0.13039252161979675,0.09415608644485474,0.999810516834259,1515,1950,-0.4805498719215393,0.36086076498031616,0.9998533725738525,1615,2144,-0.25777101516723633,0.02036549523472786,0.9993138313293457,1503,2216,-0.6539892554283142,0.20440496504306793,0.9987964630126953,2500,1186,2082,512,None,None,None,None,None,None
True,/data/uabcvmsc/shared/newborn/29/16.08.24/HM20240816154345.jpeg,39.0,30.9,2827,1035,0.25440388917922974,0.9999682903289795,0.9999998807907104,2851,1039,0.2980715334415436,0.9999263286590576,0.9999995231628418,2855,1049,0.2979191243648529,0.9998738765716553,0.9999994039535522,2858,1059,0.29797157645225525,0.99989914894104,0.9999990463256836,2813,1003,0.28985267877578735,0.9999772310256958,0.9999997615814209,2793,982,0.2895830273628235,0.9999779462814331,0.9999998807907104,2786,974,0.28961482644081116,0.999985933303833,0.9999997615814209,2821,1120,0.43247684836387634,0.9998897314071655,0.9999992847442627,2734,999,0.3934078514575958,0.9999476671218872,0.9999998807907104,2804,1093,0.2973712086677551,0.9999773502349854,0.9999998807907104,2743,1038,0.28397059440612793,0.999982476234436,0.9999998807907104,2578,1416,0.38981249928474426,0.9999909400939941,0.9999961853027344,2439,943,0.2959868311882019,0.9999994039535522,0.9999995231628418,2286,1717,0.17724084854125977,0.08564826101064682,0.9989670515060425,2253,770,0.016931381076574326,0.7274212837219238,0.9999858140945435,2367,1724,-0.12444800138473511,0.06430944055318832,0.9999080896377563,2162,506,-0.3246520161628723,0.9547291398048401,0.9999783039093018,2405,1752,-0.17271867394447327,0.09366600215435028,0.9997990727424622,2056,432,-0.4015190005302429,0.9547397494316101,0.9998586177825928,2431,1705,-0.18231895565986633,0.08362024277448654,0.9998918771743774,2059,499,-0.4090067446231842,0.9517316222190857,0.9999297857284546,2411,1669,-0.13621369004249573,0.06796586513519287,0.9999428987503052,2097,553,-0.3420867323875427,0.9231006503105164,0.9999756813049316,2122,1536,0.05143201723694801,0.9999924898147583,0.9999998807907104,2015,1229,-0.05196573585271835,0.9999984502792358,1.0,2140,2196,-0.27077338099479675,0.4811854958534241,0.9998283386230469,1704,1298,-0.47414442896842957,0.8776537775993347,0.9999651908874512,1696,2052,-0.19109053909778595,0.0065389457158744335,0.9999134540557861,1528,1921,-0.4820578396320343,0.08894258737564087,0.999891996383667,1627,1995,-0.18562616407871246,0.21419376134872437,0.9998663663864136,1522,1951,-0.484322726726532,0.4508025050163269,0.9998586177825928,1596,2142,-0.3228079676628113,0.04663509503006935,0.9995710253715515,1505,2217,-0.6635167598724365,0.22851979732513428,0.9991729855537415,2508,1180,2094,498,None,None,None,None,None,None
True,/data/uabcvmsc/shared/newborn/29/16.08.24/HM20240816154447.jpeg,38.5,30.8,2799,1051,0.39031141996383667,0.999996542930603,1.0,2805,1054,0.4306934177875519,0.9999927282333374,1.0,2807,1059,0.4304990768432617,0.9999877214431763,1.0,2809,1064,0.4306388199329376,0.9999887943267822,0.9999998807907104,2778,1021,0.4272332489490509,0.9999974966049194,1.0,2776,1018,0.4269729256629944,0.999997615814209,1.0,2774,1015,0.4270591735839844,0.9999982118606567,1.0,2778,1131,0.5382898449897766,0.9999879598617554,1.0,2719,1035,0.5187864303588867,0.9999939203262329,1.0,2720,1128,0.4236791133880615,0.9999938011169434,1.0,2695,1095,0.4158162772655487,0.9999953508377075,1.0,2544,1364,0.4466719329357147,0.9999955892562866,0.9999972581863403,2447,948,0.4072156846523285,0.9999995231628418,0.9999995231628418,2320,1638,0.22723737359046936,0.10734625905752182,0.9993299245834351,2253,751,0.13559016585350037,0.8865854144096375,0.9999903440475464,2369,1702,-0.04782908037304878,0.1309988796710968,0.9999679327011108,2138,508,-0.15226313471794128,0.9626730680465698,0.999975323677063,2420,1711,-0.09117990732192993,0.1458313763141632,0.9999270439147949,2038,437,-0.21676933765411377,0.9300810098648071,0.9998248219490051,2438,1699,-0.09390895068645477,0.1323043704032898,0.999958872795105,2054,504,-0.21871109306812286,0.9264613389968872,0.9999089241027832,2418,1662,-0.05545983836054802,0.10802426934242249,0.9999779462814331,2082,535,-0.16639076173305511,0.9040178656578064,0.9999665021896362,2105,1523,0.0343749113380909,0.9999938011169434,0.9999998807907104,2006,1215,-0.035066597163677216,0.9999986886978149,1.0,2121,2183,-0.25159648060798645,0.9259932637214661,0.9999006986618042,1677,1273,-0.43375685811042786,0.9857417345046997,0.9999771118164062,1680,2049,-0.13793127238750458,0.028134355321526527,0.9999128580093384,1514,1926,-0.46393972635269165,0.24758589267730713,0.9999115467071533,1650,1955,-0.1270938217639923,0.5718420147895813,0.9998716115951538,1472,1999,-0.4673005938529968,0.7682360410690308,0.9998816251754761,1541,2106,-0.23696647584438324,0.21351608633995056,0.9997368454933167,1494,2207,-0.6259903311729431,0.5895234942436218,0.9992127418518066,2496,1156,2078,496,None,None,1472,1999,None,None
False,/data/uabcvmsc/shared/newborn/29/16.08.24/HM20240816154549.jpeg,39.5,31.5
True,/data/uabcvmsc/shared/newborn/29/16.08.24/HM20240816154651.jpeg,38.2,31.2,2814,1054,0.2827557325363159,0.9999599456787109,0.9999998807907104,2847,1071,0.32744646072387695,0.9999074935913086,0.9999997615814209,2854,1091,0.32731178402900696,0.9998407363891602,0.9999996423721313,2861,1105,0.327353298664093,0.9998338222503662,0.9999992847442627,2821,1028,0.32147085666656494,0.9999754428863525,0.9999998807907104,2811,1015,0.32124751806259155,0.9999799728393555,0.9999998807907104,2803,1001,0.3212721645832062,0.999984860420227,0.9999998807907104,2835,1154,0.4760209619998932,0.999847412109375,0.9999994039535522,2736,997,0.44671630859375,0.9999649524688721,0.9999998807907104,2788,1102,0.3303852081298828,0.9999731779098511,0.9999998807907104,2757,1050,0.3199099898338318,0.9999834299087524,0.9999998807907104,2679,1380,0.40559443831443787,0.99998939037323,0.9999898672103882,2430,953,0.3647468090057373,0.999998927116394,0.9999988079071045,2521,1576,0.10112764686346054,0.4488271474838257,0.9978325963020325,2201,821,0.03878738358616829,0.6373226046562195,0.9999517202377319,2679,1474,-0.27399566769599915,0.4226900637149811,0.9999377727508545,2091,613,-0.3375498056411743,0.9635784029960632,0.9999901056289673,2750,1429,-0.34250742197036743,0.47538578510284424,0.999853253364563,1983,551,-0.4168776869773865,0.9679331183433533,0.999954104423523,2770,1422,-0.3331676125526428,0.4281037747859955,0.9999265670776367,1995,617,-0.42038047313690186,0.9609540700912476,0.9999793767929077,2711,1427,-0.28021204471588135,0.34092170000076294,0.9999624490737915,2023,664,-0.35262352228164673,0.93692946434021,0.9999923706054688,2168,1557,0.02383558079600334,0.9999986886978149,1.0,2018,1197,-0.0244640801101923,0.9999995231628418,1.0,2154,2193,-0.34413614869117737,0.9577229022979736,0.999984622001648,1688,1095,-0.42675989866256714,0.9784350395202637,0.9999924898147583,1608,1935,-0.28000521659851074,0.10278019309043884,0.9999897480010986,1488,1711,-0.39793986082077026,0.4607757031917572,0.9999884366989136,1530,1868,-0.2770487368106842,0.740050196647644,0.9999730587005615,1493,1824,-0.39742395281791687,0.8895578384399414,0.9999828338623047,1418,2075,-0.4328576326370239,0.3892187774181366,0.9996362924575806,1269,1906,-0.5698379874229431,0.7810834050178528,0.9995589852333069,2554,1166,2023,611,None,None,1381,1865,1530,1868
True,/data/uabcvmsc/shared/newborn/29/16.08.24/HM20240816154753.jpeg,37.9,31.1,1485,1415,-0.3744799792766571,0.9999454021453857,0.9999948740005493,1433,1353,-0.3511499762535095,0.999942421913147,0.9999876022338867,1436,1339,-0.35139426589012146,0.9998900890350342,0.9999840259552002,1434,1317,-0.35132765769958496,0.9999326467514038,0.9999731779098511,1401,1451,-0.3573799431324005,0.9999682903289795,0.99998939037323,1387,1497,-0.3577168583869934,0.9999561309814453,0.9999901056289673,1352,1513,-0.35791611671447754,0.9999750852584839,0.9999865293502808,1449,1332,-0.19733327627182007,0.999930739402771,0.999967098236084,1382,1547,-0.23162755370140076,0.9999552965164185,0.9999858140945435,1558,1413,-0.31209781765937805,0.9998565912246704,0.9999738931655884,1524,1517,-0.3243282437324524,0.9998995065689087,0.9999765157699585,1739,1240,-0.1336534321308136,0.9998501539230347,0.999860405921936,1671,1794,-0.12436310946941376,0.9999418258666992,0.9999679327011108,2070,1040,-0.29911309480667114,0.8164476752281189,0.99357670545578,1944,2194,-0.24230602383613586,0.9696024656295776,0.9990664124488831,1653,1367,-0.45081841945648193,0.793865978717804,0.9999792575836182,1588,1721,-0.3321720361709595,0.9878629446029663,0.9999982118606567,1627,1431,-0.477588951587677,0.6537883281707764,0.9999285936355591,1447,1683,-0.3550426661968231,0.9566489458084106,0.9999932050704956,1551,1437,-0.4378483295440674,0.5901333093643188,0.9999575614929199,1433,1634,-0.3104397654533386,0.9421371221542358,0.9999963045120239,1591,1425,-0.4340844452381134,0.4774700403213501,0.9999821186065674,1500,1619,-0.31484344601631165,0.9166508913040161,0.9999985694885254,2311,1351,-0.011467479169368744,0.9994450211524963,0.9999434947967529,2331,1671,0.011108562350273132,0.9997337460517883,0.999976396560669,2545,1286,-0.05434790626168251,0.017643140628933907,0.9911412000656128,2484,2105,-0.2901926040649414,0.24198615550994873,0.9985242486000061,2886,1403,0.10724785923957825,0.02074502222239971,0.9850276708602905,2894,1612,-0.1537781059741974,0.049555011093616486,0.9985010623931885,2940,1420,0.12340296059846878,0.033535003662109375,0.9722546339035034,2922,1516,-0.13516803085803986,0.09968205541372299,0.9981569647789001,3050,1458,0.0475473627448082,0.021533887833356857,0.9413796067237854,3094,1531,-0.21619372069835663,0.041836149990558624,0.9822918176651001,1705,1517,1492,1664,1653,1367,None,None,None,None
False,/data/uabcvmsc/shared/newborn/29/16.08.24/HM20240816154854.jpeg,37.6,30.8
True,/data/uabcvmsc/shared/newborn/29/16.08.24/HM20240816154955.jpeg,37.8,31.2,2766,1085,0.3374933898448944,1.0,1.0,2811,1113,0.36030399799346924,1.0,1.0,2815,1131,0.3602679967880249,1.0,1.0,2817,1150,0.36021363735198975,1.0,1.0,2796,1067,0.3766492009162903,1.0,1.0,2791,1052,0.376402348279953,1.0,1.0,2786,1038,0.37670084834098816,1.0,1.0,2792,1202,0.4297899603843689,1.0,1.0,2750,1038,0.49916404485702515,1.0,1.0,2714,1136,0.35727542638778687,1.0,1.0,2698,1077,0.37612465023994446,1.0,1.0,2639,1366,0.2572017014026642,1.0,1.0,2498,1015,0.4354778230190277,0.9999998807907104,1.0,2510,1363,-0.07924941182136536,0.9952245950698853,0.9999991655349731,2329,999,0.04209606721997261,0.85630202293396,0.9999983310699463,2234,1160,-0.3774517774581909,0.9935235977172852,0.9999996423721313,2329,927,-0.3892330229282379,0.9129891395568848,0.9999961853027344,2127,1103,-0.4488466680049896,0.9950776696205139,0.9999986886978149,2311,909,-0.47296565771102905,0.9508322477340698,0.9999905824661255,2181,1056,-0.43532925844192505,0.9947484135627747,0.9999991655349731,2354,928,-0.4600773751735687,0.9351730346679688,0.9999942779541016,2202,1071,-0.3774387240409851,0.9910746216773987,0.9999996423721313,2331,886,-0.40026742219924927,0.929245114326477,0.9999971389770508,2056,1521,-0.05584294721484184,0.9999998807907104,1.0,1932,1253,0.05533020943403244,0.9999997615814209,1.0,2046,1742,-0.6005499362945557,0.9999915361404419,1.0,1592,1001,-0.4229546785354614,0.9999696016311646,1.0,1552,1876,-0.8917667269706726,0.995686411857605,1.0,1199,1239,-0.6841569542884827,0.9976232647895813,1.0,1340,1892,-0.9337146878242493,0.9999479055404663,0.9999997615814209,1080,1359,-0.7210277318954468,0.9999829530715942,0.9999998807907104,1342,1812,-1.1714361906051636,0.9999673366546631,0.9999984502792358,1092,1053,-0.9265972971916199,0.9999867677688599,0.9999986886978149,2568,1190,2331,912,2186,1098,1124,1217,1411,1860
True,/data/uabcvmsc/shared/newborn/29/16.08.24/HM20240816155056.jpeg,37.0,31.4,2738,1066,0.16541750729084015,0.9997062087059021,0.9999179840087891,2788,1097,0.20337845385074615,0.9994117021560669,0.9998681545257568,2794,1108,0.20304666459560394,0.9995318651199341,0.9998782873153687,2793,1153,0.20307527482509613,0.999589741230011,0.9998637437820435,2758,1059,0.20189790427684784,0.9995360374450684,0.9998260140419006,2742,1038,0.20154665410518646,0.9996366500854492,0.9998421669006348,2710,1038,0.20135048031806946,0.9995880722999573,0.9998124241828918,2766,1200,0.33010849356651306,0.9998486042022705,0.9999440908432007,2670,1035,0.3252890110015869,0.9996104836463928,0.9998563528060913,2698,1174,0.20888924598693848,0.9996669292449951,0.9999502897262573,2663,1120,0.2048560529947281,0.9994351267814636,0.9998310804367065,2574,1476,0.3073808550834656,0.9998676776885986,0.9999340772628784,2367,1018,0.3189884126186371,0.9996306896209717,0.9996317625045776,2268,1707,0.2882010340690613,0.3871670067310333,0.9987109899520874,2244,762,0.24634046852588654,0.6513822674751282,0.999090313911438,2200,1884,0.2086404263973236,0.4904583990573883,0.9997912049293518,2370,356,0.12793761491775513,0.9042147397994995,0.9997404217720032,2203,1946,0.20254795253276825,0.606472909450531,0.9995145797729492,2367,263,0.10384001582860947,0.9372224807739258,0.999438464641571,2231,1900,0.1710183024406433,0.596291184425354,0.9994845390319824,2396,262,0.08616477251052856,0.9340740442276001,0.9994852542877197,2217,1888,0.19400803744792938,0.610414981842041,0.9997305274009705,2400,295,0.11262498795986176,0.9398088455200195,0.9997707009315491,2013,1683,-0.006179027259349823,0.9999799728393555,0.9999973773956299,1875,1352,0.005718438420444727,0.9999828338623047,0.999997615814209,2115,2222,-0.28815320134162903,0.9973273277282715,0.9999573230743408,1588,1104,-0.39509570598602295,0.9977635145187378,0.9999752044677734,1561,2040,-0.23796845972537994,0.9839293956756592,0.9999861717224121,1189,1549,-0.2993941903114319,0.9873390197753906,0.9999768733978271,1476,1950,-0.23586060106754303,0.9866011738777161,0.9999637603759766,1151,1721,-0.2873415946960449,0.9902694225311279,0.9999679327011108,1373,2115,-0.3554620146751404,0.9863813519477844,0.9992130994796753,861,1501,-0.3843576908111572,0.9886727929115295,0.9987529516220093,2470,1247,None,None,None,None,1067,1590,1470,2035
False,/data/uabcvmsc/shared/newborn/29/16.08.24/HM20240816155157.jpeg,36.8,30.9
False,/data/uabcvmsc/shared/newborn/29/16.08.24/HM20240816155258.jpeg,36.8,30.9
True,/data/uabcvmsc/shared/newborn/29/16.08.24/HM20240816155359.jpeg,36.7,31.0,2766,1148,-0.09680388122797012,0.999995231628418,0.9999996423721313,2801,1172,-0.05836835876107216,0.9999953508377075,0.999998927116394,2810,1202,-0.058560799807310104,0.9999912977218628,0.9999986886978149,2813,1222,-0.05846637114882469,0.9999940395355225,0.9999979734420776,2770,1109,-0.06249420344829559,0.999997615814209,0.9999990463256836,2752,1085,-0.06281885504722595,0.9999972581863403,0.9999990463256836,2741,1066,-0.06287887692451477,0.9999979734420776,0.9999988079071045,2779,1300,0.11692478507757187,0.9999909400939941,0.9999974966049194,2684,1053,0.09571754932403564,0.999993085861206,0.9999984502792358,2715,1208,-0.03357098251581192,0.9999932050704956,0.9999990463256836,2681,1139,-0.041707415133714676,0.9999948740005493,0.9999988079071045,2556,1495,0.1577107310295105,0.999954104423523,0.9999871253967285,2428,1023,0.11741247028112411,0.9999806880950928,0.999992847442627,2289,1676,0.00011489905591588467,0.5149515867233276,0.9995697140693665,2172,966,-0.06995374709367752,0.842386782169342,0.9997403025627136,2382,1796,-0.3224625289440155,0.8180181980133057,0.9999485015869141,2092,1058,-0.4200435280799866,0.977192223072052,0.9999707937240601,2421,1853,-0.3886300027370453,0.8813886642456055,0.9998636245727539,2024,1023,-0.49560222029685974,0.9831109046936035,0.9999102354049683,2466,1810,-0.41482657194137573,0.889849841594696,0.9999022483825684,2076,1123,-0.5121843218803406,0.984152615070343,0.9999517202377319,2445,1776,-0.34177982807159424,0.8354146480560303,0.9999544620513916,2089,1161,-0.43696048855781555,0.972743809223175,0.9999792575836182,2054,1699,0.009922926314175129,0.9999877214431763,0.9999994039535522,1931,1357,-0.01033615879714489,0.9999915361404419,0.9999996423721313,2090,2153,-0.3583196997642517,0.9860469698905945,0.9999333620071411,1753,1077,-0.4404943287372589,0.9809021949768066,0.9999767541885376,1472,1994,-0.3508780300617218,0.9750311970710754,0.9999856948852539,1468,1660,-0.410561203956604,0.969613254070282,0.9999854564666748,1366,1889,-0.3547282814979553,0.9575745463371277,0.9999581575393677,1454,1764,-0.4086514115333557,0.9363312721252441,0.9999744892120361,1160,2089,-0.5431306958198547,0.9709544777870178,0.9995660185813904,1240,1798,-0.5853337049484253,0.9628261923789978,0.9994924068450928,2492,1259,2070,1091,2428,1809,1387,1741,1333,1991
True,/data/uabcvmsc/shared/newborn/29/16.08.24/HM20240816155501.jpeg,36.4,30.7,2762,1099,-0.0036638223100453615,0.9999704360961914,0.9999916553497314,2806,1130,0.024317415431141853,0.9999514818191528,0.9999724626541138,2820,1163,0.024060092866420746,0.9999191761016846,0.9999680519104004,2828,1185,0.024157656356692314,0.999948263168335,0.9999527931213379,2765,1060,0.02414945885539055,0.9999756813049316,0.9999784231185913,2751,1040,0.023648258298635483,0.9999747276306152,0.999983549118042,2728,1024,0.02345588430762291,0.9999852180480957,0.9999822378158569,2798,1249,0.1462954431772232,0.9999271631240845,0.9999581575393677,2673,1019,0.14414167404174805,0.9999533891677856,0.9999842643737793,2727,1175,0.04083599895238876,0.9999667406082153,0.999991774559021,2677,1086,0.037830691784620285,0.9999737739562988,0.9999881982803345,2571,1489,0.2034829705953598,0.9999470710754395,0.9999783039093018,2446,1041,0.14064805209636688,0.9999866485595703,0.9999908208847046,2282,1708,0.21664567291736603,0.534074604511261,0.999817430973053,2185,955,0.07177489250898361,0.9408236742019653,0.9999244213104248,2388,1874,0.10712974518537521,0.8410623073577881,0.9999518394470215,2037,982,-0.145131453871727,0.9933585524559021,0.9999879598617554,2425,1948,0.0903552696108818,0.8513002395629883,0.9997770190238953,1928,941,-0.1893816590309143,0.9909850358963013,0.9999219179153442,2466,1921,0.05187264457345009,0.8650004267692566,0.9997928738594055,1951,1049,-0.21726351976394653,0.9916113018989563,0.9999377727508545,2444,1891,0.08948207646608353,0.8426687121391296,0.9999165534973145,1982,1087,-0.16333216428756714,0.989013671875,0.9999804496765137,2022,1730,0.023954924196004868,0.9999817609786987,0.9999985694885254,1919,1414,-0.024395756423473358,0.9999876022338867,0.999998927116394,1827,2229,-0.24697278439998627,0.903045117855072,0.9997425675392151,1674,1154,-0.35426509380340576,0.877876877784729,0.9998549222946167,1190,2314,-0.2172795683145523,0.847250759601593,0.9995676875114441,1391,1790,-0.23506426811218262,0.6144985556602478,0.9996727705001831,1094,2245,-0.21750320494174957,0.7645911574363708,0.9986752867698669,1399,1840,-0.22218860685825348,0.4359833896160126,0.99956876039505,961,2495,-0.34981662034988403,0.7996776103973389,0.9811084866523743,1170,1985,-0.33213016390800476,0.5651464462280273,0.99269038438797,2508,1265,1974,1015,2431,1908,None,None,1082,2351
True,/data/uabcvmsc/shared/newborn/29/16.08.24/HM20240816155602.jpeg,36.7,31.1,2741,1137,0.06032282114028931,0.9998936653137207,0.9999880790710449,2782,1155,0.09075573831796646,0.9997884631156921,0.9999589920043945,2789,1176,0.09052162617444992,0.9996750354766846,0.999954104423523,2794,1192,0.0906270444393158,0.9997852444648743,0.9999345541000366,2753,1105,0.0854300931096077,0.9999054670333862,0.9999691247940063,2742,1089,0.08497048169374466,0.9999088048934937,0.9999771118164062,2731,1072,0.08480653166770935,0.9999431371688843,0.9999754428863525,2766,1238,0.2193426489830017,0.9997616410255432,0.9999518394470215,2690,1047,0.19379669427871704,0.9998657703399658,0.9999808073043823,2698,1190,0.10793767124414444,0.9999090433120728,0.9999897480010986,2672,1127,0.09824629873037338,0.9999376535415649,0.9999873638153076,2583,1460,0.266371488571167,0.999962568283081,0.999981164932251,2451,1022,0.18674644827842712,0.9999879598617554,0.999990701675415,2317,1716,0.24438078701496124,0.440575510263443,0.9998712539672852,2196,963,0.10804899781942368,0.9143140316009521,0.9999380111694336,2386,1889,0.06772486120462418,0.8140828609466553,0.9999443292617798,2015,985,-0.12066229432821274,0.9936880469322205,0.9999914169311523,2423,1961,0.03500105068087578,0.8329917788505554,0.9997952580451965,1908,964,-0.17184984683990479,0.991946280002594,0.9999585151672363,2455,1944,-0.003044221317395568,0.852540135383606,0.9998107552528381,1910,1044,-0.2024439126253128,0.9926220178604126,0.9999673366546631,2433,1904,0.04742014408111572,0.8287210464477539,0.9999151229858398,1956,1084,-0.14008137583732605,0.989107072353363,0.9999881982803345,2098,1683,0.023969778791069984,0.9999659061431885,0.9999970197677612,1994,1369,-0.02454381063580513,0.9999731779098511,0.9999974966049194,1840,2205,-0.24469703435897827,0.8772103190422058,0.9997137188911438,1641,1208,-0.3381514549255371,0.7679445147514343,0.9997665286064148,1199,2295,-0.21393926441669464,0.8226025700569153,0.9992984533309937,1283,1780,-0.16641665995121002,0.33990511298179626,0.9993939399719238,1097,2251,-0.21568508446216583,0.7304314374923706,0.9979656934738159,1283,1871,-0.14921456575393677,0.248566135764122,0.9993160963058472,979,2469,-0.36871838569641113,0.7606803774833679,0.9822561740875244,1061,1926,-0.26507556438446045,0.3180006742477417,0.9935732483863831,2517,1241,1947,1019,2424,1924,None,None,1092,2338
False,/data/uabcvmsc/shared/newborn/29/16.08.24/HM20240816155703.jpeg,36.7,30.9
False,/data/uabcvmsc/shared/newborn/29/16.08.24/HM20240816155804.jpeg,36.7,30.7
True,/data/uabcvmsc/shared/newborn/29/16.08.24/HM20240816155905.jpeg,38.2,31.0,1822,1393,-0.2771763205528259,0.9999576807022095,0.9999969005584717,1758,1370,-0.25018608570098877,0.9999306201934814,0.9999927282333374,1755,1341,-0.250528484582901,0.9998949766159058,0.9999910593032837,1754,1312,-0.2505127787590027,0.9999147653579712,0.9999817609786987,1763,1429,-0.2564181685447693,0.9999659061431885,0.999993085861206,1760,1479,-0.25678375363349915,0.9999607801437378,0.999993085861206,1759,1509,-0.25695255398750305,0.9999722242355347,0.9999887943267822,1772,1282,-0.11072711646556854,0.9999030828475952,0.999971866607666,1780,1556,-0.14333227276802063,0.999923586845398,0.9999858140945435,1926,1329,-0.22254858911037445,0.9994105100631714,0.9999165534973145,1875,1429,-0.23438097536563873,0.999670147895813,0.9999240636825562,1946,1169,-0.06955557316541672,0.9996135830879211,0.9997181296348572,2017,1667,-0.07762550562620163,0.9998655319213867,0.9999146461486816,2061,957,-0.14466506242752075,0.4679904580116272,0.9964461922645569,2249,1766,-0.07447997480630875,0.23976926505565643,0.9989582300186157,1901,1102,-0.20556028187274933,0.19899900257587433,0.9992260932922363,2432,1650,-0.07651641964912415,0.37285149097442627,0.9997541308403015,1870,1144,-0.2225249856710434,0.1619621366262436,0.9979467988014221,2491,1637,-0.08504608273506165,0.3497048318386078,0.9990845918655396,1830,1163,-0.20668646693229675,0.1457570344209671,0.9982642531394958,2479,1635,-0.09006207436323166,0.3452063500881195,0.9992278814315796,1848,1168,-0.20051045715808868,0.1445673704147339,0.9990971088409424,2451,1623,-0.07909220457077026,0.3391403555870056,0.9996683597564697,2512,1171,0.0022724003065377474,0.9998949766159058,0.9999897480010986,2557,1427,-0.002622842090204358,0.9999117851257324,0.9999921321868896,2820,1040,0.19351305067539215,0.14414751529693604,0.999775230884552,2869,1280,0.10383762419223785,0.07962372899055481,0.9998878240585327,2851,1022,0.4211089611053467,0.07321791350841522,0.9986691474914551,2904,1197,0.36320385336875916,0.044170718640089035,0.9983510971069336,2859,1026,0.4436814486980438,0.14161984622478485,0.9970808625221252,2906,1173,0.3916030526161194,0.07257559150457382,0.9980785846710205,2967,982,0.43349897861480713,0.08859564363956451,0.9864089488983154,3023,1175,0.3829306960105896,0.04473813995718956,0.9880284070968628,1982,1418,None,None,None,None,None,None,None,None
False,/data/uabcvmsc/shared/newborn/29/16.08.24/HM20240816160007.jpeg,37.2,31.0,1311,1563,-0.3897244334220886,0.9968769550323486,0.9997265934944153,1308,1561,-0.40049123764038086,0.9934064149856567,0.9978260397911072,1316,1568,-0.4008629024028778,0.9908375144004822,0.9977045655250549,1325,1574,-0.40097928047180176,0.9953436255455017,0.9962102174758911,1294,1543,-0.3997926115989685,0.9970717430114746,0.9977988600730896,1292,1537,-0.40016892552375793,0.9967189431190491,0.9978259205818176,1289,1533,-0.40042203664779663,0.9978870749473572,0.9971351623535156,1390,1593,-0.37763598561286926,0.9908249974250793,0.9954673051834106,1341,1524,-0.37030670046806335,0.9862361550331116,0.9963443875312805,1367,1583,-0.36975720524787903,0.9906547665596008,0.9993566870689392,1352,1569,-0.3696741461753845,0.9906702041625977,0.9991011619567871,1656,1711,-0.30188560485839844,0.999077320098877,0.9995287656784058,1552,1380,-0.2646092474460602,0.9983198046684265,0.9995627999305725,1729,1633,-0.26791882514953613,0.01149075012654066,0.9934885501861572,1767,1169,-0.23218785226345062,0.002171429805457592,0.9949570298194885,1442,1793,-0.28076016902923584,0.004771482199430466,0.9986979961395264,1501,1357,-0.24010951817035675,0.0065153781324625015,0.9996084570884705,1383,1868,-0.30674391984939575,0.006903236731886864,0.9978033900260925,1421,1380,-0.25477272272109985,0.010586035437881947,0.9994505047798157,1313,1855,-0.3039252758026123,0.006213281769305468,0.9977248311042786,1393,1444,-0.2811878025531769,0.009397218935191631,0.9994837045669556,1305,1894,-0.2794172465801239,0.004359891638159752,0.998501181602478,1421,1441,-0.2507501542568207,0.007370219565927982,0.9997385144233704,2241,1589,-0.0441909022629261,0.9963858127593994,0.9995455145835876,2150,1390,0.04331658035516739,0.9965315461158752,0.9996054768562317,2027,2018,-0.05172572284936905,0.00140088121406734,0.9996895790100098,1768,1382,0.27821242809295654,4.397928569233045e-05,0.9996637105941772,1677,2109,0.016881808638572693,0.0030871888156980276,0.9997181296348572,1969,1492,0.4800795912742615,0.000279648374998942,0.9982195496559143,1658,2074,0.02596527710556984,0.007242151070386171,0.9993317723274231,2036,1503,0.5033996105194092,0.0010064743692055345,0.998205304145813,1467,2249,0.019564546644687653,0.005764166824519634,0.9994521737098694,1932,1541,0.5280899405479431,0.0004321100714150816,0.998075008392334
False,/data/uabcvmsc/shared/newborn/29/16.08.24/HM20240816160108.jpeg,36.5,31.0,848,997,-0.36110061407089233,0.9993574023246765,0.9995284080505371,789,1012,-0.3445144593715668,0.9993535876274109,0.9992202520370483,791,1014,-0.34509530663490295,0.9991124272346497,0.9993399977684021,792,1017,-0.34513217210769653,0.9995424747467041,0.9992223978042603,780,1060,-0.3803986608982086,0.9996342658996582,0.9990817308425903,776,1078,-0.3809228837490082,0.9995860457420349,0.9992454051971436,784,1087,-0.3811849057674408,0.9997524619102478,0.9991390705108643,839,1158,-0.24228964745998383,0.9997249245643616,0.9996942281723022,834,1235,-0.4047587513923645,0.9994717240333557,0.9994189739227295,928,1066,-0.31421563029289246,0.9994165897369385,0.9997300505638123,927,1083,-0.3645128011703491,0.9994576573371887,0.9995644688606262,1188,1296,-0.1304463893175125,0.9997735619544983,0.9999414682388306,1244,1418,-0.36559370160102844,0.9996021389961243,0.9997496008872986,1383,1189,0.05073732137680054,0.0318308062851429,0.9987508058547974,1538,1578,-0.45508334040641785,0.727276086807251,0.9879521727561951,1001,1139,0.14298750460147858,0.2813320457935333,0.999866247177124,1138,1533,-0.5009704828262329,0.9228329658508301,0.9996893405914307,892,1072,0.15193478763103485,0.4213527739048004,0.9997406601905823,1021,1515,-0.5459114909172058,0.9236444234848022,0.9995334148406982,858,1022,0.12497789412736893,0.4223250150680542,0.9997044205665588,951,1523,-0.5335235595703125,0.9197447896003723,0.999599277973175,921,1083,0.13434606790542603,0.40668442845344543,0.999821126461029,1004,1509,-0.5013625621795654,0.8780099749565125,0.9997939467430115,2056,1404,0.07374714314937592,0.9995597004890442,0.9999706745147705,2115,1429,-0.0743231400847435,0.9996559619903564,0.9999642372131348,2388,1462,0.49004989862442017,0.007078800816088915,0.999640703201294,2397,1438,0.2167799323797226,0.039172522723674774,0.9996520280838013,2640,1600,0.7599164843559265,0.03428420424461365,0.9992761015892029,2664,1519,0.48788270354270935,0.13807696104049683,0.9983497858047485,2687,1627,0.784518837928772,0.10658131539821625,0.9978771209716797,2708,1554,0.5181471109390259,0.23304465413093567,0.9978850483894348,2728,1611,0.7806167602539062,0.08374401181936264,0.9978050589561462,2759,1467,0.511056125164032,0.1722268909215927,0.9940861463546753
False,/data/uabcvmsc/shared/newborn/29/16.08.24/HM20240816160210.jpeg,37.0,31.1,1306,1701,-0.16640548408031464,0.9996472597122192,0.9999791383743286,1256,1687,-0.13921266794204712,0.9995841383934021,0.9999326467514038,1248,1664,-0.1396188586950302,0.9993626475334167,0.9999275207519531,1241,1641,-0.1396823525428772,0.9996718168258667,0.9998881816864014,1281,1750,-0.14342904090881348,0.9997060894966125,0.9999103546142578,1292,1772,-0.14381977915763855,0.9995535016059875,0.9998990297317505,1302,1794,-0.14408287405967712,0.9997287392616272,0.9998487234115601,1283,1595,-0.02180231735110283,0.9992842078208923,0.9998177886009216,1366,1812,-0.03921519219875336,0.9983308911323547,0.9997039437294006,1361,1636,-0.12299719452857971,0.9972270131111145,0.9997406601905823,1393,1714,-0.13054732978343964,0.9970780611038208,0.9995169639587402,1509,1356,0.017446864396333694,0.9993566870689392,0.9994804263114929,1671,1855,-0.04830195754766464,0.9991121888160706,0.9994329810142517,1538,1139,-0.07452232390642166,0.10520707815885544,0.9968306422233582,1775,2007,-0.2470005601644516,0.6665218472480774,0.9971970319747925,1130,1254,-0.17006626725196838,0.1851385533809662,0.999953031539917,1342,1809,-0.4050849974155426,0.7792361974716187,0.9999781847000122,1051,1231,-0.18440575897693634,0.1899205446243286,0.9998705387115479,1196,1797,-0.44657644629478455,0.6688932776451111,0.9999455213546753,1022,1261,-0.18793214857578278,0.16558927297592163,0.9998958110809326,1180,1772,-0.42077988386154175,0.6265186667442322,0.9999589920043945,1067,1277,-0.1725759208202362,0.15311653912067413,0.999954342842102,1225,1724,-0.40075281262397766,0.5617509484291077,0.9999827146530151,2182,1310,0.01776386983692646,0.9983605742454529,0.9996997117996216,2273,1571,-0.01830400340259075,0.9984753727912903,0.9997226595878601,1945,1218,0.11217621713876724,0.017086239531636238,0.9997093081474304,1943,1704,0.013543865643441677,0.050506580621004105,0.9999423027038574,1732,1342,-0.037137456238269806,0.07938077300786972,0.9999264478683472,1704,1576,-0.2452157586812973,0.3075735867023468,0.9998531341552734,1774,1334,-0.055813081562519073,0.17787112295627594,0.999735414981842,1756,1479,-0.2715110182762146,0.4424436688423157,0.9997144341468811,1549,1435,-0.13815876841545105,0.1657390147447586,0.9994121789932251,1494,1711,-0.3668186366558075,0.4636852741241455,0.9984044432640076
True,/data/uabcvmsc/shared/newborn/29/16.08.24/HM20240816160312.jpeg,36.7,30.8,2729,1209,0.21283936500549316,0.9996700286865234,0.9999890327453613,2789,1188,0.25227952003479004,0.9991211295127869,0.9999788999557495,2790,1192,0.2520659565925598,0.9991894364356995,0.9999768733978271,2788,1238,0.2521713674068451,0.9991855025291443,0.9999701976776123,2747,1159,0.2483150213956833,0.9995725750923157,0.9999798536300659,2734,1130,0.24803771078586578,0.9996814727783203,0.9999822378158569,2722,1145,0.24789755046367645,0.9996421337127686,0.9999784231185913,2766,1276,0.38917407393455505,0.9995335340499878,0.9999887943267822,2676,1141,0.37183430790901184,0.9995477795600891,0.9999845027923584,2691,1263,0.26013708114624023,0.9995367527008057,0.9999890327453613,2657,1217,0.252755343914032,0.9994089603424072,0.9999716281890869,2575,1544,0.384935587644577,0.9998118281364441,0.9998811483383179,2426,1083,0.35160577297210693,0.9996511936187744,0.9996205568313599,2281,1795,0.29331040382385254,0.13173572719097137,0.9830325245857239,2259,800,0.2179209440946579,0.08904232084751129,0.9948444366455078,2450,1937,0.12934991717338562,0.26643797755241394,0.999679684638977,2287,423,0.06672549992799759,0.35986897349357605,0.9974896907806396,2511,1960,0.11702753603458405,0.32005807757377625,0.9994833469390869,2288,313,0.0391557440161705,0.4580303728580475,0.9949742555618286,2543,1934,0.10085810720920563,0.28642553091049194,0.9995884299278259,2304,311,0.031449802219867706,0.4386332333087921,0.9963750243186951,2523,1919,0.1192978248000145,0.24568702280521393,0.9997734427452087,2303,346,0.05529177188873291,0.42894184589385986,0.9983487129211426,2027,1705,0.012358317151665688,0.999157190322876,0.9999549388885498,1937,1348,-0.01285330019891262,0.9993808269500732,0.9999611377716064,2126,2239,-0.3182699382305145,0.8474564552307129,0.9993791580200195,1845,1012,-0.4536319971084595,0.8329251408576965,0.9995241165161133,1559,1933,-0.3300911486148834,0.2080143243074417,0.9996572732925415,1406,1574,-0.4117591679096222,0.2469026893377304,0.9994004964828491,1477,1844,-0.33496928215026855,0.7084563970565796,0.9992133378982544,1345,1684,-0.4074608087539673,0.752867579460144,0.9992913007736206,1436,1903,-0.49568742513656616,0.4393114447593689,0.9951756000518799,1195,1594,-0.5450534820556641,0.5141439437866211,0.9904693961143494,2500,1314,None,None,None,None,1345,1684,1477,1844
True,/data/uabcvmsc/shared/newborn/29/16.08.24/HM20240816160413.jpeg,36.6,30.7,1231,1724,-0.2112477421760559,0.9912245869636536,0.9970415234565735,1171,1701,-0.19446083903312683,0.9829367399215698,0.9909200668334961,1167,1679,-0.19489650428295135,0.9764904975891113,0.9919725656509399,1165,1655,-0.19494418799877167,0.9884042739868164,0.9892688393592834,1182,1761,-0.19528311491012573,0.9897702932357788,0.990323543548584,1187,1783,-0.19578099250793457,0.9877870678901672,0.9922278523445129,1191,1805,-0.19611003994941711,0.9936645030975342,0.9911708235740662,1210,1604,-0.10707668960094452,0.9943156838417053,0.9956466555595398,1242,1818,-0.11401572078466415,0.9888395667076111,0.9960753321647644,1296,1665,-0.1754007190465927,0.9927355051040649,0.9984558820724487,1312,1748,-0.1802499145269394,0.9939897060394287,0.9977405071258545,1564,1366,-0.07468989491462708,0.9995892643928528,0.9996728897094727,1625,1889,-0.06617570668458939,0.9996436834335327,0.9995966553688049,1805,1023,-0.09697947651147842,0.573087215423584,0.9954388737678528,1952,2255,-0.14590099453926086,0.3291849195957184,0.9961800575256348,1435,1469,-0.025013325735926628,0.3059561848640442,0.9999366998672485,1564,1865,-0.15867900848388672,0.34588339924812317,0.9999701976776123,1415,1590,-0.021815510466694832,0.19661490619182587,0.9998517036437988,1502,1711,-0.16927039623260498,0.2392619103193283,0.9999403953552246,1305,1609,0.017990322783589363,0.15903840959072113,0.9998821020126343,1418,1752,-0.12164852023124695,0.19149817526340485,0.9999549388885498,1391,1569,-0.0037205929402261972,0.12834370136260986,0.9999382495880127,1468,1754,-0.1392330825328827,0.16630780696868896,0.9999769926071167,2379,1246,-0.0035804654471576214,0.9997319579124451,0.9999674558639526,2423,1521,0.0031133240554481745,0.999777615070343,0.9999703168869019,2755,1012,0.23384429514408112,0.004979568533599377,0.9985878467559814,2820,1304,0.24704773724079132,0.0022218229714781046,0.9994445443153381,2953,970,0.534148097038269,0.004937411285936832,0.9955331087112427,3028,1189,0.541006863117218,0.005031955428421497,0.9922397136688232,2981,965,0.5635157227516174,0.015478971414268017,0.9907175898551941,3069,1163,0.5726702213287354,0.009898273274302483,0.9904916882514954,3108,912,0.5255213975906372,0.00852794200181961,0.9734780192375183,3153,1147,0.5331152081489563,0.007145393639802933,0.9697466492652893,1594,1628,None,None,None,None,None,None,None,None
True,/data/uabcvmsc/shared/newborn/29/16.08.24/HM20240816160514.jpeg,36.7,30.8,1264,1818,-0.2025201916694641,0.9813739657402039,0.996220052242279,1207,1770,-0.18267391622066498,0.9688116908073425,0.9910953044891357,1204,1751,-0.18311075866222382,0.9589062929153442,0.9924006462097168,1206,1725,-0.18312962353229523,0.9795692563056946,0.9900525212287903,1230,1858,-0.18065060675144196,0.9773305654525757,0.988579273223877,1237,1873,-0.18119139969348907,0.9718018174171448,0.9898788928985596,1245,1889,-0.18151220679283142,0.984408438205719,0.987617552280426,1238,1665,-0.08639024198055267,0.9866614937782288,0.9941524863243103,1312,1894,-0.07998007535934448,0.9675196409225464,0.9912277460098267,1356,1734,-0.16375631093978882,0.9716557264328003,0.9951809644699097,1372,1816,-0.1650700569152832,0.9704288244247437,0.9904224872589111,1537,1370,-0.08497186750173569,0.9987817406654358,0.9987573623657227,1694,1922,-0.05197467654943466,0.9979223608970642,0.9970393776893616,1722,1022,-0.2304777204990387,0.7880703210830688,0.9923686385154724,1946,2281,-0.19404111802577972,0.3480527102947235,0.9903706908226013,1392,1551,-0.21680793166160583,0.5493904948234558,0.9999263286590576,1480,1865,-0.22293086349964142,0.29744666814804077,0.9998657703399658,1260,1740,-0.2241089940071106,0.3266265094280243,0.9998177886009216,1400,1753,-0.23551198840141296,0.16608977317810059,0.9997193217277527,1235,1728,-0.16404135525226593,0.27002716064453125,0.9998562335968018,1368,1727,-0.17694807052612305,0.13010789453983307,0.9997624754905701,1293,1679,-0.18941648304462433,0.22548513114452362,0.9999234676361084,1384,1786,-0.2005801647901535,0.11767499893903732,0.9998786449432373,2454,1228,-0.013795937411487103,0.9994348883628845,0.9999086856842041,2498,1514,0.013235433958470821,0.9994938373565674,0.9999130964279175,2821,1050,0.27667665481567383,0.0032667925115674734,0.9975173473358154,2883,1324,0.2522119879722595,0.0021493255626410246,0.9988081455230713,2934,1080,0.5852267742156982,0.004876842722296715,0.9936005473136902,3008,1243,0.5666664838790894,0.0034052119590342045,0.9905589818954468,3014,1058,0.6146332621574402,0.014629540964961052,0.9863908290863037,3031,1221,0.6008703112602234,0.007056147325783968,0.988605797290802,3156,1037,0.5589439272880554,0.007988633587956429,0.9665378332138062,3134,1198,0.5509825348854065,0.005525993648916483,0.9698259830474854,1616,1646,None,None,None,None,None,None,None,None
True,/data/uabcvmsc/shared/newborn/29/16.08.24/HM20240816160615.jpeg,36.7,30.8,1317,1839,-0.1515221893787384,0.9922521710395813,0.9991801381111145,1262,1809,-0.13745030760765076,0.9868434071540833,0.9979277849197388,1251,1786,-0.13781578838825226,0.9821001291275024,0.9982153177261353,1242,1762,-0.13780486583709717,0.9913017749786377,0.9976205229759216,1276,1896,-0.13021796941757202,0.9908941984176636,0.9974192380905151,1282,1911,-0.13072320818901062,0.9881266355514526,0.9977537989616394,1288,1924,-0.13101649284362793,0.9937865734100342,0.9972643852233887,1258,1701,-0.06280208379030228,0.9945210218429565,0.9988042116165161,1354,1925,-0.031316109001636505,0.9885008335113525,0.9984143972396851,1364,1769,-0.11986169219017029,0.9883881211280823,0.9989851117134094,1385,1826,-0.1138402670621872,0.9867466688156128,0.9977853298187256,1518,1384,-0.06737770885229111,0.9994402527809143,0.9995887875556946,1659,1925,0.002416608389467001,0.9991468191146851,0.9992671608924866,1671,1054,-0.21519263088703156,0.7476853728294373,0.995707094669342,1946,2279,-0.11841884255409241,0.3955201506614685,0.9971464276313782,1340,1613,-0.19779571890830994,0.4431534707546234,0.9999579191207886,1518,1876,-0.14207452535629272,0.3148333430290222,0.9999724626541138,1259,1739,-0.20439229905605316,0.24003854393959045,0.999904990196228,1406,1738,-0.15198178589344025,0.17382413148880005,0.9999504089355469,1219,1742,-0.1471431404352188,0.19208671152591705,0.9999309778213501,1360,1722,-0.0945095643401146,0.13289576768875122,0.9999591112136841,1288,1692,-0.1710638701915741,0.15158087015151978,0.9999620914459229,1406,1787,-0.11979232728481293,0.10879167169332504,0.9999774694442749,2366,1273,-0.028537053614854813,0.9996819496154785,0.999974250793457,2420,1564,0.028054803609848022,0.9997449517250061,0.9999815225601196,2766,1148,0.21361589431762695,0.005016230512410402,0.999704897403717,2843,1404,0.20640940964221954,0.004372807685285807,0.9998953342437744,2987,1101,0.4693814516067505,0.008561580441892147,0.9991474151611328,3063,1313,0.446633905172348,0.008167095482349396,0.9988545179367065,3015,1076,0.49269887804985046,0.022318275645375252,0.9978024363517761,3099,1271,0.4725855886936188,0.014840527437627316,0.9983049631118774,3146,1100,0.4317408502101898,0.015985870733857155,0.9942137598991394,3206,1331,0.41690364480018616,0.014876683242619038,0.9941756725311279,1588,1654,None,None,None,None,None,None,None,None
False,/data/uabcvmsc/shared/newborn/29/16.08.24/HM20240816160716.jpeg,36.6,31.0
True,/data/uabcvmsc/shared/newborn/29/16.08.24/HM20240816160818.jpeg,36.9,30.9,2798,1086,0.45866042375564575,1.0,1.0,2806,1102,0.5012365579605103,1.0,1.0,2816,1123,0.5013126134872437,1.0,1.0,2821,1136,0.5012874603271484,1.0,1.0,2787,1063,0.5007412433624268,1.0,1.0,2783,1054,0.5005922913551331,1.0,1.0,2775,1036,0.500960648059845,1.0,1.0,2797,1171,0.6212664842605591,1.0,1.0,2734,1009,0.613291323184967,1.0,1.0,2771,1125,0.4923988878726959,1.0,1.0,2729,1076,0.48946231603622437,1.0,1.0,2680,1363,0.5184699892997742,1.0,1.0,2476,946,0.4930952787399292,1.0,1.0,2752,1549,0.20918507874011993,0.9889127612113953,0.9999945163726807,2337,880,0.12663637101650238,0.8230950832366943,0.9999988079071045,2768,1356,-0.11264925450086594,0.9602782726287842,0.9999998807907104,2394,819,-0.19604463875293732,0.8789993524551392,0.9999986886978149,2768,1290,-0.1760210394859314,0.9651859998703003,0.9999994039535522,2392,813,-0.2727377116680145,0.8917394280433655,0.9999955892562866,2784,1249,-0.14957156777381897,0.956333339214325,0.9999997615814209,2440,837,-0.248047336935997,0.8554098010063171,0.9999979734420776,2769,1259,-0.11068777740001678,0.951298177242279,0.9999998807907104,2447,849,-0.1995992809534073,0.8914010524749756,0.9999990463256836,2332,1384,0.02334788255393505,1.0,1.0,2221,1116,-0.02374550886452198,1.0,1.0,2301,1658,-0.43637514114379883,0.9999971389770508,1.0,2079,1141,-0.4994009733200073,0.9999959468841553,1.0,1907,1676,-0.8303664326667786,0.8276468515396118,1.0,1822,1471,-0.870746910572052,0.9757118821144104,1.0,1719,1686,-0.881140947341919,0.9999637603759766,1.0,1722,1513,-0.9168193340301514,0.9999940395355225,1.0,1864,1658,-1.0812000036239624,0.9999505281448364,0.9999998807907104,2003,1499,-1.102126121520996,0.9999958276748657,0.9999998807907104,2578,1154,None,None,2772,1288,1849,1494,1830,1673
True,/data/uabcvmsc/shared/newborn/29/16.08.24/HM20240816160919.jpeg,36.9,31.3,2726,1064,0.06362973153591156,0.9999785423278809,0.9999953508377075,2765,1091,0.09736989438533783,0.9999735355377197,0.9999933242797852,2777,1116,0.0970771461725235,0.9999722242355347,0.9999938011169434,2786,1136,0.09710764139890671,0.9999831914901733,0.9999927282333374,2737,1041,0.1053440123796463,0.9999774694442749,0.9999886751174927,2718,1031,0.10502433031797409,0.9999737739562988,0.9999880790710449,2707,1011,0.10491428524255753,0.9999762773513794,0.9999840259552002,2760,1220,0.22645598649978638,0.9999877214431763,0.9999958276748657,2660,1011,0.2616643011569977,0.9999358654022217,0.9999850988388062,2694,1133,0.10883112996816635,0.9999841451644897,0.9999973773956299,2667,1064,0.1161806657910347,0.9999741315841675,0.999990701675415,2559,1466,0.21813885867595673,0.999982476234436,0.9999938011169434,2392,985,0.30409786105155945,0.9999459981918335,0.9999517202377319,2274,1695,0.10242681205272675,0.8227788209915161,0.9996365308761597,2278,776,0.25663328170776367,0.40177157521247864,0.9994810223579407,2410,1695,-0.0907546877861023,0.9028794765472412,0.9999886751174927,2294,652,0.10114516317844391,0.6998654007911682,0.9997897744178772,2452,1735,-0.12695622444152832,0.9027218818664551,0.9999653100967407,2296,594,0.07197839766740799,0.7543985247612,0.9994314312934875,2489,1701,-0.13496048748493195,0.8932011723518372,0.9999704360961914,2325,605,0.05172257497906685,0.7441499829292297,0.9995585083961487,2472,1673,-0.09718070924282074,0.8445264101028442,0.9999868869781494,2325,642,0.08486374467611313,0.7473905086517334,0.999813973903656,2029,1663,-0.010374688543379307,0.999996542930603,0.9999997615814209,1887,1313,0.009975950233638287,0.9999972581863403,0.9999996423721313,2068,2225,-0.26515328884124756,0.9885204434394836,0.999990701675415,1599,1253,-0.42568907141685486,0.9956960678100586,0.9999947547912598,1579,1998,-0.14055368304252625,0.9476519227027893,0.9999958276748657,1132,1751,-0.38110440969467163,0.9914433360099792,0.9999852180480957,1477,1903,-0.13107992708683014,0.9491856098175049,0.9999890327453613,1093,1899,-0.37664100527763367,0.9839240908622742,0.9999716281890869,1374,2153,-0.24944022297859192,0.9544305205345154,0.9997206330299377,811,1754,-0.5170847773551941,0.989074170589447,0.9986658096313477,2476,1226,2315,614,2456,1701,1012,1801,1477,2018
True,/data/uabcvmsc/shared/newborn/29/16.08.24/HM20240816161020.jpeg,37.2,31.1,2718,1064,0.10849547386169434,0.9999929666519165,0.9999991655349731,2748,1097,0.14572662115097046,0.9999927282333374,0.999998927116394,2756,1116,0.14543788135051727,0.9999922513961792,0.9999990463256836,2762,1136,0.14548780024051666,0.9999949932098389,0.9999988079071045,2722,1049,0.15496112406253815,0.9999934434890747,0.9999980926513672,2714,1039,0.15463942289352417,0.9999921321868896,0.9999978542327881,2707,1027,0.15456464886665344,0.9999921321868896,0.9999969005584717,2752,1237,0.28054291009902954,0.9999961853027344,0.9999992847442627,2638,1024,0.3210754692554474,0.9999772310256958,0.9999967813491821,2674,1137,0.15452949702739716,0.9999929666519165,0.9999992847442627,2647,1068,0.16345570981502533,0.9999877214431763,0.9999972581863403,2542,1488,0.2561195194721222,0.9999876022338867,0.9999967813491821,2382,996,0.3477168083190918,0.999955415725708,0.9999668598175049,2288,1694,0.10850505530834198,0.8230778574943542,0.9997722506523132,2278,812,0.2817077338695526,0.3908594250679016,0.9994801878929138,2414,1696,-0.11445701867341995,0.9137062430381775,0.9999892711639404,2288,710,0.11348992586135864,0.6717881560325623,0.9997709393501282,2431,1752,-0.1567826122045517,0.9222993850708008,0.999966025352478,2289,661,0.08133884519338608,0.7368890643119812,0.9994359612464905,2487,1704,-0.1632491797208786,0.9161670804023743,0.9999724626541138,2323,672,0.06383401900529861,0.7271215319633484,0.9995818734169006,2464,1681,-0.12133271247148514,0.8753088116645813,0.9999874830245972,2323,705,0.09774065017700195,0.7242026329040527,0.9998180270195007,2031,1673,-0.009901088662445545,0.9999970197677612,0.9999997615814209,1882,1326,0.009485114365816116,0.9999974966049194,0.9999997615814209,2075,2231,-0.27832725644111633,0.9921032786369324,0.9999922513961792,1588,1241,-0.43830084800720215,0.9975681900978088,0.9999945163726807,1585,2000,-0.17206110060214996,0.9649034142494202,0.9999957084655762,1134,1756,-0.41034451127052307,0.994442880153656,0.9999808073043823,1486,1900,-0.16454625129699707,0.9650024175643921,0.9999876022338867,1102,1888,-0.407835990190506,0.98863285779953,0.9999606609344482,1373,2161,-0.29138392210006714,0.9654343724250793,0.9996809959411621,799,1762,-0.5566484928131104,0.9916844367980957,0.9982154369354248,2462,1242,2312,679,2449,1708,1012,1802,1481,2020
True,/data/uabcvmsc/shared/newborn/29/16.08.24/HM20240816161121.jpeg,37.0,31.1,2773,1068,0.028631675988435745,0.9999901056289673,0.9999972581863403,2826,1102,0.05746656283736229,0.999988317489624,0.9999958276748657,2831,1118,0.057164013385772705,0.9999876022338867,0.9999963045120239,2842,1146,0.057187002152204514,0.999992847442627,0.9999957084655762,2790,1055,0.06584934890270233,0.9999897480010986,0.9999927282333374,2771,1036,0.06552162766456604,0.9999880790710449,0.9999926090240479,2764,1027,0.06542158871889114,0.99998939037323,0.9999901056289673,2804,1222,0.174408957362175,0.9999949932098389,0.9999977350234985,2706,1038,0.21143068373203278,0.999970555305481,0.9999910593032837,2734,1132,0.07023335248231888,0.9999943971633911,0.9999988079071045,2712,1086,0.07825160771608353,0.9999904632568359,0.9999955892562866,2575,1481,0.17332959175109863,0.9999915361404419,0.9999977350234985,2404,997,0.2537119686603546,0.9999706745147705,0.9999775886535645,2280,1697,0.0684504359960556,0.8716452121734619,0.9998445510864258,2277,778,0.2045987993478775,0.4908141791820526,0.9996570348739624,2414,1697,-0.12389715015888214,0.9350240230560303,0.999994158744812,2294,702,0.031643401831388474,0.7134864330291748,0.9998264908790588,2444,1747,-0.1626739203929901,0.9356785416603088,0.9999823570251465,2289,655,-0.001509672263637185,0.7704631090164185,0.9995463490486145,2480,1706,-0.17287130653858185,0.9305738806724548,0.999984622001648,2322,666,-0.02337598241865635,0.7643770575523376,0.9996477365493774,2467,1672,-0.13124658167362213,0.8910751342773438,0.999993085861206,2324,698,0.014629794284701347,0.7578168511390686,0.9998518228530884,2043,1680,-0.005836427677422762,0.9999978542327881,0.9999998807907104,1891,1322,0.005507202818989754,0.9999983310699463,0.9999997615814209,2074,2221,-0.25143134593963623,0.9904242157936096,0.9999932050704956,1590,1231,-0.40406912565231323,0.9962723255157471,0.9999954700469971,1575,1996,-0.11695832014083862,0.9574510455131531,0.9999969005584717,1128,1744,-0.35948503017425537,0.9931057095527649,0.9999834299087524,1498,1897,-0.1065746545791626,0.9577649235725403,0.999991774559021,1097,1875,-0.35559016466140747,0.9835804104804993,0.9999674558639526,1377,2183,-0.2271375060081482,0.9603822827339172,0.9998028874397278,830,1712,-0.5050621032714844,0.9899302124977112,0.9987150430679321,2490,1239,2307,680,2451,1706,1018,1777,1483,2025
True,/data/uabcvmsc/shared/newborn/29/16.08.24/HM20240816161222.jpeg,37.3,31.3,2841,1038,0.25191208720207214,0.9999997615814209,1.0,2864,1056,0.29559943079948425,0.9999996423721313,1.0,2865,1069,0.2953336536884308,0.9999994039535522,1.0,2867,1080,0.2955160140991211,0.9999995231628418,0.9999998807907104,2845,1015,0.2961118817329407,0.9999998807907104,1.0,2832,998,0.2957707941532135,0.9999998807907104,1.0,2825,988,0.29574352502822876,0.9999998807907104,1.0,2842,1146,0.4309932589530945,0.9999996423721313,1.0,2737,999,0.42939797043800354,0.9999996423721313,1.0,2808,1097,0.2941470146179199,0.9999998807907104,1.0,2783,1048,0.2914559841156006,0.9999998807907104,1.0,2549,1461,0.36110010743141174,0.9999992847442627,0.9999997615814209,2462,986,0.3283812701702118,0.9999997615814209,0.9999998807907104,2241,1713,0.20814047753810883,0.9279597997665405,0.999983549118042,2229,802,0.0554053969681263,0.9797312617301941,0.9999966621398926,2073,2036,-0.06856359541416168,0.9338014125823975,0.999987006187439,2005,764,-0.3240247666835785,0.9967315196990967,0.9999971389770508,2021,2123,-0.11906252801418304,0.9301161766052246,0.9999395608901978,1894,719,-0.4021326005458832,0.9946645498275757,0.9999849796295166,2021,2115,-0.15936186909675598,0.938506543636322,0.9999535083770752,1892,811,-0.42429283261299133,0.9949626922607422,0.9999903440475464,2024,2071,-0.09108640253543854,0.9425579309463501,0.9999798536300659,1938,852,-0.34525632858276367,0.9939584732055664,0.9999961853027344,2018,1604,0.019816722720861435,0.9999995231628418,1.0,1960,1271,-0.02064662240445614,0.9999997615814209,1.0,1932,2113,-0.4245303273200989,0.9987743496894836,0.9999821186065674,1830,1232,-0.5517252683639526,0.9997289776802063,0.999997615814209,1463,1594,-0.32419636845588684,0.8291903138160706,0.9999973773956299,1431,1886,-0.5431575179100037,0.9878936409950256,0.9999960660934448,1385,1516,-0.31301024556159973,0.927494466304779,0.9999947547912598,1396,1932,-0.5390702486038208,0.9881916642189026,0.9999933242797852,1139,1497,-0.46199488639831543,0.945389986038208,0.9999696016311646,1394,2176,-0.7074620723724365,0.9950231313705444,0.9999047517776489,2506,1224,1932,786,2035,2086,1407,1998,1329,1536
True,/data/uabcvmsc/shared/newborn/29/16.08.24/HM20240816161323.jpeg,37.1,31.0,2828,1050,0.32101404666900635,0.9999995231628418,1.0,2846,1053,0.3633473217487335,0.9999988079071045,0.9999998807907104,2847,1063,0.3630314767360687,0.9999986886978149,0.9999997615814209,2852,1085,0.36326053738594055,0.9999985694885254,0.9999996423721313,2827,1015,0.3658292889595032,0.9999995231628418,0.9999998807907104,2819,1007,0.36550039052963257,0.9999997615814209,0.9999998807907104,2812,999,0.3653964400291443,0.9999997615814209,0.9999998807907104,2826,1143,0.48295021057128906,0.9999990463256836,0.9999997615814209,2758,1014,0.48900845646858215,0.9999994039535522,0.9999998807907104,2794,1109,0.35720357298851013,0.9999996423721313,1.0,2769,1064,0.35680076479911804,0.9999997615814209,1.0,2536,1469,0.4013582170009613,0.999998927116394,0.9999992847442627,2477,1017,0.3680293560028076,0.9999998807907104,0.9999998807907104,2201,1726,0.24859273433685303,0.9116354584693909,0.9999595880508423,2250,790,0.09095108509063721,0.99483323097229,0.9999977350234985,2030,2050,-0.022860154509544373,0.9291630983352661,0.9999827146530151,2025,771,-0.31239038705825806,0.9994115829467773,0.9999986886978149,2000,2139,-0.07133511453866959,0.9209617972373962,0.9999361038208008,1902,711,-0.3959999084472656,0.9985446929931641,0.9999927282333374,2004,2117,-0.11085782200098038,0.9308802485466003,0.9999547004699707,1909,813,-0.41598740220069885,0.9985458850860596,0.9999953508377075,2000,2085,-0.04437350109219551,0.9433165788650513,0.9999793767929077,1939,861,-0.3327455222606659,0.9983112812042236,0.9999980926513672,2031,1603,0.014181297272443771,0.9999991655349731,1.0,2001,1271,-0.01505980547517538,0.9999997615814209,1.0,1910,2169,-0.4111920893192291,0.9992220401763916,0.999956488609314,1826,1227,-0.5298053622245789,0.9998924732208252,0.9999958276748657,1476,1621,-0.32098501920700073,0.868431031703949,0.9999964237213135,1430,1882,-0.5105558633804321,0.9904829263687134,0.999996542930603,1394,1503,-0.31159812211990356,0.9610042572021484,0.9999939203262329,1393,1945,-0.5058649182319641,0.9939714074134827,0.999995231628418,1147,1457,-0.46944400668144226,0.9754145741462708,0.9999724626541138,1371,2183,-0.6757861971855164,0.9974811673164368,0.9999476671218872,2506,1243,1944,789,2008,2098,1398,2003,1339,1527
True,/data/uabcvmsc/shared/newborn/29/16.08.24/HM20240816161424.jpeg,36.8,30.8,2855,1050,0.40214717388153076,1.0,1.0,2873,1057,0.4468298554420471,0.9999998807907104,1.0,2877,1069,0.44639503955841064,0.9999998807907104,1.0,2885,1090,0.4467436671257019,0.9999998807907104,1.0,2853,1020,0.4458843171596527,1.0,1.0,2847,1013,0.4456044137477875,1.0,1.0,2841,1004,0.44550445675849915,1.0,1.0,2861,1128,0.558567225933075,0.9999998807907104,1.0,2795,1018,0.5454624891281128,0.9999998807907104,1.0,2829,1105,0.4350337088108063,0.9999998807907104,1.0,2803,1063,0.42928916215896606,1.0,1.0,2566,1428,0.45103731751441956,0.9999997615814209,0.9999997615814209,2482,989,0.3775181770324707,1.0,1.0,2223,1733,0.3066227436065674,0.7722820043563843,0.9999847412109375,2243,834,0.06265972554683685,0.9979808926582336,0.9999995231628418,2071,2016,0.046413175761699677,0.7029052972793579,0.9999954700469971,2029,751,-0.3443234860897064,0.9994305968284607,0.9999996423721313,2031,2112,0.0025138782802969217,0.6023340225219727,0.9999843835830688,1895,714,-0.4318186342716217,0.9960818886756897,0.9999980926513672,2020,2091,-0.034228164702653885,0.6573845744132996,0.9999905824661255,1904,813,-0.4466674029827118,0.9960202574729919,0.999998927116394,2028,2051,0.027860887348651886,0.7704077363014221,0.9999958276748657,1938,854,-0.3610849678516388,0.9958896040916443,0.9999995231628418,2073,1581,0.023791372776031494,0.9999996423721313,1.0,2031,1274,-0.024739954620599747,0.9999998807907104,1.0,1917,2160,-0.40894195437431335,0.9990578293800354,0.999988317489624,1707,1251,-0.5259438753128052,0.9998522996902466,0.9999979734420776,1435,1602,-0.3474317491054535,0.7080772519111633,0.9999984502792358,1459,1925,-0.5070115923881531,0.9543381929397583,0.9999984502792358,1348,1479,-0.34134596586227417,0.9404076337814331,0.9999971389770508,1464,2003,-0.5038164854049683,0.9847888946533203,0.9999980926513672,1083,1472,-0.508363664150238,0.9629114270210266,0.9999942779541016,1407,2212,-0.6809888482093811,0.9922170639038086,0.9999911785125732,2524,1208,1942,783,2050,2034,1443,2047,1289,1518
False,/data/uabcvmsc/shared/newborn/29/16.08.24/HM20240816161526.jpeg,36.8,30.9,1649,1263,-0.7253725528717041,0.999901533126831,0.9999765157699585,1615,1203,-0.7327742576599121,0.9998453855514526,0.9999045133590698,1628,1187,-0.7331373691558838,0.9996428489685059,0.999866247177124,1642,1171,-0.7331785559654236,0.9997394680976868,0.99972003698349,1577,1243,-0.7285773158073425,0.9999654293060303,0.9999490976333618,1563,1255,-0.729062020778656,0.9999545812606812,0.9999650716781616,1548,1267,-0.7294425964355469,0.9999849796295166,0.9999650716781616,1667,1152,-0.6527501940727234,0.9996601343154907,0.9996079802513123,1542,1282,-0.6398938298225403,0.9999731779098511,0.9999841451644897,1712,1264,-0.6835437417030334,0.9995700716972351,0.9998339414596558,1666,1313,-0.681685209274292,0.9999386072158813,0.9999600648880005,1838,1222,-0.5234977006912231,0.9996024966239929,0.9997064471244812,1742,1448,-0.47693344950675964,0.9999972581863403,0.9999983310699463,1843,1436,-0.4200855493545532,0.2630678415298462,0.9995793700218201,2023,1697,-0.325322687625885,0.7414034008979797,0.9999722242355347,1569,1503,-0.3266165554523468,0.23137377202510834,0.9996364116668701,2323,1774,-0.2787890136241913,0.9325439929962158,0.999995231628418,1556,1524,-0.3483695685863495,0.23072227835655212,0.9990491271018982,2406,1805,-0.29543349146842957,0.8746743202209473,0.9999771118164062,1527,1485,-0.3608637750148773,0.2313220202922821,0.998796820640564,2404,1772,-0.3339577615261078,0.8890900015830994,0.9999756813049316,1553,1485,-0.3297421336174011,0.16752825677394867,0.9994148015975952,2386,1744,-0.29239216446876526,0.8349099159240723,0.999990701675415,2282,1326,-0.0036621156614273787,0.999910831451416,0.9999961853027344,2261,1433,0.0032407091930508614,0.9999761581420898,0.9999992847442627,2554,1303,0.39915958046913147,0.003815992968156934,0.9998257756233215,2480,1383,0.2615181803703308,0.0025745718739926815,0.9999914169311523,2690,1274,0.7419548630714417,0.006395258940756321,0.9996902942657471,2731,1345,0.6050800085067749,0.0029584821313619614,0.9998776912689209,2711,1263,0.7740480899810791,0.010664618574082851,0.9992873072624207,2764,1337,0.6417980790138245,0.005446753464639187,0.9998034834861755,2769,1308,0.7413621544837952,0.012351052835583687,0.9990019202232361,2818,1360,0.6052965521812439,0.006054806988686323,0.9994322657585144
False,/data/uabcvmsc/shared/newborn/29/16.08.24/HM20240816161627.jpeg,37.0,31.2
False,/data/uabcvmsc/shared/newborn/29/16.08.24/HM20240816161730.jpeg,36.9,31.0
True,/data/uabcvmsc/shared/newborn/29/16.08.24/HM20240816161831.jpeg,36.6,30.7,2714,1040,0.1613113433122635,0.9999955892562866,0.9999998807907104,2745,1055,0.1998387724161148,0.9999903440475464,0.9999995231628418,2758,1084,0.19970491528511047,0.9999872446060181,0.9999994039535522,2745,1114,0.19973492622375488,0.9999899864196777,0.9999990463256836,2697,1021,0.2035353034734726,0.9999967813491821,0.9999996423721313,2689,1018,0.20325902104377747,0.9999969005584717,0.9999996423721313,2681,1013,0.20320820808410645,0.9999971389770508,0.9999995231628418,2724,1171,0.3310592770576477,0.9999889135360718,0.9999992847442627,2623,1035,0.350819855928421,0.9999921321868896,0.9999996423721313,2656,1138,0.20491458475589752,0.9999974966049194,0.9999998807907104,2628,1066,0.2082861363887787,0.9999977350234985,0.9999998807907104,2539,1465,0.2948976755142212,0.999997615814209,0.9999985694885254,2371,990,0.3178698420524597,0.999998927116394,0.9999995231628418,2231,1701,0.054182764142751694,0.746741771697998,0.9996147155761719,2148,853,0.04702600836753845,0.8355739116668701,0.9999823570251465,2369,1746,-0.2882883548736572,0.9224270582199097,0.9999971389770508,1977,875,-0.33019375801086426,0.9838968515396118,0.9999958276748657,2408,1808,-0.3538376986980438,0.9384007453918457,0.9999922513961792,1882,821,-0.4140622019767761,0.982038140296936,0.9999803304672241,2448,1768,-0.370636522769928,0.9323263168334961,0.9999959468841553,1903,927,-0.4197278320789337,0.9786045551300049,0.9999905824661255,2429,1729,-0.3028518259525299,0.8824492692947388,0.9999983310699463,1921,959,-0.3457760214805603,0.9649599194526672,0.999996542930603,2031,1586,-0.02683958038687706,0.9999799728393555,0.9999984502792358,1915,1227,0.02620732970535755,0.9999918937683105,0.9999995231628418,1890,2054,-0.3902459740638733,0.917707085609436,0.9999701976776123,1645,1054,-0.37415871024131775,0.8614202737808228,0.9999899864196777,1436,1625,-0.44237256050109863,0.3809078335762024,0.9999721050262451,1132,1377,-0.5162459015846252,0.685752272605896,0.999935507774353,1278,1598,-0.45670098066329956,0.6839743852615356,0.9998959302902222,1022,1530,-0.5375224947929382,0.9078936576843262,0.9998407363891602,1277,1527,-0.6418558359146118,0.6603453755378723,0.9996423721313477,951,1210,-0.7186727523803711,0.8835511803627014,0.9985125660896301,2455,1228,1921,896,2414,1763,986,1370,None,None
False,/data/uabcvmsc/shared/newborn/29/16.08.24/HM20240816161932.jpeg,36.9,31.1,1263,1716,-0.12034537643194199,0.9977491497993469,0.9999260902404785,1197,1705,-0.10398475080728531,0.9972910284996033,0.9997826218605042,1185,1682,-0.10437239706516266,0.9959593415260315,0.9997691512107849,1175,1659,-0.10438928753137589,0.9977453351020813,0.9996429681777954,1195,1750,-0.09546954929828644,0.9987120628356934,0.9997857213020325,1238,1786,-0.09591208398342133,0.9984626770019531,0.9997949004173279,1249,1809,-0.09622646868228912,0.9992110729217529,0.9997408986091614,1195,1607,-0.029973657801747322,0.9968932867050171,0.9996629953384399,1295,1820,0.00935880932956934,0.996533989906311,0.9997865557670593,1307,1649,-0.09199578315019608,0.9940260648727417,0.9998668432235718,1345,1726,-0.08307205140590668,0.9958594441413879,0.9997997879981995,1394,1341,-0.057365190237760544,0.9998517036437988,0.9999512434005737,1579,1884,0.033534709364175797,0.9998660087585449,0.999975323677063,1576,1325,-0.16226428747177124,0.07595385611057281,0.9980760812759399,1842,2140,-0.11585252732038498,0.1309649497270584,0.9993751645088196,1233,1595,-0.20296749472618103,0.07434359937906265,0.9999500513076782,1588,1824,-0.30296146869659424,0.1932034194469452,0.999976396560669,1155,1671,-0.21831828355789185,0.07694932073354721,0.9998782873153687,1671,1717,-0.3384338617324829,0.16558486223220825,0.9999436140060425,1086,1668,-0.2015971690416336,0.06436790525913239,0.999901533126831,1587,1674,-0.3137613534927368,0.14837586879730225,0.9999603033065796,1119,1661,-0.1937548667192459,0.05474827066063881,0.999951958656311,1589,1692,-0.29771071672439575,0.12777121365070343,0.9999815225601196,1993,1330,-0.029626941308379173,0.9997554421424866,0.9999839067459106,2024,1636,0.028970450162887573,0.9997993111610413,0.9999909400939941,2012,1241,0.05000578239560127,0.03674233704805374,0.9998512268066406,1623,1848,0.05349842458963394,0.023700186982750893,0.9999852180480957,1919,1452,0.12733502686023712,0.02401171810925007,0.9999045133590698,1412,1688,-0.14275385439395905,0.10403049737215042,0.9999626874923706,1927,1455,0.13694261014461517,0.03570663928985596,0.9996912479400635,1449,1606,-0.1588943898677826,0.1811097115278244,0.999929666519165,1892,1612,0.08957593888044357,0.036994386464357376,0.9994921684265137,1257,1766,-0.22386641800403595,0.19284996390342712,0.9993869066238403
True,/data/uabcvmsc/shared/newborn/29/16.08.24/HM20240816162033.jpeg,37.0,31.4,2699,1122,-0.1497751772403717,0.9999808073043823,0.9999945163726807,2742,1134,-0.13048046827316284,0.999974250793457,0.9999849796295166,2751,1150,-0.13075968623161316,0.9999699592590332,0.9999849796295166,2758,1166,-0.13072840869426727,0.9999828338623047,0.9999825954437256,2714,1067,-0.1269223541021347,0.9999840259552002,0.9999794960021973,2685,1050,-0.12730634212493896,0.9999836683273315,0.9999812841415405,2677,1045,-0.12744945287704468,0.9999861717224121,0.9999774694442749,2736,1222,-0.02463846281170845,0.9999868869781494,0.9999861717224121,2633,1070,-0.007086198776960373,0.9999688863754272,0.9999804496765137,2662,1187,-0.10987431555986404,0.9999936819076538,0.9999984502792358,2631,1133,-0.10701419413089752,0.9999927282333374,0.9999963045120239,2518,1504,0.01675175130367279,0.999992847442627,0.9999971389770508,2385,1075,0.017656778916716576,0.9999860525131226,0.9999934434890747,2203,1763,-0.10901129245758057,0.9484046697616577,0.9995929598808289,2152,965,-0.1587081104516983,0.9187774658203125,0.9996533393859863,2375,1715,-0.35696741938591003,0.9847521185874939,0.9999970197677612,2377,1075,-0.43878665566444397,0.9858779907226562,0.9999936819076538,2427,1748,-0.4014611542224884,0.9890830516815186,0.9999916553497314,2394,1131,-0.4971223771572113,0.9860906600952148,0.999984860420227,2460,1700,-0.41070258617401123,0.9887696504592896,0.999994158744812,2439,1192,-0.48839664459228516,0.9841746687889099,0.999990701675415,2433,1674,-0.36319828033447266,0.9800915122032166,0.9999973773956299,2442,1188,-0.442731112241745,0.9783671498298645,0.9999961853027344,1919,1714,-0.000302573898807168,0.9999854564666748,0.9999984502792358,1809,1388,-5.3757885325467214e-05,0.9999912977218628,0.9999990463256836,1839,2162,-0.2662287652492523,0.9730788469314575,0.9998801946640015,1607,1259,-0.4253721237182617,0.9875050783157349,0.9999748468399048,1374,1715,-0.18003718554973602,0.9448282122612,0.9999871253967285,1082,1680,-0.3970848321914673,0.9908443093299866,0.9999643564224243,1335,1614,-0.17347285151481628,0.904335618019104,0.9999703168869019,1042,1814,-0.39264094829559326,0.9715591669082642,0.9999352693557739,1086,1692,-0.28607234358787537,0.9427859783172607,0.9996929168701172,764,1675,-0.5130734443664551,0.9853642582893372,0.9982768297195435,2452,1290,2413,1146,2424,1709,963,1723,1265,1674
False,/data/uabcvmsc/shared/newborn/29/16.08.24/HM20240816162134.jpeg,37.2,31.1,1242,1699,-0.02973012812435627,0.9967777132987976,0.9998791217803955,1197,1660,-0.007127673830837011,0.9932746887207031,0.9991853833198547,1195,1638,-0.007369733415544033,0.987510085105896,0.9986966252326965,1194,1616,-0.007368436548858881,0.9909592866897583,0.9972162246704102,1200,1715,-0.002385298488661647,0.9984042048454285,0.9996833801269531,1202,1733,-0.002769796410575509,0.9984311461448669,0.9997913241386414,1203,1751,-0.003067614743486047,0.9993622899055481,0.9998031258583069,1224,1560,0.07478927820920944,0.9778684377670288,0.9939966201782227,1237,1750,0.09258320927619934,0.9979897737503052,0.9998573064804077,1296,1648,-0.0011670792009681463,0.9908836483955383,0.9990608096122742,1301,1716,0.00174113386310637,0.9972289204597473,0.9996846914291382,1431,1370,0.07315227389335632,0.9987056255340576,0.9971873164176941,1520,1838,0.07153765857219696,0.999984860420227,0.9999867677688599,1558,1371,0.04164885729551315,0.02394888550043106,0.9893829226493835,1836,2073,-0.017212990671396255,0.583258330821991,0.9999052286148071,1316,1552,0.051868971437215805,0.0382111519575119,0.9998235106468201,2245,1758,-0.1657530516386032,0.8925104737281799,0.9999964237213135,1263,1602,0.04729107767343521,0.053379543125629425,0.99958735704422,2363,1758,-0.19735780358314514,0.84931880235672,0.9999762773513794,1225,1599,0.0448613278567791,0.04584883153438568,0.9996689558029175,2345,1694,-0.20805445313453674,0.842716634273529,0.9999833106994629,1245,1597,0.05342869088053703,0.04166810214519501,0.9998469352722168,2252,1659,-0.1723165214061737,0.8071873188018799,0.9999947547912598,1924,1357,-0.006577242165803909,0.9984179735183716,0.9993708729743958,1947,1623,0.005742897745221853,0.9995403289794922,0.9998952150344849,1728,1351,-0.0708341896533966,0.029582694172859192,0.9972050786018372,1576,1890,-0.05925147980451584,0.01639610156416893,0.9997386336326599,1458,1448,-0.22227081656455994,0.022097811102867126,0.9992179870605469,1338,1506,-0.2344902902841568,0.021253079175949097,0.9995275735855103,1475,1447,-0.23719549179077148,0.07418558746576309,0.9976358413696289,1353,1424,-0.2496730387210846,0.07924441248178482,0.9992244243621826,1255,1534,-0.3063999116420746,0.056212056428194046,0.9970166683197021,1158,1466,-0.3158815801143646,0.04886080324649811,0.9983110427856445
True,/data/uabcvmsc/shared/newborn/29/16.08.24/HM20240816162235.jpeg,37.1,31.0,2741,1075,0.1692359447479248,0.9999998807907104,1.0,2770,1095,0.20757335424423218,0.9999997615814209,1.0,2783,1106,0.20741623640060425,0.9999995231628418,1.0,2789,1119,0.207494854927063,0.9999996423721313,1.0,2742,1057,0.20112453401088715,0.9999998807907104,1.0,2727,1040,0.20088692009449005,0.9999998807907104,1.0,2721,1031,0.20098872482776642,0.9999998807907104,1.0,2762,1168,0.34714579582214355,0.9999996423721313,1.0,2660,1030,0.31665971875190735,0.9999994039535522,1.0,2706,1135,0.21649491786956787,0.9999998807907104,1.0,2684,1094,0.20547834038734436,0.9999998807907104,1.0,2588,1406,0.338678777217865,0.9999992847442627,1.0,2376,1029,0.24785548448562622,0.9999997615814209,0.9999998807907104,2497,1585,0.10390651226043701,0.8428007364273071,0.9999891519546509,2128,905,-0.005321722012013197,0.8339450359344482,0.9999934434890747,2627,1610,-0.24425849318504333,0.8431195616722107,0.9999986886978149,1997,952,-0.3261217772960663,0.9335618615150452,0.9999948740005493,2666,1661,-0.3100605607032776,0.8639639616012573,0.9999957084655762,1901,934,-0.39909860491752625,0.9418520331382751,0.999980092048645,2664,1632,-0.3172731399536133,0.8547106981277466,0.999997615814209,1950,1006,-0.41010361909866333,0.9398466944694519,0.9999901056289673,2654,1608,-0.25624218583106995,0.7947949171066284,0.999998927116394,1997,1033,-0.34202733635902405,0.9123597741127014,0.9999955892562866,2080,1637,0.05813360959291458,0.9999991655349731,1.0,1940,1401,-0.05869928002357483,0.9999995231628418,1.0,2179,2158,-0.2656886577606201,0.9671940207481384,0.9999990463256836,1789,1571,-0.47380000352859497,0.9924384951591492,0.9999996423721313,1586,2155,-0.31295469403266907,0.6830100417137146,0.9999984502792358,1453,2131,-0.5500580072402954,0.9590550661087036,0.9999957084655762,1410,2143,-0.3249315321445465,0.8965182900428772,0.9999943971633911,1377,2201,-0.5621107220649719,0.9741409420967102,0.9999886751174927,1402,2345,-0.5081482529640198,0.8694426417350769,0.9999635219573975,1468,2353,-0.7639099359512329,0.9797249436378479,0.9998751878738403,2482,1218,1961,981,2653,1628,1433,2228,1406,2244
True,/data/uabcvmsc/shared/newborn/29/16.08.24/HM20240816162337.jpeg,36.9,31.0,2756,1095,0.3056987524032593,0.9999722242355347,0.9999996423721313,2766,1101,0.3510913550853729,0.9999264478683472,0.9999986886978149,2791,1104,0.35098975896835327,0.9998897314071655,0.9999980926513672,2804,1133,0.3510572016239166,0.9998972415924072,0.9999970197677612,2733,1064,0.34643813967704773,0.9999740123748779,0.9999991655349731,2724,1060,0.3462352752685547,0.9999780654907227,0.9999992847442627,2704,1038,0.34623125195503235,0.999983549118042,0.9999992847442627,2748,1191,0.49504464864730835,0.9998974800109863,0.9999971389770508,2637,1066,0.47122010588645935,0.999950647354126,0.9999991655349731,2698,1201,0.35177406668663025,0.9999874830245972,0.9999997615814209,2652,1153,0.3426418602466583,0.9999892711639404,0.9999997615814209,2551,1491,0.45480743050575256,0.9999957084655762,0.999994158744812,2390,1023,0.3848755359649658,0.9999995231628418,0.9999990463256836,2379,1794,0.21784643828868866,0.7410558462142944,0.999306321144104,2159,938,0.1472611129283905,0.9179946780204773,0.999976634979248,2460,1651,-0.13363468647003174,0.8697143793106079,0.9999908208847046,2007,962,-0.20530632138252258,0.9954339861869812,0.9999972581863403,2508,1644,-0.19611087441444397,0.8830559849739075,0.9999728202819824,1889,954,-0.28621232509613037,0.9943746328353882,0.9999821186065674,2530,1617,-0.19173558056354523,0.862928032875061,0.9999880790710449,1920,1051,-0.28740057349205017,0.9934985637664795,0.9999914169311523,2508,1606,-0.13884997367858887,0.7936022877693176,0.9999947547912598,1961,1079,-0.2175794243812561,0.9880656003952026,0.9999972581863403,2056,1635,0.03874626010656357,0.9999871253967285,0.9999991655349731,1937,1363,-0.03926336392760277,0.9999957084655762,0.9999996423721313,2137,2216,-0.2848976254463196,0.7226817607879639,0.9997652173042297,1642,1317,-0.47911161184310913,0.9554261565208435,0.9998719692230225,1609,2130,-0.2677944600582123,0.05885153263807297,0.9997962117195129,1449,1999,-0.4386819899082184,0.2312665581703186,0.9997046589851379,1458,2111,-0.26934823393821716,0.5030806660652161,0.9995617270469666,1441,2073,-0.435548335313797,0.7115440368652344,0.9996126294136047,1425,2278,-0.43865007162094116,0.1956130415201187,0.9971959590911865,1444,2302,-0.6177822351455688,0.47122976183891296,0.9965820908546448,2470,1257,1944,1012,None,None,1441,2073,None,None
False,/data/uabcvmsc/shared/newborn/29/16.08.24/HM20240816162440.jpeg,37.1,31.1,2739,1160,0.3469245135784149,0.9995284080505371,0.9999967813491821,2797,1136,0.39236703515052795,0.997776448726654,0.9999873638153076,2803,1163,0.3922417461872101,0.9977201819419861,0.9999839067459106,2805,1173,0.39232006669044495,0.9968782663345337,0.9999704360961914,2754,1115,0.3905123770236969,0.9991279244422913,0.9999923706054688,2742,1101,0.39025479555130005,0.9994413256645203,0.9999936819076538,2732,1087,0.39012521505355835,0.9994733929634094,0.9999929666519165,2782,1232,0.5178492069244385,0.9990197420120239,0.9999815225601196,2671,1068,0.511344313621521,0.9990378618240356,0.9999935626983643,2705,1224,0.38588783144950867,0.9995386600494385,0.9999960660934448,2668,1173,0.3819037675857544,0.9995368719100952,0.9999939203262329,2527,1522,0.4958603084087372,0.9999750852584839,0.999958872795105,2434,1040,0.40411511063575745,0.9999960660934448,0.9999940395355225,2306,1785,0.29030799865722656,0.5331516861915588,0.988827109336853,2172,892,0.18102753162384033,0.9058029055595398,0.9998258948326111,2398,1656,0.04667484760284424,0.7409920692443848,0.9999105930328369,2022,913,-0.07449383288621902,0.997317373752594,0.9999830722808838,2434,1604,0.00929963868111372,0.7962432503700256,0.9998890161514282,1916,868,-0.1367122083902359,0.9965764880180359,0.9999545812606812,2527,1587,0.01575017161667347,0.742966890335083,0.9999486207962036,1941,989,-0.12493227422237396,0.9954765439033508,0.9999728202819824,2471,1606,0.044944390654563904,0.6726499199867249,0.9999701976776123,1959,1012,-0.07854923605918884,0.9920660853385925,0.9999880790710449,2011,1581,0.03568396717309952,0.9994369149208069,0.9998196959495544,2027,1284,-0.036483488976955414,0.999491810798645,0.9998708963394165,2230,2107,-0.23724237084388733,0.9968326687812805,0.9999058246612549,2311,1285,-0.15329882502555847,0.9735591411590576,0.9999125003814697,1742,2153,-0.3522912561893463,0.9333731532096863,0.9989712238311768,2246,1533,-0.1314057856798172,0.45168933272361755,0.9987252354621887,1575,2136,-0.3700442910194397,0.9977443218231201,0.9956782460212708,2122,1606,-0.1320270150899887,0.9873933792114258,0.9979739785194397,1772,2321,-0.5380247831344604,0.9876267313957214,0.9883295297622681,2376,1552,-0.2353665828704834,0.9368330240249634,0.9940798878669739
False,/data/uabcvmsc/shared/newborn/29/16.08.24/HM20240816162542.jpeg,37.1,31.0,2717,1181,0.21277250349521637,0.9996864795684814,0.999997615814209,2774,1171,0.25848302245140076,0.9990580677986145,0.9999886751174927,2776,1179,0.258340060710907,0.998635470867157,0.9999861717224121,2780,1212,0.25846749544143677,0.9985964894294739,0.9999734163284302,2735,1136,0.2521287798881531,0.9996156692504883,0.9999936819076538,2725,1120,0.25183016061782837,0.9996747970581055,0.9999948740005493,2716,1103,0.2517036199569702,0.9997543692588806,0.9999940395355225,2754,1269,0.4028550684452057,0.9989342093467712,0.999984622001648,2671,1100,0.3764580190181732,0.9991067051887512,0.9999949932098389,2679,1246,0.26086971163749695,0.9994738698005676,0.9999960660934448,2646,1190,0.2509426772594452,0.9995050430297852,0.9999940395355225,2498,1524,0.4273664951324463,0.9999550580978394,0.9999791383743286,2435,1065,0.29526612162590027,0.9999905824661255,0.9999953508377075,2323,1788,0.3269382417201996,0.031046422198414803,0.9954734444618225,2191,948,0.0969669297337532,0.5588178634643555,0.9999123811721802,2485,1668,0.16425003111362457,0.11539328098297119,0.9999686479568481,2030,915,-0.1215469166636467,0.9550668597221375,0.9999890327453613,2529,1643,0.14211805164813995,0.15793202817440033,0.9999643564224243,1908,880,-0.17585261166095734,0.9352901577949524,0.9999629259109497,2545,1629,0.14058980345726013,0.13552337884902954,0.9999791383743286,1924,981,-0.16727793216705322,0.9270705580711365,0.9999779462814331,2528,1624,0.1609613597393036,0.09247288107872009,0.9999868869781494,1955,1013,-0.12557849287986755,0.877198338508606,0.999990701675415,1973,1593,0.0355297327041626,0.9996496438980103,0.9999690055847168,2015,1312,-0.03663339465856552,0.9995114803314209,0.9999750852584839,2216,2084,-0.17464926838874817,0.9227272272109985,0.9999878406524658,2428,1272,0.0969858169555664,0.10705167800188065,0.9999730587005615,1758,2163,-0.26858583092689514,0.9213482737541199,0.999693751335144,2546,1468,0.27555522322654724,0.04617370292544365,0.9997251629829407,1619,2158,-0.2820813059806824,0.9602577090263367,0.9980241060256958,2483,1528,0.29284361004829407,0.3236863613128662,0.999678373336792,1729,2366,-0.4331302344799042,0.8257938623428345,0.9929940104484558,2661,1462,0.24865767359733582,0.061307214200496674,0.9991377592086792
True,/data/uabcvmsc/shared/newborn/29/16.08.24/HM20240816162643.jpeg,37.0,30.9,2735,1297,0.31994637846946716,0.9999991655349731,1.0,2778,1295,0.37085026502609253,0.9999954700469971,1.0,2785,1313,0.3708406686782837,0.9999947547912598,1.0,2791,1332,0.37093451619148254,0.9999912977218628,0.9999998807907104,2757,1239,0.3552624583244324,0.9999988079071045,1.0,2748,1219,0.35514166951179504,0.9999991655349731,1.0,2739,1197,0.3551751673221588,0.9999991655349731,1.0,2759,1351,0.5336784720420837,0.9999948740005493,0.9999998807907104,2687,1161,0.4582805037498474,0.9999978542327881,1.0,2691,1351,0.37375131249427795,0.9999971389770508,1.0,2662,1280,0.34996113181114197,0.9999980926513672,1.0,2511,1543,0.5318308472633362,0.999995231628418,0.9999929666519165,2422,1071,0.3463282883167267,0.9999997615814209,0.9999994039535522,2299,1817,0.32465118169784546,0.9508717656135559,0.9945981502532959,2185,919,0.10936260223388672,0.9842543601989746,0.9998506307601929,2453,1695,0.050717972218990326,0.9528204202651978,0.9999350309371948,2017,905,-0.1209307536482811,0.9983963370323181,0.999932050704956,2469,1646,0.01648828759789467,0.95754474401474,0.9999028444290161,1899,867,-0.17815548181533813,0.9978323578834534,0.9997410178184509,2531,1628,0.02901100553572178,0.9412407875061035,0.9999587535858154,1914,976,-0.16536922752857208,0.9971866011619568,0.9998571872711182,2486,1640,0.05087906867265701,0.925576388835907,0.9999773502349854,1939,1004,-0.12335236370563507,0.9958932399749756,0.9999409914016724,2012,1612,0.09253747761249542,0.9998501539230347,0.9999783039093018,1970,1337,-0.09293197095394135,0.9999475479125977,0.9999889135360718,2216,2036,-0.20708288252353668,0.9979580640792847,0.9998742341995239,1959,1445,-0.5049864053726196,0.9999271631240845,0.999964714050293,1757,2160,-0.2516117990016937,0.875059187412262,0.999553382396698,1665,1979,-0.624087929725647,0.9898125529289246,0.9992557168006897,1595,2156,-0.2620411515235901,0.9989227652549744,0.998984158039093,1539,2050,-0.6407842636108398,0.9998261332511902,0.9982357025146484,1765,2323,-0.42940565943717957,0.9916480779647827,0.9976479411125183,1729,2248,-0.8452883362770081,0.999428927898407,0.9912971258163452,2466,1307,1942,938,None,None,1644,2092,1706,2213
True,/data/uabcvmsc/shared/newborn/29/16.08.24/HM20240816162744.jpeg,37.3,31.1,2746,1097,0.2566602826118469,0.9999814033508301,0.9999998807907104,2775,1117,0.30474528670310974,0.9999667406082153,0.9999996423721313,2782,1134,0.30459150671958923,0.9999420642852783,0.9999995231628418,2791,1160,0.30470016598701477,0.9999544620513916,0.9999992847442627,2736,1068,0.2947864234447479,0.9999867677688599,0.9999997615814209,2718,1051,0.29448917508125305,0.9999864101409912,0.9999997615814209,2706,1039,0.29457107186317444,0.9999885559082031,0.9999997615814209,2760,1220,0.46620869636535645,0.9999618530273438,0.9999994039535522,2638,1035,0.41763195395469666,0.9999703168869019,0.9999996423721313,2689,1165,0.3093833327293396,0.9999934434890747,0.9999998807907104,2657,1109,0.2932433784008026,0.9999936819076538,0.9999998807907104,2539,1490,0.42347776889801025,0.9999957084655762,0.9999970197677612,2374,976,0.3312511444091797,0.9999991655349731,0.9999990463256836,2341,1802,0.15598556399345398,0.5340415239334106,0.9990467429161072,2128,821,0.012865458615124226,0.8404582738876343,0.9999102354049683,2432,1726,-0.25154292583465576,0.7574760317802429,0.9999678134918213,1991,857,-0.407772421836853,0.983918309211731,0.9999812841415405,2493,1755,-0.32591164112091064,0.842016875743866,0.9999042749404907,1887,828,-0.500670850276947,0.9877562522888184,0.9999058246612549,2514,1697,-0.3270947337150574,0.8275356292724609,0.9999605417251587,1927,943,-0.499144047498703,0.9861894249916077,0.9999654293060303,2481,1663,-0.2619343400001526,0.734171986579895,0.9999817609786987,1962,962,-0.42068880796432495,0.9719074368476868,0.9999872446060181,2078,1666,0.03746640682220459,0.9999916553497314,0.9999996423721313,1951,1280,-0.03811774402856827,0.9999961853027344,0.9999998807907104,2070,2260,-0.29045936465263367,0.9222621917724609,0.9998573064804077,1686,1188,-0.48644334077835083,0.9655050039291382,0.9999138116836548,1504,2041,-0.2771824598312378,0.30480992794036865,0.9999408721923828,1400,1826,-0.43734613060951233,0.6075824499130249,0.9998891353607178,1410,1953,-0.27946484088897705,0.7928504943847656,0.999855637550354,1397,1918,-0.43359512090682983,0.8544116020202637,0.999845027923584,1317,2187,-0.46047717332839966,0.5444143414497375,0.9985554814338684,1242,2078,-0.6176944375038147,0.6959583759307861,0.997844934463501,2456,1233,1942,898,2480,1710,1397,1918,1410,1953
True,/data/uabcvmsc/shared/newborn/29/16.08.24/HM20240816162845.jpeg,36.9,31.0,2717,1098,0.34145599603652954,0.9999853372573853,1.0,2756,1118,0.3908758759498596,0.9999552965164185,0.9999997615814209,2748,1136,0.390752375125885,0.999936580657959,0.9999997615814209,2753,1150,0.39080217480659485,0.9999371767044067,0.9999996423721313,2724,1071,0.37755993008613586,0.9999840259552002,0.9999998807907104,2717,1063,0.37729549407958984,0.9999873638153076,0.9999998807907104,2712,1054,0.3774109184741974,0.9999868869781494,0.9999998807907104,2708,1189,0.5501574873924255,0.9999710321426392,0.9999997615814209,2651,1034,0.4836495816707611,0.9999738931655884,0.9999998807907104,2678,1165,0.39258232712745667,0.999992847442627,1.0,2645,1103,0.3716142177581787,0.999993085861206,0.9999998807907104,2513,1442,0.4859069883823395,0.9999988079071045,0.9999979734420776,2342,973,0.3878973722457886,0.9999994039535522,0.9999986886978149,2339,1825,0.24544064700603485,0.8176924586296082,0.9990845918655396,2120,824,0.04419523850083351,0.7371523380279541,0.9998641014099121,2436,1714,-0.10247879475355148,0.8137090802192688,0.9999831914901733,1982,851,-0.3360344171524048,0.9261729717254639,0.9998664855957031,2490,1740,-0.16199257969856262,0.8416456580162048,0.9999502897262573,1874,820,-0.4203914701938629,0.9376333355903625,0.9993553757667542,2506,1679,-0.15501680970191956,0.8077619075775146,0.9999786615371704,1906,926,-0.40840938687324524,0.9202006459236145,0.999747097492218,2473,1660,-0.107700876891613,0.7211868762969971,0.9999903440475464,1946,940,-0.34429383277893066,0.8805851936340332,0.999900221824646,2094,1626,0.03886563703417778,0.9999970197677612,0.9999998807907104,1937,1299,-0.039384666830301285,0.9999983310699463,1.0,2067,2262,-0.3408195674419403,0.9979641437530518,0.9999030828475952,1675,1209,-0.5284905433654785,0.9984338879585266,0.9998948574066162,1509,2029,-0.3122737407684326,0.2659684717655182,0.9999431371688843,1388,1807,-0.5087243914604187,0.6840534806251526,0.9999077320098877,1425,1940,-0.31259557604789734,0.9722800850868225,0.9998966455459595,1397,1887,-0.5089916586875916,0.9883447885513306,0.9998884201049805,1274,2079,-0.48154041171073914,0.9011201858520508,0.9991355538368225,1241,2059,-0.6912187933921814,0.9674913883209229,0.9983896017074585,2428,1208,1927,884,2476,1698,1319,1973,1350,2010
True,/data/uabcvmsc/shared/newborn/29/16.08.24/HM20240816162946.jpeg,37.0,30.9,2721,1069,0.06262391805648804,0.9996060729026794,0.9999158382415771,2756,1114,0.09132593125104904,0.9993067979812622,0.9997527003288269,2762,1132,0.09103895723819733,0.9990932941436768,0.9997536540031433,2767,1146,0.0910506621003151,0.9994680285453796,0.9997015595436096,2722,1062,0.09606198966503143,0.9996181726455688,0.999716579914093,2706,1045,0.09565946459770203,0.9996178150177002,0.9997705817222595,2697,1036,0.09553157538175583,0.9997395873069763,0.9997549653053284,2736,1222,0.21017201244831085,0.9995954632759094,0.9997841715812683,2638,1049,0.23069806396961212,0.9993738532066345,0.9998090863227844,2684,1154,0.10411077737808228,0.999889612197876,0.9999796152114868,2655,1089,0.1073894053697586,0.999897837638855,0.9999650716781616,2552,1485,0.209420844912529,0.9999672174453735,0.9999783039093018,2357,1034,0.2366405576467514,0.9999756813049316,0.9999737739562988,2266,1757,0.06600427627563477,0.7782768607139587,0.9996228218078613,2033,1047,0.09612146764993668,0.7023223638534546,0.9997089505195618,2384,1718,-0.21685242652893066,0.913444459438324,0.9999803304672241,1967,993,-0.23009413480758667,0.9655051231384277,0.9999674558639526,2416,1775,-0.27362343668937683,0.9261335134506226,0.9999351501464844,1872,951,-0.29455500841140747,0.9716795682907104,0.9998859167098999,2455,1730,-0.2925538122653961,0.9255782961845398,0.9999531507492065,1906,1046,-0.32266995310783386,0.9727948904037476,0.9999256134033203,2433,1694,-0.23027156293392181,0.8868873715400696,0.9999796152114868,1937,1076,-0.2520322799682617,0.9618881344795227,0.9999712705612183,1979,1758,0.008426518179476261,0.9999884366989136,0.9999986886978149,1807,1409,-0.008831416256725788,0.9999923706054688,0.9999988079071045,1924,2284,-0.25130799412727356,0.9537310004234314,0.9998867511749268,1583,1349,-0.4559198319911957,0.9749264121055603,0.9999698400497437,1318,2123,-0.18098026514053345,0.8924700617790222,0.999945878982544,1057,1878,-0.4341045320034027,0.9628911018371582,0.9998761415481567,1230,2058,-0.17969414591789246,0.7922124862670898,0.9998583793640137,1008,2002,-0.43376627564430237,0.877409815788269,0.9997654557228088,1167,2332,-0.3360283672809601,0.8480427265167236,0.9981812238693237,711,1900,-0.6016638875007629,0.9335106611251831,0.9946780204772949,2454,1260,1920,1016,2422,1729,925,1927,1238,2171
