Process,Image Path,Max Temp,Min Temp,X_0,Y_0,Z_0,Vis_0,Pres_0,X_1,Y_1,Z_1,Vis_1,Pres_1,X_2,Y_2,Z_2,Vis_2,Pres_2,X_3,Y_3,Z_3,Vis_3,Pres_3,X_4,Y_4,Z_4,Vis_4,Pres_4,X_5,Y_5,Z_5,Vis_5,Pres_5,X_6,Y_6,Z_6,Vis_6,Pres_6,X_7,Y_7,Z_7,Vis_7,Pres_7,X_8,Y_8,Z_8,Vis_8,Pres_8,X_9,Y_9,Z_9,Vis_9,Pres_9,X_10,Y_10,Z_10,Vis_10,Pres_10,X_11,Y_11,Z_11,Vis_11,Pres_11,X_12,Y_12,Z_12,Vis_12,Pres_12,X_13,Y_13,Z_13,Vis_13,Pres_13,X_14,Y_14,Z_14,Vis_14,Pres_14,X_15,Y_15,Z_15,Vis_15,Pres_15,X_16,Y_16,Z_16,Vis_16,Pres_16,X_17,Y_17,Z_17,Vis_17,Pres_17,X_18,Y_18,Z_18,Vis_18,Pres_18,X_19,Y_19,Z_19,Vis_19,Pres_19,X_20,Y_20,Z_20,Vis_20,Pres_20,X_21,Y_21,Z_21,Vis_21,Pres_21,X_22,Y_22,Z_22,Vis_22,Pres_22,X_23,Y_23,Z_23,Vis_23,Pres_23,X_24,Y_24,Z_24,Vis_24,Pres_24,X_25,Y_25,Z_25,Vis_25,Pres_25,X_26,Y_26,Z_26,Vis_26,Pres_26,X_27,Y_27,Z_27,Vis_27,Pres_27,X_28,Y_28,Z_28,Vis_28,Pres_28,X_29,Y_29,Z_29,Vis_29,Pres_29,X_30,Y_30,Z_30,Vis_30,Pres_30,X_31,Y_31,Z_31,Vis_31,Pres_31,X_32,Y_32,Z_32,Vis_32,Pres_32,torso_x,torso_y,left_hand_x,left_hand_y,right_hand_x,right_hand_y,left_foot_x,left_foot_y,right_foot_x,right_foot_y,torso_temp,left_hand_temp,right_hand_temp,left_foot_temp,right_foot_temp
False,/data/uabcvmsc/shared/newborn/30/27.08.24 (2)/HM20240827041430.jpeg,36.7,27.4,574,993,0.18425025045871735,0.9988816380500793,0.9994743466377258,593,939,0.17305995523929596,0.9983928799629211,0.9988540410995483,602,938,0.17278797924518585,0.9977878332138062,0.9988967180252075,617,928,0.17270953953266144,0.9982936978340149,0.9986417889595032,587,936,0.20727039873600006,0.9993177652359009,0.998989999294281,591,933,0.20686756074428558,0.9993606209754944,0.9992744326591492,594,931,0.20665064454078674,0.9996899366378784,0.9993377327919006,691,941,0.15036937594413757,0.9983639121055603,0.9991944432258606,663,946,0.3014393746852875,0.9994708895683289,0.9995245933532715,613,1030,0.17962224781513214,0.9978150129318237,0.9996442794799805,597,1041,0.22066205739974976,0.998831570148468,0.9996311664581299,682,1157,0.017992282286286354,0.9995362758636475,0.9998155236244202,856,1212,0.3968222141265869,0.9992045760154724,0.9997730851173401,589,1534,0.02143281139433384,0.7334000468254089,0.9998238682746887,846,1597,0.3591203987598419,0.10220889002084732,0.999707043170929,506,1535,0.15190084278583527,0.44642454385757446,0.9996600151062012,542,1707,0.2218034416437149,0.21688935160636902,0.9997817873954773,491,1540,0.13924214243888855,0.48377129435539246,0.9988161325454712,476,1723,0.2109445035457611,0.2874455153942108,0.9994096755981445,509,1513,0.13931149244308472,0.4531807601451874,0.9984764456748962,432,1726,0.19031721353530884,0.28955790400505066,0.9994156360626221,518,1513,0.15590216219425201,0.4413810670375824,0.9992154836654663,473,1679,0.2050098329782486,0.3104093074798584,0.9997307658195496,1445,1422,-0.12900038063526154,0.9999840259552002,0.9999984502792358,1487,1506,0.12838749587535858,0.9999901056289673,0.9999991655349731,1335,1968,-0.3144494295120239,0.9518879652023315,0.9999268054962158,1629,2072,0.06663554161787033,0.3387327790260315,0.9998698234558105,2183,2087,-0.35683754086494446,0.8774039149284363,0.9985431432723999,2270,1874,-0.03904611989855766,0.31921494007110596,0.9993314743041992,2324,2038,-0.36028462648391724,0.8845389485359192,0.9950775504112244,2288,1761,-0.05064517259597778,0.5157815217971802,0.9992660880088806,2297,2274,-0.42570194602012634,0.8756523728370667,0.9791008234024048,2441,1944,-0.1266532987356186,0.4346621036529541,0.9932215213775635
True,/data/uabcvmsc/shared/newborn/30/27.08.24 (2)/HM20240827041531.jpeg,36.7,27.2,569,973,0.3578912019729614,0.9904875159263611,0.9948949217796326,578,935,0.35293978452682495,0.9765532612800598,0.9898630380630493,579,933,0.3525226414203644,0.9760437607765198,0.9909875988960266,579,932,0.35233253240585327,0.9778092503547668,0.990339457988739,581,935,0.3742859363555908,0.9927830696105957,0.9908717274665833,586,933,0.37389087677001953,0.9950457811355591,0.9936514496803284,588,933,0.37361544370651245,0.9964474439620972,0.9942697286605835,627,936,0.3290799856185913,0.9909568428993225,0.9965259432792664,638,955,0.42190277576446533,0.9969321489334106,0.9964184761047363,603,1022,0.3494958281517029,0.990688681602478,0.998308539390564,608,1024,0.37367454171180725,0.9950078725814819,0.9979981780052185,664,1111,0.13034656643867493,0.999792754650116,0.9997759461402893,914,1330,0.4833521246910095,0.9989619255065918,0.9992982149124146,640,1330,0.19432638585567474,0.7706584334373474,0.9996976852416992,918,1770,0.35993537306785583,0.13541173934936523,0.9990259408950806,566,1265,0.4346439838409424,0.39541786909103394,0.9985823631286621,681,2013,0.18724648654460907,0.34827178716659546,0.9992284774780273,558,1229,0.4500204026699066,0.43332523107528687,0.9951032400131226,625,2105,0.1727566421031952,0.49500593543052673,0.998067319393158,593,1215,0.43877077102661133,0.4095592498779297,0.9929916858673096,580,2068,0.15245264768600464,0.5013014078140259,0.9982308745384216,602,1233,0.4362114667892456,0.48023462295532227,0.9961034059524536,601,2039,0.16837704181671143,0.5448248982429504,0.9991258978843689,1531,1301,-0.1417597383260727,0.9998743534088135,0.9999370574951172,1651,1444,0.14090682566165924,0.9999129772186279,0.9999504089355469,1401,2028,-0.2607479989528656,0.9754535555839539,0.9992209672927856,1702,2107,0.04760903865098953,0.35686272382736206,0.9976781010627747,2251,2244,-0.44222429394721985,0.8350458145141602,0.93863445520401,2408,2071,-0.2920704185962677,0.2902795076370239,0.9528883695602417,2440,2191,-0.45955824851989746,0.9225101470947266,0.8269299268722534,2529,1998,-0.32932746410369873,0.7136353850364685,0.9515349864959717,2403,2458,-0.5020002126693726,0.848968505859375,0.6467532515525818,2499,2315,-0.40933534502983093,0.4541250169277191,0.7758564352989197,789,1220,None,None,None,None,None,None,2346,2218,32.86,nan,nan,nan,nan
False,/data/uabcvmsc/shared/newborn/30/27.08.24 (2)/HM20240827041632.jpeg,36.7,27.4,562,1014,0.28540658950805664,0.9995822310447693,0.9998829364776611,566,962,0.2729918360710144,0.9993076324462891,0.999705970287323,571,959,0.27270007133483887,0.9991037249565125,0.9997046589851379,575,957,0.27263298630714417,0.9992551207542419,0.9996007084846497,567,964,0.30873823165893555,0.9997040629386902,0.9997254014015198,573,961,0.3082834780216217,0.999731719493866,0.9997931122779846,577,960,0.3080763816833496,0.9998475313186646,0.9997915625572205,647,938,0.23007598519325256,0.999326229095459,0.9997650980949402,631,940,0.388423353433609,0.9996895790100098,0.9998321533203125,610,1046,0.2731319069862366,0.9991542100906372,0.999908447265625,612,1054,0.31599539518356323,0.999497652053833,0.9998953342437744,676,1109,0.050452254712581635,0.9998795986175537,0.9999430179595947,900,1190,0.47274670004844666,0.9996477365493774,0.9998935461044312,692,1553,-0.042022764682769775,0.40993732213974,0.9998074173927307,917,1745,0.34496980905532837,0.07306824624538422,0.9997227787971497,725,1726,0.012301161885261536,0.2585543990135193,0.9994737505912781,708,1770,0.08429020643234253,0.214808389544487,0.9997745156288147,705,1763,-0.008986258879303932,0.30961450934410095,0.9983223080635071,608,1812,0.051115475594997406,0.2711559236049652,0.9994321465492249,658,1705,-0.001908200909383595,0.2897656559944153,0.9981597065925598,600,1723,0.04529450088739395,0.2679181694984436,0.9995655417442322,686,1680,0.019360465928912163,0.24140506982803345,0.9989676475524902,637,1710,0.06991170346736908,0.24905775487422943,0.9997755885124207,1496,1410,-0.14301486313343048,0.9999150037765503,0.9999809265136719,1576,1468,0.14234313368797302,0.999946117401123,0.99998939037323,1420,2059,-0.35120993852615356,0.8265144228935242,0.9996504783630371,1720,2115,-0.005319143645465374,0.15675078332424164,0.9993335604667664,2255,2194,-0.48541995882987976,0.6315019726753235,0.9847738742828369,2346,2165,-0.19945628941059113,0.10587958246469498,0.9851989150047302,2425,2112,-0.5001994371414185,0.630370557308197,0.9407584071159363,2449,2111,-0.22198213636875153,0.2328542023897171,0.9811632037162781,2341,2507,-0.5841233134269714,0.537045419216156,0.8965352773666382,2437,2332,-0.3142646253108978,0.11831425130367279,0.9261795282363892
False,/data/uabcvmsc/shared/newborn/30/27.08.24 (2)/HM20240827041733.jpeg,37.0,26.7,567,1024,0.3358265459537506,0.9974633455276489,0.9994854927062988,574,969,0.3294510245323181,0.9956557750701904,0.9988906979560852,575,965,0.32909083366394043,0.994862973690033,0.998965859413147,575,961,0.32900938391685486,0.9960160851478577,0.9987280964851379,577,972,0.3591346740722656,0.9980853796005249,0.9988663196563721,580,971,0.35869401693344116,0.9983238577842712,0.9991457462310791,581,971,0.35848870873451233,0.998976469039917,0.999137282371521,608,953,0.30149969458580017,0.9970042109489441,0.9993719458580017,610,989,0.4325847625732422,0.9983274340629578,0.999312162399292,612,1051,0.32765212655067444,0.9963306784629822,0.9996969699859619,608,1078,0.3626526892185211,0.9974938631057739,0.9995989203453064,694,1114,0.09780755639076233,0.9998239874839783,0.9998941421508789,896,1231,0.5141870379447937,0.9991149306297302,0.9996790885925293,701,1541,0.015968216583132744,0.5695223808288574,0.9997484087944031,897,1743,0.4128231704235077,0.05793816223740578,0.9995176792144775,666,1740,0.0852518156170845,0.3600695729255676,0.9993643164634705,647,1808,0.20766381919384003,0.22026191651821136,0.9996122717857361,672,1810,0.06561905890703201,0.3932642340660095,0.9978659749031067,569,1863,0.18527865409851074,0.30409252643585205,0.9989963173866272,601,1745,0.07647759467363358,0.37219318747520447,0.9975776076316833,548,1788,0.17475207149982452,0.3052865266799927,0.9992098808288574,622,1727,0.09385177493095398,0.32710757851600647,0.9986491799354553,583,1762,0.19293241202831268,0.2942263185977936,0.9996008276939392,1518,1333,-0.14350149035453796,0.9997772574424744,0.9999284744262695,1603,1428,0.14274755120277405,0.9998548030853271,0.9999525547027588,1420,2026,-0.31521502137184143,0.7724411487579346,0.9986698627471924,1772,2112,-0.017114747315645218,0.13161401450634003,0.9975008368492126,2188,2214,-0.4640381634235382,0.46927332878112793,0.9506204724311829,2430,2196,-0.2905846834182739,0.10397859662771225,0.9363694190979004,2395,2202,-0.4787769913673401,0.6085492372512817,0.8496402502059937,2552,2143,-0.3212254047393799,0.2700619697570801,0.9222483038902283,2321,2571,-0.5431073307991028,0.40474191308021545,0.7412797808647156,2509,2361,-0.4200582504272461,0.116034135222435,0.7365414500236511
False,/data/uabcvmsc/shared/newborn/30/27.08.24 (2)/HM20240827041834.jpeg,37.2,27.6,560,1010,0.23651868104934692,0.9989281296730042,0.9995502829551697,570,954,0.227903813123703,0.998375654220581,0.9991074204444885,577,948,0.22757570445537567,0.9980042576789856,0.9991770386695862,583,942,0.2274877429008484,0.998487114906311,0.9989702701568604,553,962,0.26161879301071167,0.9992445707321167,0.999057948589325,556,960,0.2611791491508484,0.9993146657943726,0.9992861151695251,556,959,0.26092731952667236,0.9996036887168884,0.9992790818214417,651,929,0.2032538801431656,0.9988547563552856,0.9994390606880188,620,953,0.35212332010269165,0.9992170333862305,0.9994250535964966,613,1039,0.2309536188840866,0.9984821677207947,0.9997641444206238,604,1062,0.2709251940250397,0.9988548755645752,0.9996920824050903,796,1069,0.0354834608733654,0.9997943043708801,0.9998877048492432,869,1297,0.4513755440711975,0.9993940591812134,0.9997380375862122,701,1513,0.010255899280309677,0.6390430331230164,0.9998364448547363,893,1750,0.33608436584472656,0.10580596327781677,0.9995833039283752,677,1670,0.12441027909517288,0.3861347734928131,0.9996880292892456,676,1756,0.06806246191263199,0.25194692611694336,0.9997889399528503,641,1758,0.10828115791082382,0.39971262216567993,0.9987521171569824,582,1800,0.032743051648139954,0.31145206093788147,0.9994469285011292,617,1682,0.11326487362384796,0.38110241293907166,0.9986429810523987,562,1714,0.02413032576441765,0.3036455512046814,0.9995576739311218,630,1666,0.13196727633476257,0.3326875567436218,0.9993002414703369,599,1690,0.05263153463602066,0.2924915552139282,0.9997833371162415,1546,1393,-0.13952340185642242,0.9999321699142456,0.9999833106994629,1565,1504,0.1389995664358139,0.9999477863311768,0.9999896287918091,1513,2061,-0.3248812258243561,0.6982281804084778,0.9995414018630981,1844,2119,0.005570965353399515,0.16878606379032135,0.99901282787323,2327,2200,-0.3453688621520996,0.4723302125930786,0.9832114577293396,2519,2058,-0.08973114937543869,0.09954579919576645,0.9847021698951721,2526,2202,-0.34837666153907776,0.5022895336151123,0.9446570873260498,2625,1982,-0.10129886865615845,0.20563438534736633,0.9823575019836426,2508,2575,-0.4207924008369446,0.37905654311180115,0.8673366904258728,2693,2226,-0.18540792167186737,0.08939652889966965,0.9050244092941284
False,/data/uabcvmsc/shared/newborn/30/27.08.24 (2)/HM20240827041935.jpeg,36.6,25.9,566,1005,0.2442646324634552,0.9989798665046692,0.9997934699058533,573,947,0.23615959286689758,0.9984868764877319,0.9995742440223694,575,944,0.23584002256393433,0.9979815483093262,0.999579131603241,576,942,0.23583178222179413,0.9985128045082092,0.9994615912437439,571,952,0.2659485340118408,0.9993521571159363,0.9996022582054138,573,953,0.26551833748817444,0.9993917942047119,0.9997044205665588,574,954,0.2653358280658722,0.9996730089187622,0.9997089505195618,637,928,0.2121812254190445,0.998446524143219,0.999656081199646,605,959,0.34445610642433167,0.9993268251419067,0.9997318387031555,610,1040,0.2393319308757782,0.9981240630149841,0.9998354911804199,608,1049,0.2745887339115143,0.9987892508506775,0.9998034834861755,761,1092,0.044422246515750885,0.9997416138648987,0.9998661279678345,889,1220,0.44124549627304077,0.9993952512741089,0.9997751116752625,735,1538,-0.0032252618111670017,0.5576493144035339,0.9997509121894836,888,1745,0.3899141252040863,0.10060860961675644,0.9997056126594543,683,1770,0.07135674357414246,0.3637279272079468,0.9997395873069763,688,1824,0.21204416453838348,0.426823228597641,0.9999347925186157,604,1844,0.051206059753894806,0.3956267237663269,0.9990621209144592,576,1876,0.19042666256427765,0.5004222393035889,0.9998087286949158,590,1767,0.060430340468883514,0.3787590265274048,0.9990202188491821,561,1797,0.1736089438199997,0.5060156583786011,0.9998465776443481,632,1738,0.07980851083993912,0.3277951180934906,0.9994980096817017,612,1764,0.19600513577461243,0.4729689657688141,0.9999306201934814,1516,1398,-0.13576754927635193,0.9998745918273926,0.9999839067459106,1599,1494,0.13511289656162262,0.9999122619628906,0.9999909400939941,1523,2056,-0.29276609420776367,0.601483166217804,0.999657154083252,1790,2088,-0.010259187780320644,0.11371713131666183,0.9994139671325684,2306,2224,-0.38410264253616333,0.5158487558364868,0.9908574223518372,2479,2015,-0.11305303126573563,0.08694148808717728,0.9951877593994141,2516,2229,-0.3939058184623718,0.5567635893821716,0.9689477682113647,2581,1938,-0.12395975738763809,0.20915591716766357,0.9941251277923584,2472,2590,-0.47500279545783997,0.40576592087745667,0.9253246188163757,2636,2216,-0.20126181840896606,0.0913173034787178,0.9684876203536987
False,/data/uabcvmsc/shared/newborn/30/27.08.24 (2)/HM20240827042038.jpeg,36.7,27.8,537,961,0.40439561009407043,0.9995734095573425,0.9999397993087769,556,903,0.40527206659317017,0.9991533756256104,0.9998681545257568,561,898,0.40493184328079224,0.9990001320838928,0.9998664855957031,566,890,0.40489280223846436,0.9990737438201904,0.9998277425765991,559,913,0.43491271138191223,0.9997077584266663,0.9998886585235596,567,913,0.4345012307167053,0.9997598528862,0.9999185800552368,574,913,0.43439191579818726,0.9998414516448975,0.9999196529388428,620,900,0.38196441531181335,0.9993748068809509,0.9999198913574219,637,916,0.5143482089042664,0.9998332262039185,0.9999392032623291,570,995,0.3930978775024414,0.9993420243263245,0.9999494552612305,570,1004,0.42850255966186523,0.9996071457862854,0.9999476671218872,650,1096,0.17717872560024261,0.9999560117721558,0.9999743700027466,910,1237,0.5412700176239014,0.9997321963310242,0.9999409914016724,325,1402,0.1406175196170807,0.9331862330436707,0.9999347925186157,908,1720,0.46427902579307556,0.20810464024543762,0.9998935461044312,509,1384,0.3086349666118622,0.39971500635147095,0.9998526573181152,676,1586,0.36932843923568726,0.3497968316078186,0.9999289512634277,554,1361,0.30800962448120117,0.36336442828178406,0.9996117949485779,606,1561,0.354081392288208,0.4008306562900543,0.999841570854187,617,1347,0.3077591359615326,0.31778523325920105,0.9995957016944885,614,1514,0.3533468544483185,0.39600279927253723,0.9998687505722046,620,1358,0.3131229877471924,0.3256792724132538,0.9997708201408386,642,1510,0.3608172535896301,0.39795276522636414,0.9999291896820068,1447,1327,-0.14681515097618103,0.9998441934585571,0.9999465942382812,1603,1390,0.14596088230609894,0.999913215637207,0.9999643564224243,1280,2094,-0.20986273884773254,0.989821195602417,0.9997652173042297,1621,2081,0.044313687831163406,0.36041808128356934,0.9994962215423584,2005,2230,-0.3932499289512634,0.9434126019477844,0.9685830473899841,2243,2177,-0.336038202047348,0.38864418864250183,0.9622341394424438,2228,2196,-0.4089706242084503,0.9696736335754395,0.8631986975669861,2272,2039,-0.37759631872177124,0.7916595339775085,0.945094108581543,2026,2490,-0.4344021677970886,0.9166932106018066,0.804608941078186,2175,2406,-0.44794952869415283,0.5295383334159851,0.7887373566627502
False,/data/uabcvmsc/shared/newborn/30/27.08.24 (2)/HM20240827042139.jpeg,36.7,27.2,582,983,0.2738149166107178,0.9987105131149292,0.9997894167900085,604,907,0.2670806348323822,0.9978908896446228,0.999584972858429,615,897,0.2666720747947693,0.9976853132247925,0.9995794892311096,635,888,0.2666130065917969,0.9977871179580688,0.9994542002677917,582,939,0.30689871311187744,0.9991772770881653,0.999629020690918,578,946,0.30646154284477234,0.9993884563446045,0.9997304081916809,572,953,0.30623912811279297,0.9995625615119934,0.9997318387031555,703,888,0.24258163571357727,0.9986101388931274,0.9996272325515747,614,966,0.4178270995616913,0.9994872808456421,0.9997926354408264,632,1028,0.2659286856651306,0.9978033900260925,0.9998106360435486,613,1049,0.31367558240890503,0.9987323880195618,0.999818742275238,741,1124,0.03822624310851097,0.9998015761375427,0.9998953342437744,887,1304,0.5168282389640808,0.9994534850120544,0.9998657703399658,689,1519,-0.0021512077655643225,0.9268376231193542,0.9997627139091492,947,1761,0.3917558491230011,0.13047410547733307,0.999640941619873,646,1642,0.12726353108882904,0.8271005153656006,0.9997656941413879,712,1748,0.1392907053232193,0.5328279137611389,0.999893069267273,590,1750,0.11222972720861435,0.8246105313301086,0.9993622899055481,617,1804,0.11115745455026627,0.6439927220344543,0.999778687953949,561,1668,0.11878756433725357,0.805186927318573,0.9993070363998413,597,1730,0.09895782917737961,0.654632031917572,0.9998303651809692,606,1637,0.13584361970424652,0.7727693319320679,0.9995973706245422,645,1682,0.12259947508573532,0.6393024921417236,0.9999080896377563,1577,1354,-0.16460959613323212,0.9994738698005676,0.9996973276138306,1658,1457,0.1640554815530777,0.9997122883796692,0.9998483657836914,1414,2091,-0.18789690732955933,0.9190129637718201,0.9968709349632263,1722,2132,0.046486519277095795,0.25217270851135254,0.9962692260742188,2092,2276,-0.28598877787590027,0.702872633934021,0.8627060055732727,2399,2182,-0.2588288486003876,0.2169990837574005,0.8832884430885315,2250,2294,-0.29562702775001526,0.7847090363502502,0.6766862869262695,2415,2058,-0.2928711175918579,0.48755523562431335,0.8574007153511047,2108,2659,-0.3432031273841858,0.6100491881370544,0.7051097750663757,2450,2386,-0.38751864433288574,0.24456645548343658,0.7008891105651855
False,/data/uabcvmsc/shared/newborn/30/27.08.24 (2)/HM20240827042240.jpeg,36.9,26.9,580,1060,0.33280304074287415,0.998996913433075,0.9998514652252197,591,1004,0.32412195205688477,0.9985901713371277,0.9996615648269653,594,1000,0.3237548768520355,0.9982196688652039,0.9996601343154907,595,997,0.32374411821365356,0.9985098242759705,0.9995532631874084,591,1006,0.36099743843078613,0.9993821382522583,0.9996702671051025,593,1004,0.3605342507362366,0.9994471669197083,0.9997487664222717,595,1002,0.36035019159317017,0.9996317625045776,0.9997411370277405,648,974,0.2864709794521332,0.998854398727417,0.9997320771217346,647,1004,0.4491538107395172,0.9994555115699768,0.9997826218605042,625,1094,0.3200185000896454,0.9983487129211426,0.9998778104782104,620,1130,0.3640810251235962,0.9988634586334229,0.9998437166213989,718,1106,0.06635879725217819,0.9998296499252319,0.9999204874038696,956,1274,0.5250830054283142,0.9991249442100525,0.9998272061347961,744,1480,-0.10170730203390121,0.6806950569152832,0.9996834993362427,952,1723,0.40272796154022217,0.07671307772397995,0.9996858835220337,672,1688,-0.1131245493888855,0.5262698531150818,0.9993263483047485,728,1704,0.17547187209129333,0.3667234480381012,0.9997783303260803,640,1777,-0.14566098153591156,0.574406623840332,0.9978277087211609,639,1747,0.14537584781646729,0.4691019058227539,0.9994010925292969,606,1700,-0.12926459312438965,0.5498226284980774,0.9978713989257812,616,1697,0.13876564800739288,0.4737144112586975,0.9995740056037903,676,1719,-0.10372582077980042,0.47882547974586487,0.9987406134605408,656,1676,0.16114218533039093,0.44023779034614563,0.9997743964195251,1603,1353,-0.15434008836746216,0.9996616840362549,0.9998841285705566,1720,1447,0.15358226001262665,0.9997912049293518,0.999936580657959,1427,2091,-0.19726228713989258,0.7592925429344177,0.9979508519172668,1758,2142,0.013336651027202606,0.1276520937681198,0.9968896508216858,2160,2361,-0.3421488404273987,0.5537160038948059,0.9178372025489807,2413,2239,-0.28047609329223633,0.10070230066776276,0.9327568411827087,2394,2350,-0.35596972703933716,0.6675674915313721,0.7659807801246643,2537,2187,-0.3127530515193939,0.28602519631385803,0.9193063378334045,2249,2774,-0.40397948026657104,0.4651561975479126,0.7119057774543762,2515,2443,-0.3930671215057373,0.11518234014511108,0.7516454458236694
False,/data/uabcvmsc/shared/newborn/30/27.08.24 (2)/HM20240827042341.jpeg,36.7,27.1,574,992,0.22810876369476318,0.9997307658195496,0.9998308420181274,586,937,0.22694091498851776,0.9992427825927734,0.999570906162262,593,931,0.226632222533226,0.9992210865020752,0.9995608925819397,598,927,0.2265629917383194,0.9992040991783142,0.9994290471076965,565,963,0.25068560242652893,0.9997144341468811,0.9996169805526733,562,966,0.25030517578125,0.9998012185096741,0.999713122844696,541,966,0.2500678300857544,0.9998528957366943,0.9997196793556213,658,930,0.23701509833335876,0.9995145797729492,0.9996500015258789,583,975,0.3403806984424591,0.9998375177383423,0.9998021721839905,616,1035,0.23499272763729095,0.9994199275970459,0.9998382329940796,602,1045,0.26186811923980713,0.9996618032455444,0.9998480081558228,832,1078,0.08030244708061218,0.9998123049736023,0.9998533725738525,820,1327,0.4511060118675232,0.9997321963310242,0.9998935461044312,832,1463,-0.055063217878341675,0.9060004949569702,0.9997188448905945,811,1744,0.3970446288585663,0.5126391649246216,0.9998816251754761,650,1632,-0.09347327798604965,0.809094250202179,0.9997249245643616,525,2006,0.2596343755722046,0.8268678784370422,0.9999122619628906,628,1687,-0.1294441968202591,0.8064285516738892,0.9991068243980408,455,2094,0.2448737919330597,0.8656713366508484,0.999716579914093,606,1677,-0.12005302309989929,0.7805531620979309,0.998939573764801,434,2072,0.2215404063463211,0.8542267084121704,0.999743640422821,619,1656,-0.09009116142988205,0.7551988363265991,0.9994377493858337,463,2043,0.24181382358074188,0.8643023371696472,0.9998844861984253,1573,1391,-0.12872081995010376,0.9999189376831055,0.9999561309814453,1567,1534,0.1279630959033966,0.9999494552612305,0.9999818801879883,1471,2078,-0.31002670526504517,0.9668861031532288,0.9995540976524353,1660,2108,0.00010056195606011897,0.6309372782707214,0.9994907379150391,2363,2289,-0.4133218228816986,0.7948964238166809,0.9767206311225891,2385,2242,-0.15212947130203247,0.30904117226600647,0.9875813722610474,2546,2259,-0.4269036054611206,0.8822802901268005,0.9219151139259338,2530,2198,-0.1720704287290573,0.6385067701339722,0.9847928285598755,2432,2617,-0.504991888999939,0.8888511061668396,0.8231488466262817,2507,2445,-0.2541276812553406,0.5340195298194885,0.9103937149047852
False,/data/uabcvmsc/shared/newborn/30/27.08.24 (2)/HM20240827042442.jpeg,36.5,26.2,585,996,0.37646961212158203,0.999872088432312,0.9999547004699707,593,944,0.3746613562107086,0.9997435212135315,0.9998956918716431,598,940,0.37432336807250977,0.9997475743293762,0.9999008178710938,602,936,0.3742285668849945,0.9997112154960632,0.9998756647109985,591,953,0.40928059816360474,0.9998971223831177,0.9998860359191895,597,950,0.40891996026039124,0.9999336004257202,0.9998989105224609,601,948,0.4086932837963104,0.9999481439590454,0.9998944997787476,663,930,0.34960639476776123,0.9998399019241333,0.999937891960144,657,954,0.5022851824760437,0.9998980760574341,0.9999203681945801,621,1039,0.3680809438228607,0.9996793270111084,0.999971866607666,625,1042,0.40886175632476807,0.9998175501823425,0.9999629259109497,741,1110,0.13226573169231415,0.9999659061431885,0.9999910593032837,913,1290,0.5711407661437988,0.9997870326042175,0.9999635219573975,713,1527,0.03104350157082081,0.9658370614051819,0.9999557733535767,910,1750,0.4354746639728546,0.30783650279045105,0.99988853931427,622,1721,0.09064816683530807,0.8983603715896606,0.9999046325683594,681,1786,0.19807018339633942,0.6669241786003113,0.9999182224273682,579,1835,0.06895649433135986,0.875083863735199,0.9996349811553955,589,1863,0.16969801485538483,0.7322855591773987,0.999795138835907,565,1751,0.07854754477739334,0.853383481502533,0.9995720982551575,576,1789,0.16734489798545837,0.7113580107688904,0.9998292922973633,604,1726,0.09864742308855057,0.8373538255691528,0.9997926354408264,619,1749,0.18578559160232544,0.7217650413513184,0.9999123811721802,1596,1383,-0.14502866566181183,0.9999384880065918,0.9999765157699585,1575,1488,0.14420682191848755,0.9998974800109863,0.9999748468399048,1551,2126,-0.423035204410553,0.9982690811157227,0.9995617270469666,1368,1855,0.1389337182044983,0.4724779427051544,0.9986302852630615,2514,2203,-0.5917349457740784,0.9193692207336426,0.9435359239578247,1514,1598,-0.1739504337310791,0.07669668644666672,0.9871317148208618,2649,2108,-0.6091592311859131,0.9694212079048157,0.7623792886734009,1618,1556,-0.20877648890018463,0.4695408344268799,0.9858470559120178,2555,2552,-0.696962833404541,0.9486064314842224,0.7239863872528076,1384,1519,-0.2654571235179901,0.30394598841667175,0.9561807513237
False,/data/uabcvmsc/shared/newborn/30/27.08.24 (2)/HM20240827042544.jpeg,36.9,28.4,590,981,0.3667353391647339,0.999996542930603,0.9999997615814209,611,930,0.37699437141418457,0.9999879598617554,0.9999992847442627,621,929,0.3767015039920807,0.9999876022338867,0.9999991655349731,630,928,0.37662017345428467,0.999987006187439,0.9999986886978149,589,956,0.40444043278694153,0.9999948740005493,0.9999995231628418,588,956,0.40414437651634216,0.9999961853027344,0.9999995231628418,588,955,0.4040594696998596,0.9999967813491821,0.9999994039535522,702,942,0.3959808051586151,0.9999847412109375,0.999998927116394,629,1003,0.5195496082305908,0.9999938011169434,0.9999994039535522,635,1040,0.37317752838134766,0.9999618530273438,0.9999984502792358,619,1042,0.40608280897140503,0.9999725818634033,0.9999984502792358,873,1076,0.20984423160552979,0.9999699592590332,0.9999814033508301,863,1327,0.5746287107467651,0.9999659061431885,0.9999879598617554,1059,1434,0.11425446718931198,0.6245500445365906,0.9998515844345093,794,1781,0.4258028268814087,0.5968319773674011,0.9999794960021973,1205,1714,0.16759850084781647,0.19723662734031677,0.9998494386672974,607,1694,0.256543904542923,0.7797694206237793,0.9999861717224121,1266,1782,0.1498403400182724,0.2194957584142685,0.9995986819267273,514,1732,0.23414094746112823,0.8055064678192139,0.9999531507492065,1256,1761,0.1624966561794281,0.18237866461277008,0.9996452331542969,518,1635,0.24151672422885895,0.7760973572731018,0.9999699592590332,1241,1741,0.1764741837978363,0.16679464280605316,0.9997968077659607,557,1615,0.25036895275115967,0.7746696472167969,0.9999864101409912,1554,1349,-0.14208102226257324,0.9998088479042053,0.9999836683273315,1581,1577,0.14118707180023193,0.9999257326126099,0.9999938011169434,1674,1915,-0.5115911960601807,0.9641180634498596,0.999910831451416,1719,2199,-0.11731082946062088,0.4592236876487732,0.9999266862869263,2255,1953,-0.8002798557281494,0.5603286027908325,0.9969760179519653,2487,2370,-0.33589065074920654,0.15389828383922577,0.9984230995178223,2429,1920,-0.8338968753814697,0.9011971354484558,0.987790584564209,2669,2310,-0.3632658123970032,0.7047037482261658,0.9976999163627625,2209,2174,-0.9363412857055664,0.8426255583763123,0.9706053137779236,2553,2647,-0.4545031189918518,0.5591108798980713,0.984779953956604
False,/data/uabcvmsc/shared/newborn/30/27.08.24 (2)/HM20240827042645.jpeg,36.8,27.6,550,976,0.3128438889980316,0.9998255372047424,0.9999889135360718,578,913,0.3249019384384155,0.9996787309646606,0.9999721050262451,587,911,0.3245403468608856,0.9996185302734375,0.9999669790267944,610,909,0.32453685998916626,0.9996547698974609,0.9999507665634155,565,931,0.35333189368247986,0.9998663663864136,0.9999786615371704,566,930,0.35292840003967285,0.9999033212661743,0.9999840259552002,565,930,0.35274606943130493,0.999927282333374,0.9999830722808838,694,921,0.36416757106781006,0.9997236132621765,0.9999631643295288,610,974,0.4874925911426544,0.9998824596405029,0.999985933303833,599,1038,0.3271508812904358,0.9994874000549316,0.9999731779098511,584,1046,0.3599323034286499,0.9996426105499268,0.9999762773513794,811,1129,0.19591684639453888,0.99982088804245,0.999910831451416,848,1361,0.5682629942893982,0.9997506737709045,0.999940037727356,1113,1418,0.16782313585281372,0.5852637887001038,0.9995121955871582,809,1763,0.3853866457939148,0.38289493322372437,0.999854564666748,1246,1708,0.26144132018089294,0.25339338183403015,0.9995322227478027,583,1719,0.09093483537435532,0.7993554472923279,0.9999666213989258,1270,1782,0.2473147064447403,0.293408066034317,0.9990071654319763,494,1736,0.05059876665472984,0.8530673384666443,0.9999175071716309,1283,1760,0.25308001041412354,0.267238974571228,0.9990954399108887,494,1673,0.052485719323158264,0.8470028638839722,0.9999459981918335,1266,1735,0.26909446716308594,0.23611243069171906,0.9994320273399353,536,1655,0.07997282594442368,0.8239982724189758,0.9999719858169556,1629,1306,-0.14612063765525818,0.9993962049484253,0.9998853206634521,1627,1549,0.14546705782413483,0.999650239944458,0.9999568462371826,1688,2089,-0.4372173547744751,0.9504095315933228,0.9989559650421143,1768,2174,-0.13618527352809906,0.2642211616039276,0.9988947510719299,2497,2306,-0.6649796366691589,0.8287477493286133,0.9709822535514832,2543,2253,-0.22520025074481964,0.11572989076375961,0.9857030510902405,2650,2324,-0.6913831830024719,0.9047253727912903,0.9052572846412659,2677,2182,-0.23744358122348785,0.4170905649662018,0.9844655394554138,2553,2638,-0.8282017111778259,0.8609165549278259,0.7895906567573547,2695,2483,-0.3432130813598633,0.23629918694496155,0.9269981980323792
True,/data/uabcvmsc/shared/newborn/30/27.08.24 (2)/HM20240827042747.jpeg,36.6,27.3,561,980,0.28767648339271545,0.9982755184173584,0.9996850490570068,576,928,0.29293498396873474,0.9958772659301758,0.9993194341659546,580,924,0.29260826110839844,0.9961202144622803,0.9993026256561279,597,920,0.2925814688205719,0.996192216873169,0.9991245865821838,568,937,0.3232450485229492,0.9982806444168091,0.9993718266487122,562,952,0.3229151666164398,0.9988716244697571,0.9995163679122925,558,955,0.3226911425590515,0.9990843534469604,0.9995250701904297,668,925,0.3103259801864624,0.9974942207336426,0.9995123147964478,604,969,0.4441634714603424,0.9989429116249084,0.9996639490127563,604,1030,0.2945563793182373,0.9981353282928467,0.9998185038566589,591,1033,0.3302777409553528,0.9986600875854492,0.9998036026954651,855,1057,0.1276024878025055,0.9997648596763611,0.9997338652610779,828,1358,0.5470616817474365,0.9995564818382263,0.9997166991233826,1002,1392,-0.07600931078195572,0.9291621446609497,0.9989784955978394,846,1725,0.4553182125091553,0.4207659065723419,0.9996765851974487,716,1574,-0.1841295212507248,0.8455130457878113,0.9998461008071899,588,1889,0.26543816924095154,0.8416536450386047,0.9999150037765503,707,1648,-0.23460550606250763,0.8393555283546448,0.9996310472488403,480,1957,0.24254831671714783,0.8880165219306946,0.9997770190238953,630,1590,-0.2108917087316513,0.804744303226471,0.9996693134307861,442,1907,0.22612407803535461,0.8801289200782776,0.9998321533203125,629,1609,-0.1759185642004013,0.7483177781105042,0.9998158812522888,484,1866,0.2488269805908203,0.8739039301872253,0.9999197721481323,1566,1357,-0.14616703987121582,0.999677300453186,0.9998941421508789,1558,1558,0.14533333480358124,0.9997748732566833,0.9999446868896484,1625,2074,-0.4359086751937866,0.9725604057312012,0.9988621473312378,1703,2229,-0.05876128375530243,0.475275456905365,0.9975675344467163,2480,2391,-0.5793245434761047,0.7885459065437317,0.9436662793159485,2419,2332,-0.11704861372709274,0.1371980607509613,0.9729427099227905,2595,2367,-0.5974840521812439,0.9142385125160217,0.8360165953636169,2554,2271,-0.1271892935037613,0.5562678575515747,0.9737312197685242,2494,2734,-0.7391335368156433,0.8810064792633057,0.7371461391448975,2545,2524,-0.23576463758945465,0.37337908148765564,0.894962728023529,842,1208,498,1905,670,1605,None,None,2523,2497,35.65,nan,31.93,nan,nan
False,/data/uabcvmsc/shared/newborn/30/27.08.24 (2)/HM20240827042848.jpeg,36.7,27.0,564,974,0.2304421365261078,0.9994450211524963,0.9999231100082397,598,911,0.23097297549247742,0.9988271594047546,0.9998421669006348,612,907,0.23062656819820404,0.9986794590950012,0.9998302459716797,624,904,0.23064939677715302,0.9988040924072266,0.9997645020484924,552,932,0.26769351959228516,0.9995800852775574,0.9998786449432373,549,938,0.26729458570480347,0.9996926784515381,0.9999146461486816,537,944,0.2670997679233551,0.9997795224189758,0.9999184608459473,687,922,0.23793505132198334,0.9992014765739441,0.9998282194137573,567,972,0.3991473615169525,0.9997807145118713,0.9999462366104126,609,1042,0.23301084339618683,0.9991029500961304,0.9999005794525146,562,1057,0.2767619788646698,0.9994582533836365,0.9999237060546875,789,1137,0.04854055866599083,0.9997273087501526,0.9997833371162415,845,1377,0.5193113684654236,0.999647855758667,0.9999029636383057,972,1453,-0.05699961259961128,0.9685701727867126,0.9992642998695374,836,1757,0.45133623480796814,0.3339959681034088,0.9998201727867126,717,1546,-0.008310070261359215,0.8355245590209961,0.9998370409011841,569,1884,0.28972432017326355,0.7137282490730286,0.9999455213546753,692,1605,-0.037637919187545776,0.7994518876075745,0.9996492862701416,480,1958,0.27799904346466064,0.7835695743560791,0.9998642206192017,641,1558,-0.02226359210908413,0.7610928416252136,0.9996602535247803,446,1918,0.2597089111804962,0.782086193561554,0.9998936653137207,655,1559,0.00041697389679029584,0.7255125641822815,0.9998028874397278,477,1890,0.27322790026664734,0.783555805683136,0.9999454021453857,1627,1312,-0.164708212018013,0.999504804611206,0.99977046251297,1645,1507,0.16410356760025024,0.9997256398200989,0.9999173879623413,1685,2117,-0.2999102473258972,0.9769947528839111,0.9984799027442932,1736,2165,-0.026857653632760048,0.3574610948562622,0.9987303614616394,2466,2422,-0.45498165488243103,0.8906548619270325,0.9276902079582214,2428,2335,-0.15609674155712128,0.20141759514808655,0.9653204679489136,2637,2396,-0.47248145937919617,0.9283031821250916,0.8047236204147339,2579,2305,-0.17241623997688293,0.5479470491409302,0.9628248810768127,2520,2797,-0.5793713927268982,0.8897778987884521,0.7702971696853638,2605,2562,-0.2672204375267029,0.35481977462768555,0.8890028595924377
False,/data/uabcvmsc/shared/newborn/30/27.08.24 (2)/HM20240827042949.jpeg,36.6,27.1,588,964,0.17046649754047394,0.9999701976776123,0.9999918937683105,629,894,0.17299392819404602,0.9999639987945557,0.9999815225601196,645,888,0.1726575493812561,0.9999539852142334,0.9999790191650391,674,885,0.17269305884838104,0.9999610185623169,0.9999703168869019,587,912,0.2073814421892166,0.9999829530715942,0.9999853372573853,574,914,0.20700684189796448,0.9999861717224121,0.9999892711639404,565,916,0.20684818923473358,0.9999911785125732,0.9999896287918091,747,899,0.1804162859916687,0.9999686479568481,0.9999791383743286,600,931,0.329937219619751,0.9999861717224121,0.999993085861206,636,1018,0.17433814704418182,0.9999537467956543,0.9999923706054688,595,1026,0.21447449922561646,0.9999690055847168,0.9999936819076538,839,1118,0.048709239810705185,0.9999417066574097,0.9999836683273315,820,1353,0.42262667417526245,0.9999380111694336,0.9999909400939941,1139,1394,0.0324430912733078,0.7876633405685425,0.9998725652694702,843,1753,0.3179778754711151,0.5654051303863525,0.9999656677246094,1191,1752,0.09195400029420853,0.7074365019798279,0.9999545812606812,601,1798,0.07997962832450867,0.9533135294914246,0.9999947547912598,1255,1824,0.0743008553981781,0.7036014199256897,0.9998723268508911,489,1843,0.04584586247801781,0.9581089615821838,0.9999837875366211,1221,1812,0.07761649042367935,0.6683290004730225,0.9998815059661865,474,1774,0.038311440497636795,0.9570469260215759,0.9999885559082031,1214,1808,0.09845517575740814,0.5917633771896362,0.9999366998672485,530,1748,0.06639973074197769,0.9466295838356018,0.9999949932098389,1500,1330,-0.1311797946691513,0.9999479055404663,0.9999938011169434,1514,1538,0.13075436651706696,0.999967098236084,0.9999978542327881,1652,1862,-0.369517058134079,0.9694222807884216,0.9998860359191895,1666,2154,-0.09474759548902512,0.4098520874977112,0.9999047517776489,2343,2041,-0.44971200823783875,0.924497127532959,0.9975582361221313,2334,2007,-0.13812555372714996,0.21105217933654785,0.9995461106300354,2497,2000,-0.4595472812652588,0.9320424795150757,0.9914267063140869,2439,1914,-0.14342033863067627,0.4649078845977783,0.9994162321090698,2392,2362,-0.5825813412666321,0.9360768795013428,0.9781998991966248,2506,2163,-0.24104809761047363,0.3650507628917694,0.9956995248794556
False,/data/uabcvmsc/shared/newborn/30/27.08.24 (2)/HM20240827043051.jpeg,36.7,27.9,579,950,0.3241775333881378,0.999970555305481,0.9999953508377075,606,887,0.32649150490760803,0.9999388456344604,0.9999898672103882,622,873,0.3261775076389313,0.9999381303787231,0.9999895095825195,631,868,0.3261778950691223,0.9999309778213501,0.9999866485595703,585,900,0.360824853181839,0.9999754428863525,0.9999890327453613,580,903,0.3605301082134247,0.9999815225601196,0.9999903440475464,575,906,0.36040669679641724,0.9999840259552002,0.9999891519546509,702,877,0.3308531939983368,0.9999470710754395,0.9999908208847046,624,937,0.48228222131729126,0.999982476234436,0.999988317489624,628,997,0.3263535499572754,0.999903678894043,0.9999910593032837,602,1008,0.36720359325408936,0.9999363422393799,0.9999887943267822,793,1096,0.1183391585946083,0.9999396800994873,0.9999735355377197,904,1318,0.5646069645881653,0.9997267127037048,0.9999322891235352,761,1464,-0.10100308805704117,0.9951483607292175,0.9999499320983887,824,1735,0.4796591103076935,0.672370970249176,0.9999467134475708,560,1780,-0.19528332352638245,0.9865634441375732,0.9999649524688721,599,1948,0.3535667359828949,0.8836033940315247,0.9999548196792603,533,1827,-0.2510543465614319,0.9851963520050049,0.9998689889907837,528,2033,0.33991333842277527,0.9097013473510742,0.9998700618743896,508,1776,-0.22047647833824158,0.9811515212059021,0.999882698059082,503,2002,0.31863003969192505,0.9049167633056641,0.999893307685852,532,1782,-0.18523268401622772,0.9763320684432983,0.9999383687973022,532,1980,0.3356722891330719,0.9144636392593384,0.9999504089355469,1582,1342,-0.1520666927099228,0.9999771118164062,0.9999972581863403,1623,1490,0.15118825435638428,0.9999773502349854,0.9999979734420776,1729,2121,-0.3591615557670593,0.9987718462944031,0.9999459981918335,1701,2211,0.005226501263678074,0.8667140603065491,0.9998382329940796,2678,2171,-0.45483890175819397,0.9883614182472229,0.9960194230079651,2379,1982,-0.04593196511268616,0.5198271870613098,0.9993696808815002,2799,2135,-0.46506714820861816,0.9947505593299866,0.9851555228233337,2496,1876,-0.052979230880737305,0.9009448289871216,0.9993129968643188,2760,2503,-0.5677491426467896,0.9933466911315918,0.9626328349113464,2527,2079,-0.12794803082942963,0.853033185005188,0.9945534467697144
False,/data/uabcvmsc/shared/newborn/30/27.08.24 (2)/HM20240827043152.jpeg,36.7,26.7,583,995,0.26891228556632996,0.9999984502792358,0.9999982118606567,600,936,0.2717621624469757,0.9999969005584717,0.9999957084655762,609,931,0.2714504301548004,0.999996542930603,0.9999955892562866,620,921,0.27144595980644226,0.9999959468841553,0.9999942779541016,589,947,0.301566481590271,0.9999986886978149,0.9999957084655762,590,949,0.30123797059059143,0.9999990463256836,0.9999964237213135,587,957,0.3011152446269989,0.9999991655349731,0.9999961853027344,683,921,0.27777406573295593,0.9999974966049194,0.999996542930603,637,962,0.408846914768219,0.999998927116394,0.9999964237213135,623,1040,0.2712172865867615,0.9999957084655762,0.9999980926513672,616,1058,0.30591315031051636,0.9999970197677612,0.9999974966049194,879,1063,0.10461866110563278,0.999988317489624,0.9999959468841553,940,1345,0.481906533241272,0.9999505281448364,0.999991774559021,752,1445,-0.0939725935459137,0.9896999597549438,0.9999721050262451,849,1749,0.4023289084434509,0.7416998744010925,0.9999799728393555,698,1630,-0.21032507717609406,0.9762475490570068,0.9999727010726929,616,1992,0.2484874129295349,0.9370566606521606,0.9999843835830688,649,1680,-0.2634081542491913,0.9751536250114441,0.9998905658721924,522,2077,0.226318359375,0.9461203813552856,0.999948263168335,600,1666,-0.24243108928203583,0.9697090983390808,0.9999035596847534,480,2033,0.20562292635440826,0.9414803981781006,0.9999587535858154,628,1668,-0.20408928394317627,0.9645042419433594,0.9999508857727051,522,2002,0.23040297627449036,0.9479838013648987,0.9999812841415405,1615,1382,-0.11911597102880478,0.9999963045120239,0.9999994039535522,1612,1532,0.11829447001218796,0.9999955892562866,0.9999995231628418,1718,2151,-0.3143722414970398,0.9983955025672913,0.9999740123748779,1566,2109,0.023471243679523468,0.8643955588340759,0.9999536275863647,2705,2096,-0.38477823138237,0.979689359664917,0.9985742568969727,2114,1824,-0.09861079603433609,0.4468573331832886,0.9998264908790588,2813,2064,-0.39147159457206726,0.9902012944221497,0.993520200252533,2221,1739,-0.11154332756996155,0.8185838460922241,0.999786913394928,2858,2371,-0.46414127945899963,0.9905157089233398,0.9778759479522705,2244,1823,-0.16430747509002686,0.8242083787918091,0.997793436050415
False,/data/uabcvmsc/shared/newborn/30/27.08.24 (2)/HM20240827043253.jpeg,36.9,28.4,571,1022,0.2694424092769623,0.9997709393501282,0.9999550580978394,587,971,0.2579417824745178,0.9996587038040161,0.9998807907104492,594,967,0.2576533854007721,0.9995520710945129,0.999869704246521,599,962,0.25765272974967957,0.999599277973175,0.999816358089447,575,979,0.2928408086299896,0.9998732805252075,0.9999061822891235,574,980,0.2923765480518341,0.9998910427093506,0.9999321699142456,573,980,0.2921602725982666,0.9999370574951172,0.9999337196350098,660,957,0.22701311111450195,0.9995916485786438,0.9998776912689209,602,979,0.38005414605140686,0.9998742341995239,0.9999486207962036,614,1069,0.26201507449150085,0.9994896650314331,0.999950647354126,604,1084,0.3034400939941406,0.9997319579124451,0.9999538660049438,777,1111,0.06433463096618652,0.9998717308044434,0.9999470710754395,846,1264,0.46859249472618103,0.9997662901878357,0.9999473094940186,674,1544,0.06471321731805801,0.6536443829536438,0.9998327493667603,912,1705,0.3632142245769501,0.1264825314283371,0.9998477697372437,675,1617,0.21206264197826385,0.43511906266212463,0.9998515844345093,731,1670,0.10805147886276245,0.4325714409351349,0.9999589920043945,636,1713,0.2064286321401596,0.46926265954971313,0.9995511174201965,647,1724,0.07541649788618088,0.49728187918663025,0.9998904466629028,626,1609,0.20321619510650635,0.4499540627002716,0.9995192289352417,627,1625,0.06922492384910583,0.49920862913131714,0.9999195337295532,649,1587,0.21772415935993195,0.4161905348300934,0.9997478127479553,661,1606,0.09434352070093155,0.4711296260356903,0.9999597072601318,1504,1418,-0.14303795993328094,0.9998123049736023,0.9999644756317139,1555,1509,0.14246360957622528,0.9998728036880493,0.9999828338623047,1429,2043,-0.3331215977668762,0.8181535005569458,0.9991207718849182,1665,2190,0.006205668207257986,0.10315664857625961,0.9982267022132874,2295,2252,-0.5100386142730713,0.6383742094039917,0.949040412902832,2250,2035,-0.14784756302833557,0.037962406873703,0.9777892827987671,2481,2190,-0.5289735198020935,0.6544103026390076,0.8216673135757446,2357,1956,-0.16462108492851257,0.14024102687835693,0.9747313261032104,2300,2575,-0.6231911778450012,0.5313701629638672,0.7878299951553345,2323,2146,-0.2375650703907013,0.05065317451953888,0.9373871088027954
False,/data/uabcvmsc/shared/newborn/30/27.08.24 (2)/HM20240827043355.jpeg,36.7,27.6,558,984,0.21674801409244537,0.9927399754524231,0.9979020357131958,593,915,0.20202277600765228,0.9871982932090759,0.9952712655067444,611,913,0.20162826776504517,0.9857709407806396,0.9951854348182678,621,913,0.20149855315685272,0.9861761927604675,0.9935923218727112,577,924,0.2467423677444458,0.9954466223716736,0.9967033267021179,577,922,0.24618180096149445,0.996880054473877,0.9979498982429504,575,921,0.24582242965698242,0.998076319694519,0.9982402324676514,690,924,0.1607629507780075,0.9930804371833801,0.9958614706993103,624,920,0.357928603887558,0.9982001781463623,0.9989582300186157,594,1039,0.20370908081531525,0.9919252991676331,0.9986781477928162,582,1041,0.2581386864185333,0.9959477782249451,0.9991180300712585,764,1156,-0.01662759855389595,0.9992431402206421,0.9994818568229675,876,1255,0.45889928936958313,0.9989122152328491,0.9997019171714783,806,1683,0.06771956384181976,0.8856695890426636,0.9995367527008057,877,1757,0.2539019286632538,0.19416654109954834,0.9993236064910889,678,1612,0.3487749993801117,0.7229174375534058,0.9995588660240173,657,1671,-0.09872002899646759,0.35498422384262085,0.9997488856315613,602,1631,0.3538360297679901,0.7274050116539001,0.9991129040718079,570,1705,-0.13942381739616394,0.42417341470718384,0.9995880722999573,607,1529,0.34128981828689575,0.7019534707069397,0.9988627433776855,566,1603,-0.14127695560455322,0.4279433786869049,0.9996646642684937,632,1538,0.3524656891822815,0.6710059642791748,0.999303936958313,602,1599,-0.1131734549999237,0.410504549741745,0.9997987151145935,1676,1369,-0.18575815856456757,0.999228835105896,0.9990756511688232,1706,1501,0.18529920279979706,0.9995429515838623,0.999652624130249,1468,2075,-0.42465585470199585,0.9910234212875366,0.9973670840263367,1648,2194,0.07803090661764145,0.20858773589134216,0.9951372742652893,2295,2204,-0.6017253398895264,0.9606894850730896,0.8654639720916748,2319,2298,-0.03653071075677872,0.20952101051807404,0.845687210559845,2384,2077,-0.6216263175010681,0.9336245059967041,0.6339122653007507,2451,2236,-0.05211450532078743,0.45184314250946045,0.858909547328949,2292,2555,-0.7372403740882874,0.9213963747024536,0.6166738271713257,2334,2577,-0.14208662509918213,0.22448626160621643,0.7319970726966858
False,/data/uabcvmsc/shared/newborn/30/27.08.24 (2)/HM20240827043456.jpeg,37.0,28.4,590,1030,0.4553159773349762,0.9999586343765259,0.9999924898147583,595,978,0.4518640339374542,0.9999278783798218,0.9999822378158569,599,975,0.4515720009803772,0.9999284744262695,0.9999818801879883,602,972,0.45146724581718445,0.9999188184738159,0.9999765157699585,594,981,0.4876103699207306,0.9999710321426392,0.9999802112579346,596,980,0.4872356355190277,0.9999792575836182,0.9999821186065674,597,979,0.4870063066482544,0.9999821186065674,0.9999798536300659,663,945,0.41755127906799316,0.999947190284729,0.9999880790710449,643,977,0.5746479630470276,0.9999669790267944,0.9999834299087524,635,1062,0.4433582127094269,0.9998898506164551,0.9999922513961792,631,1087,0.4859125316143036,0.9999321699142456,0.99998939037323,812,1121,0.1891138106584549,0.9999752044677734,0.9999926090240479,910,1280,0.6137361526489258,0.9998798370361328,0.999967098236084,719,1607,0.08971283584833145,0.956913411617279,0.9999657869338989,849,1789,0.3861164152622223,0.40438663959503174,0.9998668432235718,610,1662,0.1742277294397354,0.8830931782722473,0.9999381303787231,656,1674,0.06399456411600113,0.5656118392944336,0.9998419284820557,553,1729,0.15553522109985352,0.8784594535827637,0.999760091304779,555,1707,0.018675344064831734,0.6275904178619385,0.9996165037155151,556,1639,0.16065724194049835,0.8593485951423645,0.9997455477714539,555,1622,0.03247891366481781,0.5927575826644897,0.9997476935386658,584,1618,0.18062074482440948,0.8391976356506348,0.9998726844787598,591,1602,0.0554719939827919,0.5951136946678162,0.9998615980148315,1571,1388,-0.15167346596717834,0.999962568283081,0.9999902248382568,1585,1487,0.1508563607931137,0.9999620914459229,0.9999910593032837,1542,2102,-0.4559648633003235,0.9962473511695862,0.9998290538787842,1574,2125,0.0022952063009142876,0.6894150376319885,0.999233603477478,2418,2158,-0.6512043476104736,0.9341030716896057,0.972841739654541,1971,1908,-0.28909429907798767,0.16377785801887512,0.9880883097648621,2556,2088,-0.6735703349113464,0.9764971733093262,0.8713622689247131,2099,1824,-0.3230910003185272,0.7010568976402283,0.9843357801437378,2424,2486,-0.7916399240493774,0.9495459794998169,0.8181217312812805,1948,1980,-0.4229321777820587,0.4266666769981384,0.940057635307312
False,/data/uabcvmsc/shared/newborn/30/27.08.24 (2)/HM20240827043557.jpeg,36.7,27.9,599,998,0.40794241428375244,0.9993171691894531,0.9998409748077393,607,938,0.4141808748245239,0.9982853531837463,0.9995678067207336,608,933,0.41384556889533997,0.9984976053237915,0.9995917677879333,609,929,0.41370710730552673,0.9982882142066956,0.9994924068450928,581,968,0.4372749626636505,0.9992805123329163,0.9994994401931763,583,968,0.43689388036727905,0.9995146989822388,0.999567449092865,581,968,0.43658316135406494,0.9995588660240173,0.9995204210281372,659,919,0.42641615867614746,0.9990737438201904,0.9997773766517639,626,966,0.5251703262329102,0.9993767142295837,0.9996321201324463,645,1020,0.41325387358665466,0.998391330242157,0.9998784065246582,641,1052,0.4387567937374115,0.9988086223602295,0.9998194575309753,717,1067,0.21041728556156158,0.9999357461929321,0.9999570846557617,900,1257,0.5759934782981873,0.9995225667953491,0.9997897744178772,770,1451,0.07834703475236893,0.8228578567504883,0.9998682737350464,929,1736,0.3367074728012085,0.21574212610721588,0.9995602965354919,688,1579,0.1136103942990303,0.5999820232391357,0.9996347427368164,737,1658,0.00961136631667614,0.352889746427536,0.9996403455734253,730,1643,0.09057680517435074,0.6466801166534424,0.9987797141075134,713,1656,-0.04356534406542778,0.48723509907722473,0.9993133544921875,663,1576,0.09878653287887573,0.6164049506187439,0.9986675977706909,630,1597,-0.029229920357465744,0.44675323367118835,0.9994986057281494,675,1569,0.11973942071199417,0.5976907014846802,0.9992368221282959,650,1589,0.0012964317575097084,0.4415978491306305,0.9997054934501648,1572,1328,-0.1387888491153717,0.9998925924301147,0.9999638795852661,1600,1481,0.13792240619659424,0.9998962879180908,0.9999680519104004,1422,2058,-0.35838550329208374,0.9783639311790466,0.9998167157173157,1643,2172,0.015957484021782875,0.5516598224639893,0.9991864562034607,2255,2160,-0.49803945422172546,0.8442848920822144,0.9852487444877625,2208,2067,-0.15264561772346497,0.2027759999036789,0.9865886569023132,2398,2058,-0.5149736404418945,0.9386377930641174,0.9327314496040344,2353,1987,-0.17506590485572815,0.6432861089706421,0.9833312630653381,2273,2494,-0.6108083724975586,0.9239827990531921,0.857344388961792,2261,2217,-0.2697760760784149,0.46037569642066956,0.9204730987548828
False,/data/uabcvmsc/shared/newborn/30/27.08.24 (2)/HM20240827043658.jpeg,36.4,26.9,584,984,0.3461804687976837,0.9995067119598389,0.9998648166656494,602,938,0.345864474773407,0.9989386200904846,0.9996063113212585,605,937,0.34554800391197205,0.9989737272262573,0.9996254444122314,606,937,0.34543824195861816,0.9988798499107361,0.9995347261428833,600,941,0.369680255651474,0.9995854496955872,0.9995846152305603,594,965,0.3692876100540161,0.9997215867042542,0.9996541738510132,593,967,0.36902570724487305,0.9997766613960266,0.9996428489685059,657,941,0.3454521894454956,0.9993333220481873,0.999786913394928,620,974,0.44729796051979065,0.9996237754821777,0.9997448325157166,626,1016,0.34872227907180786,0.9990766048431396,0.9999171495437622,618,1048,0.3750981390476227,0.9994609951972961,0.9999001026153564,736,1106,0.14296865463256836,0.9999586343765259,0.9999809265136719,850,1308,0.5105526447296143,0.9997853636741638,0.9999374151229858,739,1480,0.017368581146001816,0.8389119505882263,0.9999204874038696,877,1774,0.3058834671974182,0.24627797305583954,0.999819815158844,700,1596,0.03265102580189705,0.571984589099884,0.9997838139533997,707,1659,-0.005466020666062832,0.42226722836494446,0.9998633861541748,656,1664,0.004650628659874201,0.5979236364364624,0.9992561936378479,607,1682,-0.05447973310947418,0.5206336379051208,0.9996711015701294,618,1590,0.008459667675197124,0.5748139023780823,0.9991833567619324,602,1600,-0.045730654150247574,0.4958585202693939,0.9997677206993103,663,1561,0.03665003553032875,0.5499923825263977,0.999563992023468,643,1587,-0.014671768061816692,0.4744519293308258,0.9998691082000732,1552,1368,-0.13777866959571838,0.999934196472168,0.9999816417694092,1574,1493,0.13697311282157898,0.9999285936355591,0.9999833106994629,1443,2062,-0.38074439764022827,0.976301372051239,0.99980229139328,1594,2124,0.04716334864497185,0.3343964219093323,0.9991406202316284,2256,2190,-0.5393375754356384,0.8132080435752869,0.9783741235733032,1939,1871,-0.17992931604385376,0.0667247548699379,0.9875367283821106,2417,2099,-0.5569379925727844,0.9186801314353943,0.9010250568389893,2058,1791,-0.20696896314620972,0.3508135676383972,0.9848912358283997,2257,2525,-0.6569625735282898,0.8710593581199646,0.8705212473869324,1905,1915,-0.29814767837524414,0.1873246282339096,0.9568163752555847
False,/data/uabcvmsc/shared/newborn/30/27.08.24 (2)/HM20240827043759.jpeg,36.9,26.9,594,988,0.40069469809532166,0.9991503953933716,0.9999387264251709,584,955,0.3904563784599304,0.9988515377044678,0.999862551689148,589,940,0.3900691568851471,0.9987686276435852,0.9998613595962524,607,939,0.39006704092025757,0.9987597465515137,0.9998248219490051,598,954,0.43222543597221375,0.9995599389076233,0.9998830556869507,599,954,0.4317344129085541,0.9996799230575562,0.9999173879623413,598,955,0.4315126836299896,0.9997525811195374,0.9999221563339233,636,940,0.3464076817035675,0.9992062449455261,0.999910831451416,647,953,0.5306481122970581,0.9996939897537231,0.9999470710754395,613,1040,0.3853216767311096,0.9990476965904236,0.9999597072601318,614,1044,0.4359048008918762,0.9994255304336548,0.9999548196792603,750,1119,0.11437107622623444,0.9999041557312012,0.9999650716781616,929,1178,0.6025827527046204,0.9997586607933044,0.9999411106109619,830,1653,0.0952456146478653,0.7577592134475708,0.9995852112770081,964,1725,0.4033167362213135,0.12635383009910583,0.9995723366737366,744,1640,0.2784815728664398,0.5359143018722534,0.9996291399002075,712,1681,0.06610533595085144,0.6580166220664978,0.9999088048934937,680,1679,0.2738111913204193,0.622847855091095,0.9993360638618469,622,1729,0.02508309669792652,0.7804429531097412,0.9998518228530884,667,1595,0.27048590779304504,0.6089863777160645,0.9992188215255737,616,1624,0.022623607888817787,0.7869486212730408,0.9998955726623535,721,1586,0.28470781445503235,0.5810889601707458,0.9994699358940125,661,1602,0.050458457320928574,0.7547496557235718,0.9999370574951172,1591,1352,-0.18291246891021729,0.999545156955719,0.9998712539672852,1711,1398,0.1820649355649948,0.9997828602790833,0.999923825263977,1444,2091,-0.3418263792991638,0.9805446863174438,0.9989952445030212,1718,2178,0.0830417349934578,0.36139336228370667,0.9971556663513184,2143,2314,-0.6234359741210938,0.9624966979026794,0.9411952495574951,2415,2107,-0.2211170345544815,0.3644295930862427,0.9567466378211975,2454,2333,-0.6519880294799805,0.9690566658973694,0.8010795712471008,2475,2010,-0.2551765739917755,0.7024276852607727,0.9481310248374939,2218,2726,-0.7690421342849731,0.9288991093635559,0.7505832314491272,2500,2274,-0.37327003479003906,0.37226560711860657,0.8633662462234497
True,/data/uabcvmsc/shared/newborn/30/27.08.24 (2)/HM20240827043900.jpeg,36.6,26.3,570,987,0.4307209551334381,0.9984514713287354,0.9998592138290405,575,926,0.43616703152656555,0.9966579675674438,0.9997292160987854,578,922,0.43580418825149536,0.9971020817756653,0.9997395873069763,600,918,0.43572306632995605,0.996577799320221,0.9997066855430603,574,932,0.464329332113266,0.998712420463562,0.9997338652610779,578,931,0.4639800488948822,0.999221682548523,0.9997910857200623,578,931,0.4637802839279175,0.9992479681968689,0.9997890591621399,640,919,0.4448930323123932,0.9983267188072205,0.9998703002929688,630,956,0.5686448812484741,0.9993440508842468,0.9998341798782349,595,1015,0.43278926610946655,0.9981088638305664,0.9999244213104248,593,1042,0.4657214283943176,0.9987711310386658,0.9998979568481445,793,1017,0.21099169552326202,0.9999210834503174,0.9999562501907349,880,1316,0.6326988339424133,0.9996157884597778,0.9998555183410645,881,1401,0.007695403881371021,0.9092807769775391,0.9997615218162537,909,1805,0.46625393629074097,0.2413848489522934,0.9997339844703674,886,1536,-0.07524396479129791,0.7888162732124329,0.9996988773345947,746,2131,0.2378430962562561,0.5906112790107727,0.999622106552124,903,1554,-0.11736828088760376,0.8057774305343628,0.9992660880088806,699,2242,0.21115687489509583,0.7136624455451965,0.9991303086280823,895,1524,-0.10978665202856064,0.780915379524231,0.9991440773010254,663,2247,0.18921248614788055,0.7080265283584595,0.9992803931236267,894,1530,-0.07409349828958511,0.760859489440918,0.9994884729385376,683,2214,0.2164480984210968,0.7143699526786804,0.9996379613876343,1557,1284,-0.15843500196933746,0.999900221824646,0.9999709129333496,1627,1502,0.15747565031051636,0.9999284744262695,0.999977707862854,1298,1972,-0.43299537897109985,0.9973681569099426,0.9998595714569092,1679,2165,-0.017075354233384132,0.7882503867149353,0.9993083477020264,2160,2281,-0.6387786269187927,0.9747023582458496,0.9892207980155945,2385,2154,-0.2595747411251068,0.5312700867652893,0.9913175106048584,2488,2317,-0.6630270481109619,0.9925969839096069,0.9606702327728271,2484,2051,-0.29111963510513306,0.9186996817588806,0.9907387495040894,2304,2694,-0.7976105809211731,0.9862329959869385,0.899818480014801,2483,2352,-0.429155170917511,0.8156194090843201,0.9472349882125854,836,1166,682,2234,894,1536,2484,2202,2317,2431,35.55,nan,36.07,nan,nan
False,/data/uabcvmsc/shared/newborn/30/27.08.24 (2)/HM20240827044001.jpeg,36.6,26.1,604,1037,0.49479052424430847,0.9996904134750366,0.9999783039093018,591,978,0.5013547539710999,0.9994204044342041,0.9999483823776245,593,974,0.501003623008728,0.999396800994873,0.9999481439590454,602,940,0.5009844303131104,0.9993517994880676,0.9999322891235352,591,984,0.5274828672409058,0.999731719493866,0.9999406337738037,593,984,0.5271016955375671,0.9997808337211609,0.9999468326568604,615,987,0.5269640684127808,0.9997974038124084,0.9999361038208008,648,936,0.49640607833862305,0.9996166229248047,0.9999626874923706,631,1014,0.6105087995529175,0.9997709393501282,0.9999327659606934,659,1058,0.4915043115615845,0.9991838335990906,0.9999638795852661,662,1064,0.5214205384254456,0.9993151426315308,0.9999393224716187,748,1070,0.22944381833076477,0.9999505281448364,0.9999626874923706,892,1260,0.6444332599639893,0.9995006322860718,0.9998109936714172,756,1393,-0.022837288677692413,0.8053486347198486,0.9995899796485901,928,1682,0.45268514752388,0.14454229176044464,0.9996194839477539,825,1686,-0.09373701363801956,0.6181955337524414,0.9989161491394043,708,1857,0.22899390757083893,0.5526255965232849,0.9996501207351685,866,1755,-0.12895706295967102,0.6665736436843872,0.9967064261436462,670,1907,0.19603294134140015,0.6715039014816284,0.9990832805633545,861,1740,-0.10789655148983002,0.6316092014312744,0.9969899654388428,652,1870,0.19687899947166443,0.6547075510025024,0.9993476271629333,862,1718,-0.08416465669870377,0.5917150974273682,0.9981683492660522,698,1841,0.21685020625591278,0.6391981840133667,0.9996565580368042,1554,1347,-0.1547868400812149,0.9997677206993103,0.9998958110809326,1614,1475,0.1537075936794281,0.9998043179512024,0.999911904335022,1448,2105,-0.2730715274810791,0.9741796255111694,0.9995418787002563,1726,2192,0.007194566074758768,0.45850124955177307,0.9985153079032898,2294,2343,-0.5407600402832031,0.9002753496170044,0.9697532653808594,2403,2269,-0.2821398973464966,0.29793882369995117,0.9746624827384949,2514,2276,-0.5694596767425537,0.9620140790939331,0.8734071254730225,2470,2159,-0.31615033745765686,0.7818861603736877,0.9657772779464722,2339,2693,-0.6469249129295349,0.9214741587638855,0.7384505867958069,2476,2529,-0.3973875641822815,0.5193316340446472,0.8424469232559204
False,/data/uabcvmsc/shared/newborn/30/27.08.24 (2)/HM20240827044104.jpeg,36.3,25.8
True,/data/uabcvmsc/shared/newborn/30/27.08.24 (2)/HM20240827044206.jpeg,36.5,25.7,563,1023,0.2522716820240021,0.9998441934585571,0.9999431371688843,577,952,0.2570972740650177,0.9997757077217102,0.999915599822998,584,946,0.25677332282066345,0.9996709823608398,0.999920129776001,604,938,0.25686219334602356,0.9997466206550598,0.9998923540115356,569,956,0.2997250258922577,0.9998989105224609,0.9999148845672607,571,953,0.29929178953170776,0.9998986721038818,0.9999372959136963,570,950,0.2992212772369385,0.9999358654022217,0.999936580657959,674,929,0.2564846873283386,0.9998314380645752,0.9999366998672485,639,945,0.4498417377471924,0.9999192953109741,0.9999499320983887,607,1059,0.2503339648246765,0.999829888343811,0.9999494552612305,599,1073,0.30260011553764343,0.9998586177825928,0.9999316930770874,910,1055,0.06659642606973648,0.9994373917579651,0.9996325969696045,924,1413,0.5150839686393738,0.9989527463912964,0.9995781779289246,856,1380,-0.18085584044456482,0.6263887882232666,0.9940926432609558,868,1825,0.3874835669994354,0.16070100665092468,0.9969164133071899,781,1613,-0.3646242022514343,0.39685821533203125,0.9856378436088562,656,2153,0.1557309627532959,0.1993199735879898,0.99403977394104,792,1660,-0.4373045861721039,0.5075823068618774,0.9757282733917236,575,2232,0.12391836941242218,0.29514431953430176,0.9903331398963928,788,1651,-0.4222833812236786,0.49270179867744446,0.9812408089637756,558,2226,0.0951552465558052,0.31900909543037415,0.9927652478218079,793,1643,-0.36274218559265137,0.3964427411556244,0.9854211211204529,594,2205,0.13180993497371674,0.320970356464386,0.9954875111579895,1704,1339,-0.1322886198759079,0.9982979893684387,0.9989728927612305,1726,1657,0.13149568438529968,0.998708963394165,0.9994879961013794,2021,2034,-0.4326828122138977,0.9004340767860413,0.9914205074310303,1997,2344,-0.08085711300373077,0.24188938736915588,0.9897717833518982,2989,2180,-0.37426310777664185,0.4930657744407654,0.7105616331100464,2742,2613,-0.028083594515919685,0.13620832562446594,0.7449062466621399,3128,2155,-0.37251538038253784,0.40597084164619446,0.43086716532707214,2860,2596,-0.027074215933680534,0.17788855731487274,0.7258475422859192,3232,2469,-0.5384260416030884,0.41505321860313416,0.3819655179977417,2901,2840,-0.16804775595664978,0.15577152371406555,0.4282585084438324,917,1234,None,None,None,None,None,None,None,None,35.40,nan,nan,nan,nan
True,/data/uabcvmsc/shared/newborn/30/27.08.24 (2)/HM20240827044307.jpeg,36.4,25.6,606,1014,0.29007890820503235,0.9998002648353577,0.9999330043792725,623,960,0.29431620240211487,0.9995251893997192,0.999852180480957,628,956,0.29399970173835754,0.999401330947876,0.9998437166213989,634,953,0.2940046191215515,0.9994415640830994,0.9997822642326355,612,964,0.32506227493286133,0.9998366832733154,0.999883770942688,611,962,0.3247005045413971,0.9998732805252075,0.9999173879623413,609,961,0.32455936074256897,0.9999148845672607,0.9999206066131592,711,954,0.2963789105415344,0.9996373653411865,0.9998525381088257,648,983,0.4350470006465912,0.9999064207077026,0.9999362230300903,653,1044,0.2906206548213959,0.9996185302734375,0.999911904335022,641,1072,0.32754766941070557,0.9997639060020447,0.999911904335022,892,1076,0.11077883094549179,0.9995970129966736,0.9996390342712402,923,1378,0.5030186772346497,0.9993773102760315,0.9998000264167786,852,1408,-0.10748521238565445,0.6515138149261475,0.9975249171257019,887,1792,0.3871012032032013,0.24645985662937164,0.9993849992752075,740,1654,-0.23532269895076752,0.4170614778995514,0.9953172206878662,692,2099,0.18714332580566406,0.4961286187171936,0.9994680285453796,739,1713,-0.2933565080165863,0.5179601311683655,0.9909023642539978,636,2198,0.16058030724525452,0.6249343156814575,0.9988986253738403,728,1695,-0.27619609236717224,0.4910891354084015,0.9921263456344604,600,2184,0.13551825284957886,0.6320918798446655,0.9991788268089294,737,1681,-0.23165103793144226,0.4303334653377533,0.9945217370986938,622,2166,0.1665719598531723,0.6359158754348755,0.9995444416999817,1665,1362,-0.13396595418453217,0.9994693398475647,0.9997592568397522,1682,1566,0.13311834633350372,0.999625563621521,0.9999157190322876,1771,2074,-0.38906922936439514,0.9499912261962891,0.9987987279891968,1870,2261,-0.022116968408226967,0.29976609349250793,0.9987595081329346,2675,2190,-0.45931968092918396,0.6816934943199158,0.9489590525627136,2471,2532,-0.0348752997815609,0.1529190093278885,0.9694604873657227,2858,2121,-0.47024014592170715,0.7579989433288574,0.8417739868164062,2601,2507,-0.040507420897483826,0.39456257224082947,0.969434380531311,2808,2517,-0.5923587083816528,0.7532891631126404,0.7632540464401245,2533,2778,-0.13327555358409882,0.2923336923122406,0.8886204361915588,908,1227,None,None,None,None,None,None,2833,2319,32.04,nan,nan,nan,nan
False,/data/uabcvmsc/shared/newborn/30/27.08.24 (2)/HM20240827044408.jpeg,36.8,25.6,580,987,0.2391776144504547,0.9998142123222351,0.9999657869338989,607,913,0.23722907900810242,0.9997692704200745,0.9999476671218872,621,908,0.23682940006256104,0.999687910079956,0.9999512434005737,643,904,0.23691068589687347,0.9997758269309998,0.9999353885650635,581,923,0.28433558344841003,0.9998537302017212,0.9999290704727173,578,922,0.28394073247909546,0.999849796295166,0.999940037727356,574,922,0.2839146852493286,0.9998835325241089,0.9999297857284546,723,909,0.2248636782169342,0.9998476505279541,0.9999587535858154,628,927,0.43634870648384094,0.9998471736907959,0.9999324083328247,622,1033,0.23494748771190643,0.9997517466545105,0.9999603033065796,597,1039,0.2927229702472687,0.999722421169281,0.9999358654022217,883,1097,0.01131659559905529,0.9998483657836914,0.9999250173568726,858,1335,0.5608357191085815,0.9989911913871765,0.9997449517250061,1046,1393,-0.23185548186302185,0.8658148050308228,0.9991841912269592,879,1740,0.49108627438545227,0.11868397146463394,0.9991968274116516,1221,1753,-0.40000975131988525,0.7241284847259521,0.9989402890205383,691,2058,0.299052894115448,0.3383973240852356,0.9990867376327515,1285,1841,-0.4719431698322296,0.7244726419448853,0.9972648620605469,645,2165,0.28066837787628174,0.44029468297958374,0.9977523684501648,1240,1836,-0.4545087218284607,0.6959333419799805,0.997930645942688,586,2144,0.24701443314552307,0.46066102385520935,0.9984184503555298,1273,1818,-0.3954065144062042,0.5902391672134399,0.998703122138977,615,2121,0.27482953667640686,0.45603683590888977,0.9991812109947205,1698,1318,-0.17913690209388733,0.9990272521972656,0.9993957281112671,1732,1559,0.1784476339817047,0.998981773853302,0.9996206760406494,1942,2073,-0.3665236532688141,0.9362555146217346,0.9933837056159973,1917,2268,-0.03547680005431175,0.14664852619171143,0.9905924201011658,2815,2386,-0.47592905163764954,0.7832462191581726,0.6648511290550232,2518,2570,-0.0865655243396759,0.09374988824129105,0.8145603537559509,3000,2351,-0.49090540409088135,0.7163986563682556,0.3393206000328064,2652,2548,-0.095741868019104,0.23043446242809296,0.7992970943450928,2942,2784,-0.6431825757026672,0.6547760963439941,0.3178180158138275,2592,2863,-0.19897183775901794,0.11520757526159286,0.5463516116142273
False,/data/uabcvmsc/shared/newborn/30/27.08.24 (2)/HM20240827044509.jpeg,36.8,25.7,576,1000,0.339510053396225,0.9999275207519531,0.9999876022338867,570,946,0.3393405079841614,0.9998615980148315,0.9999760389328003,573,943,0.33902227878570557,0.9998412132263184,0.9999797344207764,575,940,0.3390248119831085,0.9998680353164673,0.9999758005142212,565,958,0.37660226225852966,0.9999125003814697,0.9999678134918213,567,957,0.3763066232204437,0.9999186992645264,0.9999724626541138,567,956,0.37628039717674255,0.9999337196350098,0.9999680519104004,651,935,0.323888897895813,0.999927282333374,0.9999897480010986,635,962,0.49129199981689453,0.9999102354049683,0.9999699592590332,609,1048,0.33361706137657166,0.9999039173126221,0.9999915361404419,608,1051,0.3788279592990875,0.9998772144317627,0.9999804496765137,845,1047,0.08333007991313934,0.9999784231185913,0.9999905824661255,931,1321,0.5758907198905945,0.9996423721313477,0.9998985528945923,1017,1425,-0.17905884981155396,0.9168811440467834,0.9998108744621277,887,1713,0.46710672974586487,0.15593598783016205,0.9996486902236938,1221,1780,-0.3259347379207611,0.7667266130447388,0.9993888139724731,702,2044,0.2750867009162903,0.31783056259155273,0.9993268251419067,1265,1850,-0.3906073272228241,0.7636542320251465,0.9985860586166382,647,2141,0.2518690228462219,0.4588259160518646,0.998769223690033,1242,1851,-0.3720119297504425,0.7387871742248535,0.9987571239471436,631,2138,0.22698523104190826,0.4720954895019531,0.9990423321723938,1221,1836,-0.32044413685798645,0.6658544540405273,0.9991507530212402,657,2114,0.2533712685108185,0.46416935324668884,0.9994500279426575,1640,1305,-0.15664876997470856,0.9996365308761597,0.9998692274093628,1686,1507,0.15577532351016998,0.999592125415802,0.9998667240142822,1667,2066,-0.38900795578956604,0.9787769913673401,0.9995191097259521,1932,2293,0.0407818965613842,0.3398554027080536,0.9984195232391357,2526,2229,-0.41519567370414734,0.7847206592559814,0.9662930965423584,2397,2552,0.04010453820228577,0.1496669203042984,0.955544114112854,2699,2190,-0.4203373193740845,0.8457075357437134,0.8692648410797119,2513,2543,0.035089027136564255,0.3916968107223511,0.9517373442649841,2656,2541,-0.5410816669464111,0.8291851878166199,0.8371838331222534,2421,2767,-0.0709790512919426,0.3046254813671112,0.87767493724823
False,/data/uabcvmsc/shared/newborn/30/27.08.24 (2)/HM20240827044610.jpeg,36.4,25.5,589,996,0.23319442570209503,0.9998935461044312,0.9999620914459229,609,928,0.23238804936408997,0.9998225569725037,0.9999254941940308,623,915,0.23208072781562805,0.9997358918190002,0.9999294281005859,633,908,0.23211145401000977,0.9998059868812561,0.9999041557312012,588,947,0.270710825920105,0.9999140501022339,0.9999152421951294,584,951,0.2702997028827667,0.9999066591262817,0.9999340772628784,579,956,0.27020493149757385,0.9999440908432007,0.9999278783798218,703,903,0.2290414571762085,0.999845027923584,0.99993896484375,629,954,0.40059778094291687,0.999906063079834,0.9999327659606934,628,1031,0.23295153677463531,0.9997825026512146,0.9999493360519409,608,1051,0.2792809009552002,0.9998090863227844,0.9999287128448486,866,1023,0.04793078452348709,0.9997783303260803,0.9998701810836792,941,1247,0.5016049742698669,0.9989169836044312,0.9997128844261169,776,1479,-0.15969376266002655,0.6934232115745544,0.9992325305938721,909,1674,0.44008758664131165,0.05222548544406891,0.9989738464355469,739,1786,-0.2706165611743927,0.45546793937683105,0.9977867603302002,742,2007,0.25842371582984924,0.06716880947351456,0.996802806854248,723,1897,-0.3280080556869507,0.5082948207855225,0.9947134852409363,679,2137,0.23815859854221344,0.10913748294115067,0.9937868118286133,678,1881,-0.3079458773136139,0.4960485100746155,0.9954684972763062,645,2129,0.20753300189971924,0.11891181021928787,0.9949606657028198,694,1856,-0.26364666223526,0.40272897481918335,0.9969504475593567,673,2081,0.23582153022289276,0.12804731726646423,0.99708491563797,1635,1333,-0.14157605171203613,0.9993125200271606,0.999634861946106,1646,1520,0.14080296456813812,0.9993865489959717,0.999810516834259,1643,2053,-0.32674455642700195,0.7335633635520935,0.9974998831748962,1858,2221,-0.008295541629195213,0.09014572203159332,0.9964062571525574,2525,2100,-0.3700942099094391,0.3696735203266144,0.8833253383636475,2393,2597,-0.04576394334435463,0.06984935700893402,0.8576952815055847,2688,2057,-0.3783230185508728,0.37928587198257446,0.6754699349403381,2515,2597,-0.05446372926235199,0.14685210585594177,0.8410655856132507,2671,2466,-0.5039889812469482,0.3636549115180969,0.6528040766716003,2423,2853,-0.16715478897094727,0.09416694194078445,0.6712533831596375
False,/data/uabcvmsc/shared/newborn/30/27.08.24 (2)/HM20240827044711.jpeg,36.9,25.9,555,1044,0.29165980219841003,0.9997833371162415,0.9999145269393921,574,971,0.2883177101612091,0.9996570348739624,0.9998247027397156,582,967,0.28800639510154724,0.9995260238647461,0.9998125433921814,592,955,0.2881021201610565,0.9996004700660706,0.999721109867096,567,975,0.3273712694644928,0.9998599290847778,0.9998705387115479,570,975,0.3269096612930298,0.9998824596405029,0.9999129772186279,570,975,0.32676392793655396,0.99992835521698,0.9999165534973145,660,951,0.26091036200523376,0.999742329120636,0.9998255372047424,628,972,0.4366663694381714,0.9999157190322876,0.999940037727356,598,1082,0.2829645872116089,0.9996685981750488,0.999896764755249,592,1100,0.33052316308021545,0.9997522234916687,0.9998948574066162,884,1125,0.07898405194282532,0.9995679259300232,0.9996800422668457,917,1268,0.5227850675582886,0.9992207288742065,0.9998227953910828,1019,1497,-0.061741903424263,0.4418492913246155,0.9961840510368347,916,1754,0.45430275797843933,0.11338862031698227,0.9993491768836975,985,1891,-0.09412545710802078,0.2605501115322113,0.9945706725120544,738,2038,0.2662034034729004,0.40657317638397217,0.9994818568229675,1000,1997,-0.13436084985733032,0.3202472925186157,0.9909058809280396,688,2163,0.24822868406772614,0.5080816149711609,0.9989075660705566,965,1966,-0.116522416472435,0.30005142092704773,0.9918816685676575,638,2136,0.22359639406204224,0.521446168422699,0.9991480112075806,973,1929,-0.0856911763548851,0.23963066935539246,0.9942718744277954,663,2099,0.2466588020324707,0.5068751573562622,0.9995458722114563,1700,1380,-0.14970797300338745,0.9985236525535583,0.9989597797393799,1686,1558,0.14902980625629425,0.9988825917243958,0.9996887445449829,1832,2091,-0.3952522277832031,0.9470914006233215,0.9947522878646851,1855,2200,0.035341862589120865,0.15331469476222992,0.995000422000885,2723,2289,-0.5336305499076843,0.8209857940673828,0.8011164665222168,2384,2556,0.03480999544262886,0.08530047535896301,0.887102484703064,2910,2258,-0.5505545139312744,0.7760301828384399,0.5034238696098328,2504,2541,0.0320478118956089,0.19210626184940338,0.8799797892570496,2804,2673,-0.7001592516899109,0.7440235614776611,0.46297404170036316,2412,2797,-0.058617692440748215,0.10754367709159851,0.7594475150108337
False,/data/uabcvmsc/shared/newborn/30/27.08.24 (2)/HM20240827044812.jpeg,36.9,25.5,559,1017,0.19992201030254364,0.9999420642852783,0.9999831914901733,589,941,0.1960267722606659,0.9998981952667236,0.9999604225158691,613,934,0.1956838071346283,0.9998569488525391,0.9999599456787109,626,928,0.19569477438926697,0.9998815059661865,0.9999456405639648,570,956,0.23875552415847778,0.9999501705169678,0.9999632835388184,569,956,0.2383921593427658,0.9999525547027588,0.9999731779098511,567,956,0.23832230269908905,0.9999681711196899,0.9999728202819824,705,923,0.18071319162845612,0.9999208450317383,0.9999672174453735,631,949,0.37257400155067444,0.9999632835388184,0.9999806880950928,615,1055,0.19482864439487457,0.9999102354049683,0.9999872446060181,591,1070,0.24693389236927032,0.9999270439147949,0.9999856948852539,899,1089,-0.012551362626254559,0.9998950958251953,0.9999681711196899,877,1381,0.475076824426651,0.9998154044151306,0.9999709129333496,1049,1435,-0.18946217000484467,0.7534067034721375,0.9996371269226074,835,1796,0.3450552523136139,0.2618103325366974,0.9999061822891235,1167,1762,-0.2654103636741638,0.4716111421585083,0.9993651509284973,587,1951,0.11127380281686783,0.6894218921661377,0.9999430179595947,1247,1823,-0.3158795237541199,0.538774311542511,0.9984716773033142,485,2006,0.07707630097866058,0.7795777916908264,0.9998650550842285,1219,1827,-0.31007230281829834,0.5109120011329651,0.9987248778343201,460,1982,0.0640067458152771,0.7858561873435974,0.999915361404419,1209,1823,-0.26238492131233215,0.42097190022468567,0.9991739392280579,499,1964,0.09368231892585754,0.7652304172515869,0.9999555349349976,1677,1326,-0.16230477392673492,0.9997128844261169,0.999916672706604,1729,1590,0.16170530021190643,0.9998365640640259,0.9999698400497437,1860,2044,-0.4243837296962738,0.9272329807281494,0.9987284541130066,1925,2322,-0.106984943151474,0.2658080756664276,0.9991672039031982,2771,2061,-0.4321484863758087,0.6268449425697327,0.9373165369033813,2692,2414,-0.23583045601844788,0.1896873265504837,0.9781700372695923,2906,2017,-0.43566688895225525,0.5571486353874207,0.8009313344955444,2919,2378,-0.253405898809433,0.32096126675605774,0.9677274227142334,2940,2443,-0.5373976230621338,0.5441429018974304,0.7435899972915649,2903,2743,-0.36413565278053284,0.21749548614025116,0.8266124725341797
False,/data/uabcvmsc/shared/newborn/30/27.08.24 (2)/HM20240827044913.jpeg,36.6,25.7,586,1007,0.1611780822277069,0.9999436140060425,0.9999837875366211,612,936,0.15705645084381104,0.999904990196228,0.9999662637710571,626,928,0.15671898424625397,0.9998730421066284,0.999967098236084,649,923,0.15674608945846558,0.9998966455459595,0.9999560117721558,588,950,0.1985253393650055,0.9999388456344604,0.9999594688415527,585,951,0.1981632560491562,0.9999380111694336,0.9999666213989258,581,953,0.19809791445732117,0.9999552965164185,0.9999614953994751,729,923,0.14892812073230743,0.9999252557754517,0.9999690055847168,633,957,0.33445578813552856,0.9999377727508545,0.9999645948410034,638,1050,0.1603718400001526,0.999883770942688,0.9999809265136719,611,1059,0.21039976179599762,0.999868631362915,0.9999711513519287,913,1068,-0.03588574752211571,0.9999117851257324,0.999962568283081,848,1333,0.45552858710289,0.999626636505127,0.9999198913574219,1112,1353,-0.2712113857269287,0.8703960180282593,0.9996678829193115,832,1713,0.3668822646141052,0.1681320071220398,0.9997932314872742,1193,1739,-0.43460431694984436,0.7562103867530823,0.9996986389160156,646,1966,0.1588953286409378,0.4953365623950958,0.9998691082000732,1274,1815,-0.49994122982025146,0.7680278420448303,0.9992048144340515,588,2077,0.1322687417268753,0.5928745269775391,0.9996860027313232,1239,1827,-0.4882839620113373,0.7511663436889648,0.9993667006492615,552,2054,0.10420015454292297,0.6093021035194397,0.9997723698616028,1215,1815,-0.43179354071617126,0.6462120413780212,0.9996150732040405,583,2018,0.1360551416873932,0.584077775478363,0.9998819828033447,1710,1330,-0.15990199148654938,0.9995599389076233,0.9998207688331604,1729,1582,0.1593860685825348,0.9996100068092346,0.9999183416366577,1817,2039,-0.3889354169368744,0.8277871608734131,0.9983310103416443,1939,2314,-0.10338100790977478,0.17576944828033447,0.9985238909721375,2742,2046,-0.4098080098628998,0.5090571045875549,0.9417110681533813,2695,2525,-0.1632537543773651,0.1148185208439827,0.9676780104637146,2905,1985,-0.4165283739566803,0.46364983916282654,0.8130336403846741,2844,2480,-0.17389744520187378,0.2333705723285675,0.955606997013092,2958,2402,-0.5302525758743286,0.46710658073425293,0.7936864495277405,2793,2839,-0.27469050884246826,0.14637096226215363,0.8483296632766724
False,/data/uabcvmsc/shared/newborn/30/27.08.24 (2)/HM20240827045015.jpeg,36.8,26.0,573,1029,0.2207576334476471,0.9998220801353455,0.9999033212661743,590,964,0.21481093764305115,0.9996994733810425,0.9997784495353699,601,959,0.21453285217285156,0.9995715022087097,0.9997671246528625,612,954,0.21453440189361572,0.999650239944458,0.9996742010116577,570,969,0.2544507682323456,0.9998748302459717,0.9998107552528381,570,968,0.2540093660354614,0.9998770952224731,0.9998672008514404,567,974,0.2538290321826935,0.9999315738677979,0.999870777130127,695,945,0.19730274379253387,0.9997332692146301,0.9997661709785461,623,969,0.37342697381973267,0.9999074935913086,0.9999029636383057,615,1074,0.21675579249858856,0.9997029900550842,0.9999047517776489,603,1079,0.26417139172554016,0.9997872710227966,0.9999072551727295,901,1086,0.020889155566692352,0.9995309114456177,0.999758780002594,915,1365,0.48487770557403564,0.9992372989654541,0.9998492002487183,935,1456,-0.1289057433605194,0.7955089211463928,0.9987810254096985,879,1727,0.40984252095222473,0.09945165365934372,0.9995755553245544,740,1794,-0.1639007180929184,0.5602173805236816,0.9991071820259094,652,1985,0.20822200179100037,0.23752912878990173,0.9995176792144775,714,1889,-0.20491470396518707,0.581764817237854,0.9980108141899109,586,2095,0.18734778463840485,0.31690195202827454,0.9989847540855408,688,1859,-0.1860044300556183,0.5552148222923279,0.9982245564460754,545,2065,0.16409626603126526,0.323545902967453,0.9992005228996277,643,1824,-0.15437345206737518,0.4495737850666046,0.9988635778427124,579,2032,0.18820621073246002,0.3266555666923523,0.9995645880699158,1727,1377,-0.15193809568881989,0.9995219707489014,0.9998109936714172,1733,1565,0.15131467580795288,0.9996904134750366,0.9999419450759888,1805,2052,-0.3593076467514038,0.8668581247329712,0.9973184466362,1925,2318,-0.05659370496869087,0.22707051038742065,0.9978306889533997,2696,2005,-0.3928985893726349,0.5671969652175903,0.9165591597557068,2759,2407,-0.11142271757125854,0.1352233588695526,0.9680162072181702,2883,1922,-0.3992680609226227,0.48067668080329895,0.7671050429344177,2905,2338,-0.12018097937107086,0.24272452294826508,0.9584562182426453,2878,2392,-0.5071403384208679,0.4942339360713959,0.6903417110443115,2892,2689,-0.21682234108448029,0.14731115102767944,0.8291596174240112
False,/data/uabcvmsc/shared/newborn/30/27.08.24 (2)/HM20240827045120.jpeg,36.6,25.6
True,/data/uabcvmsc/shared/newborn/30/27.08.24 (2)/HM20240827045222.jpeg,36.3,25.2,623,1035,0.45282620191574097,0.9996084570884705,0.9999632835388184,629,964,0.4615325927734375,0.9991507530212402,0.9999412298202515,636,957,0.46125730872154236,0.9989282488822937,0.9999369382858276,642,950,0.46126800775527954,0.9988766312599182,0.9999079704284668,616,983,0.49884232878685,0.9997062087059021,0.9999593496322632,616,980,0.49848639965057373,0.9997841715812683,0.9999723434448242,615,978,0.49838772416114807,0.999863862991333,0.9999737739562988,707,929,0.4615539610385895,0.9992061257362366,0.999930739402771,665,965,0.628534734249115,0.9998669624328613,0.999977707862854,663,1074,0.44991639256477356,0.9991840720176697,0.999936580657959,654,1087,0.4952552020549774,0.99950110912323,0.9999408721923828,819,1089,0.21635626256465912,0.9997112154960632,0.9996951818466187,978,1389,0.6767459511756897,0.9997509121894836,0.9999185800552368,872,1455,-0.08616901189088821,0.5991455316543579,0.9971494078636169,1017,1806,0.6182730197906494,0.43998730182647705,0.9997900128364563,918,1675,-0.2820788621902466,0.2976011335849762,0.9782493114471436,848,2116,0.46789851784706116,0.785521388053894,0.9997426867485046,956,1712,-0.35114121437072754,0.38084232807159424,0.9593991041183472,799,2247,0.45087775588035583,0.8475537300109863,0.9993602633476257,971,1690,-0.3259272277355194,0.3466385304927826,0.9654518961906433,752,2222,0.4215707778930664,0.8537510633468628,0.9994593262672424,962,1688,-0.2772303521633148,0.3200359344482422,0.9743611216545105,767,2184,0.44662633538246155,0.8478102087974548,0.9997121691703796,1629,1390,-0.1558661162853241,0.9991728663444519,0.9995185136795044,1655,1593,0.15490464866161346,0.9996616840362549,0.9998680353164673,1512,2093,-0.3280918002128601,0.966956615447998,0.9950172305107117,1793,2425,0.017105264589190483,0.4758996069431305,0.9961681962013245,2275,2337,-0.25943511724472046,0.5073994994163513,0.7603706121444702,2258,2664,0.0632644072175026,0.08980212360620499,0.839151918888092,2479,2410,-0.2510872185230255,0.8197342157363892,0.568733811378479,2355,2646,0.06599823385477066,0.40424126386642456,0.867384672164917,2374,2716,-0.32340213656425476,0.6854426860809326,0.5407390594482422,2323,2839,-0.020756136626005173,0.2558288872241974,0.6975310444831848,898,1239,792,2192,None,None,None,None,None,None,31.86,nan,nan,nan,nan
True,/data/uabcvmsc/shared/newborn/30/27.08.24 (2)/HM20240827045323.jpeg,36.6,25.1,632,1011,0.35647064447402954,0.9991850256919861,0.9997902512550354,615,949,0.3607350289821625,0.9976040720939636,0.9995564818382263,616,945,0.3604256808757782,0.9975579977035522,0.9995684027671814,616,941,0.36034446954727173,0.9972698092460632,0.9994544386863708,606,975,0.38566121459007263,0.9991102814674377,0.9996106028556824,605,977,0.3853251338005066,0.9993889331817627,0.9997109770774841,602,979,0.38517478108406067,0.9995225667953491,0.999713122844696,665,930,0.36570921540260315,0.9985723495483398,0.9996935129165649,642,977,0.47718381881713867,0.9996405839920044,0.99977046251297,654,1038,0.3584793508052826,0.9984408020973206,0.9997707009315491,648,1068,0.38773787021636963,0.9990202188491821,0.999724805355072,835,1052,0.14750359952449799,0.9997789263725281,0.9997221827507019,960,1343,0.5410319566726685,0.9995218515396118,0.9997488856315613,821,1382,-0.16576482355594635,0.7871538996696472,0.9982903599739075,986,1807,0.46706146001815796,0.48771050572395325,0.9995532631874084,784,1532,-0.3864395320415497,0.6131302714347839,0.9927964806556702,832,2108,0.3381503224372864,0.8121132850646973,0.9996126294136047,794,1553,-0.455768346786499,0.7064914703369141,0.9847279787063599,775,2218,0.32043200731277466,0.8855774998664856,0.9991501569747925,799,1531,-0.43684396147727966,0.6803005337715149,0.985458493232727,735,2209,0.2916352450847626,0.8864317536354065,0.9992976188659668,804,1536,-0.3855041563510895,0.6494590640068054,0.9897868633270264,756,2181,0.31783920526504517,0.8831396698951721,0.9996190071105957,1612,1361,-0.14340685307979584,0.9993988275527954,0.9995601773262024,1682,1583,0.1423260122537613,0.9996368885040283,0.9997770190238953,1551,2145,-0.30307790637016296,0.9700304269790649,0.9982536435127258,1785,2361,0.061545230448246,0.49799343943595886,0.9969282746315002,2280,2268,-0.3185654878616333,0.5771412253379822,0.8864187598228455,2298,2533,-6.380146078299731e-05,0.1310891956090927,0.9126374125480652,2445,2243,-0.32066258788108826,0.852083683013916,0.7141944169998169,2427,2494,-0.01022154837846756,0.5524274110794067,0.918093740940094,2379,2568,-0.37300369143486023,0.8024702072143555,0.6630331873893738,2324,2741,-0.07516279816627502,0.4118534028530121,0.7916937470436096,898,1198,774,2179,794,1553,None,None,2445,2243,31.95,nan,34.30,nan,nan
False,/data/uabcvmsc/shared/newborn/30/27.08.24 (2)/HM20240827045424.jpeg,36.3,25.0,628,1011,0.18867595493793488,0.9999750852584839,0.9999855756759644,642,943,0.18661117553710938,0.9999473094940186,0.9999666213989258,653,936,0.18636485934257507,0.9999240636825562,0.999963641166687,672,932,0.1863996982574463,0.9999333620071411,0.9999445676803589,621,962,0.22419670224189758,0.9999810457229614,0.9999755620956421,619,963,0.22377854585647583,0.9999837875366211,0.9999830722808838,616,963,0.22365327179431915,0.9999901056289673,0.9999834299087524,747,921,0.1760464310646057,0.9999504089355469,0.999955415725708,654,961,0.34493082761764526,0.9999866485595703,0.9999877214431763,672,1051,0.18553315103054047,0.999946117401123,0.9999760389328003,657,1063,0.23126210272312164,0.9999653100967407,0.9999778270721436,935,1085,0.026930229738354683,0.999860405921936,0.9998884201049805,960,1301,0.44219017028808594,0.999822199344635,0.9999630451202393,1114,1336,-0.08066578954458237,0.6595469117164612,0.9982292056083679,1002,1762,0.37226253747940063,0.37449610233306885,0.9997738003730774,1261,1452,-0.09839372336864471,0.2749539613723755,0.9920644164085388,821,2071,0.16334785521030426,0.6794694066047668,0.9997714161872864,1312,1464,-0.13012036681175232,0.3224234879016876,0.9863144159317017,783,2201,0.14231647551059723,0.7421233654022217,0.9995266199111938,1322,1445,-0.13402701914310455,0.3083735406398773,0.9865591526031494,733,2173,0.11177470535039902,0.7565340399742126,0.9995707869529724,1307,1450,-0.09958116710186005,0.3010999262332916,0.990720272064209,743,2134,0.14072853326797485,0.7616589069366455,0.9997666478157043,1658,1379,-0.1474568247795105,0.9991756081581116,0.9993777275085449,1665,1575,0.14673879742622375,0.9994994401931763,0.9998452663421631,1692,2132,-0.3989578187465668,0.9880149960517883,0.996797502040863,1775,2295,0.0007424187497235835,0.3386375308036804,0.9979064464569092,2547,2303,-0.46406954526901245,0.8904193043708801,0.8658110499382019,2300,2572,0.010677884332835674,0.16262763738632202,0.9300546050071716,2690,2258,-0.4728912115097046,0.8595563173294067,0.6442597508430481,2414,2561,0.008793538436293602,0.3121272921562195,0.9306222796440125,2663,2646,-0.5830963850021362,0.8626574873924255,0.608047604560852,2320,2816,-0.06595401465892792,0.23436281085014343,0.8452940583229065
False,/data/uabcvmsc/shared/newborn/30/27.08.24 (2)/HM20240827045525.jpeg,36.6,24.9,617,1009,0.24200281500816345,0.9996441602706909,0.9998090863227844,639,934,0.24210065603256226,0.9991317391395569,0.9995654225349426,648,929,0.24183432757854462,0.9988662004470825,0.9995359182357788,657,924,0.24186469614505768,0.9989204406738281,0.999320387840271,616,958,0.27375829219818115,0.9997307658195496,0.9997120499610901,613,960,0.27333852648735046,0.9998027682304382,0.9998145699501038,609,962,0.273190438747406,0.9998806715011597,0.9998326301574707,725,920,0.23824943602085114,0.9993301630020142,0.9995312690734863,648,966,0.38113948702812195,0.9998787641525269,0.9998915195465088,660,1041,0.24198459088802338,0.9993379712104797,0.9997629523277283,643,1057,0.2802148461341858,0.9996577501296997,0.9998144507408142,881,1106,0.07797634601593018,0.9992468357086182,0.9992058873176575,950,1342,0.46402859687805176,0.9992541670799255,0.9997774958610535,903,1411,-0.08293069899082184,0.3959524631500244,0.993462085723877,1008,1790,0.38222071528434753,0.14870242774486542,0.9988662004470825,777,1511,-0.16082195937633514,0.19313083589076996,0.9839248657226562,816,1988,0.19244042038917542,0.3829745054244995,0.9993605017662048,755,1527,-0.21021032333374023,0.2854340374469757,0.9757456183433533,731,2071,0.17040705680847168,0.5234417915344238,0.9989328980445862,755,1502,-0.19841337203979492,0.2705204486846924,0.9781654477119446,691,2012,0.14581702649593353,0.5331496596336365,0.9991766810417175,769,1501,-0.15833814442157745,0.24008724093437195,0.9836387634277344,720,1978,0.1734108030796051,0.5234911441802979,0.999504566192627,1640,1391,-0.13558220863342285,0.9991494417190552,0.9995947480201721,1663,1573,0.13486142456531525,0.9994760155677795,0.99988853931427,1703,2147,-0.3722675144672394,0.9627442359924316,0.9977936744689941,1779,2324,0.023717200383543968,0.22385916113853455,0.9983306527137756,2561,2290,-0.4085529148578644,0.8077513575553894,0.8974791765213013,2331,2586,0.03754555061459541,0.1473250538110733,0.9440802335739136,2717,2280,-0.41414257884025574,0.7755404114723206,0.708480954170227,2449,2563,0.036502134054899216,0.2940637767314911,0.9459887146949768,2689,2609,-0.5316883325576782,0.7361897230148315,0.6700920462608337,2364,2828,-0.05097827687859535,0.19351404905319214,0.8572024703025818
False,/data/uabcvmsc/shared/newborn/30/27.08.24 (2)/HM20240827045626.jpeg,36.5,24.9,616,1013,0.2563464641571045,0.9999125003814697,0.9999781847000122,643,938,0.25851601362228394,0.9998520612716675,0.9999513626098633,654,930,0.2581990361213684,0.9997888207435608,0.9999464750289917,665,924,0.25826728343963623,0.9998069405555725,0.9999181032180786,616,960,0.2956165373325348,0.999941349029541,0.9999655485153198,613,963,0.2952025234699249,0.9999527931213379,0.9999769926071167,607,965,0.2950543761253357,0.9999709129333496,0.9999783039093018,750,916,0.25742247700691223,0.9998610019683838,0.9999370574951172,650,967,0.42279139161109924,0.9999611377716064,0.999983549118042,665,1037,0.25617387890815735,0.9998342990875244,0.9999717473983765,644,1056,0.3007875084877014,0.999890923500061,0.9999741315841675,926,1067,0.0838015004992485,0.9998136162757874,0.9998944997787476,951,1351,0.5050980448722839,0.9997833371162415,0.9999592304229736,1107,1477,-0.05426441878080368,0.4652131497859955,0.9986299276351929,1047,1789,0.3732481896877289,0.3267970383167267,0.9997714161872864,1245,1815,-0.09906034171581268,0.21280553936958313,0.9968900084495544,802,1967,0.08560844510793686,0.7712095975875854,0.9999254941940308,1312,1895,-0.14103825390338898,0.26031363010406494,0.9945241212844849,729,2049,0.04379512742161751,0.8325392603874207,0.9998531341552734,1306,1876,-0.13519242405891418,0.24441513419151306,0.9953964352607727,682,1996,0.028788065537810326,0.8391810059547424,0.999897837638855,1289,1853,-0.09559732675552368,0.2084105908870697,0.9966856837272644,711,1971,0.06734165549278259,0.8058028817176819,0.9999419450759888,1660,1369,-0.14538724720478058,0.9992819428443909,0.9996867179870605,1651,1584,0.14473433792591095,0.9995555281639099,0.9999086856842041,1666,2134,-0.3703131675720215,0.953673243522644,0.998310923576355,1775,2340,0.00882613006979227,0.20191597938537598,0.9986818432807922,2570,2287,-0.41657912731170654,0.8262048363685608,0.9298721551895142,2351,2603,0.02481621503829956,0.12576204538345337,0.9665977358818054,2729,2263,-0.42373350262641907,0.78956538438797,0.7783121466636658,2469,2576,0.023242808878421783,0.22686246037483215,0.9649686813354492,2681,2664,-0.5506387948989868,0.7685662508010864,0.7205215096473694,2409,2846,-0.07739297300577164,0.16045105457305908,0.9006249308586121
True,/data/uabcvmsc/shared/newborn/30/27.08.24 (2)/HM20240827045728.jpeg,36.5,25.1,624,1013,0.21792501211166382,0.9999779462814331,0.9999895095825195,650,937,0.22262036800384521,0.999954342842102,0.9999723434448242,665,930,0.22232335805892944,0.9999371767044067,0.9999679327011108,680,923,0.22234012186527252,0.9999359846115112,0.9999499320983887,615,959,0.2558070719242096,0.9999840259552002,0.999980092048645,609,961,0.2554129958152771,0.9999871253967285,0.9999865293502808,602,964,0.2552276849746704,0.9999920129776001,0.999987006187439,776,911,0.24305620789527893,0.9999431371688843,0.999954104423523,643,966,0.3901664614677429,0.9999899864196777,0.9999899864196777,685,1044,0.22600829601287842,0.9999185800552368,0.9999758005142212,642,1068,0.2653116285800934,0.9999563694000244,0.9999819993972778,885,1050,0.08914759755134583,0.9997405409812927,0.9998542070388794,930,1358,0.47461652755737305,0.9998363256454468,0.999966025352478,975,1430,-0.0723033994436264,0.6582615971565247,0.999222993850708,999,1785,0.3827798068523407,0.3892790973186493,0.9998711347579956,971,1710,-0.15033899247646332,0.32761824131011963,0.9980713725090027,776,1992,0.16496632993221283,0.736712634563446,0.9999243021011353,1005,1780,-0.19566425681114197,0.41158759593963623,0.9959102869033813,713,2088,0.13253013789653778,0.8117377758026123,0.999835729598999,1000,1760,-0.18987968564033508,0.39164596796035767,0.9962978959083557,658,2039,0.10993744432926178,0.8134517669677734,0.9998741149902344,994,1743,-0.14867688715457916,0.3587925136089325,0.9975689053535461,682,2006,0.1452094465494156,0.8056731820106506,0.9999336004257202,1652,1363,-0.1287042796611786,0.9998424053192139,0.9999525547027588,1644,1593,0.12798959016799927,0.9999233484268188,0.9999884366989136,1681,2093,-0.3211241662502289,0.9613342881202698,0.9994868040084839,1831,2361,-0.07124821841716766,0.6187279224395752,0.9997182488441467,2554,2084,-0.36701592803001404,0.8437570333480835,0.9841140508651733,2561,2461,-0.14847490191459656,0.45431527495384216,0.9942018389701843,2703,2016,-0.375654935836792,0.832284688949585,0.9404783844947815,2706,2402,-0.160164475440979,0.6106333136558533,0.9923219084739685,2735,2393,-0.48333972692489624,0.8573809862136841,0.8838887214660645,2671,2715,-0.2666846215724945,0.5926966071128845,0.9536111354827881,908,1204,707,2031,None,None,None,None,2664,2164,35.34,34.18,nan,nan,nan
True,/data/uabcvmsc/shared/newborn/30/27.08.24 (2)/HM20240827045829.jpeg,36.4,25.1,590,1137,0.3762810528278351,0.9997705817222595,0.9999845027923584,563,1102,0.4108544886112213,0.999416708946228,0.9999693632125854,563,1087,0.4104250371456146,0.9992511868476868,0.9999653100967407,567,1073,0.41039523482322693,0.9993491768836975,0.9999538660049438,564,1149,0.41427505016326904,0.9998236298561096,0.9999713897705078,567,1167,0.4138798713684082,0.9998538494110107,0.9999755620956421,569,1185,0.4136461615562439,0.9998950958251953,0.9999736547470093,610,1086,0.5197209715843201,0.999359667301178,0.9999631643295288,610,1241,0.535348117351532,0.9997883439064026,0.9999699592590332,644,1173,0.4149087369441986,0.9992953538894653,0.9999654293060303,641,1254,0.4157467782497406,0.9995267391204834,0.9999572038650513,745,1028,0.4072583317756653,0.9999269247055054,0.9999527931213379,936,1535,0.5699599981307983,0.9997745156288147,0.9999288320541382,497,839,0.42192554473876953,0.7646488547325134,0.9998973608016968,1004,1760,0.4784798324108124,0.47436457872390747,0.9999173879623413,542,895,0.5235698223114014,0.3561052680015564,0.999895453453064,737,1913,0.33411598205566406,0.8846753835678101,0.9999933242797852,566,899,0.5318405628204346,0.33452361822128296,0.9995831847190857,677,1965,0.29512903094291687,0.8999682068824768,0.9999817609786987,598,936,0.5141856670379639,0.31704965233802795,0.9996091723442078,646,1932,0.30035120248794556,0.8905806541442871,0.9999845027923584,599,943,0.5199885964393616,0.364065557718277,0.9998161196708679,668,1908,0.3265901803970337,0.8773753046989441,0.9999929666519165,1585,1211,-0.10803648084402084,0.9998024106025696,0.9999769926071167,1682,1588,0.10701090842485428,0.9998087286949158,0.999984622001648,1728,1853,-0.3635129928588867,0.9648579359054565,0.9999474287033081,1784,2326,-0.075272336602211,0.499163955450058,0.9999121427536011,2629,1816,-0.5673378109931946,0.842018723487854,0.9973670840263367,2424,2037,-0.32643431425094604,0.33861446380615234,0.9992092251777649,2771,1767,-0.5905382037162781,0.9205713868141174,0.9886122345924377,2690,1949,-0.3565050959587097,0.7488488554954529,0.9989913105964661,2761,2285,-0.7294016480445862,0.9044440388679504,0.9594802260398865,2677,2330,-0.47995081543922424,0.5997393131256104,0.9903913736343384,840,1282,682,1930,None,None,2690,1949,None,None,35.82,34.14,nan,31.88,nan
True,/data/uabcvmsc/shared/newborn/30/27.08.24 (2)/HM20240827045930.jpeg,36.7,25.4,621,971,0.17058105766773224,0.9994624257087708,0.9996618032455444,643,904,0.16790805757045746,0.9989936947822571,0.9992390871047974,659,887,0.16760341823101044,0.9986205101013184,0.999182403087616,672,877,0.1676516830921173,0.9987097978591919,0.9987976551055908,614,924,0.20325155556201935,0.9996495246887207,0.9994823932647705,607,931,0.202787384390831,0.9997069239616394,0.9996720552444458,600,938,0.20256200432777405,0.9998400211334229,0.9997100234031677,755,874,0.16664943099021912,0.9989551305770874,0.9991187453269958,645,954,0.3230835199356079,0.9998196959495544,0.9998106360435486,669,1020,0.17178308963775635,0.9989564418792725,0.9996927976608276,641,1040,0.2135009616613388,0.9993942975997925,0.9997777342796326,892,1054,0.003103811526671052,0.9992823004722595,0.9994552731513977,982,1368,0.4371010661125183,0.999396562576294,0.9998699426651001,1037,1440,-0.14552778005599976,0.5128558278083801,0.9968421459197998,1082,1792,0.39784035086631775,0.18166716396808624,0.9995986819267273,921,1653,-0.19158989191055298,0.24881751835346222,0.9971524477005005,806,1959,0.24624201655387878,0.5459219217300415,0.999893069267273,912,1707,-0.22933903336524963,0.30382806062698364,0.9946523904800415,710,2070,0.2297387719154358,0.6099276542663574,0.999769389629364,822,1677,-0.2170240432024002,0.282230019569397,0.9951594471931458,672,2007,0.21047267317771912,0.6151087880134583,0.9998177886009216,829,1703,-0.1856900453567505,0.2330450564622879,0.9967412352561951,715,1946,0.22985218465328217,0.5862765312194824,0.9999027252197266,1783,1400,-0.1495448797941208,0.999376118183136,0.9996805191040039,1772,1601,0.14903216063976288,0.9996733665466309,0.9999192953109741,1593,2131,-0.3055654764175415,0.8547660112380981,0.9982624650001526,1852,2396,-0.002549022203311324,0.19147714972496033,0.998752236366272,2476,2168,-0.3369176983833313,0.7265352010726929,0.9381195902824402,2614,2507,-0.08308825641870499,0.14562176167964935,0.9633338451385498,2669,2067,-0.34029620885849,0.6891067624092102,0.8141582608222961,2743,2442,-0.0933624804019928,0.2427712231874466,0.9572737216949463,2703,2548,-0.4188772439956665,0.6487780213356018,0.7458154559135437,2766,2763,-0.1821802705526352,0.13317562639713287,0.8249946236610413,937,1211,None,None,None,None,None,None,2476,2168,35.55,nan,nan,nan,nan
True,/data/uabcvmsc/shared/newborn/30/27.08.24 (2)/HM20240827050031.jpeg,36.4,24.9,614,1031,0.24065439403057098,0.9987040758132935,0.9994266033172607,621,971,0.24838042259216309,0.9977460503578186,0.9987491369247437,626,964,0.24805691838264465,0.9969151020050049,0.9985682964324951,629,958,0.24805708229541779,0.996945321559906,0.9978699684143066,586,1000,0.2737613022327423,0.9992616772651672,0.9991669654846191,581,1003,0.2732897698879242,0.999427855014801,0.9994547963142395,575,1006,0.2729909420013428,0.9996732473373413,0.9995105266571045,700,935,0.2771880328655243,0.9970957040786743,0.9979343414306641,621,1017,0.38753628730773926,0.9995439648628235,0.9996065497398376,664,1054,0.2515513002872467,0.9967842102050781,0.9991100430488586,641,1098,0.28010818362236023,0.998343825340271,0.9993461966514587,899,1060,0.11709469556808472,0.9978352189064026,0.9971702694892883,928,1378,0.4501502215862274,0.9987714886665344,0.9994885921478271,956,1358,-0.08719773590564728,0.14690335094928741,0.9867836236953735,987,1767,0.3101108968257904,0.14622043073177338,0.9985559582710266,855,1493,-0.21515928208827972,0.0542118102312088,0.9691815972328186,784,1932,0.03271874412894249,0.5156314969062805,0.999639630317688,849,1524,-0.261963427066803,0.1057424321770668,0.943342387676239,711,2032,-0.011135169304907322,0.6346282958984375,0.9992263317108154,837,1501,-0.2559621036052704,0.10462841391563416,0.9481757879257202,667,1976,-0.02706795558333397,0.6430364847183228,0.9994078874588013,844,1497,-0.2152538001537323,0.09615901857614517,0.9634203314781189,698,1938,0.014041179791092873,0.6153125166893005,0.9996784925460815,1706,1400,-0.12321558594703674,0.9994947910308838,0.9998098015785217,1683,1606,0.12242905795574188,0.9997386336326599,0.9999523162841797,1667,2174,-0.3165954351425171,0.692909300327301,0.9962905645370483,1853,2412,-0.0476168692111969,0.23056182265281677,0.9974047541618347,2660,2205,-0.3668321669101715,0.5825642943382263,0.959409236907959,2576,2341,-0.07913088798522949,0.16100561618804932,0.9850560426712036,2740,2093,-0.37344124913215637,0.6131629943847656,0.8870981931686401,2682,2251,-0.08393794298171997,0.29205864667892456,0.9852914810180664,2871,2538,-0.4830039143562317,0.6084499955177307,0.7457011342048645,2831,2527,-0.18396469950675964,0.19610610604286194,0.9055225849151611,914,1219,None,None,None,None,None,None,None,None,35.23,nan,nan,nan,nan
True,/data/uabcvmsc/shared/newborn/30/27.08.24 (2)/HM20240827050133.jpeg,36.6,25.2,595,1001,0.24718661606311798,0.999936580657959,0.999993085861206,608,945,0.24867179989814758,0.9999172687530518,0.9999864101409912,617,939,0.2483304738998413,0.999874472618103,0.9999862909317017,639,935,0.2484053075313568,0.9999054670333862,0.9999812841415405,592,955,0.2897759675979614,0.999966025352478,0.9999860525131226,590,956,0.2893848121166229,0.9999651908874512,0.9999895095825195,587,957,0.2893493175506592,0.999976396560669,0.9999892711639404,711,929,0.2440384030342102,0.9999134540557861,0.9999885559082031,639,966,0.42738819122314453,0.9999607801437378,0.9999910593032837,647,1041,0.24419385194778442,0.9999234676361084,0.9999947547912598,630,1064,0.2940562963485718,0.9999362230300903,0.999993085861206,871,1099,0.052709516137838364,0.9998868703842163,0.9999752044677734,976,1403,0.5186877250671387,0.9997286200523376,0.9999649524688721,1007,1401,-0.20462390780448914,0.8858559727668762,0.9996618032455444,1039,1791,0.4150279462337494,0.07471980154514313,0.9998008608818054,812,1645,-0.38361766934394836,0.8132278323173523,0.9998950958251953,799,1973,0.19113804399967194,0.5580347180366516,0.9999469518661499,775,1700,-0.4525558352470398,0.8212127089500427,0.999729573726654,723,2114,0.1636800915002823,0.6835570335388184,0.9998886585235596,699,1708,-0.4244026839733124,0.7969498634338379,0.9997989535331726,671,2057,0.13556112349033356,0.6923357248306274,0.9999246597290039,727,1696,-0.375736802816391,0.7090941071510315,0.9998741149902344,706,1996,0.16803696751594543,0.6658551096916199,0.9999605417251587,1682,1419,-0.14704807102680206,0.9998303651809692,0.9999792575836182,1728,1632,0.14635500311851501,0.999885082244873,0.9999902248382568,1916,2199,-0.2887587547302246,0.760841429233551,0.997919499874115,1910,2258,-0.05362008884549141,0.07470551133155823,0.9968715310096741,2831,2542,-0.32387733459472656,0.3796384930610657,0.8748878836631775,2729,2417,-0.08413803577423096,0.03347363322973251,0.9601384997367859,2976,2557,-0.3293048143386841,0.4348410665988922,0.6740190386772156,2842,2378,-0.09017317742109299,0.09640532732009888,0.9510242342948914,2936,2834,-0.44750839471817017,0.2936554551124573,0.6138460040092468,2926,2618,-0.19475241005420685,0.04254939779639244,0.8185447454452515,924,1251,None,None,753,1687,None,None,None,None,35.44,nan,35.44,nan,nan
True,/data/uabcvmsc/shared/newborn/30/27.08.24 (2)/HM20240827050234.jpeg,36.6,25.2,620,989,0.24333223700523376,0.999975323677063,0.9999978542327881,652,934,0.24919097125530243,0.9999703168869019,0.9999955892562866,664,926,0.2488526999950409,0.9999539852142334,0.9999955892562866,680,909,0.24893292784690857,0.9999665021896362,0.9999939203262329,616,949,0.2877669632434845,0.9999872446060181,0.9999948740005493,610,954,0.28740715980529785,0.9999856948852539,0.9999959468841553,608,973,0.2874068319797516,0.9999901056289673,0.9999954700469971,755,913,0.2562614381313324,0.9999659061431885,0.9999963045120239,639,992,0.4287753105163574,0.9999817609786987,0.9999959468841553,686,1048,0.24382129311561584,0.9999616146087646,0.999997615814209,647,1051,0.29051142930984497,0.9999659061431885,0.9999964237213135,908,1120,0.052892811596393585,0.9999104738235474,0.9999843835830688,984,1411,0.5132349729537964,0.9997053742408752,0.9999667406082153,995,1400,-0.23059996962547302,0.9329019784927368,0.9998062252998352,1035,1799,0.4011080861091614,0.105037160217762,0.9998431205749512,807,1648,-0.4280098080635071,0.8464686274528503,0.9999191761016846,791,1984,0.1954127550125122,0.4688642621040344,0.9999208450317383,776,1703,-0.5015734434127808,0.8295979499816895,0.9997828602790833,722,2110,0.1698596179485321,0.5774566531181335,0.9998268485069275,700,1708,-0.47174742817878723,0.8029100298881531,0.9998395442962646,670,2059,0.14241832494735718,0.58739173412323,0.9998812675476074,728,1693,-0.420678973197937,0.7231670618057251,0.9999018907546997,703,2000,0.17287056148052216,0.5582079887390137,0.9999369382858276,1726,1449,-0.14824485778808594,0.9998816251754761,0.9999871253967285,1729,1633,0.1475883573293686,0.9999138116836548,0.9999935626983643,1891,2178,-0.2834163308143616,0.8840300440788269,0.9993491768836975,1926,2230,-0.04684479534626007,0.14236080646514893,0.9989480376243591,2815,2538,-0.34401512145996094,0.5771578550338745,0.9397111535072327,2739,2401,-0.10116972774267197,0.07394814491271973,0.98054438829422,2965,2552,-0.3527904450893402,0.5878172516822815,0.8019868731498718,2859,2362,-0.11003973335027695,0.18167829513549805,0.9729438424110413,2902,2844,-0.4798663854598999,0.46011248230934143,0.746121346950531,2915,2608,-0.2211085557937622,0.09450726211071014,0.8863005638122559,946,1266,None,None,753,1688,None,None,None,None,35.44,nan,34.28,nan,nan
False,/data/uabcvmsc/shared/newborn/30/27.08.24 (2)/HM20240827050336.jpeg,36.4,25.0,648,994,0.26789334416389465,0.9999523162841797,0.9999929666519165,674,919,0.27892011404037476,0.9999303817749023,0.9999842643737793,687,911,0.278607040643692,0.9998995065689087,0.9999839067459106,697,905,0.2787178158760071,0.9999150037765503,0.9999774694442749,634,948,0.31209129095077515,0.9999730587005615,0.999983549118042,623,953,0.3117417097091675,0.9999735355377197,0.999987006187439,612,958,0.31170645356178284,0.999980092048645,0.9999860525131226,774,908,0.3017504811286926,0.9999384880065918,0.9999873638153076,634,986,0.449154794216156,0.9999759197235107,0.9999892711639404,702,1025,0.2735920250415802,0.9999407529830933,0.9999939203262329,664,1060,0.31306013464927673,0.9999532699584961,0.9999918937683105,954,1097,0.1126755028963089,0.9999029636383057,0.9999672174453735,961,1394,0.5194994211196899,0.9997029900550842,0.9999494552612305,1021,1347,-0.19210532307624817,0.9637282490730286,0.9995206594467163,1032,1782,0.4020172655582428,0.21642142534255981,0.999755322933197,794,1623,-0.42646610736846924,0.9288312196731567,0.9998337030410767,810,1986,0.20725785195827484,0.7693329453468323,0.9999139308929443,745,1699,-0.5029475688934326,0.9232627153396606,0.9995773434638977,745,2132,0.17688509821891785,0.8436909914016724,0.9998120665550232,695,1694,-0.47208887338638306,0.9063618183135986,0.9997205138206482,697,2066,0.1563323438167572,0.8422537446022034,0.9998835325241089,725,1696,-0.4196017384529114,0.8619898557662964,0.9998255372047424,729,2016,0.18833650648593903,0.8213776350021362,0.9999388456344604,1702,1425,-0.13083554804325104,0.9998519420623779,0.9999678134918213,1692,1627,0.13007844984531403,0.9998646974563599,0.9999823570251465,1938,2118,-0.2822733223438263,0.9841930270195007,0.9993230104446411,1738,2252,-0.039720624685287476,0.32789066433906555,0.9987093210220337,2866,2484,-0.3481031060218811,0.9038200378417969,0.9377841949462891,2505,2441,-0.07169899344444275,0.14128293097019196,0.9794036746025085,2988,2440,-0.35759758949279785,0.9140674471855164,0.7679141759872437,2638,2399,-0.07901966571807861,0.35878682136535645,0.9716359376907349,2959,2829,-0.4934012293815613,0.8818826675415039,0.631611704826355,2656,2666,-0.18702432513237,0.2522866725921631,0.8629663586616516
True,/data/uabcvmsc/shared/newborn/30/27.08.24 (2)/HM20240827050437.jpeg,36.4,25.3,610,988,0.25984567403793335,0.9997549653053284,0.9999666213989258,656,916,0.26817262172698975,0.9996522665023804,0.9999246597290039,670,909,0.2678578495979309,0.9994416832923889,0.9999215602874756,681,904,0.2679334580898285,0.9995796084403992,0.9998899698257446,611,937,0.30474403500556946,0.9998769760131836,0.9999271631240845,606,938,0.30434614419937134,0.9998730421066284,0.9999467134475708,599,941,0.30426594614982605,0.9999200105667114,0.9999465942382812,764,905,0.2850140333175659,0.9996175765991211,0.9999339580535889,648,949,0.447246253490448,0.9998838901519775,0.9999616146087646,683,1021,0.26335668563842773,0.9997496008872986,0.9999762773513794,638,1045,0.3070540726184845,0.9998248219490051,0.9999746084213257,916,1106,0.09176205098628998,0.9996699094772339,0.9998797178268433,983,1413,0.5284990668296814,0.9994245767593384,0.9999039173126221,1009,1412,-0.16640733182430267,0.876847505569458,0.9991752505302429,1036,1790,0.42117083072662354,0.11665797233581543,0.9996858835220337,795,1686,-0.3504939079284668,0.7404678463935852,0.9996076226234436,803,1989,0.21734264492988586,0.525416910648346,0.9998340606689453,700,1710,-0.4192674458026886,0.7382799983024597,0.9989709854125977,738,2134,0.18929456174373627,0.6393406987190247,0.9996107220649719,684,1750,-0.3928844630718231,0.7001622319221497,0.9992708563804626,699,2078,0.16422753036022186,0.641278088092804,0.9997403025627136,709,1737,-0.3438169062137604,0.606467068195343,0.9995405673980713,722,2026,0.196296826004982,0.6083170175552368,0.999866247177124,1724,1396,-0.13987432420253754,0.9996672868728638,0.9999333620071411,1723,1658,0.1391146183013916,0.9997730851173401,0.9999712705612183,1953,2119,-0.33529606461524963,0.9346175193786621,0.9969396591186523,1759,2356,-0.06457680463790894,0.14856360852718353,0.9957535266876221,2916,2486,-0.4007953703403473,0.6494138240814209,0.7673277258872986,2671,2562,-0.12406917661428452,0.06344836950302124,0.9200114011764526,3038,2444,-0.40967679023742676,0.6673102378845215,0.46083950996398926,2810,2517,-0.13450652360916138,0.1554671823978424,0.8964764475822449,3021,2812,-0.5546292066574097,0.5532878041267395,0.3499270975589752,2876,2802,-0.26428014039993286,0.08454577624797821,0.6125028729438782,950,1260,None,None,726,1715,None,None,None,None,31.96,nan,35.27,nan,nan
False,/data/uabcvmsc/shared/newborn/30/27.08.24 (2)/HM20240827050538.jpeg,36.6,25.2,607,1001,0.23127534985542297,0.99974125623703,0.9999420642852783,622,936,0.23664291203022003,0.9996267557144165,0.9998674392700195,630,931,0.23631569743156433,0.9994090795516968,0.9998654127120972,653,929,0.23638832569122314,0.999583899974823,0.9998149275779724,600,955,0.27162307500839233,0.9998635053634644,0.9998637437820435,596,957,0.27121466398239136,0.9998527765274048,0.9998981952667236,591,960,0.27113160490989685,0.9999078512191772,0.9998964071273804,718,931,0.24560578167438507,0.9996134638786316,0.9998924732208252,636,967,0.40211221575737,0.9998480081558228,0.9999233484268188,654,1050,0.23304572701454163,0.9997654557228088,0.9999672174453735,638,1063,0.274852454662323,0.9998093247413635,0.9999604225158691,901,1127,0.055751558393239975,0.9997097849845886,0.9998762607574463,969,1396,0.49504512548446655,0.9993686079978943,0.9998823404312134,1023,1385,-0.2038424015045166,0.7550954222679138,0.9986910223960876,1070,1791,0.4033723473548889,0.07401615381240845,0.9995298385620117,814,1658,-0.4095567464828491,0.5950581431388855,0.9994500279426575,804,1993,0.2031758427619934,0.3773846924304962,0.9997814297676086,784,1731,-0.4809165894985199,0.6146714687347412,0.9985822439193726,716,2146,0.1756093055009842,0.4866028130054474,0.9994804263114929,689,1720,-0.45796534419059753,0.5841785669326782,0.9990115165710449,683,2072,0.1477593034505844,0.49057695269584656,0.9996556043624878,719,1739,-0.4042947292327881,0.4662078320980072,0.9993809461593628,721,2007,0.18135131895542145,0.4526214897632599,0.9998231530189514,1736,1393,-0.14372234046459198,0.9994115829467773,0.99982088804245,1734,1656,0.14304125308990479,0.999565064907074,0.999923586845398,1951,2128,-0.32987773418426514,0.7617905735969543,0.9960809350013733,1772,2317,-0.07004444301128387,0.05607778578996658,0.9951983094215393,2920,2482,-0.416238397359848,0.4284164011478424,0.7418461441993713,2696,2586,-0.17049524188041687,0.03518730029463768,0.8878811597824097,3063,2432,-0.4282326400279999,0.4356752932071686,0.41355058550834656,2848,2547,-0.18565937876701355,0.08437031507492065,0.8428370356559753,3015,2811,-0.5733736753463745,0.3200565278530121,0.33405593037605286,2880,2866,-0.3149596154689789,0.036567267030477524,0.5100961923599243
True,/data/uabcvmsc/shared/newborn/30/27.08.24 (2)/HM20240827050639.jpeg,36.3,25.1,632,1001,0.2804693579673767,0.9998223185539246,0.9999707937240601,640,946,0.28754374384880066,0.9996763467788696,0.9999287128448486,647,940,0.2871888279914856,0.9995704293251038,0.999933123588562,658,925,0.2872210741043091,0.999649167060852,0.9999154806137085,626,959,0.3221055269241333,0.9998737573623657,0.9999154806137085,622,963,0.32178184390068054,0.9998801946640015,0.9999340772628784,612,981,0.3217271566390991,0.9999054670333862,0.9999303817749023,728,919,0.2984462380409241,0.9997610449790955,0.9999597072601318,641,996,0.4531642198562622,0.999879002571106,0.9999475479125977,681,1034,0.28178247809410095,0.9998540878295898,0.9999876022338867,663,1064,0.3233287036418915,0.9998669624328613,0.999980092048645,918,1095,0.08110880106687546,0.9999105930328369,0.9999630451202393,972,1427,0.5275136828422546,0.9996170997619629,0.9999175071716309,1000,1343,-0.2459324449300766,0.9429553151130676,0.9995731711387634,1047,1813,0.37244123220443726,0.09982331842184067,0.9996935129165649,788,1589,-0.5077159404754639,0.8463226556777954,0.9997119307518005,802,2021,0.10668045282363892,0.5019928216934204,0.9998624324798584,747,1675,-0.5948812961578369,0.8600677251815796,0.9991737008094788,736,2156,0.06324194371700287,0.6815630197525024,0.9997157454490662,699,1676,-0.568390965461731,0.8403174877166748,0.9994669556617737,684,2083,0.038708727806806564,0.6822892427444458,0.9998365640640259,723,1668,-0.5036225318908691,0.7741532921791077,0.9996670484542847,722,2021,0.08355244249105453,0.6455538272857666,0.9999123811721802,1726,1379,-0.146654412150383,0.9997519850730896,0.9999558925628662,1707,1679,0.14588052034378052,0.9997935891151428,0.9999756813049316,1957,2113,-0.32572340965270996,0.9044738411903381,0.9984947443008423,1761,2349,-0.060059554874897,0.12852488458156586,0.9972894191741943,2871,2445,-0.38771867752075195,0.5621485114097595,0.8799260854721069,2693,2541,-0.1348576545715332,0.06506991386413574,0.9576911330223083,3039,2448,-0.39782366156578064,0.6926716566085815,0.6498600244522095,2854,2493,-0.1481531262397766,0.22431440651416779,0.942155122756958,2987,2825,-0.5431248545646667,0.5575665831565857,0.5557406544685364,2866,2789,-0.28110331296920776,0.12335832417011261,0.7637873291969299,945,1261,None,None,739,1652,None,None,None,None,35.16,nan,34.06,nan,nan
True,/data/uabcvmsc/shared/newborn/30/27.08.24 (2)/HM20240827050740.jpeg,36.3,24.9,624,988,0.3183915317058563,0.9998030066490173,0.9999769926071167,651,934,0.32684463262557983,0.999574601650238,0.9999500513076782,659,927,0.3264997899532318,0.9995198249816895,0.999951958656311,665,921,0.3264804482460022,0.9995433688163757,0.9999401569366455,628,962,0.3609437942504883,0.9998345375061035,0.999941349029541,622,966,0.3606424927711487,0.9998643398284912,0.999953031539917,615,972,0.36056411266326904,0.9998817443847656,0.9999500513076782,736,915,0.3414478302001953,0.9997064471244812,0.9999707937240601,644,984,0.49334537982940674,0.9998683929443359,0.9999617338180542,693,1035,0.3207297623157501,0.9997937083244324,0.999988317489624,657,1047,0.36153554916381836,0.9998247027397156,0.9999815225601196,917,1108,0.11384208500385284,0.9999247789382935,0.9999622106552124,986,1428,0.5690980553627014,0.9997277855873108,0.9999300241470337,1031,1411,-0.23454482853412628,0.9877185821533203,0.9997158646583557,1042,1804,0.43367043137550354,0.2673814594745636,0.9998518228530884,800,1647,-0.4880663752555847,0.9450625777244568,0.999854326248169,792,1998,0.2218642681837082,0.7109596729278564,0.9999051094055176,763,1706,-0.5726230144500732,0.93656986951828,0.999584972858429,733,2141,0.1890377402305603,0.8274173140525818,0.9997954964637756,686,1699,-0.5405752658843994,0.918340802192688,0.9997015595436096,683,2096,0.16493628919124603,0.8157861232757568,0.9998652935028076,717,1703,-0.48217716813087463,0.8870184421539307,0.9998183846473694,705,2049,0.19993959367275238,0.8043380975723267,0.9999281167984009,1720,1379,-0.14713267982006073,0.9998759031295776,0.9999772310256958,1716,1672,0.14627256989479065,0.9999141693115234,0.9999879598617554,1948,2098,-0.3335682451725006,0.9832518100738525,0.9990313053131104,1826,2393,-0.05901392549276352,0.5481106638908386,0.9983874559402466,2887,2460,-0.3907374441623688,0.7156950235366821,0.9276900887489319,2745,2605,-0.16677121818065643,0.20389236509799957,0.9687992334365845,3041,2435,-0.4006929397583008,0.89789879322052,0.7855565547943115,2914,2564,-0.18492776155471802,0.5981202125549316,0.9595691561698914,2964,2823,-0.53046715259552,0.8389049172401428,0.6615832448005676,2921,2844,-0.32208767533302307,0.5022260546684265,0.7938044667243958,952,1268,728,2071,742,1689,None,None,2964,2448,35.14,33.98,33.98,nan,nan
False,/data/uabcvmsc/shared/newborn/30/27.08.24 (2)/HM20240827050841.jpeg,36.4,25.1
False,/data/uabcvmsc/shared/newborn/30/27.08.24 (2)/HM20240827050942.jpeg,36.3,25.0
True,/data/uabcvmsc/shared/newborn/30/27.08.24 (2)/HM20240827051043.jpeg,36.5,25.0,639,1001,0.2498350888490677,0.9995786547660828,0.9999454021453857,655,929,0.25395721197128296,0.999312162399292,0.9998637437820435,666,920,0.2536209523677826,0.9989338517189026,0.9998648166656494,677,913,0.2536707818508148,0.9992173910140991,0.9998192191123962,627,953,0.29061606526374817,0.9997525811195374,0.9998601675033569,621,957,0.29023897647857666,0.9997429251670837,0.9998971223831177,614,962,0.2901867628097534,0.9998295307159424,0.9998955726623535,749,909,0.25794482231140137,0.9993439316749573,0.9999023675918579,649,971,0.4219032824039459,0.9997500777244568,0.9999258518218994,693,1037,0.24951006472110748,0.9996438026428223,0.999972939491272,669,1064,0.29375600814819336,0.999723494052887,0.9999666213989258,913,1104,0.04949380084872246,0.9997674822807312,0.9999213218688965,978,1419,0.5153836607933044,0.9994694590568542,0.9999105930328369,992,1374,-0.22479049861431122,0.7720941305160522,0.9992738366127014,1041,1793,0.3971744775772095,0.05585078150033951,0.999693751335144,797,1614,-0.4325365424156189,0.6216529011726379,0.9994741082191467,804,2019,0.15701715648174286,0.4536117613315582,0.9998940229415894,748,1682,-0.5081559419631958,0.6756282448768616,0.9986118078231812,738,2155,0.12357122451066971,0.6238486170768738,0.999764621257782,701,1685,-0.48513898253440857,0.6494824886322021,0.9990020394325256,683,2086,0.09377136081457138,0.6326436400413513,0.9998524188995361,728,1683,-0.4277878403663635,0.5371025204658508,0.9993615746498108,716,2028,0.1328963190317154,0.5912007093429565,0.999923586845398,1743,1391,-0.1543465107679367,0.9995120763778687,0.999897837638855,1726,1651,0.15360566973686218,0.9996585845947266,0.9999558925628662,1959,2112,-0.3295857310295105,0.7380738854408264,0.9953943490982056,1799,2333,-0.05505935102701187,0.04698227345943451,0.9942653775215149,2866,2448,-0.4008614420890808,0.3861686885356903,0.7042094469070435,2723,2577,-0.13447503745555878,0.03401206433773041,0.9014482498168945,3046,2420,-0.41165661811828613,0.38638797402381897,0.38323262333869934,2871,2537,-0.1477753221988678,0.0910683423280716,0.8612910509109497,2988,2841,-0.5605023503303528,0.2804952561855316,0.344533771276474,2901,2846,-0.28104671835899353,0.038402583450078964,0.5799475312232971,946,1262,None,None,None,None,None,None,None,None,35.33,nan,nan,nan,nan
False,/data/uabcvmsc/shared/newborn/30/27.08.24 (2)/HM20240827051146.jpeg,36.6,25.3,612,1006,0.22944365441799164,0.9994372725486755,0.9999099969863892,628,939,0.23060187697410583,0.9990218877792358,0.9997972846031189,637,931,0.23029173910617828,0.9985365867614746,0.9997972846031189,663,926,0.23034538328647614,0.9989365935325623,0.9997262358665466,610,961,0.2690548300743103,0.99962317943573,0.9997965693473816,607,964,0.2686457931995392,0.9996201992034912,0.9998506307601929,603,968,0.2685401439666748,0.999760091304779,0.999849796295166,732,919,0.2291211038827896,0.9990298748016357,0.9998388290405273,652,975,0.40089863538742065,0.999622106552124,0.9998925924301147,668,1038,0.22806677222251892,0.9994519352912903,0.999951958656311,648,1066,0.2745591402053833,0.9995554089546204,0.9999428987503052,935,1113,0.03633815422654152,0.9996880292892456,0.9998700618743896,959,1380,0.5077385306358337,0.9993958473205566,0.9998939037322998,1080,1410,-0.2161109894514084,0.7780359983444214,0.9989579916000366,1031,1760,0.422243595123291,0.04332803934812546,0.9997052550315857,796,1671,-0.3896664083003998,0.5757228136062622,0.9995918869972229,805,1979,0.2216210514307022,0.23890526592731476,0.9998251795768738,734,1723,-0.4567470848560333,0.6101842522621155,0.9989845156669617,740,2132,0.19856275618076324,0.37485745549201965,0.9995988011360168,688,1733,-0.43081772327423096,0.5726386904716492,0.9992364645004272,691,2082,0.16991731524467468,0.37235331535339355,0.9997137188911438,723,1719,-0.38229605555534363,0.45827993750572205,0.9995212554931641,714,2020,0.19928188621997833,0.36022552847862244,0.9998530149459839,1767,1413,-0.1542852222919464,0.9995967745780945,0.9999233484268188,1750,1643,0.15355506539344788,0.9997304081916809,0.9999707937240601,1959,2117,-0.33361896872520447,0.731625497341156,0.9964872598648071,1840,2371,-0.028758611530065536,0.055404309183359146,0.9962389469146729,2860,2432,-0.4155193567276001,0.3693087100982666,0.7876591086387634,2726,2625,-0.10988444089889526,0.03707601875066757,0.9291122555732727,3060,2404,-0.4273368716239929,0.404561847448349,0.5059716701507568,2874,2591,-0.12325379252433777,0.10328280925750732,0.9035663604736328,3005,2837,-0.5736029148101807,0.3072596490383148,0.44558072090148926,2890,2895,-0.2526526153087616,0.04939866065979004,0.6800459623336792
False,/data/uabcvmsc/shared/newborn/30/27.08.24 (2)/HM20240827051247.jpeg,36.6,25.1,616,989,0.27711087465286255,0.9998952150344849,0.9999794960021973,632,933,0.2847974896430969,0.9998161196708679,0.9999479055404663,639,927,0.2844821512699127,0.9997428059577942,0.9999476671218872,666,923,0.28453537821769714,0.9997895359992981,0.9999302625656128,610,961,0.3175162076950073,0.9999332427978516,0.9999433755874634,606,966,0.3171785771846771,0.9999347925186157,0.9999556541442871,600,971,0.3171037435531616,0.9999511241912842,0.9999531507492065,729,922,0.29914891719818115,0.9998440742492676,0.9999618530273438,649,989,0.4447784125804901,0.9999347925186157,0.9999648332595825,665,1031,0.27996352314949036,0.9999004602432251,0.9999880790710449,647,1049,0.31883054971694946,0.9999146461486816,0.9999834299087524,942,1115,0.09094714373350143,0.9998905658721924,0.9999436140060425,992,1399,0.5246277451515198,0.9996854066848755,0.999934196472168,907,1431,-0.22434955835342407,0.9281968474388123,0.9992920160293579,1038,1776,0.3935960829257965,0.1278945356607437,0.9997604489326477,818,1645,-0.46776580810546875,0.8045976758003235,0.9996236562728882,801,1988,0.15810905396938324,0.5539860725402832,0.9998718500137329,794,1720,-0.5486117601394653,0.8152459263801575,0.9989386200904846,741,2133,0.12053634226322174,0.6966310739517212,0.99969482421875,701,1712,-0.522971510887146,0.7907781004905701,0.9993005990982056,692,2081,0.09549488872289658,0.6898372173309326,0.9998112320899963,725,1715,-0.4633971154689789,0.715577244758606,0.9995706677436829,715,2023,0.13590331375598907,0.6642979383468628,0.9999033212661743,1714,1380,-0.14240339398384094,0.9998124241828918,0.9999580383300781,1699,1592,0.1416493058204651,0.9998533725738525,0.9999809265136719,1959,2109,-0.3002457916736603,0.9360002875328064,0.9990615248680115,1684,2287,-0.04938986524939537,0.180559903383255,0.9988106489181519,2905,2465,-0.37676024436950684,0.7038398385047913,0.9272938370704651,2629,2480,-0.13380838930606842,0.08122706413269043,0.9807878732681274,3053,2458,-0.38815799355506897,0.8159688115119934,0.7542098164558411,2796,2431,-0.1481163501739502,0.2739814221858978,0.9713054895401001,3001,2847,-0.5241835713386536,0.7314879894256592,0.6229827404022217,2809,2735,-0.26961755752563477,0.1592215895652771,0.8382695913314819
False,/data/uabcvmsc/shared/newborn/30/27.08.24 (2)/HM20240827051348.jpeg,36.5,25.0,607,997,0.21446886658668518,0.9999111890792847,0.9999831914901733,632,921,0.21901294589042664,0.9998815059661865,0.9999594688415527,647,913,0.21869245171546936,0.9997920393943787,0.999956488609314,664,898,0.2187487781047821,0.9998573064804077,0.9999364614486694,597,942,0.25786644220352173,0.9999599456787109,0.9999624490737915,589,947,0.2574164569377899,0.9999538660049438,0.9999730587005615,578,958,0.2573106586933136,0.9999737739562988,0.999972939491272,761,901,0.22610923647880554,0.9998472929000854,0.9999591112136841,623,972,0.39839744567871094,0.999953031539917,0.9999809265136719,661,1044,0.21508203446865082,0.999901294708252,0.9999861717224121,632,1063,0.2616056799888611,0.9999325275421143,0.9999868869781494,976,1124,0.04438553750514984,0.9997329115867615,0.9999135732650757,970,1388,0.4932331442832947,0.9996969699859619,0.9999567270278931,994,1474,-0.13025781512260437,0.8001028299331665,0.9995532631874084,1046,1779,0.4041230380535126,0.12925228476524353,0.9998551607131958,809,1696,-0.22587811946868896,0.6247643232345581,0.9997476935386658,798,1990,0.19967341423034668,0.4977366030216217,0.9999086856842041,784,1754,-0.2801068425178528,0.6278278827667236,0.9992651343345642,727,2142,0.17405660450458527,0.5724891424179077,0.9997499585151672,693,1719,-0.2657296657562256,0.594388484954834,0.9994176626205444,692,2075,0.1438235342502594,0.5726751685142517,0.9998189806938171,721,1739,-0.22136183083057404,0.4968719780445099,0.999652624130249,722,2013,0.17646905779838562,0.5465823411941528,0.9999125003814697,1752,1392,-0.14365826547145844,0.9997621178627014,0.999942421913147,1729,1644,0.14298206567764282,0.9998587369918823,0.9999790191650391,1967,2121,-0.343575656414032,0.8678538203239441,0.9977794289588928,1799,2300,-0.070440873503685,0.1018829345703125,0.9979392886161804,2964,2435,-0.40787264704704285,0.5108550786972046,0.812950849533081,2795,2553,-0.15381363034248352,0.055667437613010406,0.9323998093605042,3100,2411,-0.4172704219818115,0.48361891508102417,0.5154533982276917,2949,2510,-0.16718339920043945,0.10766348242759705,0.89781254529953,3071,2754,-0.5526205897331238,0.37589162588119507,0.3952331840991974,3008,2829,-0.2939390540122986,0.051637932658195496,0.5953674912452698
False,/data/uabcvmsc/shared/newborn/30/27.08.24 (2)/HM20240827051449.jpeg,36.4,24.8
True,/data/uabcvmsc/shared/newborn/30/27.08.24 (2)/HM20240827051550.jpeg,36.5,25.2,615,999,0.30651095509529114,0.9998743534088135,0.999976634979248,648,944,0.31516915559768677,0.999754011631012,0.9999501705169678,655,937,0.31483325362205505,0.9997137188911438,0.9999511241912842,662,932,0.31484222412109375,0.9997292160987854,0.9999370574951172,626,972,0.34914377331733704,0.9999033212661743,0.9999439716339111,622,974,0.3488127589225769,0.9999189376831055,0.9999552965164185,617,978,0.34871983528137207,0.9999321699142456,0.9999529123306274,740,925,0.3304622769355774,0.9998241066932678,0.9999667406082153,657,986,0.4815298616886139,0.9999228715896606,0.9999629259109497,688,1048,0.30934080481529236,0.9998551607131958,0.9999861717224121,670,1065,0.34976497292518616,0.9998753070831299,0.9999791383743286,941,1100,0.1101696714758873,0.9999059438705444,0.9999501705169678,992,1441,0.5610774755477905,0.9996520280838013,0.9999184608459473,1048,1390,-0.21926279366016388,0.9815451502799988,0.9995391368865967,1048,1791,0.43707942962646484,0.2398928552865982,0.9997864365577698,781,1639,-0.4549027383327484,0.9324546456336975,0.9997705817222595,795,1986,0.22952935099601746,0.6834315061569214,0.9998810291290283,727,1723,-0.5340254306793213,0.9270118474960327,0.9993904829025269,733,2133,0.1982666701078415,0.8059747219085693,0.9997519850730896,687,1716,-0.5024885535240173,0.9083242416381836,0.9995575547218323,690,2085,0.17547869682312012,0.7942389249801636,0.9998313188552856,712,1717,-0.4479886293411255,0.8732513785362244,0.9997281432151794,715,2031,0.20849081873893738,0.7866186499595642,0.9999088048934937,1741,1366,-0.14504019916057587,0.9998424053192139,0.999962568283081,1759,1681,0.14420579373836517,0.9998780488967896,0.9999810457229614,1970,2109,-0.33065441250801086,0.9844886064529419,0.9989511966705322,1851,2391,-0.05682580545544624,0.57224041223526,0.9982262253761292,2898,2433,-0.40105557441711426,0.8097593188285828,0.9315589070320129,2754,2584,-0.141075000166893,0.23957377672195435,0.9704906940460205,3094,2394,-0.4120868444442749,0.910025417804718,0.7843768000602722,2918,2535,-0.155760258436203,0.5821377038955688,0.9615499377250671,3042,2763,-0.5424618721008301,0.8818781971931458,0.6353505253791809,2935,2826,-0.2803339660167694,0.5040289759635925,0.7990208268165588,966,1270,713,2083,727,1699,None,None,2996,2414,35.35,31.98,35.35,nan,nan
False,/data/uabcvmsc/shared/newborn/30/27.08.24 (2)/HM20240827051651.jpeg,36.3,25.0
False,/data/uabcvmsc/shared/newborn/30/27.08.24 (2)/HM20240827051752.jpeg,36.3,25.0
False,/data/uabcvmsc/shared/newborn/30/27.08.24 (2)/HM20240827051853.jpeg,36.6,25.1,618,1004,0.2570265531539917,0.9996153116226196,0.999954104423523,636,932,0.257215678691864,0.999271810054779,0.999884843826294,643,926,0.25691214203834534,0.9989244341850281,0.9998856782913208,670,922,0.25695082545280457,0.9992117881774902,0.9998480081558228,615,957,0.2950064539909363,0.999724805355072,0.999880313873291,611,960,0.29463157057762146,0.9997196793556213,0.9999099969863892,606,964,0.2945469319820404,0.9998158812522888,0.9999074935913086,732,922,0.2538563013076782,0.9993185997009277,0.9999161958694458,652,977,0.42217129468917847,0.9997063279151917,0.9999326467514038,671,1037,0.2552341818809509,0.9996557235717773,0.9999765157699585,650,1066,0.3007414937019348,0.9997158646583557,0.9999698400497437,952,1110,0.05027003213763237,0.9998413324356079,0.999936580657959,953,1360,0.5282155275344849,0.9995978474617004,0.999932050704956,1057,1421,-0.2184697836637497,0.857333242893219,0.9994087219238281,1019,1756,0.4109407663345337,0.04931816831231117,0.9998037219047546,784,1668,-0.396964967250824,0.6598517894744873,0.9997525811195374,803,1993,0.17251576483249664,0.23816387355327606,0.9998416900634766,759,1742,-0.4673212170600891,0.6773011684417725,0.9993714690208435,744,2141,0.14180293679237366,0.3864063322544098,0.9996441602706909,681,1723,-0.4405815899372101,0.6374025940895081,0.999538779258728,690,2089,0.11483683437108994,0.3788670301437378,0.9997598528862,706,1726,-0.3895070552825928,0.5224148035049438,0.9997076392173767,717,2021,0.14949211478233337,0.36253026127815247,0.9998732805252075,1720,1393,-0.15586669743061066,0.9997547268867493,0.9999659061431885,1721,1578,0.15508894622325897,0.9998351335525513,0.9999858140945435,1948,2099,-0.32757970690727234,0.8279183506965637,0.9985215067863464,1827,2386,-0.028020508587360382,0.07883753627538681,0.9981948733329773,2920,2426,-0.4080391526222229,0.4450230598449707,0.8843987584114075,2734,2588,-0.11723493039608002,0.04769909009337425,0.9657562375068665,3051,2381,-0.42030462622642517,0.5255469679832458,0.6718092560768127,2893,2548,-0.13265490531921387,0.15122489631175995,0.951572597026825,2986,2806,-0.5655434727668762,0.41859203577041626,0.6027475595474243,2891,2856,-0.26703447103500366,0.07732563465833664,0.803468644618988
True,/data/uabcvmsc/shared/newborn/30/27.08.24 (2)/HM20240827051954.jpeg,36.1,24.6,640,1000,0.30916813015937805,0.9998170733451843,0.9999768733978271,645,944,0.31784674525260925,0.999617338180542,0.9999483823776245,650,938,0.3174855411052704,0.9995645880699158,0.9999508857727051,660,921,0.3174611032009125,0.9995916485786438,0.9999393224716187,634,959,0.35137781500816345,0.9998509883880615,0.9999375343322754,631,963,0.3510715365409851,0.9998751878738403,0.9999498128890991,622,983,0.3509887158870697,0.9998908042907715,0.9999463558197021,728,913,0.33682581782341003,0.9997381567955017,0.9999700784683228,667,998,0.48639655113220215,0.999873161315918,0.9999569654464722,689,1032,0.3134053945541382,0.9997926354408264,0.9999868869781494,677,1060,0.35350269079208374,0.999816358089447,0.9999786615371704,919,1089,0.10689740628004074,0.9999144077301025,0.9999631643295288,974,1435,0.5655038952827454,0.999636173248291,0.9999194145202637,996,1366,-0.23136554658412933,0.9841563105583191,0.9997711777687073,1045,1800,0.4251895844936371,0.2504051625728607,0.9998539686203003,778,1612,-0.47558918595314026,0.9235925674438477,0.9998173117637634,784,2004,0.20004715025424957,0.6814416646957397,0.9999091625213623,786,1688,-0.5596067905426025,0.9170277714729309,0.99945467710495,723,2153,0.1647375077009201,0.8113208413124084,0.9998075366020203,699,1695,-0.5301725268363953,0.8971481323242188,0.9995999932289124,679,2099,0.13964389264583588,0.8018896579742432,0.9998743534088135,724,1678,-0.47052001953125,0.8626061081886292,0.999756395816803,703,2047,0.17735832929611206,0.7895196080207825,0.9999321699142456,1746,1357,-0.15081366896629333,0.9998836517333984,0.9999797344207764,1746,1660,0.14997251331806183,0.9999140501022339,0.9999891519546509,1957,2102,-0.34130191802978516,0.983356237411499,0.9991403818130493,1824,2384,-0.06976383179426193,0.5813653469085693,0.9985361099243164,2918,2440,-0.4078221619129181,0.7460057735443115,0.9305694699287415,2782,2565,-0.18474431335926056,0.23934534192085266,0.9732646346092224,3056,2416,-0.41876018047332764,0.8901541233062744,0.787423312664032,2956,2511,-0.20316557586193085,0.6169142127037048,0.964370846748352,3006,2829,-0.548538863658905,0.84135901927948,0.6511306762695312,2964,2815,-0.3361779451370239,0.5086184144020081,0.7947005033493042,946,1262,702,2100,747,1668,None,None,2987,2428,34.93,34.93,33.80,nan,nan
False,/data/uabcvmsc/shared/newborn/30/27.08.24 (2)/HM20240827052056.jpeg,36.3,24.9
False,/data/uabcvmsc/shared/newborn/30/27.08.24 (2)/HM20240827052159.jpeg,36.4,24.8,623,991,0.2802641689777374,0.9998540878295898,0.9999798536300659,641,914,0.2836618721485138,0.9998302459716797,0.9999648332595825,654,905,0.2833091914653778,0.9997434020042419,0.9999662637710571,666,897,0.2833764851093292,0.9998206496238708,0.9999555349349976,612,934,0.3265901207923889,0.9999209642410278,0.9999542236328125,606,937,0.3261798620223999,0.9999091625213623,0.9999624490737915,599,940,0.32611942291259766,0.9999390840530396,0.9999572038650513,752,896,0.28534311056137085,0.9998382329940796,0.9999736547470093,642,948,0.47570979595184326,0.9998924732208252,0.9999610185623169,673,1025,0.2794271409511566,0.9998393058776855,0.9999839067459106,649,1047,0.33104950189590454,0.9998549222946167,0.9999765157699585,900,1112,0.06389788538217545,0.999841570854187,0.999944806098938,980,1348,0.5847575664520264,0.9992891550064087,0.9998561143875122,995,1505,-0.17384202778339386,0.9271998405456543,0.9996446371078491,999,1757,0.4919026792049408,0.05131903663277626,0.9995365142822266,758,1920,-0.3219960331916809,0.8316091895103455,0.9997993111610413,786,2038,0.2707756757736206,0.17951112985610962,0.9994250535964966,791,1962,-0.39050930738449097,0.8196114301681519,0.999401330947876,735,2192,0.24463394284248352,0.2685792148113251,0.9986696243286133,699,1961,-0.3646615445613861,0.796795129776001,0.999549925327301,685,2159,0.21336856484413147,0.27700191736221313,0.9990702271461487,707,1945,-0.31342148780822754,0.703445553779602,0.9997294545173645,701,2115,0.24611395597457886,0.2659170925617218,0.9995279312133789,1727,1398,-0.16376453638076782,0.9996461868286133,0.9998986721038818,1761,1638,0.163016676902771,0.9996800422668457,0.9999339580535889,1964,2129,-0.3551473021507263,0.8910767436027527,0.9969146251678467,1798,2351,-0.05259964242577553,0.10193420946598053,0.9939179420471191,2915,2421,-0.42930012941360474,0.5956304669380188,0.7353859543800354,2738,2549,-0.142091765999794,0.05581684410572052,0.883273184299469,3081,2368,-0.44005531072616577,0.5992531180381775,0.41265013813972473,2892,2498,-0.15642128884792328,0.1499224454164505,0.8390014171600342,3051,2779,-0.5963495969772339,0.4482917785644531,0.3452802300453186,2913,2819,-0.2965337634086609,0.06471113860607147,0.5527952313423157
True,/data/uabcvmsc/shared/newborn/30/27.08.24 (2)/HM20240827052300.jpeg,36.3,24.6,657,990,0.2594830393791199,0.9997904896736145,0.9999704360961914,673,919,0.2672734260559082,0.9996846914291382,0.9999476671218872,686,910,0.2669130563735962,0.9995648264884949,0.9999496936798096,701,895,0.26694878935813904,0.9996659755706787,0.9999332427978516,637,936,0.3036752939224243,0.9998667240142822,0.9999350309371948,629,945,0.30326470732688904,0.9998674392700195,0.9999480247497559,621,948,0.3031553030014038,0.9999063014984131,0.9999425411224365,781,886,0.29217448830604553,0.9997244477272034,0.9999607801437378,648,953,0.45334652066230774,0.9998486042022705,0.9999508857727051,703,1027,0.26789847016334534,0.9997150301933289,0.9999727010726929,671,1044,0.311094731092453,0.999755322933197,0.9999637603759766,980,1078,0.0932745561003685,0.9998036026954651,0.9999252557754517,966,1395,0.5579255223274231,0.9994229078292847,0.9998713731765747,854,1478,-0.12458423525094986,0.925209105014801,0.9997543692588806,990,1773,0.4758647382259369,0.1085469052195549,0.999729573726654,767,1796,-0.2671169638633728,0.7913335561752319,0.9997784495353699,787,2057,0.28174835443496704,0.3218762278556824,0.9997329115867615,798,1880,-0.33307284116744995,0.7773171067237854,0.9992801547050476,745,2200,0.25789719820022583,0.43809187412261963,0.9993516802787781,701,1884,-0.3109891712665558,0.7514216303825378,0.9994173049926758,692,2173,0.22510546445846558,0.43746480345726013,0.999506950378418,719,1854,-0.2609376311302185,0.6741649508476257,0.9996559619903564,707,2131,0.25780579447746277,0.4304732382297516,0.9997517466545105,1747,1375,-0.14776939153671265,0.9997661709785461,0.9999333620071411,1734,1682,0.14702372252941132,0.9997979998588562,0.9999607801437378,1968,2110,-0.37849169969558716,0.9206117987632751,0.9977065324783325,1822,2373,-0.07723908871412277,0.20606622099876404,0.9961656332015991,2966,2453,-0.45128223299980164,0.5783700346946716,0.7982966303825378,2768,2618,-0.16196361184120178,0.07949940115213394,0.8932515978813171,3090,2440,-0.46276605129241943,0.6696425080299377,0.5072924494743347,2929,2576,-0.17636242508888245,0.20524053275585175,0.8516198396682739,3061,2784,-0.6193960309028625,0.5452864170074463,0.37765082716941833,2954,2882,-0.32234442234039307,0.11036359518766403,0.5362280011177063,973,1236,None,None,755,1853,None,None,None,None,31.57,nan,35.11,nan,nan
False,/data/uabcvmsc/shared/newborn/30/27.08.24 (2)/HM20240827052401.jpeg,36.4,24.7,618,981,0.2852465510368347,0.999885082244873,0.9999817609786987,640,906,0.29303646087646484,0.9998388290405273,0.9999642372131348,656,891,0.2926969528198242,0.9997681975364685,0.9999650716781616,685,883,0.29274070262908936,0.9998229146003723,0.999954104423523,606,925,0.3309233486652374,0.9999333620071411,0.999956488609314,597,929,0.3305298686027527,0.9999297857284546,0.9999651908874512,586,936,0.33043819665908813,0.9999498128890991,0.9999617338180542,761,886,0.31308794021606445,0.9998539686203003,0.9999752044677734,627,944,0.480410635471344,0.9999263286590576,0.9999688863754272,667,1026,0.29068151116371155,0.9998781681060791,0.9999867677688599,639,1041,0.3357461988925934,0.9998960494995117,0.9999822378158569,890,1108,0.10649856925010681,0.9998834133148193,0.9999573230743408,967,1393,0.5766516923904419,0.9995929598808289,0.9999183416366577,840,1464,-0.1371973603963852,0.9476161599159241,0.9997836947441101,988,1784,0.48175570368766785,0.10209707915782928,0.9997904896736145,769,1806,-0.312439501285553,0.8659643530845642,0.9998626708984375,792,2077,0.2802424728870392,0.3030819296836853,0.9997014403343201,800,1871,-0.38435471057891846,0.8563024997711182,0.9995397329330444,735,2221,0.25337520241737366,0.41742798686027527,0.9992157220840454,711,1881,-0.36193302273750305,0.834206759929657,0.9996626377105713,685,2180,0.2218538075685501,0.41797900199890137,0.999458372592926,727,1852,-0.3069656491279602,0.7668339014053345,0.9998055100440979,707,2138,0.2562195062637329,0.41123485565185547,0.999733030796051,1727,1360,-0.1498165726661682,0.9998352527618408,0.9999618530273438,1737,1631,0.14903785288333893,0.9998656511306763,0.9999781847000122,1987,2105,-0.35714125633239746,0.9413090944290161,0.9981489181518555,1820,2360,-0.08052186667919159,0.18864431977272034,0.9964550733566284,2993,2447,-0.44737863540649414,0.6323645710945129,0.8050991296768188,2788,2525,-0.1696249395608902,0.061313822865486145,0.9219268560409546,3119,2439,-0.45980244874954224,0.7324058413505554,0.5119125843048096,2945,2470,-0.18414485454559326,0.20155000686645508,0.8935214281082153,3090,2782,-0.6127529740333557,0.6036673188209534,0.3838297426700592,2988,2769,-0.32360896468162537,0.10429007560014725,0.6156582832336426
False,/data/uabcvmsc/shared/newborn/30/27.08.24 (2)/HM20240827052502.jpeg,36.6,24.9,611,1015,0.2737590968608856,0.9993971586227417,0.9999178647994995,630,938,0.27287620306015015,0.9992501139640808,0.9998528957366943,641,930,0.2725352942943573,0.9988634586334229,0.9998633861541748,652,924,0.2725812494754791,0.9992563128471375,0.9998238682746887,604,954,0.3155171871185303,0.9996471405029297,0.9998102784156799,599,954,0.31508752703666687,0.9995900988578796,0.9998502731323242,594,955,0.314985066652298,0.9997493624687195,0.9998362064361572,732,916,0.2647607922554016,0.9993398785591125,0.9999070167541504,641,951,0.4542839825153351,0.9995606541633606,0.9998619556427002,660,1045,0.2707451283931732,0.9994402527809143,0.9999494552612305,638,1069,0.3222365379333496,0.9994902610778809,0.9999260902404785,934,1116,0.050515931099653244,0.9997506737709045,0.9998997449874878,944,1337,0.5652821660041809,0.9989181756973267,0.9997426867485046,984,1554,-0.15951411426067352,0.8939771056175232,0.9996457099914551,1001,1757,0.49233749508857727,0.03670501336455345,0.9995288848876953,746,1958,-0.2682585120201111,0.7339202165603638,0.9997691512107849,782,2027,0.2916069030761719,0.1149604395031929,0.9992664456367493,744,2116,-0.3305402994155884,0.7118161916732788,0.9992493987083435,740,2178,0.2690708637237549,0.1754366010427475,0.9981623291969299,675,2043,-0.30471906065940857,0.681247889995575,0.999415397644043,685,2141,0.23800459504127502,0.18010620772838593,0.9986649751663208,689,1978,-0.25856202840805054,0.5659618377685547,0.999656081199646,698,2093,0.26782554388046265,0.17165173590183258,0.9993442893028259,1718,1396,-0.16084638237953186,0.9995961785316467,0.9999008178710938,1736,1585,0.16011859476566315,0.9996484518051147,0.9999347925186157,1972,2108,-0.3823131024837494,0.8227676153182983,0.9962112903594971,1823,2386,-0.04751480370759964,0.05782401189208031,0.9919295310974121,2964,2437,-0.4565236270427704,0.4682702422142029,0.6926818490028381,2763,2552,-0.11533242464065552,0.03034224361181259,0.8403007984161377,3090,2399,-0.4669331908226013,0.49453502893447876,0.36751940846443176,2916,2503,-0.12733690440654755,0.08923005312681198,0.7900530695915222,3060,2782,-0.6229220628738403,0.3169310390949249,0.29093703627586365,2952,2822,-0.2668079435825348,0.03343933820724487,0.48387399315834045
True,/data/uabcvmsc/shared/newborn/30/27.08.24 (2)/HM20240827052603.jpeg,36.5,26.6,608,928,0.3140724301338196,0.9999581575393677,0.9999898672103882,623,870,0.3270309865474701,0.999908447265625,0.99997878074646,631,866,0.32668188214302063,0.99988853931427,0.999977707862854,639,862,0.32672548294067383,0.999890923500061,0.9999686479568481,611,888,0.3589211106300354,0.9999701976776123,0.9999816417694092,613,892,0.3585382103919983,0.9999771118164062,0.9999865293502808,613,897,0.35842305421829224,0.9999828338623047,0.9999866485595703,716,864,0.35553085803985596,0.9999282360076904,0.9999802112579346,673,918,0.5002221465110779,0.9999823570251465,0.9999891519546509,651,986,0.32277318835258484,0.9999136924743652,0.9999823570251465,639,991,0.3611266016960144,0.9999427795410156,0.9999818801879883,865,1045,0.15629084408283234,0.9997655749320984,0.9998629093170166,936,1395,0.5532520413398743,0.9997575879096985,0.9999178647994995,730,1334,-0.06266830116510391,0.975599467754364,0.999782383441925,842,1757,0.4576070010662079,0.8165532350540161,0.9999275207519531,594,1593,-0.192542165517807,0.930185079574585,0.9997344613075256,609,1913,0.3041374087333679,0.9651066064834595,0.9999783039093018,538,1671,-0.2589200437068939,0.9260643124580383,0.9990975856781006,498,1997,0.2752806842327118,0.9709867835044861,0.9999368190765381,530,1673,-0.239616259932518,0.9118986129760742,0.9992743134498596,474,1961,0.25442400574684143,0.9683505892753601,0.9999536275863647,564,1673,-0.18885652720928192,0.8916371464729309,0.9995871186256409,535,1895,0.2860066890716553,0.9648550748825073,0.9999778270721436,1784,1330,-0.1268705278635025,0.9998414516448975,0.9999405145645142,1760,1666,0.12611377239227295,0.9998888969421387,0.9999732971191406,2182,1941,-0.39830443263053894,0.9838088154792786,0.9986067414283752,1986,2388,-0.06550178676843643,0.639146625995636,0.9981303811073303,3135,2333,-0.4325770139694214,0.7687064409255981,0.871976375579834,2907,2550,-0.1048499122262001,0.18676327168941498,0.9247430562973022,3334,2388,-0.4407285451889038,0.8805851936340332,0.6229667067527771,3071,2486,-0.11402210593223572,0.45883557200431824,0.902886152267456,3279,2638,-0.5805935859680176,0.8007124662399292,0.4734908938407898,3096,2800,-0.23845063149929047,0.3369201123714447,0.6431515216827393,900,1220,529,1942,556,1652,None,None,3135,2333,35.49,nan,nan,nan,nan
True,/data/uabcvmsc/shared/newborn/30/27.08.24 (2)/HM20240827052704.jpeg,36.7,26.5,648,960,0.20643708109855652,0.9999593496322632,0.9999912977218628,658,902,0.20793655514717102,0.9999010562896729,0.9999741315841675,665,894,0.20764359831809998,0.9998798370361328,0.9999725818634033,673,888,0.20761848986148834,0.9998807907104492,0.9999622106552124,639,941,0.23886515200138092,0.9999639987945557,0.999977707862854,637,946,0.23853865265846252,0.9999704360961914,0.9999828338623047,635,951,0.23837178945541382,0.9999799728393555,0.999982476234436,734,888,0.22167207300662994,0.9999017715454102,0.999971866607666,671,993,0.35884273052215576,0.9999747276306152,0.9999843835830688,694,1016,0.2129332274198532,0.9998606443405151,0.9999884366989136,679,1051,0.24956323206424713,0.9999125003814697,0.9999871253967285,875,1053,0.03717247024178505,0.9999188184738159,0.9999784231185913,947,1358,0.44961631298065186,0.9997811913490295,0.9999790191650391,750,1467,-0.16172580420970917,0.9843049645423889,0.9999445676803589,826,1757,0.3203916549682617,0.556861400604248,0.9999669790267944,621,1693,-0.23200036585330963,0.9198246002197266,0.9999301433563232,609,1830,0.09875929355621338,0.7883814573287964,0.9999872446060181,616,1774,-0.28273141384124756,0.9221587777137756,0.999779999256134,504,1868,0.06263666599988937,0.8584194779396057,0.9999727010726929,527,1741,-0.2637125551700592,0.9054872989654541,0.9997991919517517,469,1804,0.05417604744434357,0.8457984328269958,0.9999798536300659,569,1729,-0.22471605241298676,0.8771559596061707,0.9998854398727417,521,1775,0.08412080258131027,0.8371173143386841,0.9999896287918091,1707,1377,-0.1350656896829605,0.9999881982803345,0.9999991655349731,1672,1608,0.1344388872385025,0.9999916553497314,0.9999996423721313,1655,2031,-0.36422428488731384,0.9975550770759583,0.9999951124191284,1642,2275,-0.10420362651348114,0.9472065567970276,0.9999959468841553,2459,1966,-0.3208722174167633,0.9842786192893982,0.9999110698699951,2378,2265,-0.15047428011894226,0.9071516394615173,0.999971866607666,2589,1898,-0.31876564025878906,0.9844055771827698,0.9996486902236938,2539,2200,-0.1592516303062439,0.9491660594940186,0.9999570846557617,2585,2309,-0.4010166823863983,0.9910485744476318,0.9986035227775574,2546,2512,-0.2581053376197815,0.9623881578445435,0.9993492960929871,911,1206,526,1819,583,1734,2488,2326,2544,2058,35.66,nan,32.62,nan,31.58
False,/data/uabcvmsc/shared/newborn/30/27.08.24 (2)/HM20240827052806.jpeg,36.6,27.2,674,1038,0.19284197688102722,0.999994158744812,0.999998927116394,682,978,0.19827459752559662,0.9999885559082031,0.9999948740005493,689,974,0.198027566075325,0.9999818801879883,0.9999940395355225,696,972,0.1980506181716919,0.9999836683273315,0.9999909400939941,645,1008,0.2199593037366867,0.9999949932098389,0.9999961853027344,642,1011,0.21965628862380981,0.9999945163726807,0.9999970197677612,639,1014,0.2195357382297516,0.999996542930603,0.9999967813491821,756,975,0.22449584305286407,0.9999780654907227,0.9999924898147583,666,1074,0.3189185857772827,0.9999933242797852,0.9999971389770508,715,1075,0.20394527912139893,0.9999707937240601,0.9999969005584717,699,1107,0.22820046544075012,0.9999797344207764,0.9999970197677612,868,1152,0.028740189969539642,0.9999370574951172,0.9999840259552002,942,1354,0.39914974570274353,0.9999428987503052,0.9999939203262329,1096,1543,-0.19807596504688263,0.28184112906455994,0.9997710585594177,795,1727,0.20504215359687805,0.6197426915168762,0.9999879598617554,1212,1804,-0.2869044840335846,0.10550110042095184,0.9996531009674072,510,1703,-0.06465423852205276,0.9201383590698242,0.9999970197677612,1288,1868,-0.3333064615726471,0.17701055109500885,0.9989233613014221,455,1694,-0.11817072331905365,0.9352200627326965,0.9999885559082031,1263,1862,-0.32766544818878174,0.17702050507068634,0.9990583062171936,463,1637,-0.1061125323176384,0.9322230219841003,0.9999935626983643,1255,1840,-0.2846696078777313,0.15302658081054688,0.9994345307350159,484,1621,-0.07312490046024323,0.9184543490409851,0.9999970197677612,1678,1405,-0.14121219515800476,0.9999094009399414,0.9999904632568359,1674,1556,0.14054971933364868,0.9999624490737915,0.9999974966049194,1754,2109,-0.287887305021286,0.41887253522872925,0.9998465776443481,1666,2249,-0.03904702141880989,0.10228375345468521,0.9999339580535889,2560,1905,-0.33704978227615356,0.312144011259079,0.9909847974777222,2439,1963,-0.1411525160074234,0.06657213717699051,0.9996503591537476,2718,1803,-0.34421414136886597,0.2899450659751892,0.9588174819946289,2577,1856,-0.1546163558959961,0.17842552065849304,0.9993385672569275,2766,2298,-0.4190145432949066,0.3889823257923126,0.9471220374107361,2555,2116,-0.22662310302257538,0.11111652851104736,0.9939070343971252
False,/data/uabcvmsc/shared/newborn/30/27.08.24 (2)/HM20240827052907.jpeg,36.9,27.8,658,972,0.2170615792274475,0.9998433589935303,0.9999387264251709,670,924,0.2176210880279541,0.9996669292449951,0.9998435974121094,680,920,0.2173129767179489,0.999562680721283,0.9998383522033691,694,906,0.21723197400569916,0.9996436834335327,0.9997820258140564,647,936,0.2503594160079956,0.9998682737350464,0.9998668432235718,642,940,0.24999277293682098,0.999872088432312,0.9999010562896729,632,956,0.2497706562280655,0.9999316930770874,0.9999018907546997,758,915,0.2234209030866623,0.9996745586395264,0.9998387098312378,670,984,0.3678461015224457,0.9999085664749146,0.99991774559021,699,1015,0.2201012521982193,0.9995548129081726,0.9999183416366577,676,1038,0.25884726643562317,0.9997324347496033,0.9999229907989502,850,1079,0.04869883507490158,0.9997186064720154,0.999853253364563,968,1354,0.45968836545944214,0.9993292093276978,0.9998655319213867,765,1532,-0.053540315479040146,0.9623805284500122,0.9998339414596558,831,1739,0.34862202405929565,0.42232978343963623,0.9998511075973511,577,1667,-0.004845264367759228,0.8598672747612,0.9998927116394043,557,1725,0.1438356339931488,0.5904120206832886,0.9999395608901978,506,1719,-0.03375426307320595,0.8513999581336975,0.9996615648269653,467,1740,0.11555430293083191,0.6469170451164246,0.999866247177124,502,1664,-0.01641874946653843,0.8240315914154053,0.9996621608734131,462,1671,0.11497927457094193,0.6342435479164124,0.9998964071273804,536,1644,0.0050712814554572105,0.7780906558036804,0.999811589717865,504,1659,0.13292692601680756,0.6351901292800903,0.9999488592147827,1697,1384,-0.14071327447891235,0.9999597072601318,0.9999946355819702,1690,1609,0.1401412934064865,0.9999730587005615,0.9999974966049194,1801,2098,-0.370999276638031,0.9893408417701721,0.9999548196792603,1647,2309,-0.07678887248039246,0.6712340712547302,0.999953031539917,2599,1868,-0.33160269260406494,0.9470794200897217,0.9990112781524658,2493,2228,-0.07881351560354233,0.6006124019622803,0.9997209906578064,2729,1754,-0.32755401730537415,0.9286785125732422,0.9965918064117432,2547,2123,-0.08127645403146744,0.7457309365272522,0.9996658563613892,2832,2204,-0.39956316351890564,0.9498856067657471,0.9859071969985962,2708,2458,-0.16165079176425934,0.7219722867012024,0.9946501851081848
True,/data/uabcvmsc/shared/newborn/30/27.08.24 (2)/HM20240827053008.jpeg,36.7,28.0,605,938,0.1644805520772934,0.9999102354049683,0.9999837875366211,650,865,0.16643601655960083,0.9998385906219482,0.999969482421875,679,860,0.16612118482589722,0.9997448325157166,0.9999661445617676,696,859,0.1660933494567871,0.9997873902320862,0.9999499320983887,620,884,0.2011241316795349,0.9999494552612305,0.9999808073043823,615,891,0.20064924657344818,0.9999576807022095,0.9999876022338867,609,900,0.20043548941612244,0.9999771118164062,0.9999885559082031,790,881,0.1833021640777588,0.9998724460601807,0.9999523162841797,672,941,0.33539503812789917,0.9999779462814331,0.9999912977218628,651,1018,0.17053461074829102,0.9997863173484802,0.9999606609344482,605,1038,0.21162766218185425,0.9998964071273804,0.9999790191650391,839,1107,0.04779873043298721,0.999713122844696,0.9998931884765625,931,1396,0.41873908042907715,0.9997760653495789,0.9999788999557495,721,1380,0.046333909034729004,0.9601119160652161,0.9998723268508911,773,1788,0.1996217519044876,0.8336516618728638,0.9999290704727173,562,1489,0.196438267827034,0.8788229823112488,0.999819815158844,544,1713,-0.09793515503406525,0.8723531365394592,0.9999797344207764,578,1539,0.18239173293113708,0.8799414038658142,0.9995003938674927,469,1674,-0.14010007679462433,0.8606880903244019,0.9999549388885498,562,1554,0.1926097273826599,0.861068069934845,0.999509334564209,495,1622,-0.12949064373970032,0.852615475654602,0.9999648332595825,583,1544,0.20501990616321564,0.8210433125495911,0.9996682405471802,526,1619,-0.1052868664264679,0.8296487331390381,0.9999814033508301,1750,1332,-0.15010379254817963,0.9999642372131348,0.9999891519546509,1721,1547,0.1497475802898407,0.9999808073043823,0.9999966621398926,1830,2023,-0.3219795525074005,0.9958688020706177,0.9999438524246216,1670,2264,-0.04498978331685066,0.6004347205162048,0.9999617338180542,2506,1781,-0.28933411836624146,0.9874837398529053,0.9983341097831726,2446,2185,-0.08027397841215134,0.6890163421630859,0.9992746710777283,2605,1645,-0.2861703634262085,0.9751244187355042,0.9946398138999939,2481,2086,-0.08794678002595901,0.7890291810035706,0.9992457628250122,2772,2069,-0.35926058888435364,0.9819392561912537,0.980449914932251,2683,2450,-0.17927418649196625,0.740085244178772,0.9883848428726196,885,1252,508,1657,571,1532,2582,2268,2628,1832,35.81,nan,34.93,nan,32.33
False,/data/uabcvmsc/shared/newborn/30/27.08.24 (2)/HM20240827053109.jpeg,36.8,26.5,643,977,0.1391557902097702,0.9986009001731873,0.9994195699691772,663,909,0.1333257555961609,0.9975920915603638,0.9987529516220093,676,902,0.1329835206270218,0.9965343475341797,0.9986944794654846,688,895,0.1328914910554886,0.9972919821739197,0.9981716871261597,635,929,0.1699855774641037,0.9990272521972656,0.9990543723106384,630,931,0.16953258216381073,0.9990901947021484,0.9993728995323181,624,933,0.16927465796470642,0.9995622038841248,0.9994221925735474,766,902,0.12517254054546356,0.9977226853370667,0.9982706308364868,676,952,0.2868259847164154,0.9994531273841858,0.9995307922363281,689,1014,0.1379537135362625,0.9968774318695068,0.9992252588272095,663,1038,0.1819201111793518,0.9984014630317688,0.9994319081306458,885,1066,-0.030232105404138565,0.9981096982955933,0.9988686442375183,942,1357,0.38403117656707764,0.998492956161499,0.9996410608291626,749,1500,-0.10061817616224289,0.8416969776153564,0.9993731379508972,802,1768,0.24811528623104095,0.38220199942588806,0.9996039271354675,586,1642,-0.033185265958309174,0.6211775541305542,0.9992105960845947,569,1702,-0.0239553339779377,0.5302391648292542,0.9998831748962402,517,1709,-0.06198814883828163,0.6605674624443054,0.9977301955223083,481,1728,-0.05968644842505455,0.587040364742279,0.9997417330741882,521,1644,-0.05234803259372711,0.6282848715782166,0.997717022895813,481,1654,-0.063603475689888,0.587913990020752,0.9998111128807068,550,1623,-0.02633306384086609,0.5504434704780579,0.998613715171814,520,1636,-0.03669728338718414,0.5688433647155762,0.9999035596847534,1685,1336,-0.13949182629585266,0.9999305009841919,0.9999843835830688,1668,1610,0.13905450701713562,0.9999631643295288,0.9999948740005493,1873,2054,-0.32816198468208313,0.9495812058448792,0.999517560005188,1649,2293,-0.058237191289663315,0.44082367420196533,0.999764621257782,2502,1813,-0.21640518307685852,0.8438835740089417,0.9954847097396851,2400,2178,-0.03835766762495041,0.4143179655075073,0.9989314675331116,2627,1733,-0.20425690710544586,0.7493504285812378,0.9886510372161865,2475,2059,-0.03736039623618126,0.5023531317710876,0.9989340901374817,2754,2144,-0.25988641381263733,0.7846033573150635,0.9677988886833191,2635,2404,-0.10862602293491364,0.41016441583633423,0.9869253635406494
True,/data/uabcvmsc/shared/newborn/30/27.08.24 (2)/HM20240827053212.jpeg,36.7,26.5,636,969,0.19716712832450867,0.9998471736907959,0.9999098777770996,650,914,0.20255354046821594,0.9996823072433472,0.9997488856315613,663,904,0.20221062004566193,0.9996080994606018,0.9997524619102478,675,894,0.20211315155029297,0.9996775388717651,0.9996826648712158,628,949,0.22926299273967743,0.9998619556427002,0.9997510313987732,626,956,0.22888587415218353,0.9998654127120972,0.9998082518577576,624,962,0.22864364087581635,0.9999215602874756,0.9998040795326233,739,904,0.222633957862854,0.9997262358665466,0.9997631907463074,657,1009,0.3405974805355072,0.999881386756897,0.9998095631599426,689,998,0.20469148457050323,0.999607503414154,0.9999008178710938,663,1028,0.23567736148834229,0.9997163414955139,0.9998818635940552,917,1018,0.04398152977228165,0.9997439980506897,0.9998947381973267,952,1391,0.4143725335597992,0.9992830157279968,0.999847412109375,732,1436,-0.08788697421550751,0.9320184588432312,0.9998987913131714,801,1736,0.2685745656490326,0.5587153434753418,0.9998809099197388,630,1600,-0.09071715176105499,0.8022623658180237,0.9999014139175415,596,1725,0.0128629757091403,0.6677162051200867,0.9999561309814453,555,1679,-0.1274910271167755,0.8268059492111206,0.9996495246887207,487,1756,-0.030887683853507042,0.73366379737854,0.9998983144760132,548,1633,-0.11662540584802628,0.8096222877502441,0.9996576309204102,483,1670,-0.032393164932727814,0.7244822382926941,0.9999234676361084,579,1613,-0.08464286476373672,0.7607747316360474,0.9998138546943665,529,1648,7.937548070913181e-05,0.7216187715530396,0.999962329864502,1695,1370,-0.12802274525165558,0.999984622001648,0.9999978542327881,1711,1655,0.12744344770908356,0.9999871253967285,0.999998927116394,1800,2086,-0.3526573181152344,0.9861017465591431,0.9999814033508301,1676,2332,-0.09210313111543655,0.826257050037384,0.9999794960021973,2584,1864,-0.313172847032547,0.9605778455734253,0.9997032284736633,2488,2206,-0.09118971973657608,0.7988595366477966,0.9999268054962158,2706,1744,-0.3109343647956848,0.9236764907836914,0.9988918900489807,2577,2098,-0.093149833381176,0.8540825247764587,0.9999016523361206,2845,2234,-0.395354300737381,0.9630345702171326,0.9948961138725281,2681,2451,-0.175094872713089,0.8501371145248413,0.9982308745384216,934,1204,500,1691,578,1631,2582,2252,2712,1947,32.62,nan,31.58,nan,31.58
True,/data/uabcvmsc/shared/newborn/30/27.08.24 (2)/HM20240827053313.jpeg,36.6,26.6,632,1011,0.20725619792938232,0.9985854625701904,0.9992875456809998,651,937,0.20599137246608734,0.9977365732192993,0.9986255168914795,663,930,0.2056329846382141,0.9971925616264343,0.9986569881439209,675,923,0.20554310083389282,0.9977737069129944,0.9982611536979675,622,960,0.2446325719356537,0.9989573955535889,0.9986600875854492,619,962,0.24418453872203827,0.9990291595458984,0.9990125894546509,615,965,0.24390502274036407,0.9994490742683411,0.9990148544311523,745,920,0.19956277310848236,0.9982775449752808,0.9986091256141663,680,982,0.37027040123939514,0.9991924166679382,0.9991167187690735,684,1052,0.20497550070285797,0.9975186586380005,0.9994076490402222,662,1081,0.2512255907058716,0.9982938170433044,0.9993699193000793,868,1069,0.016649169847369194,0.9991205334663391,0.999430239200592,972,1371,0.46050405502319336,0.9978339076042175,0.9992862343788147,800,1499,-0.04193470627069473,0.9151546955108643,0.9995648264884949,830,1762,0.307635635137558,0.22849582135677338,0.999309778213501,632,1646,0.050631359219551086,0.7789695858955383,0.9996540546417236,604,1721,0.008156117983162403,0.3403979241847992,0.9997231364250183,560,1727,0.028373880311846733,0.784842312335968,0.9989333748817444,508,1755,-0.03280937299132347,0.41212597489356995,0.9994305968284607,552,1664,0.03610886633396149,0.7633864879608154,0.9989388585090637,502,1673,-0.034514084458351135,0.40907561779022217,0.9995707869529724,581,1637,0.05885792896151543,0.7005428671836853,0.9994094371795654,542,1651,-0.00560499494895339,0.4108198285102844,0.9997773766517639,1715,1341,-0.14794941246509552,0.999871015548706,0.9999549388885498,1726,1636,0.14749452471733093,0.9998964071273804,0.9999772310256958,1813,2075,-0.39040330052375793,0.9640899300575256,0.9993738532066345,1709,2327,-0.09870805591344833,0.534769594669342,0.9992673993110657,2586,1901,-0.3495441675186157,0.8873212337493896,0.9882028698921204,2427,2208,-0.11886406689882278,0.4656212329864502,0.9952865839004517,2718,1783,-0.3463714122772217,0.8029345273971558,0.9645696878433228,2573,2123,-0.12264028191566467,0.5852183103561401,0.9949451088905334,2819,2296,-0.43775901198387146,0.8141962885856628,0.9111393094062805,2713,2495,-0.21213459968566895,0.4310751259326935,0.9560725092887878,920,1220,None,None,581,1668,None,None,2708,1993,32.60,nan,35.58,nan,32.60
False,/data/uabcvmsc/shared/newborn/30/27.08.24 (2)/HM20240827053414.jpeg,36.7,28.2,693,972,0.07364937663078308,0.9998706579208374,0.9999570846557617,725,916,0.07197930663824081,0.9998645782470703,0.9998927116394043,742,914,0.07176307588815689,0.9998049139976501,0.9998856782913208,758,912,0.07171701639890671,0.9998490810394287,0.9998432397842407,673,922,0.09858976304531097,0.9999344348907471,0.9998568296432495,660,923,0.09813345968723297,0.9999128580093384,0.9998670816421509,646,925,0.09793225675821304,0.9999486207962036,0.9998418092727661,821,941,0.09513643383979797,0.9998213648796082,0.9999077320098877,655,951,0.20937290787696838,0.9999147653579712,0.9998925924301147,733,1027,0.08805232495069504,0.9994553923606873,0.9999071359634399,693,1035,0.11798956990242004,0.9997187256813049,0.9999053478240967,867,1234,-0.0031312580686062574,0.9996817111968994,0.9999045133590698,947,1160,0.35669636726379395,0.9993805885314941,0.9998311996459961,815,1653,0.05562271922826767,0.4692811071872711,0.9997058510780334,1077,1501,0.4742847979068756,0.006531110033392906,0.9989511966705322,620,1677,0.2587953805923462,0.3540913462638855,0.9998692274093628,997,1547,0.5501447916030884,0.008710874244570732,0.9993799924850464,607,1698,0.26230138540267944,0.39341843128204346,0.9995546936988831,986,1549,0.5740604996681213,0.01374124176800251,0.9987506866455078,577,1664,0.2644064128398895,0.3777077794075012,0.9994879961013794,978,1522,0.5581763386726379,0.0133178336545825,0.9988400340080261,586,1656,0.2673700451850891,0.3273009955883026,0.999751627445221,976,1522,0.5434445142745972,0.015061363577842712,0.9993725419044495,1543,1556,-0.1298660933971405,0.9999185800552368,0.9999927282333374,1601,1559,0.12938648462295532,0.9999405145645142,0.999995231628418,1532,2015,-0.32487478852272034,0.8264296650886536,0.999874472618103,1649,2208,-0.024099407717585564,0.1610828936100006,0.9997768998146057,2168,2011,-0.3706262707710266,0.7181670665740967,0.996322512626648,2289,2113,-0.11144674569368362,0.15393738448619843,0.9982388019561768,2321,1939,-0.37414291501045227,0.6595325469970703,0.983816385269165,2413,2036,-0.12018001824617386,0.28498876094818115,0.9968841671943665,2170,2271,-0.44199106097221375,0.6684955954551697,0.964302122592926,2347,2281,-0.18747134506702423,0.16999022662639618,0.9843788743019104
False,/data/uabcvmsc/shared/newborn/30/27.08.24 (2)/HM20240827053515.jpeg,36.6,26.8,629,966,0.19079254567623138,0.9986074566841125,0.9990630745887756,651,905,0.18682613968849182,0.9970955848693848,0.9976614713668823,663,900,0.18652434647083282,0.9958317875862122,0.9974597096443176,688,896,0.18646612763404846,0.9965052604675293,0.9962804913520813,622,925,0.22206290066242218,0.9989363551139832,0.998543381690979,614,928,0.2215825617313385,0.9990530610084534,0.9990957975387573,605,932,0.22129327058792114,0.9995599389076233,0.9992243051528931,755,926,0.18136422336101532,0.9972010850906372,0.9970958232879639,647,964,0.3360461890697479,0.9995051622390747,0.9995290040969849,677,1020,0.19051988422870636,0.9971078038215637,0.9989897608757019,649,1033,0.23224487900733948,0.9986048340797424,0.9993842840194702,845,1113,0.02266601473093033,0.9983322024345398,0.9983851909637451,936,1344,0.4375826120376587,0.999014139175415,0.9996882677078247,820,1587,-0.012956188060343266,0.7062754034996033,0.998236894607544,867,1777,0.33736053109169006,0.2731044590473175,0.9995648264884949,693,1693,0.10401427745819092,0.380359947681427,0.9984534978866577,569,1734,0.10915160924196243,0.507620096206665,0.9998350143432617,656,1715,0.08615647256374359,0.4065263569355011,0.9963371753692627,482,1762,0.08038488775491714,0.5623201727867126,0.9996091723442078,661,1665,0.09276340901851654,0.3708132803440094,0.996178388595581,481,1695,0.07724922895431519,0.5625333189964294,0.9997072815895081,676,1660,0.11109964549541473,0.33056750893592834,0.9976871013641357,517,1684,0.09730461239814758,0.5490378737449646,0.9998496770858765,1693,1395,-0.14566199481487274,0.9996700286865234,0.9998650550842285,1699,1576,0.14517398178577423,0.9998546838760376,0.9999656677246094,1736,2161,-0.33393335342407227,0.9235447645187378,0.9979135394096375,1700,2300,-0.019947810098528862,0.24737252295017242,0.9988396763801575,2600,2016,-0.29978927969932556,0.7342997193336487,0.9465917348861694,2391,2276,-0.023884877562522888,0.18370288610458374,0.9813405275344849,2709,1885,-0.29521995782852173,0.6379647254943848,0.8559218645095825,2556,2200,-0.025296859443187714,0.28237029910087585,0.980939507484436,2767,2298,-0.35530582070350647,0.6126474738121033,0.727569580078125,2665,2542,-0.09276358038187027,0.17028440535068512,0.8734102845191956
True,/data/uabcvmsc/shared/newborn/30/27.08.24 (2)/HM20240827053616.jpeg,36.9,27.2,642,911,0.3802684545516968,0.9999985694885254,0.9999997615814209,653,860,0.3819598853588104,0.9999966621398926,0.9999994039535522,663,855,0.38163867592811584,0.9999967813491821,0.9999994039535522,674,850,0.38137850165367126,0.9999963045120239,0.9999992847442627,646,863,0.406252920627594,0.999998927116394,0.9999994039535522,652,860,0.40598657727241516,0.9999992847442627,0.9999994039535522,651,866,0.405876100063324,0.9999992847442627,0.9999992847442627,749,878,0.36525338888168335,0.9999974966049194,0.9999996423721313,708,915,0.47148922085762024,0.9999986886978149,0.9999992847442627,671,968,0.37294843792915344,0.9999936819076538,0.9999995231628418,667,972,0.40120357275009155,0.9999963045120239,0.9999992847442627,756,1093,0.1885509192943573,0.9999963045120239,0.9999986886978149,910,1408,0.49082332849502563,0.9999785423278809,0.9999904632568359,500,1334,0.2528400421142578,0.9811995029449463,0.999993085861206,963,1825,0.22773218154907227,0.6056965589523315,0.9998867511749268,574,1094,0.4756607413291931,0.9531229734420776,0.9999805688858032,747,1708,-0.07888062298297882,0.6324065327644348,0.9999182224273682,584,980,0.4855596125125885,0.9492882490158081,0.999923586845398,679,1694,-0.11842972785234451,0.6854154467582703,0.999840259552002,625,987,0.47491952776908875,0.9415170550346375,0.9999003410339355,679,1644,-0.11520963162183762,0.6666393280029297,0.9998737573623657,625,1035,0.4767194390296936,0.9383483529090881,0.9999500513076782,700,1638,-0.09127499163150787,0.6862685680389404,0.999933123588562,1481,1449,-0.1305815577507019,0.9999911785125732,0.9999986886978149,1552,1614,0.12998569011688232,0.9999927282333374,0.9999984502792358,1259,1986,-0.4194706082344055,0.9986011385917664,0.999993085861206,1691,2204,-0.014077547937631607,0.7450771927833557,0.9999409914016724,2153,1975,-0.6546674966812134,0.9733158349990845,0.9995519518852234,2370,2198,-0.2919006049633026,0.5681125521659851,0.998815655708313,2294,1930,-0.682701826095581,0.9936652183532715,0.9980589747428894,2501,2136,-0.3277970254421234,0.9244914650917053,0.9985509514808655,2310,2202,-0.7805595397949219,0.9918985366821289,0.9912720322608948,2474,2351,-0.4483684301376343,0.8784106969833374,0.9875310063362122,833,1250,None,None,602,1024,2488,2244,2252,2036,35.91,nan,36.41,nan,36.90
False,/data/uabcvmsc/shared/newborn/30/27.08.24 (2)/HM20240827053717.jpeg,36.9,27.5,684,943,0.21866774559020996,0.9999221563339233,0.9999492168426514,709,871,0.21475397050380707,0.9998779296875,0.9998838901519775,722,866,0.21443842351436615,0.9998164772987366,0.999876856803894,745,860,0.21437311172485352,0.9998494386672974,0.9998193383216858,674,893,0.2510106563568115,0.9999513626098633,0.9999066591262817,667,897,0.2505813241004944,0.9999520778656006,0.9999333620071411,659,900,0.25036805868148804,0.9999748468399048,0.9999349117279053,816,873,0.20355957746505737,0.9998840093612671,0.9998703002929688,701,924,0.3618604242801666,0.9999624490737915,0.9999532699584961,730,996,0.2157491147518158,0.9997860789299011,0.9999210834503174,701,1014,0.2586155831813812,0.9998823404312134,0.9999406337738037,883,1094,0.0393596887588501,0.9996767044067383,0.9998704195022583,986,1327,0.4555911421775818,0.9996106028556824,0.999911904335022,837,1549,0.018427304923534393,0.8463706374168396,0.9997219443321228,945,1807,0.3219248354434967,0.20851971209049225,0.9996235370635986,673,1661,0.1549229621887207,0.6475560665130615,0.9995561242103577,701,1757,0.0784493014216423,0.3361199200153351,0.9996790885925293,609,1726,0.1404113471508026,0.6550047993659973,0.9986228942871094,606,1766,0.051185742020606995,0.39608821272850037,0.9992204904556274,605,1674,0.15115302801132202,0.6284725069999695,0.9985722303390503,602,1687,0.04925123602151871,0.39830252528190613,0.9994402527809143,640,1659,0.16451255977153778,0.5679469108581543,0.9991574287414551,639,1676,0.06698624789714813,0.40835294127464294,0.9997097849845886,1701,1407,-0.14661209285259247,0.9999233484268188,0.999974250793457,1696,1514,0.14614266157150269,0.9999502897262573,0.9999876022338867,1680,2190,-0.332478791475296,0.957460880279541,0.9994953870773315,1762,2159,0.017570670694112778,0.1646854281425476,0.9992316961288452,2530,1943,-0.3668563961982727,0.846072793006897,0.9788018465042114,2395,2093,-0.05082930624485016,0.11426810175180435,0.9864394664764404,2624,1789,-0.3688221573829651,0.7820712924003601,0.9306226968765259,2489,2008,-0.059079624712467194,0.22509825229644775,0.9853551387786865,2742,2155,-0.42144420742988586,0.7786651849746704,0.7917962670326233,2584,2263,-0.1196182444691658,0.1285172402858734,0.8865703344345093
True,/data/uabcvmsc/shared/newborn/30/27.08.24 (2)/HM20240827053818.jpeg,36.9,28.0,668,904,0.35781747102737427,0.9999362230300903,0.9999858140945435,706,851,0.36934131383895874,0.9997898936271667,0.9999667406082153,721,846,0.3689901828765869,0.9998302459716797,0.9999657869338989,735,842,0.36886829137802124,0.999776303768158,0.9999548196792603,665,874,0.3963994085788727,0.9999169111251831,0.9999672174453735,661,877,0.3961201608181,0.9999496936798096,0.9999727010726929,656,881,0.39591145515441895,0.9999555349349976,0.9999700784683228,804,858,0.39017587900161743,0.9998388290405273,0.9999672174453735,679,935,0.5087697505950928,0.9999475479125977,0.9999690055847168,720,963,0.36403539776802063,0.9996292591094971,0.9999693632125854,689,979,0.3952072560787201,0.9997844099998474,0.9999672174453735,912,1044,0.18307562172412872,0.9999145269393921,0.9999350309371948,991,1379,0.5552593469619751,0.999703586101532,0.9998735189437866,732,1522,0.056351836770772934,0.9864736795425415,0.9999289512634277,960,1794,0.39475488662719727,0.48837271332740784,0.9998362064361572,674,1713,0.0680367574095726,0.9539420008659363,0.9999086856842041,708,1768,0.1775311529636383,0.6874826550483704,0.9999215602874756,609,1780,0.033081747591495514,0.9573311805725098,0.9997276663780212,625,1783,0.1425716131925583,0.7913832664489746,0.9998602867126465,606,1710,0.04895908012986183,0.9474305510520935,0.999731719493866,611,1720,0.1401185542345047,0.7719393968582153,0.9998965263366699,639,1695,0.07578293979167938,0.9387133121490479,0.9998455047607422,642,1711,0.1652662605047226,0.7805204391479492,0.9999433755874634,1596,1357,-0.12785302102565765,0.9998880624771118,0.9999774694442749,1634,1562,0.12705358862876892,0.9999091625213623,0.9999836683273315,1510,2039,-0.3979799151420593,0.9913685917854309,0.9999042749404907,1711,2287,-0.05299486219882965,0.7323350310325623,0.9997473359107971,2386,1911,-0.4396679699420929,0.8423340916633606,0.9958817958831787,2393,2166,-0.11384708434343338,0.4462888538837433,0.9961666464805603,2541,1842,-0.44722554087638855,0.9454876184463501,0.9843851327896118,2548,2088,-0.12505993247032166,0.8321965932846069,0.9958707690238953,2459,2117,-0.5321200489997864,0.9292459487915039,0.9692217111587524,2506,2425,-0.22189059853553772,0.7914533019065857,0.9799899458885193,952,1212,626,1738,632,1724,2527,2256,2462,1957,35.99,35.09,35.09,nan,32.43
False,/data/uabcvmsc/shared/newborn/30/27.08.24 (2)/HM20240827053919.jpeg,36.5,26.7,659,945,0.20151503384113312,0.999782383441925,0.9999185800552368,693,870,0.20057347416877747,0.9995517134666443,0.9997678399085999,716,863,0.20030665397644043,0.9993840456008911,0.9997242093086243,738,858,0.2002488076686859,0.9993940591812134,0.9995754361152649,643,890,0.23861585557460785,0.9998478889465332,0.9998773336410522,629,902,0.2381885051727295,0.9998847246170044,0.9999268054962158,618,905,0.23792965710163116,0.9999462366104126,0.9999397993087769,833,874,0.20436061918735504,0.9994801878929138,0.9996439218521118,643,931,0.3703795075416565,0.9999374151229858,0.9999674558639526,722,1007,0.20376722514629364,0.999453604221344,0.9999209642410278,674,1011,0.24883316457271576,0.9997778534889221,0.9999608993530273,912,1084,0.0498477965593338,0.9996211528778076,0.9998536109924316,934,1340,0.47590184211730957,0.9998852014541626,0.9999868869781494,913,1607,0.021873628720641136,0.7637389898300171,0.9997510313987732,976,1795,0.3878248631954193,0.4624055325984955,0.9999715089797974,980,1817,0.1400090456008911,0.3754430413246155,0.9996744394302368,731,1783,0.14935360848903656,0.7988467216491699,0.999991774559021,988,1876,0.12280891835689545,0.41857266426086426,0.9992539286613464,622,1821,0.11829768866300583,0.8469168543815613,0.9999805688858032,980,1828,0.12986579537391663,0.36903366446495056,0.9992094039916992,629,1718,0.11352554708719254,0.8418397307395935,0.9999849796295166,977,1809,0.1478630006313324,0.3363179564476013,0.9995228052139282,670,1700,0.13688825070858002,0.8263489007949829,0.9999926090240479,1675,1399,-0.14560820162296295,0.9999804496765137,0.9999974966049194,1655,1564,0.14520283043384552,0.999993085861206,0.9999995231628418,1648,2064,-0.41578248143196106,0.9952728152275085,0.9999444484710693,1713,2336,-0.08643985539674759,0.8168622851371765,0.999977707862854,2450,1914,-0.34659087657928467,0.9658162593841553,0.9990593791007996,2409,2175,-0.08719810098409653,0.6720120310783386,0.999782145023346,2578,1834,-0.3381862938404083,0.9500692486763,0.9971676468849182,2559,2070,-0.08857264369726181,0.7509824633598328,0.9997479319572449,2626,2181,-0.39837855100631714,0.9670342206954956,0.9889355301856995,2646,2404,-0.17423580586910248,0.7640313506126404,0.9966604709625244
False,/data/uabcvmsc/shared/newborn/30/27.08.24 (2)/HM20240827054020.jpeg,36.4,26.3,612,927,0.09567677974700928,0.9957748055458069,0.9988232254981995,647,867,0.09365129470825195,0.9931439161300659,0.9970934391021729,661,866,0.09327556192874908,0.98943030834198,0.9964854717254639,681,864,0.09324582666158676,0.9913779497146606,0.9944950938224792,622,873,0.12512712180614471,0.9974966645240784,0.998496413230896,619,875,0.12454625964164734,0.9980282187461853,0.9991218447685242,605,881,0.12421755492687225,0.9990835189819336,0.9992823004722595,766,883,0.10949508845806122,0.9914373755455017,0.9945068955421448,662,912,0.24439305067062378,0.9985822439193726,0.999565064907074,659,1005,0.10518426448106766,0.9907643795013428,0.9983452558517456,626,998,0.14092732965946198,0.9957984089851379,0.9992184638977051,860,1102,-0.003284345380961895,0.9958505630493164,0.9962402582168579,866,1305,0.36643242835998535,0.9992420673370361,0.9997702240943909,1009,1543,0.049631889909505844,0.08936090767383575,0.99236661195755,911,1782,0.2370556890964508,0.21582072973251343,0.9994555115699768,1156,1731,0.20545132458209991,0.031676050275564194,0.9900509715080261,687,1721,-0.07326757162809372,0.6911157965660095,0.9999114274978638,1228,1776,0.19720906019210815,0.04845526069402695,0.9821964502334595,576,1768,-0.11752475053071976,0.741266131401062,0.9997816681861877,1181,1727,0.1871919333934784,0.04573960602283478,0.9817880392074585,581,1676,-0.12713292241096497,0.750333845615387,0.9998432397842407,1172,1712,0.20756590366363525,0.03838967904448509,0.9876420497894287,636,1651,-0.08871952444314957,0.6927680969238281,0.9999158382415771,1696,1338,-0.14240066707134247,0.9983270764350891,0.9994625449180603,1723,1516,0.14199306070804596,0.9994297623634338,0.9999126195907593,1767,2173,-0.30572375655174255,0.3647707402706146,0.9841517210006714,1827,2208,-0.07791496068239212,0.034378938376903534,0.9953126907348633,2652,2123,-0.33726686239242554,0.22208845615386963,0.8274962306022644,2632,2114,-0.09181500226259232,0.01955285482108593,0.9601559638977051,2793,2060,-0.34126630425453186,0.2602287232875824,0.668536365032196,2736,2020,-0.09420915693044662,0.05395729839801788,0.9638088941574097,2816,2384,-0.4182484745979309,0.18466714024543762,0.5578681230545044,2844,2319,-0.17004907131195068,0.021413402631878853,0.8431926369667053
False,/data/uabcvmsc/shared/newborn/30/27.08.24 (2)/HM20240827054121.jpeg,36.6,26.2,625,918,0.16045896708965302,0.999024510383606,0.9995724558830261,663,859,0.1580066829919815,0.9983080625534058,0.9990209341049194,682,856,0.1576741635799408,0.9976790547370911,0.9989067316055298,701,853,0.15763424336910248,0.9980328679084778,0.9983886480331421,629,870,0.1941232979297638,0.9993458390235901,0.9993651509284973,624,872,0.19360026717185974,0.9994603991508484,0.9995917677879333,617,874,0.19329899549484253,0.9997286200523376,0.9996452331542969,788,874,0.16753041744232178,0.9983344674110413,0.9986697435379028,674,905,0.3231578469276428,0.9996101260185242,0.999778687953949,681,984,0.1665622442960739,0.9980644583702087,0.9995689988136292,641,982,0.20834662020206451,0.9990407824516296,0.9997555613517761,856,1098,0.030129803344607353,0.9989808201789856,0.9993606209754944,885,1327,0.4503369629383087,0.9993771910667419,0.999859094619751,920,1575,0.05368960276246071,0.683445930480957,0.9989286065101624,923,1811,0.3402789235115051,0.18664316833019257,0.9995959401130676,775,1704,0.2053867131471634,0.4427071809768677,0.9995941519737244,667,1772,0.06289117783308029,0.43775901198387146,0.9998937845230103,803,1749,0.19286371767520905,0.45487073063850403,0.9990843534469604,564,1799,0.029470978304743767,0.49811801314353943,0.9997637867927551,690,1663,0.19628800451755524,0.41912394762039185,0.9990597367286682,566,1728,0.023257143795490265,0.4977077841758728,0.9998254179954529,714,1665,0.21314936876296997,0.34981414675712585,0.999452531337738,613,1713,0.04922451823949814,0.48492899537086487,0.9999070167541504,1696,1335,-0.1473265141248703,0.9996756315231323,0.9999107122421265,1722,1555,0.14693476259708405,0.9997987151145935,0.9999738931655884,1784,2122,-0.3705519735813141,0.9056357741355896,0.9981637597084045,1780,2273,-0.06124578416347504,0.14220014214515686,0.9984782338142395,2743,2076,-0.4146833121776581,0.7593952417373657,0.9600948691368103,2437,2235,-0.01013809721916914,0.0657619759440422,0.9889004230499268,2841,1941,-0.42026039958000183,0.6882945895195007,0.8892496824264526,2601,2143,-0.005934042856097221,0.15939083695411682,0.990384578704834,2863,2381,-0.5274132490158081,0.6985191106796265,0.7784438133239746,2670,2441,-0.08193869143724442,0.07914087921380997,0.942707896232605
False,/data/uabcvmsc/shared/newborn/30/27.08.24 (2)/HM20240827054230.jpeg,36.9,27.5,653,936,0.08200844377279282,0.9990007281303406,0.9997583031654358,682,862,0.08791841566562653,0.9982494711875916,0.9993159770965576,707,857,0.08755846321582794,0.997462272644043,0.9991856217384338,728,852,0.08756010979413986,0.9978455305099487,0.9987354874610901,643,877,0.11406154930591583,0.9992740750312805,0.9995798468589783,634,879,0.11351567506790161,0.9993921518325806,0.9997304081916809,619,881,0.11320869624614716,0.9996898174285889,0.9997584223747253,819,866,0.13160353899002075,0.9977787137031555,0.9988499879837036,655,927,0.2423582226037979,0.9995071887969971,0.9998421669006348,704,998,0.10070700943470001,0.9967135190963745,0.999625563621521,663,1006,0.12938199937343597,0.998388409614563,0.9997978806495667,904,1078,0.02228960022330284,0.9989472031593323,0.9994847774505615,863,1348,0.3643464744091034,0.9994139671325684,0.9999223947525024,1198,1496,0.05287373438477516,0.16519789397716522,0.9989680051803589,927,1808,0.24223041534423828,0.2934461534023285,0.9998539686203003,1304,1747,0.17287614941596985,0.06064681336283684,0.9991257786750793,660,1738,-0.03480018302798271,0.6937535405158997,0.999980092048645,1327,1795,0.16660399734973907,0.08707237243652344,0.9981879591941833,558,1758,-0.0767253190279007,0.7305736541748047,0.9999542236328125,1305,1782,0.15899956226348877,0.07927977293729782,0.9981299042701721,558,1696,-0.07579899579286575,0.7267364263534546,0.999967098236084,1324,1759,0.17618557810783386,0.06488969177007675,0.9988180994987488,613,1659,-0.045392315834760666,0.6742939352989197,0.999982476234436,1709,1345,-0.1285988837480545,0.999767005443573,0.9999710321426392,1723,1581,0.12821123003959656,0.9998728036880493,0.9999939203262329,1816,2088,-0.34529221057891846,0.8738437294960022,0.9993707537651062,1735,2285,-0.1427626758813858,0.1953701674938202,0.999792754650116,2671,1992,-0.38991138339042664,0.8258448243141174,0.9946430921554565,2430,2266,-0.13383090496063232,0.1843952089548111,0.9991670846939087,2827,1906,-0.39602744579315186,0.7268808484077454,0.9834389090538025,2561,2171,-0.13390150666236877,0.2879299223423004,0.9991347193717957,2890,2366,-0.49365687370300293,0.7851160168647766,0.9579911231994629,2654,2570,-0.2089352160692215,0.19701464474201202,0.9907090663909912
True,/data/uabcvmsc/shared/newborn/30/27.08.24 (2)/HM20240827054332.jpeg,36.6,26.7,646,976,0.19623605906963348,0.9999645948410034,0.999988317489624,668,898,0.20432217419147491,0.9999375343322754,0.9999650716781616,694,892,0.20398260653018951,0.9999210834503174,0.9999608993530273,718,872,0.20395195484161377,0.9999265670776367,0.9999434947967529,628,931,0.2376263439655304,0.9999690055847168,0.9999686479568481,619,934,0.23722997307777405,0.9999730587005615,0.9999754428863525,609,939,0.23701877892017365,0.9999819993972778,0.9999746084213257,798,893,0.24005945026874542,0.9999308586120605,0.9999604225158691,647,960,0.38421010971069336,0.9999680519104004,0.999981164932251,705,1029,0.2094959318637848,0.9999024868011475,0.9999847412109375,659,1056,0.2478248029947281,0.9999293088912964,0.9999860525131226,1021,1052,0.08210181444883347,0.9999167919158936,0.999963641166687,937,1406,0.48304978013038635,0.9998936653137207,0.9999762773513794,1193,1472,-0.04010781645774841,0.7398433685302734,0.9998637437820435,941,1806,0.3730693459510803,0.5915721654891968,0.9999529123306274,1285,1768,-0.07520600408315659,0.5210567116737366,0.999847412109375,700,1786,0.1184740737080574,0.8955116868019104,0.9999868869781494,1333,1829,-0.11441630870103836,0.5583763718605042,0.999489426612854,581,1840,0.075991690158844,0.9086204171180725,0.9999563694000244,1326,1835,-0.11154241859912872,0.5295643210411072,0.9995520710945129,577,1747,0.06989356875419617,0.9063654541969299,0.9999711513519287,1309,1811,-0.07222846895456314,0.4664421081542969,0.9997583031654358,636,1713,0.10403044521808624,0.8907939195632935,0.9999868869781494,1767,1409,-0.13160580396652222,0.9998832941055298,0.9999768733978271,1708,1641,0.13103491067886353,0.9999217987060547,0.9999901056289673,1772,2180,-0.43069231510162354,0.9180124998092651,0.9995623230934143,1794,2362,-0.12471140176057816,0.3162796199321747,0.9994914531707764,2786,2172,-0.5540974736213684,0.7766758799552917,0.985826313495636,2583,2291,-0.1998508721590042,0.11040808260440826,0.9954328536987305,2893,2072,-0.5698822736740112,0.8306999802589417,0.9437450170516968,2712,2211,-0.21101334691047668,0.26415079832077026,0.9942973256111145,2929,2480,-0.7050420045852661,0.8545865416526794,0.8559930920600891,2800,2436,-0.32753872871398926,0.21952776610851288,0.9589306116104126,979,1229,624,1772,None,None,None,None,2869,2241,32.64,34.62,nan,nan,nan
True,/data/uabcvmsc/shared/newborn/30/27.08.24 (2)/HM20240827054434.jpeg,36.6,26.6,640,948,0.21175247430801392,0.9998083710670471,0.9999371767044067,674,875,0.2172745317220688,0.9996547698974609,0.999809205532074,703,868,0.21690823137760162,0.9995427131652832,0.9997941851615906,726,861,0.21687838435173035,0.9996225833892822,0.9997180104255676,631,897,0.25092190504074097,0.9998307228088379,0.9998327493667603,621,900,0.2505219578742981,0.9998500347137451,0.9998759031295776,611,903,0.25030723214149475,0.9999067783355713,0.999879002571106,809,881,0.24081385135650635,0.9996635913848877,0.9998255372047424,646,938,0.3864210247993469,0.9998546838760376,0.9999219179153442,702,1007,0.2204335629940033,0.9996435642242432,0.9999496936798096,652,1022,0.2591390311717987,0.999735414981842,0.9999552965164185,1007,1055,0.07819593697786331,0.9998483657836914,0.9999247789382935,952,1416,0.4826500415802002,0.9997984766960144,0.9999592304229736,1201,1437,-0.028950681909918785,0.6695875525474548,0.9998148083686829,926,1800,0.3831602931022644,0.4084867537021637,0.9999479055404663,1277,1772,-0.0488814041018486,0.38702496886253357,0.9997808337211609,685,1775,0.1544068157672882,0.8015888333320618,0.9999780654907227,1330,1842,-0.08650758862495422,0.4220937192440033,0.9992576241493225,588,1817,0.11546067893505096,0.8345906138420105,0.9999232292175293,1303,1849,-0.08097948133945465,0.39224356412887573,0.9993703961372375,591,1719,0.1086219772696495,0.8319572806358337,0.99994957447052,1281,1818,-0.04449041932821274,0.33421090245246887,0.9996534585952759,636,1699,0.1403893530368805,0.8096050024032593,0.9999768733978271,1761,1366,-0.13778409361839294,0.9997702240943909,0.9999598264694214,1712,1585,0.13721796870231628,0.999861478805542,0.9999858140945435,1786,2181,-0.34886422753334045,0.7488971948623657,0.9987264275550842,1805,2341,-0.10149051994085312,0.12213873863220215,0.998875081539154,2803,2194,-0.4439501166343689,0.45287787914276123,0.9555338621139526,2656,2294,-0.19565220177173615,0.04162582382559776,0.98818039894104,2896,2086,-0.4558783769607544,0.5924309492111206,0.8601248264312744,2793,2209,-0.20848998427391052,0.1362953782081604,0.9864133596420288,2955,2516,-0.5667224526405334,0.5581631064414978,0.7191540598869324,2877,2469,-0.31484299898147583,0.08645923435688019,0.9070349931716919,980,1236,625,1752,None,None,None,None,None,None,32.60,35.58,nan,nan,nan
False,/data/uabcvmsc/shared/newborn/30/27.08.24 (2)/HM20240827054535.jpeg,36.5,27.3,619,937,0.27104651927948,0.9982359409332275,0.9992786049842834,659,875,0.25437837839126587,0.9979522228240967,0.9987564086914062,674,874,0.25393936038017273,0.9976136684417725,0.9988738894462585,686,876,0.2538481056690216,0.9977838397026062,0.9987146854400635,644,876,0.2961641550064087,0.9991889595985413,0.9989352822303772,655,876,0.29556870460510254,0.9993606209754944,0.9993265867233276,662,874,0.2952443063259125,0.9995885491371155,0.9994332194328308,764,898,0.21175067126750946,0.9991115927696228,0.9994499087333679,747,901,0.3949691355228424,0.9996929168701172,0.9996902942657471,667,1017,0.2564051151275635,0.9987415671348572,0.9997485280036926,658,1010,0.3065005838871002,0.9993013143539429,0.9997674822807312,850,1154,0.023439712822437286,0.9998642206192017,0.9999387264251709,1031,1255,0.46675676107406616,0.999503493309021,0.999903678894043,910,1803,0.08358591049909592,0.9534481167793274,0.9998596906661987,1049,1769,0.27300506830215454,0.21257373690605164,0.999534010887146,751,1653,0.338823139667511,0.8380118012428284,0.9998407363891602,781,1625,-0.007631801534444094,0.24962900578975677,0.9996969699859619,676,1653,0.33978989720344543,0.8410115838050842,0.9996273517608643,692,1607,-0.04638559743762016,0.3082787096500397,0.9995183944702148,690,1572,0.32148945331573486,0.8224472403526306,0.9995272159576416,690,1549,-0.047065723687410355,0.3118319809436798,0.9995939135551453,721,1566,0.3391897976398468,0.8201605081558228,0.9997072815895081,724,1557,-0.021286627277731895,0.3041956424713135,0.999750554561615,1842,1406,-0.16291940212249756,0.9998025298118591,0.9998619556427002,1955,1521,0.16240744292736053,0.9998884201049805,0.9999099969863892,1478,2124,-0.23188906908035278,0.9932195544242859,0.9988508224487305,1758,2321,0.10049556940793991,0.4397493600845337,0.9974405765533447,2337,2214,-0.41510093212127686,0.9686068296432495,0.9361668229103088,2579,2289,-0.2108326405286789,0.3691250681877136,0.9040071964263916,2516,2148,-0.4324052333831787,0.963499903678894,0.7968410849571228,2585,2153,-0.24569988250732422,0.6100889444351196,0.8929298520088196,2490,2633,-0.5025743246078491,0.949300229549408,0.7411424517631531,2665,2486,-0.34736788272857666,0.45212656259536743,0.7419342398643494
False,/data/uabcvmsc/shared/newborn/30/27.08.24 (2)/HM20240827054636.jpeg,36.4,27.6,634,933,0.3197406828403473,0.9920585751533508,0.9979531764984131,664,866,0.3060804009437561,0.988301694393158,0.9964091181755066,672,866,0.30565449595451355,0.9867750406265259,0.9966734647750854,678,866,0.3055794835090637,0.9877699613571167,0.9960261583328247,663,863,0.3497653305530548,0.9953626394271851,0.9970867037773132,670,860,0.34919607639312744,0.9965575933456421,0.9981619715690613,675,857,0.3488718271255493,0.9978814721107483,0.9984167814254761,743,872,0.25971710681915283,0.9938702583312988,0.9980314373970032,746,863,0.4531218409538269,0.9982415437698364,0.9989950060844421,675,997,0.3038691580295563,0.9925994873046875,0.9991057515144348,669,995,0.35673588514328003,0.9956786036491394,0.9991486072540283,798,1118,0.060099679976701736,0.9995237588882446,0.9996756315231323,1024,1233,0.5272952914237976,0.9981656670570374,0.9995391368865967,771,1659,0.0998929888010025,0.866904616355896,0.99935382604599,1021,1756,0.34526297450065613,0.10833075642585754,0.9987393021583557,752,1647,0.3298047184944153,0.625396728515625,0.9989737272262573,792,1628,0.06678919494152069,0.1748470813035965,0.9993624091148376,695,1678,0.3289104402065277,0.6551203727722168,0.9980006814002991,705,1639,0.03234528750181198,0.23341774940490723,0.9990942478179932,703,1587,0.32015460729599,0.6265938878059387,0.9976323843002319,702,1549,0.03272651880979538,0.23755739629268646,0.9992330074310303,730,1582,0.33435675501823425,0.6003648638725281,0.9983863830566406,734,1550,0.05436806380748749,0.22908948361873627,0.9995049238204956,1781,1388,-0.1730787307024002,0.9990954399108887,0.9993011951446533,1856,1513,0.17247074842453003,0.9993996620178223,0.9996077418327332,1548,2167,-0.34989914298057556,0.9817826151847839,0.9963078498840332,1789,2369,0.062556691467762,0.19227927923202515,0.9920454025268555,2431,2248,-0.5010383129119873,0.923481822013855,0.8577843904495239,2598,2419,-0.11861305683851242,0.18834713101387024,0.8075917363166809,2614,2137,-0.5161266922950745,0.9151890277862549,0.6458865404129028,2628,2273,-0.14082765579223633,0.38745978474617004,0.8215610980987549,2572,2687,-0.6095409989356995,0.8771956562995911,0.5871598124504089,2688,2669,-0.24325887858867645,0.22833746671676636,0.6357001066207886
False,/data/uabcvmsc/shared/newborn/30/27.08.24 (2)/HM20240827054739.jpeg,36.6,27.0,644,937,0.3124271333217621,0.9933323264122009,0.9983804225921631,664,883,0.3017633557319641,0.9898847341537476,0.9962001442909241,668,882,0.30134841799736023,0.9877871870994568,0.9963147044181824,669,882,0.30132487416267395,0.9894814491271973,0.9954376816749573,663,876,0.3331587612628937,0.995757520198822,0.9971989393234253,665,872,0.3326341509819031,0.9968364238739014,0.9982581734657288,665,869,0.33236125111579895,0.9980306029319763,0.9985236525535583,727,881,0.26681286096572876,0.9939641356468201,0.9980788230895996,726,873,0.40352171659469604,0.9979742169380188,0.9991886019706726,679,990,0.3020462989807129,0.9947724938392639,0.9994590878486633,679,993,0.3386457860469818,0.996679425239563,0.9994522929191589,847,1083,0.09003736823797226,0.9996702671051025,0.999799907207489,938,1266,0.48152992129325867,0.9992803931236267,0.999776303768158,1035,1539,0.14431671798229218,0.3163556158542633,0.9988524913787842,974,1773,0.33196666836738586,0.10080777853727341,0.9992477893829346,1148,1666,0.3360811471939087,0.15245002508163452,0.998190701007843,702,1790,0.05359834432601929,0.5284074544906616,0.9997753500938416,1184,1689,0.34010186791419983,0.20346669852733612,0.9961881041526794,582,1834,0.01751360483467579,0.6574999690055847,0.9995195865631104,1192,1655,0.3270183503627777,0.19148041307926178,0.9957275390625,565,1757,0.011612486094236374,0.6660041809082031,0.9996596574783325,1187,1648,0.33856937289237976,0.18071584403514862,0.9972075819969177,632,1706,0.03894603252410889,0.6206111907958984,0.9998133778572083,1613,1278,-0.15082921087741852,0.9987539052963257,0.9995517134666443,1720,1484,0.15013007819652557,0.9993782043457031,0.999803364276886,1430,2053,-0.31417644023895264,0.7859745621681213,0.9888060092926025,1761,2269,0.028109539300203323,0.06478520482778549,0.9815728664398193,2268,2363,-0.5009260773658752,0.5515038967132568,0.7316862940788269,2568,2228,-0.19845017790794373,0.049453046172857285,0.7945411205291748,2541,2403,-0.5178762674331665,0.6732361912727356,0.4772243797779083,2606,2107,-0.2228725403547287,0.16712023317813873,0.8009716272354126,2419,2778,-0.5827295780181885,0.45555204153060913,0.3687332570552826,2736,2409,-0.30565011501312256,0.05583307147026062,0.564073383808136
False,/data/uabcvmsc/shared/newborn/30/27.08.24 (2)/HM20240827054841.jpeg,36.7,27.6,648,996,0.19623544812202454,0.9986280202865601,0.9984492063522339,662,939,0.18828141689300537,0.9977865219116211,0.9961062073707581,670,938,0.18796567618846893,0.9971651434898376,0.9960230588912964,677,938,0.18790225684642792,0.997517466545105,0.9948927164077759,648,929,0.2171081304550171,0.9989938139915466,0.9971530437469482,651,926,0.21663297712802887,0.9991808533668518,0.9981527924537659,651,924,0.21633076667785645,0.9995439648628235,0.998454213142395,767,913,0.1707150638103485,0.9982871413230896,0.9971150159835815,711,932,0.29604572057724,0.9994127750396729,0.9990785121917725,697,1044,0.19208486378192902,0.9984149932861328,0.9994003772735596,690,1074,0.22520852088928223,0.9989990592002869,0.9994779229164124,951,1103,0.02665311098098755,0.9995644688606262,0.9995753169059753,953,1277,0.3850153386592865,0.999554455280304,0.9998101592063904,1131,1542,-0.04397285729646683,0.2219780683517456,0.9985639452934265,974,1757,0.27568042278289795,0.25282159447669983,0.9996899366378784,1160,1672,-0.003419795772060752,0.08866860717535019,0.9981951117515564,648,1781,0.034884262830019,0.6718347072601318,0.9998940229415894,1187,1710,-0.02171119675040245,0.12408343702554703,0.995323121547699,535,1861,-0.0028193420730531216,0.7211481332778931,0.9996896982192993,1181,1670,-0.02788742631673813,0.11611173301935196,0.9950302839279175,519,1795,-0.008446255698800087,0.7154010534286499,0.9997666478157043,1180,1662,-0.0029003999661654234,0.11299987137317657,0.997115969657898,574,1744,0.02058957889676094,0.6890177130699158,0.9998868703842163,1653,1431,-0.12814223766326904,0.9998675584793091,0.9999550580978394,1664,1570,0.12750808894634247,0.9999356269836426,0.9999854564666748,1482,2095,-0.3021453022956848,0.7698230147361755,0.9988841414451599,1780,2291,0.0056742411106824875,0.1989169716835022,0.9988116025924683,2448,2354,-0.4074026644229889,0.6456618309020996,0.9788770079612732,2550,2223,-0.13403724133968353,0.11396003514528275,0.9901381731033325,2632,2301,-0.4182394742965698,0.701415479183197,0.9301382303237915,2635,2109,-0.14953865110874176,0.2503722608089447,0.9897270798683167,2606,2710,-0.48326098918914795,0.650052011013031,0.8023546934127808,2756,2405,-0.2196970283985138,0.14173321425914764,0.9220768809318542
False,/data/uabcvmsc/shared/newborn/30/27.08.24 (2)/HM20240827054942.jpeg,36.7,27.7,660,918,0.3621762692928314,0.9987015724182129,0.9996970891952515,680,854,0.3610265254974365,0.997742772102356,0.99946528673172,690,852,0.3606003522872925,0.9977514147758484,0.9994977712631226,709,848,0.36040982604026794,0.9977729916572571,0.999424934387207,664,861,0.3925195038318634,0.9992578625679016,0.9994795918464661,665,861,0.39206334948539734,0.9994933605194092,0.9996167421340942,665,862,0.39178115129470825,0.9996002316474915,0.9996402263641357,783,855,0.34831753373146057,0.9991482496261597,0.9997244477272034,730,875,0.48428598046302795,0.9996670484542847,0.9997784495353699,698,977,0.3556191921234131,0.9983281493186951,0.999769389629364,677,976,0.39229100942611694,0.9991612434387207,0.999798595905304,828,1119,0.13419273495674133,0.999858021736145,0.999920129776001,979,1367,0.5344876050949097,0.9994445443153381,0.9998098015785217,596,1498,0.21050462126731873,0.9608809351921082,0.999914288520813,938,1811,0.31417137384414673,0.44572070240974426,0.9995624423027039,656,1378,0.49037501215934753,0.8649410009384155,0.9996552467346191,658,1768,0.04037576913833618,0.5821231007575989,0.9996002316474915,648,1318,0.5017943382263184,0.8726917505264282,0.9989663362503052,561,1769,0.00511758541688323,0.6950390338897705,0.9992427825927734,685,1281,0.48594561219215393,0.8557683825492859,0.9985713958740234,575,1706,0.0034985917154699564,0.692657470703125,0.9993566870689392,692,1307,0.4909532070159912,0.8730214238166809,0.9991681575775146,609,1694,0.026293838396668434,0.6975859999656677,0.9996280670166016,1761,1337,-0.1680734008550644,0.9998239874839783,0.9998797178268433,1869,1486,0.1672857105731964,0.9998716115951538,0.999897837638855,1377,2009,-0.33398863673210144,0.9988096952438354,0.9996699094772339,1784,2299,0.09466767311096191,0.5723085999488831,0.9984003901481628,2303,2262,-0.5827967524528503,0.9897408485412598,0.9551780819892883,2479,2281,-0.1962398886680603,0.5067511200904846,0.9366903305053711,2524,2169,-0.6089096069335938,0.9929978847503662,0.8322227597236633,2564,2131,-0.23087362945079803,0.8665805459022522,0.9348521828651428,2443,2669,-0.70713871717453,0.9900912046432495,0.6865985989570618,2552,2542,-0.3343529999256134,0.7271636724472046,0.7634171843528748
False,/data/uabcvmsc/shared/newborn/30/27.08.24 (2)/HM20240827055044.jpeg,36.8,26.9,685,952,0.21485666930675507,0.998508632183075,0.9997479319572449,690,884,0.21590453386306763,0.997639536857605,0.9993595480918884,709,879,0.21554476022720337,0.9967495203018188,0.9993346333503723,717,874,0.21548840403556824,0.9973432421684265,0.9991059899330139,677,896,0.23725032806396484,0.9990002512931824,0.9994951486587524,670,911,0.23678258061408997,0.9991720914840698,0.9996548891067505,666,912,0.23654666543006897,0.9994838237762451,0.9996713399887085,772,873,0.22501331567764282,0.9981582760810852,0.9994627833366394,709,920,0.3161252439022064,0.9992902278900146,0.9997739195823669,725,1000,0.21926942467689514,0.99797123670578,0.9998076558113098,702,1016,0.24276721477508545,0.998763918876648,0.9998363256454468,867,1062,0.057965416461229324,0.9997859597206116,0.9998642206192017,901,1335,0.382016658782959,0.9997877478599548,0.999929666519165,1031,1481,-0.01695350930094719,0.22885479032993317,0.9995366334915161,844,1768,0.16097544133663177,0.4968207776546478,0.9998425245285034,1193,1681,0.031054403632879257,0.09198242425918579,0.9985944628715515,609,1643,-0.14796370267868042,0.8171257376670837,0.9999576807022095,1250,1712,0.012480057775974274,0.11237532645463943,0.9960463643074036,520,1663,-0.19895009696483612,0.8159534931182861,0.9998575448989868,1245,1687,0.007577904034405947,0.10924024134874344,0.995978832244873,525,1589,-0.18877173960208893,0.8115888833999634,0.9999080896377563,1230,1676,0.03244398161768913,0.09861598908901215,0.9974984526634216,567,1573,-0.15619023144245148,0.7494455575942993,0.9999533891677856,1636,1368,-0.1341220736503601,0.9995301961898804,0.9997120499610901,1640,1553,0.13353270292282104,0.9997991919517517,0.9998984336853027,1332,2004,-0.27294600009918213,0.4223195016384125,0.9976917505264282,1691,2184,-0.03733324259519577,0.04355446249246597,0.9980510473251343,2171,2347,-0.404653400182724,0.3362492024898529,0.9213582277297974,2432,2360,-0.2798745930194855,0.051454782485961914,0.9244920611381531,2311,2292,-0.42031046748161316,0.4350121021270752,0.7682356238365173,2563,2318,-0.30953463912010193,0.11872687190771103,0.9027368426322937,2359,2728,-0.5017838478088379,0.289327472448349,0.6548685431480408,2567,2608,-0.42795494198799133,0.05416952818632126,0.6858938932418823
False,/data/uabcvmsc/shared/newborn/30/27.08.24 (2)/HM20240827055146.jpeg,36.6,26.3,675,977,0.33324137330055237,0.9927597045898438,0.9984112977981567,674,925,0.32255542278289795,0.9895814657211304,0.997127115726471,676,924,0.3221293091773987,0.9882354736328125,0.9975839853286743,690,923,0.3220319151878357,0.9911776185035706,0.9972911477088928,672,921,0.3555361330509186,0.9948990941047668,0.9966964721679688,688,918,0.35504281520843506,0.9955167174339294,0.9975848197937012,688,916,0.35479336977005005,0.9971119165420532,0.9976162910461426,722,920,0.28672072291374207,0.9950306415557861,0.9990329742431641,723,913,0.43153128027915955,0.9962421655654907,0.9983916878700256,713,1005,0.32148367166519165,0.993044912815094,0.9994180202484131,713,1010,0.36066728830337524,0.9946885108947754,0.9991275668144226,802,1047,0.07893498241901398,0.9998289346694946,0.9999103546142578,985,1230,0.5086107850074768,0.9986253976821899,0.9994450211524963,792,1492,0.08129001408815384,0.7223827242851257,0.999812662601471,866,1743,0.39113685488700867,0.07529880851507187,0.999057948589325,723,1606,0.2654464542865753,0.39600256085395813,0.9994978904724121,586,1687,0.19091129302978516,0.18647314608097076,0.9992490410804749,754,1600,0.2644857168197632,0.41924816370010376,0.9983413219451904,493,1715,0.16998986899852753,0.271597683429718,0.9982166886329651,713,1537,0.2658778429031372,0.39835646748542786,0.9979503750801086,503,1631,0.16521473228931427,0.2777777910232544,0.9986017346382141,704,1546,0.272971510887146,0.38262516260147095,0.9988144636154175,550,1610,0.1780148595571518,0.2707320749759674,0.9992595314979553,1663,1347,-0.15518325567245483,0.9996541738510132,0.9998612403869629,1760,1482,0.15443074703216553,0.9997544884681702,0.9998626708984375,1364,2052,-0.2735593616962433,0.837681233882904,0.9975950121879578,1679,2181,0.03682519122958183,0.10235153138637543,0.9926935434341431,2154,2341,-0.46541088819503784,0.6417760848999023,0.8752112984657288,2410,2314,-0.2683522701263428,0.11069981753826141,0.8023457527160645,2329,2300,-0.4828072786331177,0.7433221340179443,0.6781747937202454,2410,2243,-0.3012109398841858,0.3168584704399109,0.7907528281211853,2323,2735,-0.5416218638420105,0.5341266393661499,0.5003558993339539,2544,2515,-0.39312979578971863,0.12194277346134186,0.4708764851093292
False,/data/uabcvmsc/shared/newborn/30/27.08.24 (2)/HM20240827055247.jpeg,37.0,27.5,665,949,0.1514676809310913,0.999500036239624,0.9997819066047668,682,888,0.1484443098306656,0.9991967082023621,0.9994713664054871,695,883,0.14814619719982147,0.9988279938697815,0.9993951320648193,723,873,0.14808617532253265,0.9989878535270691,0.9990524649620056,657,899,0.18428440392017365,0.9996647834777832,0.9996397495269775,653,901,0.1838115155696869,0.9997015595436096,0.9997569918632507,647,903,0.18351709842681885,0.9998512268066406,0.9997749924659729,796,889,0.1515398472547531,0.9990822076797485,0.9991036057472229,678,923,0.306501567363739,0.9997325539588928,0.999840259552002,717,1016,0.15471065044403076,0.998725950717926,0.9997319579124451,682,1024,0.19661197066307068,0.9993041753768921,0.9998239874839783,966,1080,0.012696339748799801,0.9991543292999268,0.9995573163032532,938,1290,0.4218391478061676,0.9996267557144165,0.9998984336853027,986,1569,-0.011496462859213352,0.5667382478713989,0.99909508228302,897,1764,0.2810134291648865,0.17635266482830048,0.9997029900550842,725,1713,0.11161273717880249,0.3229929506778717,0.9994944334030151,664,1754,-0.029421692714095116,0.5372309684753418,0.9999222755432129,659,1796,0.09776042401790619,0.343994140625,0.9987056255340576,548,1807,-0.06756098568439484,0.6050869822502136,0.9998024106025696,654,1702,0.10777240991592407,0.31003427505493164,0.99868243932724,541,1720,-0.07157232612371445,0.5943089723587036,0.9998561143875122,693,1675,0.121552474796772,0.25088953971862793,0.9992350339889526,590,1684,-0.04332322999835014,0.5739898681640625,0.9999287128448486,1676,1421,-0.13945969939231873,0.9999310970306396,0.9999822378158569,1643,1539,0.13902927935123444,0.9999632835388184,0.9999945163726807,1642,2165,-0.3366723358631134,0.9085451364517212,0.9994845390319824,1700,2206,-0.022509369999170303,0.2499442845582962,0.9995502829551697,2484,2031,-0.3562026619911194,0.8076326847076416,0.9911325573921204,2333,2183,-0.002570737386122346,0.13334229588508606,0.9970622658729553,2559,1937,-0.35819166898727417,0.7275739908218384,0.9724754095077515,2477,2042,-0.0008361658547073603,0.24167083203792572,0.9970011115074158,2661,2334,-0.4320523738861084,0.7468932867050171,0.8985766172409058,2595,2321,-0.06378597766160965,0.13445156812667847,0.9722017645835876
False,/data/uabcvmsc/shared/newborn/30/27.08.24 (2)/HM20240827055348.jpeg,36.8,27.6,680,908,0.24386350810527802,0.9992929697036743,0.999634861946106,702,864,0.2425440400838852,0.9981688261032104,0.9989596605300903,708,863,0.24226875603199005,0.9977821707725525,0.9988691210746765,735,865,0.24217350780963898,0.997672975063324,0.9982808828353882,689,871,0.2681851387023926,0.9993336796760559,0.9993149042129517,676,898,0.26780906319618225,0.9994970560073853,0.9995405673980713,673,902,0.26755616068840027,0.9997093081474304,0.9995728135108948,791,880,0.24392016232013702,0.9986833930015564,0.9988871216773987,711,924,0.3556244373321533,0.9996964931488037,0.9997326731681824,742,951,0.24721381068229675,0.9983275532722473,0.999596893787384,704,973,0.2764817178249359,0.9990748167037964,0.9997075200080872,878,1050,0.06402186304330826,0.9995030164718628,0.9995255470275879,921,1321,0.4524262547492981,0.9996356964111328,0.9998613595962524,999,1518,-0.08098137378692627,0.5445892214775085,0.9977023005485535,995,1799,0.291179895401001,0.28927329182624817,0.9996554851531982,812,1730,-0.06608583778142929,0.21024739742279053,0.9960132837295532,731,1804,0.021710213273763657,0.6951127052307129,0.9998717308044434,782,1799,-0.09605707228183746,0.25853681564331055,0.9910173416137695,616,1857,-0.012828131206333637,0.7721947431564331,0.9996834993362427,684,1697,-0.07239982485771179,0.22664952278137207,0.9912713766098022,611,1760,-0.010925566777586937,0.7573162317276001,0.9997833371162415,749,1696,-0.05456485226750374,0.1846873015165329,0.9941417574882507,656,1723,0.011289307847619057,0.7301648259162903,0.99988853931427,1687,1425,-0.14228960871696472,0.9998689889907837,0.9999507665634155,1664,1556,0.14177103340625763,0.9999352693557739,0.999984622001648,1674,2168,-0.3874378800392151,0.9597233533859253,0.999452531337738,1710,2232,0.0001506498665548861,0.37766557931900024,0.9994797110557556,2505,1934,-0.40259668231010437,0.8089509010314941,0.9824799299240112,2450,2224,0.0019313760567456484,0.21491242945194244,0.9931949377059937,2625,1835,-0.4034067392349243,0.7988026738166809,0.9414839744567871,2562,2142,0.0001906876132125035,0.4095972776412964,0.9925563931465149,2774,2297,-0.45959529280662537,0.8119231462478638,0.8089041709899902,2657,2431,-0.06000405177474022,0.26268720626831055,0.9224302172660828
True,/data/uabcvmsc/shared/newborn/30/27.08.24 (2)/HM20240827055449.jpeg,36.6,27.9,688,930,0.4495554566383362,0.9999449253082275,0.9999982118606567,706,876,0.46659645438194275,0.9998055100440979,0.9999953508377075,711,871,0.46631762385368347,0.9997904896736145,0.9999953508377075,714,867,0.46629390120506287,0.9997596144676208,0.9999938011169434,695,902,0.48822569847106934,0.9999350309371948,0.9999958276748657,697,905,0.48799681663513184,0.9999518394470215,0.999996542930603,697,907,0.4879932999610901,0.9999594688415527,0.9999960660934448,765,876,0.5013902187347412,0.9998583793640137,0.9999966621398926,738,938,0.5977909564971924,0.9999604225158691,0.9999957084655762,728,982,0.4589938223361969,0.9998052716255188,0.9999958276748657,714,1005,0.4839324653148651,0.9998650550842285,0.9999945163726807,796,1050,0.25781381130218506,0.9999779462814331,0.999985933303833,965,1365,0.6103625893592834,0.9998579025268555,0.9999648332595825,568,1323,-0.03107302077114582,0.9944116473197937,0.9999520778656006,850,1779,0.49767670035362244,0.6866455674171448,0.9999744892120361,561,1550,-0.2122468650341034,0.9619370102882385,0.9998540878295898,590,1937,0.39698871970176697,0.9005982279777527,0.9999632835388184,549,1658,-0.27550625801086426,0.9548977017402649,0.9994218349456787,523,1996,0.3767547905445099,0.9249092936515808,0.9998692274093628,560,1675,-0.24499563872814178,0.9420868754386902,0.9995629191398621,502,1980,0.36296916007995605,0.9204549193382263,0.9999110698699951,588,1653,-0.20426756143569946,0.9300811290740967,0.9997468590736389,530,1961,0.3825328052043915,0.9125466346740723,0.99996018409729,1529,1317,-0.11747223138809204,0.9998831748962402,0.999982476234436,1618,1584,0.11650055646896362,0.9999034404754639,0.9999842643737793,1484,2104,-0.3507455587387085,0.9933862090110779,0.9998134970664978,1614,2291,-0.029663139954209328,0.554015576839447,0.9993351101875305,2357,2241,-0.39124295115470886,0.6991366147994995,0.9831536412239075,2276,2346,-0.136326402425766,0.11060450971126556,0.9759380221366882,2442,2180,-0.3948047161102295,0.9572077393531799,0.9402819871902466,2417,2294,-0.15260562300682068,0.631860077381134,0.974908709526062,2393,2430,-0.4625902771949768,0.8642993569374084,0.9027634263038635,2331,2443,-0.2523200213909149,0.43486300110816956,0.8927692174911499,880,1208,536,1968,564,1634,None,None,2418,2305,35.71,nan,nan,nan,nan
True,/data/uabcvmsc/shared/newborn/30/27.08.24 (2)/HM20240827055550.jpeg,36.4,27.1,614,964,0.24833902716636658,0.9999638795852661,0.9999865293502808,625,912,0.2583923637866974,0.9999022483825684,0.999962568283081,630,909,0.2581191956996918,0.9999004602432251,0.9999593496322632,658,872,0.25801900029182434,0.9998897314071655,0.9999454021453857,618,915,0.2794783413410187,0.9999679327011108,0.9999674558639526,619,916,0.2791605591773987,0.999977707862854,0.9999731779098511,610,938,0.27901285886764526,0.9999806880950928,0.9999712705612183,728,944,0.2970816493034363,0.9999271631240845,0.999968409538269,667,961,0.39009368419647217,0.9999767541885376,0.9999785423278809,673,1013,0.2631102204322815,0.9999001026153564,0.99997878074646,642,1034,0.28726136684417725,0.9999470710754395,0.9999793767929077,853,1063,0.14268867671489716,0.9999446868896484,0.9999606609344482,819,1373,0.4751577377319336,0.999893069267273,0.9999552965164185,870,1300,-0.0468466579914093,0.916354238986969,0.9996102452278137,837,1789,0.33068934082984924,0.6829602122306824,0.999819815158844,615,1218,-0.15600217878818512,0.8879210948944092,0.9998565912246704,611,1804,0.12336758524179459,0.909013569355011,0.9999430179595947,635,1196,-0.20300772786140442,0.8929704427719116,0.9996815919876099,523,1830,0.09437062591314316,0.9325445890426636,0.9998685121536255,639,1169,-0.19439391791820526,0.8732157945632935,0.9996815919876099,501,1761,0.08619152009487152,0.9250431656837463,0.9999085664749146,657,1195,-0.1561231017112732,0.854117214679718,0.9998239874839783,538,1750,0.11003435403108597,0.9189130067825317,0.9999523162841797,1516,1390,-0.1414419263601303,0.9999243021011353,0.9999717473983765,1503,1594,0.14053456485271454,0.9999470710754395,0.9999833106994629,1397,2025,-0.394325315952301,0.9970423579216003,0.9999469518661499,1519,2182,0.07537992298603058,0.6659753322601318,0.9998230338096619,2069,2289,-0.5628563761711121,0.9530388712882996,0.9951470494270325,1995,2348,-0.11230597645044327,0.3623322546482086,0.995011568069458,2184,2243,-0.5832397937774658,0.9817284941673279,0.9761017560958862,2144,2306,-0.1373148411512375,0.8211314082145691,0.9937428832054138,2025,2541,-0.6855727434158325,0.9809823632240295,0.9535353183746338,1935,2556,-0.22812195122241974,0.7434630990028381,0.9724306464195251,836,1218,543,1786,636,1194,2040,2431,2093,2358,35.93,nan,35.45,nan,nan
False,/data/uabcvmsc/shared/newborn/30/27.08.24 (2)/HM20240827055652.jpeg,36.9,27.1,679,912,0.18651607632637024,0.999934196472168,0.9999759197235107,703,854,0.18829920887947083,0.9998292922973633,0.9999364614486694,714,851,0.18798816204071045,0.9997643828392029,0.9999321699142456,725,849,0.18791790306568146,0.9997925162315369,0.9998981952667236,680,864,0.21623225510120392,0.9999371767044067,0.999954104423523,666,887,0.21578675508499146,0.9999445676803589,0.9999685287475586,661,890,0.21559767425060272,0.9999680519104004,0.9999678134918213,789,871,0.2005697786808014,0.9998526573181152,0.9999295473098755,701,919,0.324537456035614,0.9999568462371826,0.999976396560669,714,974,0.19268347322940826,0.9997287392616272,0.9999425411224365,697,981,0.22558094561100006,0.9998475313186646,0.9999542236328125,949,1051,0.06020994856953621,0.9996888637542725,0.9998382329940796,941,1329,0.4079839289188385,0.9996588230133057,0.9999122619628906,817,1446,0.05064411088824272,0.5817607045173645,0.9994520545005798,829,1720,0.2494289129972458,0.3994605243206024,0.9996147155761719,812,1494,0.17826685309410095,0.30960550904273987,0.9988018274307251,573,1654,-0.004142141435295343,0.5205670595169067,0.9998451471328735,805,1495,0.16719217598438263,0.36548319458961487,0.9977118968963623,483,1660,-0.03944864869117737,0.5972546339035034,0.999747097492218,823,1460,0.163711279630661,0.34411221742630005,0.9975565671920776,482,1600,-0.03932958468794823,0.6007840037345886,0.9998181462287903,828,1465,0.18120123445987701,0.3112024664878845,0.9983598589897156,523,1589,-0.015419553965330124,0.5771859288215637,0.9998887777328491,1687,1447,-0.12909185886383057,0.9994838237762451,0.9997801184654236,1687,1633,0.12857720255851746,0.9997218251228333,0.999920129776001,1576,2107,-0.3595981001853943,0.9366506934165955,0.999480664730072,1687,2340,-0.0766972228884697,0.36858251690864563,0.9997146725654602,2393,2047,-0.37263023853302,0.6391232013702393,0.9710133075714111,2315,2681,-0.1547250896692276,0.3413417339324951,0.9719858169555664,2556,1991,-0.37670010328292847,0.5548328161239624,0.9033437371253967,2432,2556,-0.16661512851715088,0.4606539011001587,0.9634789228439331,2541,2302,-0.443275511264801,0.5730360150337219,0.8756579756736755,2299,2987,-0.24863381683826447,0.3598705530166626,0.8632670044898987
False,/data/uabcvmsc/shared/newborn/30/27.08.24 (2)/HM20240827055753.jpeg,36.7,27.7,677,864,0.18816594779491425,0.9997603297233582,0.9999122619628906,706,812,0.19280211627483368,0.9993914365768433,0.9997547268867493,719,809,0.19252315163612366,0.9990795850753784,0.9997321963310242,731,806,0.1924550086259842,0.9992820620536804,0.9995946288108826,656,843,0.21680617332458496,0.9998005032539368,0.9998235106468201,650,850,0.2163378745317459,0.9998103976249695,0.9998774528503418,643,856,0.21610160171985626,0.9999018907546997,0.9998757839202881,790,831,0.215949147939682,0.9993427395820618,0.999656081199646,667,911,0.3215303421020508,0.9998424053192139,0.9999022483825684,716,935,0.1986544132232666,0.9989705085754395,0.999667763710022,679,941,0.22618430852890015,0.9994484782218933,0.9997712969779968,899,1021,0.07318796217441559,0.9986867308616638,0.9987289309501648,914,1317,0.3986740708351135,0.9991346001625061,0.9996476173400879,712,1367,0.04159161075949669,0.35844752192497253,0.9985306262969971,816,1710,0.22351065278053284,0.4714433252811432,0.9993225336074829,575,1412,0.15592063963413239,0.15976616740226746,0.9947509169578552,539,1532,-0.03273830935359001,0.41233620047569275,0.9996644258499146,550,1410,0.13985368609428406,0.2074543684720993,0.9878413081169128,478,1505,-0.06909389793872833,0.4268597662448883,0.9993017911911011,569,1377,0.14186161756515503,0.20292261242866516,0.9871618151664734,489,1458,-0.06607747822999954,0.42194104194641113,0.9994532465934753,552,1381,0.1598980724811554,0.17688001692295074,0.9915253520011902,515,1460,-0.04213400185108185,0.3986353576183319,0.9996829032897949,1698,1430,-0.13202808797359467,0.9990806579589844,0.9994865655899048,1650,1581,0.1314675360918045,0.9995312690734863,0.9998527765274048,1607,2202,-0.31806281208992004,0.5887874364852905,0.998536229133606,1744,2321,-0.018125664442777634,0.09807023406028748,0.9992584586143494,2466,2098,-0.3521014451980591,0.33123835921287537,0.9349092841148376,2360,2647,-0.05668794736266136,0.10026898980140686,0.9532139897346497,2594,2036,-0.35978376865386963,0.27096372842788696,0.8077200651168823,2499,2623,-0.06535381823778152,0.16681501269340515,0.9438799023628235,2617,2353,-0.458764910697937,0.28660473227500916,0.7689495086669922,2398,2938,-0.16505233943462372,0.10103761404752731,0.8144237995147705
False,/data/uabcvmsc/shared/newborn/30/27.08.24 (2)/HM20240827055854.jpeg,37.0,27.2,674,949,0.24610073864459991,0.9996839761734009,0.9999548196792603,696,895,0.24837055802345276,0.9993218183517456,0.9998729228973389,712,881,0.24804367125034332,0.9990242719650269,0.9998663663864136,720,879,0.24799183011054993,0.9992163181304932,0.9998045563697815,683,898,0.2718791961669922,0.9996724128723145,0.999897837638855,671,897,0.2714076340198517,0.9997075200080872,0.9999276399612427,668,898,0.27121701836586,0.9998313188552856,0.9999251365661621,784,879,0.26074904203414917,0.9994146823883057,0.9998747110366821,698,929,0.3627849221229553,0.9997261166572571,0.9999439716339111,717,985,0.25321289896965027,0.9990854263305664,0.9999164342880249,699,1011,0.2797139883041382,0.9993768334388733,0.999924898147583,952,1074,0.11495499312877655,0.9997335076332092,0.9998742341995239,922,1313,0.4317930340766907,0.9997314810752869,0.9999282360076904,1083,1506,0.08251386880874634,0.20096224546432495,0.9995670914649963,836,1720,0.2368735671043396,0.5346135497093201,0.9998161196708679,1203,1718,0.16895414888858795,0.09781449288129807,0.9986560344696045,606,1642,-0.05910954251885414,0.7770988345146179,0.9999383687973022,1244,1794,0.15723837912082672,0.12938126921653748,0.9971702694892883,497,1659,-0.10577256977558136,0.8023784756660461,0.9998663663864136,1242,1757,0.15376563370227814,0.1214260384440422,0.997104823589325,515,1571,-0.09499351680278778,0.798462450504303,0.9999076128005981,1231,1738,0.1724720001220703,0.09980370104312897,0.9980140924453735,562,1550,-0.06675013154745102,0.7422502636909485,0.9999469518661499,1696,1435,-0.12268408387899399,0.9990407824516296,0.9996272325515747,1680,1632,0.12203110754489899,0.9994982481002808,0.9998635053634644,1627,2156,-0.36240947246551514,0.6910050511360168,0.9978444576263428,1765,2377,-0.06627325713634491,0.14211107790470123,0.9988064765930176,2483,2092,-0.4183447062969208,0.26475390791893005,0.895442008972168,2367,2674,-0.16031241416931152,0.09357178211212158,0.9260988235473633,2630,2053,-0.42725247144699097,0.2616647183895111,0.7027196884155273,2505,2662,-0.1743348389863968,0.16981007158756256,0.9072628617286682,2661,2383,-0.5151853561401367,0.24384762346744537,0.6731128096580505,2386,2944,-0.27256137132644653,0.10731666535139084,0.7549588680267334
False,/data/uabcvmsc/shared/newborn/30/27.08.24 (2)/HM20240827055955.jpeg,37.0,27.1,673,951,0.24360235035419464,0.9998335838317871,0.9999738931655884,690,894,0.2464996874332428,0.9996426105499268,0.9999217987060547,697,891,0.24619565904140472,0.9994581341743469,0.9999163150787354,711,870,0.24618417024612427,0.9996065497398376,0.9998795986175537,673,901,0.2711651921272278,0.9998145699501038,0.999930739402771,669,902,0.27077624201774597,0.9998040795326233,0.9999470710754395,656,923,0.2706662118434906,0.999889612197876,0.9999420642852783,765,880,0.25525936484336853,0.9995798468589783,0.9999083280563354,693,942,0.3642190992832184,0.999806821346283,0.9999475479125977,725,990,0.2486603707075119,0.999409556388855,0.9999330043792725,693,1013,0.2769799530506134,0.9995487332344055,0.999930739402771,909,1060,0.0796150267124176,0.9997262358665466,0.9998313188552856,913,1310,0.4366362690925598,0.9996263980865479,0.9998915195465088,1061,1488,-0.04667161405086517,0.33108431100845337,0.9995222091674805,834,1719,0.3159078359603882,0.5339707732200623,0.9998929500579834,1179,1746,-0.05833929032087326,0.15044400095939636,0.9989847540855408,587,1618,0.12690342962741852,0.7525919675827026,0.9999568462371826,1243,1829,-0.0895293578505516,0.18343505263328552,0.9972357153892517,489,1635,0.0960436537861824,0.7652407288551331,0.9998630285263062,1225,1816,-0.08571720123291016,0.17306189239025116,0.9975014328956604,510,1549,0.09781495481729507,0.7630019187927246,0.999906063079834,1203,1797,-0.05457785353064537,0.14100748300552368,0.9984689354896545,554,1535,0.11813986301422119,0.7209574580192566,0.9999535083770752,1708,1400,-0.1308048665523529,0.9988511800765991,0.9996458292007446,1680,1576,0.130110502243042,0.9994009733200073,0.9998751878738403,1746,2144,-0.32287532091140747,0.3903384804725647,0.9962887763977051,1749,2401,-0.0837339535355568,0.06917308270931244,0.998291552066803,2561,2079,-0.34732574224472046,0.11729387193918228,0.8624420166015625,2440,2581,-0.17437206208705902,0.03774448111653328,0.945175051689148,2714,2014,-0.3522977828979492,0.1339932382106781,0.6431096792221069,2587,2541,-0.18708117306232452,0.08479226380586624,0.9273121953010559,2721,2362,-0.4225919544696808,0.10800185054540634,0.6355744004249573,2505,2853,-0.2678469121456146,0.04862659424543381,0.7720366716384888
True,/data/uabcvmsc/shared/newborn/30/27.08.24 (2)/HM20240827060056.jpeg,36.7,27.1,711,931,0.2409171313047409,0.9985645413398743,0.9993973970413208,729,873,0.24797336757183075,0.9960451722145081,0.9982654452323914,760,859,0.24767330288887024,0.994428277015686,0.9980850219726562,774,856,0.2476230263710022,0.9954439401626587,0.9970653653144836,700,883,0.27457988262176514,0.9985809326171875,0.9989370703697205,692,885,0.27411749958992004,0.9988111257553101,0.9993370175361633,683,888,0.2738637626171112,0.9994307160377502,0.9993966817855835,841,874,0.2644837200641632,0.9962798953056335,0.997789740562439,705,929,0.38256338238716125,0.9992058873176575,0.9996155500411987,752,979,0.24794025719165802,0.9964689016342163,0.999144434928894,713,993,0.27879148721694946,0.9980199337005615,0.9994291663169861,959,1013,0.11435181647539139,0.9977618455886841,0.9976243376731873,933,1358,0.4473395049571991,0.999297022819519,0.9996697902679443,946,1416,0.06742160022258759,0.13156597316265106,0.995806097984314,828,1748,0.29410040378570557,0.3285503387451172,0.9994891881942749,838,1634,0.1420876681804657,0.043352674692869186,0.9907992482185364,591,1694,0.02691628970205784,0.5550127625465393,0.9998291730880737,835,1702,0.12228193134069443,0.06671182066202164,0.9817689657211304,490,1713,-0.013454053550958633,0.6143622398376465,0.9996165037155151,832,1669,0.12800392508506775,0.06313695758581161,0.9827724099159241,492,1640,-0.01156897284090519,0.6113353371620178,0.9997329115867615,838,1648,0.14795532822608948,0.05147490277886391,0.9884322285652161,535,1618,0.016827166080474854,0.5765819549560547,0.9998536109924316,1726,1439,-0.12306123226881027,0.9990938901901245,0.9995617270469666,1640,1632,0.12250274419784546,0.999631404876709,0.9999076128005981,1740,2152,-0.38062000274658203,0.4784950613975525,0.9966418743133545,1763,2397,-0.11038893461227417,0.1253710687160492,0.9990298748016357,2522,2050,-0.31798097491264343,0.1314375400543213,0.9172593355178833,2452,2659,-0.13046324253082275,0.08931379020214081,0.9524689316749573,2668,1985,-0.31391602754592896,0.14560256898403168,0.801700234413147,2601,2623,-0.13530147075653076,0.14445236325263977,0.9419189691543579,2672,2291,-0.3871409296989441,0.11468183994293213,0.7235565185546875,2516,2972,-0.22913646697998047,0.07579492032527924,0.74546879529953,946,1186,None,None,None,None,None,None,None,None,32.82,nan,nan,nan,nan
True,/data/uabcvmsc/shared/newborn/30/27.08.24 (2)/HM20240827060157.jpeg,36.7,27.2,691,918,0.2256544977426529,0.9992498755455017,0.9996688365936279,707,874,0.23498719930648804,0.9979087114334106,0.9991087317466736,714,871,0.23470202088356018,0.9971420168876648,0.9990875720977783,720,869,0.23469160497188568,0.9976804256439209,0.9986981153488159,686,902,0.25351718068122864,0.9991377592086792,0.9993017911911011,683,908,0.25312334299087524,0.9992333650588989,0.9995172023773193,680,915,0.25296348333358765,0.9995784163475037,0.9995261430740356,795,893,0.25826093554496765,0.9981371164321899,0.9990832805633545,708,961,0.34185805916786194,0.999387264251709,0.9996280670166016,744,987,0.2353450506925583,0.9981682300567627,0.9995323419570923,715,994,0.25601693987846375,0.9986944794654846,0.999556839466095,959,1031,0.09703270345926285,0.99875807762146,0.99857497215271,932,1376,0.3950938880443573,0.9991325736045837,0.9995456337928772,805,1404,-0.05098194628953934,0.13752694427967072,0.9944181442260742,822,1754,0.24557755887508392,0.4099104404449463,0.9992702603340149,887,1639,-0.11339274048805237,0.04394134134054184,0.9845660328865051,590,1691,0.023556755855679512,0.5106713771820068,0.999702513217926,913,1721,-0.15452677011489868,0.07247598469257355,0.9693212509155273,479,1717,-0.016536878421902657,0.5693050622940063,0.9993268251419067,904,1705,-0.14617368578910828,0.07118653506040573,0.9747296571731567,484,1643,-0.013561174273490906,0.5657185912132263,0.9995517134666443,906,1680,-0.11016502976417542,0.05664920061826706,0.9821625351905823,531,1617,0.015069696120917797,0.5147876739501953,0.9997438788414001,1729,1445,-0.11211685836315155,0.998211145401001,0.9989739656448364,1650,1642,0.11148008704185486,0.9990491271018982,0.99970942735672,1725,2120,-0.3652271330356598,0.29971468448638916,0.9953475594520569,1772,2392,-0.0816362127661705,0.07528484612703323,0.9980423450469971,2532,2041,-0.29459041357040405,0.06466730684041977,0.8589339256286621,2405,2660,-0.10637439787387848,0.051980648189783096,0.9072042107582092,2672,1982,-0.2903812825679779,0.08601616322994232,0.66604083776474,2554,2631,-0.1127033606171608,0.08834033459424973,0.8838493227958679,2668,2287,-0.36802682280540466,0.06325402110815048,0.6565725803375244,2445,2952,-0.20659472048282623,0.046726614236831665,0.6549587249755859,946,1204,None,None,None,None,None,None,None,None,35.73,nan,nan,nan,nan
False,/data/uabcvmsc/shared/newborn/30/27.08.24 (2)/HM20240827060300.jpeg,36.5,26.8,702,942,0.21247465908527374,0.9987154006958008,0.9995293617248535,730,890,0.2089451253414154,0.9974609613418579,0.9991725087165833,755,890,0.20862331986427307,0.9965963959693909,0.9991657733917236,774,876,0.20858734846115112,0.9972013235092163,0.9987939596176147,702,897,0.24703291058540344,0.9988933205604553,0.9993127584457397,695,897,0.2465844601392746,0.9990531802177429,0.999535322189331,688,897,0.2463669776916504,0.9995232820510864,0.9995469450950623,841,880,0.19523338973522186,0.9978220462799072,0.9989426732063293,722,910,0.36453086137771606,0.999376118183136,0.9996126294136047,750,991,0.21005311608314514,0.9964442849159241,0.999180257320404,717,998,0.2556976079940796,0.9978499412536621,0.999356210231781,966,1084,0.039738211780786514,0.9976956248283386,0.9983001351356506,951,1336,0.45654919743537903,0.9975360631942749,0.9992061257362366,784,1478,-0.02949553169310093,0.7458401322364807,0.9983160495758057,890,1726,0.38518664240837097,0.1735517531633377,0.9987578392028809,646,1801,0.018346382305026054,0.4816824495792389,0.9964422583580017,614,1845,0.20050261914730072,0.3020303249359131,0.9992128610610962,578,1891,-0.012756124138832092,0.5261126160621643,0.992389976978302,519,1898,0.1803722232580185,0.38880714774131775,0.9986999034881592,550,1814,0.004130123648792505,0.4938686490058899,0.992559552192688,476,1850,0.16370218992233276,0.4011577367782593,0.9988883137702942,578,1789,0.028067730367183685,0.4102776050567627,0.9950416684150696,508,1821,0.184650257229805,0.3978898525238037,0.9993649125099182,1715,1454,-0.13195425271987915,0.998960018157959,0.9994218349456787,1685,1660,0.13133694231510162,0.9992801547050476,0.9997912049293518,1702,2146,-0.38884133100509644,0.9076358079910278,0.9956733584403992,1754,2376,-0.0664442628622055,0.33626553416252136,0.9971140623092651,2538,2059,-0.2983493208885193,0.45569542050361633,0.8659638166427612,2425,2638,-0.02306990697979927,0.21846312284469604,0.889215350151062,2688,1998,-0.29035934805870056,0.4221930503845215,0.7061893939971924,2563,2606,-0.020613379776477814,0.3227570652961731,0.8927775025367737,2674,2322,-0.36305442452430725,0.3551786541938782,0.6480803489685059,2470,2916,-0.09916429966688156,0.19847877323627472,0.684296190738678
True,/data/uabcvmsc/shared/newborn/30/27.08.24 (2)/HM20240827060401.jpeg,36.7,26.6,692,945,0.2534925639629364,0.9999532699584961,0.9999881982803345,726,889,0.25616252422332764,0.9999043941497803,0.9999722242355347,739,887,0.2558813691139221,0.9998445510864258,0.9999710321426392,759,870,0.25590187311172485,0.9998774528503418,0.9999572038650513,686,893,0.28526514768600464,0.9999604225158691,0.9999735355377197,681,896,0.2848694622516632,0.9999533891677856,0.9999796152114868,674,899,0.2847994267940521,0.9999732971191406,0.9999768733978271,823,886,0.26025766134262085,0.99986732006073,0.9999655485153198,707,932,0.3899136185646057,0.9999593496322632,0.9999759197235107,733,984,0.255526065826416,0.9997912049293518,0.9999493360519409,707,1012,0.28977108001708984,0.9998654127120972,0.9999454021453857,939,1034,0.08220770955085754,0.999450147151947,0.9996376037597656,975,1339,0.45703980326652527,0.9991313815116882,0.999718964099884,810,1383,-0.09113378822803497,0.29766467213630676,0.998161256313324,899,1778,0.3691515624523163,0.13577595353126526,0.999243974685669,802,1505,-0.15837311744689941,0.14263100922107697,0.9922648668289185,673,2088,0.22398701310157776,0.1471460908651352,0.9976020455360413,840,1557,-0.1970735341310501,0.20382161438465118,0.9823509454727173,604,2173,0.21001455187797546,0.1960296481847763,0.9942914247512817,871,1545,-0.19351205229759216,0.1961285024881363,0.9829745888710022,569,2172,0.18258516490459442,0.20841647684574127,0.9953285455703735,871,1549,-0.15807338058948517,0.1658976823091507,0.9884271025657654,601,2140,0.20337502658367157,0.23146070539951324,0.9974671602249146,1656,1389,-0.12360525131225586,0.9991970658302307,0.9997075200080872,1655,1588,0.1227111890912056,0.9995158910751343,0.9998809099197388,1745,2142,-0.29937970638275146,0.6332922577857971,0.995866060256958,1768,2409,-0.04254387691617012,0.1416429579257965,0.9971491694450378,2634,2100,-0.30158764123916626,0.1540963500738144,0.8097555637359619,2425,2665,-0.11156843602657318,0.08914320915937424,0.9031853079795837,2692,2015,-0.30434003472328186,0.16520296037197113,0.5675367712974548,2569,2641,-0.12232870608568192,0.18897227942943573,0.8839066028594971,2742,2326,-0.3729209899902344,0.13893410563468933,0.5689624547958374,2466,2945,-0.19716252386569977,0.09563197195529938,0.655270516872406,957,1186,None,None,None,None,None,None,None,None,35.67,nan,nan,nan,nan
True,/data/uabcvmsc/shared/newborn/30/27.08.24 (2)/HM20240827060503.jpeg,36.7,26.2,627,986,0.3681589663028717,0.9998761415481567,0.9999681711196899,643,925,0.3783039450645447,0.9997060894966125,0.9999457597732544,650,919,0.3778962790966034,0.9996905326843262,0.99994957447052,655,914,0.377843976020813,0.9997000694274902,0.9999361038208008,637,950,0.4026007056236267,0.999875545501709,0.9999395608901978,641,951,0.4021533727645874,0.9998900890350342,0.9999500513076782,643,953,0.4019622504711151,0.999915599822998,0.9999425411224365,722,916,0.4042348861694336,0.9998332262039185,0.9999607801437378,693,982,0.5110899209976196,0.9999239444732666,0.9999407529830933,677,1043,0.37679803371429443,0.9994476437568665,0.9998903274536133,674,1071,0.40423277020454407,0.9995971322059631,0.999853253364563,842,1088,0.17931267619132996,0.9998434782028198,0.9998760223388672,970,1401,0.5973982214927673,0.9984143972396851,0.999546468257904,743,1487,0.13952679932117462,0.9609341025352478,0.9996838569641113,901,1769,0.5676870942115784,0.288079172372818,0.9994057416915894,734,1540,0.3008781671524048,0.8186813592910767,0.9988880753517151,677,2081,0.5241128206253052,0.3009130656719208,0.9989665746688843,745,1541,0.298859179019928,0.826016902923584,0.9971215128898621,629,2173,0.5277755856513977,0.4121319651603699,0.9980504512786865,705,1514,0.29745224118232727,0.8124160766601562,0.9963786005973816,592,2186,0.5095171928405762,0.4205039441585541,0.9979999661445618,707,1539,0.3052615523338318,0.8223263621330261,0.9977439641952515,618,2149,0.508877158164978,0.48754966259002686,0.9988783001899719,1717,1326,-0.1565190553665161,0.9990984201431274,0.9990110397338867,1857,1585,0.15565484762191772,0.9990173578262329,0.9991053938865662,1725,2221,-0.31891435384750366,0.9953943490982056,0.998680055141449,1784,2426,0.018297042697668076,0.6826924681663513,0.9972678422927856,2570,2052,-0.48973578214645386,0.9480201005935669,0.9139313697814941,2552,2596,-0.17434662580490112,0.5921840667724609,0.8943665027618408,2758,1966,-0.5074511766433716,0.9611916542053223,0.7419450283050537,2736,2533,-0.19836963713169098,0.8496397733688354,0.8909558653831482,2769,2424,-0.562723696231842,0.9568870663642883,0.6453705430030823,2578,2941,-0.2587793171405792,0.7390487790107727,0.6877136826515198,906,1244,None,None,723,1534,2736,2533,2664,2009,32.46,nan,34.56,nan,31.43
False,/data/uabcvmsc/shared/newborn/30/27.08.24 (2)/HM20240827060604.jpeg,36.4,23.2
True,/data/uabcvmsc/shared/newborn/30/27.08.24 (2)/HM20240827060706.jpeg,36.2,24.0,654,834,-0.028915133327245712,0.9995693564414978,0.9993910789489746,594,807,-0.0021879831328988075,0.9994468092918396,0.9993225336074829,601,799,-0.002621157094836235,0.9995193481445312,0.9995602965354919,610,792,-0.0027424157597124577,0.9997099041938782,0.9995958209037781,566,847,-0.02471637725830078,0.999595582485199,0.9984354376792908,554,867,-0.025298817083239555,0.9996265172958374,0.9983941912651062,540,888,-0.025638645514845848,0.9996738433837891,0.9979720711708069,621,856,0.1462550312280655,0.9998996257781982,0.9998824596405029,526,993,0.04099304601550102,0.9993822574615479,0.9982655644416809,725,880,0.03382735699415207,0.9998811483383179,0.9999128580093384,689,930,-0.0006339256069622934,0.9998157620429993,0.9997432827949524,940,860,0.16596856713294983,0.9999887943267822,0.9999954700469971,830,1523,0.1353011131286621,0.9995230436325073,0.9994878768920898,1423,809,0.11714403331279755,0.9528196454048157,0.9998395442962646,1422,1708,0.032673634588718414,0.3979291319847107,0.9725023508071899,1028,571,-0.12355703860521317,0.9877465963363647,0.9999867677688599,1343,1637,-0.22574812173843384,0.2609952390193939,0.9840477108955383,972,475,-0.1721583902835846,0.9828001260757446,0.9999594688415527,1338,1631,-0.2737564146518707,0.34426161646842957,0.9821617603302002,887,478,-0.19080491364002228,0.983951210975647,0.9999607801437378,1243,1600,-0.2906494438648224,0.3617158532142639,0.982885479927063,904,540,-0.13576406240463257,0.9772635102272034,0.9999819993972778,1238,1583,-0.2395910769701004,0.34646597504615784,0.9893143177032471,1891,1333,-0.011388312093913555,0.9997883439064026,0.9999097585678101,1767,1711,0.010886619798839092,0.9989336133003235,0.9994909763336182,2449,1672,-0.42756444215774536,0.9813109636306763,0.9993683695793152,2178,1987,-0.3108017146587372,0.7580333948135376,0.9889785647392273,3296,2135,-0.45282211899757385,0.9464524984359741,0.9580678343772888,2405,1889,-0.011850574053823948,0.23299582302570343,0.9541085362434387,3402,2182,-0.4598398506641388,0.8328976631164551,0.8576071262359619,2447,1863,0.021050065755844116,0.260033518075943,0.9622715711593628,3569,2390,-0.689508318901062,0.9114727973937988,0.7058430314064026,2513,1863,-0.08404358476400375,0.2656412720680237,0.8821374773979187,885,1192,None,None,948,516,None,None,3422,2236,35.58,nan,31.27,nan,nan
False,/data/uabcvmsc/shared/newborn/30/27.08.24 (2)/HM20240827060808.jpeg,36.0,24.2,912,1331,0.46917781233787537,0.9941697120666504,0.9999465942382812,900,1278,0.48798224329948425,0.9907748103141785,0.9999539852142334,907,1268,0.4876650273799896,0.9931724667549133,0.9999587535858154,916,1258,0.48772555589675903,0.992831826210022,0.9999455213546753,881,1295,0.5032224655151367,0.9948937892913818,0.9999253749847412,873,1301,0.5028983950614929,0.9967396855354309,0.9999237060546875,864,1306,0.5027986764907837,0.9961462020874023,0.9998956918716431,945,1225,0.5131017565727234,0.9978006482124329,0.99996018409729,865,1290,0.5821232795715332,0.9952632188796997,0.9998726844787598,954,1329,0.476941853761673,0.9913972616195679,0.9998773336410522,927,1354,0.4941484332084656,0.9875428676605225,0.9997319579124451,1048,1197,0.3259700834751129,0.9999297857284546,0.9997697472572327,942,1440,0.5135781764984131,0.9996440410614014,0.9992408752441406,1095,1359,0.06539887189865112,0.4818609356880188,0.9952141046524048,1172,1718,0.3217417299747467,0.011954506859183311,0.972852885723114,827,1472,-0.1388092190027237,0.6238460540771484,0.9978792667388916,1277,1930,0.10726262629032135,0.042146094143390656,0.9650624990463257,786,1522,-0.1943468600511551,0.7782875895500183,0.9940400123596191,1327,2001,0.0665387511253357,0.10155852884054184,0.9516667127609253,731,1491,-0.16769404709339142,0.7974871397018433,0.9955915808677673,1313,1988,0.058194175362586975,0.08984896540641785,0.9541422724723816,754,1478,-0.13196240365505219,0.7857471108436584,0.9971044659614563,1303,1948,0.09465746581554413,0.09846231341362,0.9753409624099731,1346,1558,-0.05355728045105934,0.9977097511291504,0.9989748001098633,1232,1671,0.05274038389325142,0.9967337846755981,0.9985526204109192,1250,1981,-0.2532562017440796,0.8826438188552856,0.9988927245140076,1073,1973,-0.06999988108873367,0.3492172658443451,0.9919542670249939,1551,2565,-0.26617980003356934,0.751288652420044,0.9748825430870056,1532,2306,-0.09269265830516815,0.2668894827365875,0.9024672508239746,1648,2632,-0.2695144712924957,0.9204932451248169,0.8733341097831726,1650,2328,-0.09476001560688019,0.7467260360717773,0.8798481822013855,1528,2834,-0.4371669292449951,0.7309009432792664,0.7609140872955322,1598,2516,-0.22833676636219025,0.3957213759422302,0.6884904503822327
True,/data/uabcvmsc/shared/newborn/30/27.08.24 (2)/HM20240827060909.jpeg,36.1,23.0,499,1786,0.006468677427619696,0.9912680387496948,0.995663583278656,463,1709,0.012265351600944996,0.9871845841407776,0.9934808015823364,473,1679,0.011913346126675606,0.9832053780555725,0.9932138919830322,485,1650,0.01201580185443163,0.9888337254524231,0.9898369908332825,454,1752,0.05668644979596138,0.991486132144928,0.9933605790138245,456,1765,0.05598349869251251,0.9927991628646851,0.9948689937591553,457,1777,0.05561744421720505,0.9956300258636475,0.9948144555091858,593,1476,0.05372251942753792,0.9930007457733154,0.9896193146705627,529,1670,0.25690409541130066,0.9922771453857422,0.9963055849075317,596,1766,0.024433623999357224,0.9899681806564331,0.9955130219459534,585,1806,0.07955607771873474,0.9898837804794312,0.9939345717430115,925,1363,0.041208427399396896,0.9943816065788269,0.9872322082519531,831,1877,0.2927018702030182,0.9974309802055359,0.9952504634857178,1186,1234,-0.18000760674476624,0.31526124477386475,0.9477174282073975,1098,2220,0.17293448746204376,0.7065905928611755,0.9870993494987488,1138,1396,-0.4039939343929291,0.2362733632326126,0.9762271642684937,633,2239,-0.13077275454998016,0.9588941931724548,0.9993902444839478,1155,1442,-0.45714882016181946,0.3108440339565277,0.9302185773849487,478,2226,-0.19269658625125885,0.9542737007141113,0.9982160925865173,1076,1466,-0.44954949617385864,0.2966279089450836,0.9535706639289856,428,2171,-0.19393803179264069,0.9545367956161499,0.9987327456474304,1079,1459,-0.40341341495513916,0.23988616466522217,0.9741166830062866,501,2177,-0.14405490458011627,0.9410791993141174,0.9994434714317322,1838,1643,-0.05139036104083061,0.997742772102356,0.9980902075767517,1746,1994,0.05084988847374916,0.9982870221138,0.9991037249565125,2463,1485,-0.4583674669265747,0.5149609446525574,0.9475833773612976,2062,2338,-0.428553968667984,0.5365346670150757,0.9867734909057617,3025,2120,-0.36710506677627563,0.49965155124664307,0.9232093691825867,2788,2541,-0.24679215252399445,0.26574769616127014,0.9143527746200562,3167,2161,-0.36422663927078247,0.3589043915271759,0.8399267792701721,2863,2509,-0.22650165855884552,0.25239357352256775,0.9179789423942566,3449,2330,-0.5612871050834656,0.35119885206222534,0.577124834060669,3158,2728,-0.3538542687892914,0.199527770280838,0.6343005299568176,878,1620,None,None,None,None,None,None,None,None,30.81,nan,nan,nan,nan
False,/data/uabcvmsc/shared/newborn/30/27.08.24 (2)/HM20240827061010.jpeg,35.8,24.6
False,/data/uabcvmsc/shared/newborn/30/27.08.24 (2)/HM20240827061111.jpeg,36.2,23.0
False,/data/uabcvmsc/shared/newborn/30/27.08.24 (2)/HM20240827061212.jpeg,36.4,24.2
True,/data/uabcvmsc/shared/newborn/30/27.08.24 (2)/HM20240827061319.jpeg,35.9,23.4,493,1190,0.6747137904167175,0.9998961687088013,0.9999991655349731,450,1172,0.6494072079658508,0.9999406337738037,0.999998927116394,449,1173,0.6490805745124817,0.9999260902404785,0.9999990463256836,448,1176,0.6490859389305115,0.9999465942382812,0.9999988079071045,458,1148,0.674064040184021,0.9999583959579468,0.9999984502792358,461,1141,0.6735795736312866,0.9999581575393677,0.9999984502792358,473,1093,0.6736024618148804,0.9999641180038452,0.9999979734420776,490,1169,0.5072513222694397,0.9999747276306152,0.9999994039535522,528,1019,0.6183220148086548,0.9999216794967651,0.9999982118606567,558,1211,0.6265367269515991,0.9998537302017212,0.9999986886978149,572,1191,0.6560564041137695,0.9997794032096863,0.9999961853027344,745,1419,0.3035508692264557,0.9999868869781494,0.9999977350234985,992,824,0.5078268051147461,0.9999053478240967,0.9999713897705078,1178,1592,0.06375405937433243,0.2672135829925537,0.9988183379173279,1480,1065,0.3897255063056946,0.0059367455542087555,0.9930112957954407,1015,1587,-0.04957377538084984,0.1425217241048813,0.9998161196708679,1012,1481,0.3647148013114929,0.008000988513231277,0.9979641437530518,953,1588,-0.0671142190694809,0.19117379188537598,0.9996790885925293,961,1608,0.3736370801925659,0.012974178418517113,0.9977092742919922,888,1536,-0.04159197583794594,0.17895729839801788,0.9996696710586548,927,1555,0.36814337968826294,0.013008405454456806,0.9976562261581421,922,1528,-0.041074175387620926,0.1573725789785385,0.9997848868370056,959,1540,0.3560090661048889,0.013405531644821167,0.9986826777458191,1653,1511,-0.049726445227861404,0.9999703168869019,0.999994158744812,1785,1122,0.048573970794677734,0.9999758005142212,0.999991774559021,1615,2079,0.03041791170835495,0.603116512298584,0.9999274015426636,1851,649,0.12787307798862457,0.3020121455192566,0.9999600648880005,2061,2193,-0.31975167989730835,0.7437599301338196,0.9997060894966125,2244,875,-0.4184326231479645,0.5318698883056641,0.9993636012077332,2120,2131,-0.3517202138900757,0.9635387659072876,0.9986993074417114,2296,956,-0.47237059473991394,0.88944011926651,0.9980304837226868,2151,2448,-0.39569228887557983,0.7536292672157288,0.9970211386680603,2571,794,-0.5360867381095886,0.6537922024726868,0.9929053783416748,868,1122,None,None,None,None,2296,956,2111,2257,33.40,nan,nan,33.40,nan
True,/data/uabcvmsc/shared/newborn/30/27.08.24 (2)/HM20240827061420.jpeg,35.8,23.0,450,1196,0.5740343332290649,0.9954865574836731,0.9999785423278809,437,1143,0.6079741716384888,0.9924710988998413,0.9999656677246094,444,1132,0.6075817346572876,0.9938284754753113,0.9999649524688721,451,1123,0.6075856685638428,0.9936249256134033,0.9999496936798096,434,1172,0.6343017220497131,0.9946401715278625,0.9999591112136841,437,1173,0.6338635683059692,0.9955484867095947,0.9999575614929199,440,1177,0.6337939500808716,0.9952309727668762,0.9999438524246216,539,1037,0.6618803143501282,0.9963473677635193,0.9999785423278809,509,1138,0.7852783799171448,0.9936112761497498,0.99996018409729,534,1193,0.585632860660553,0.9903385043144226,0.9999665021896362,531,1226,0.6180347204208374,0.9847970008850098,0.9999054670333862,906,967,0.5216624736785889,0.9997907280921936,0.9997028708457947,856,1366,0.7537920475006104,0.9995065927505493,0.9989544153213501,1409,867,0.21388603746891022,0.01651899516582489,0.968172550201416,1279,1462,0.8355919122695923,0.0014146139146760106,0.991852343082428,1139,727,-0.011593028903007507,0.031453583389520645,0.9997209906578064,910,1610,1.0187491178512573,0.013680389150977135,0.9994407296180725,1074,684,-0.04657883942127228,0.06332001835107803,0.9995597004890442,869,1657,1.0464897155761719,0.028951318934559822,0.9992367029190063,1047,691,-0.02228473499417305,0.04661815986037254,0.9997053742408752,823,1603,1.0423427820205688,0.022371824830770493,0.9993770718574524,1057,703,-0.005766859278082848,0.03229517862200737,0.9998431205749512,855,1592,1.0141910314559937,0.02259722910821438,0.999692440032959,1565,1103,-0.04442312940955162,0.9998441934585571,0.9999903440475464,1536,1438,0.04350608214735985,0.9998793601989746,0.9999873638153076,1884,866,-0.31293246150016785,0.5705729722976685,0.9997202754020691,1605,2084,-0.2812146842479706,0.7496656179428101,0.9997784495353699,2237,936,-0.45377498865127563,0.0620901957154274,0.999471127986908,2162,2004,-0.6452233791351318,0.2933567464351654,0.9983957409858704,2313,1027,-0.4750394821166992,0.6824808120727539,0.9980306029319763,2319,1919,-0.6870250701904297,0.8917868137359619,0.9974013566970825,2335,837,-0.6189974546432495,0.34417930245399475,0.9936364889144897,2355,2344,-0.8460647463798523,0.7293567061424255,0.977152407169342,881,1166,None,None,None,None,2337,2132,None,None,33.19,nan,nan,29.37,nan
False,/data/uabcvmsc/shared/newborn/30/27.08.24 (2)/HM20240827061521.jpeg,36.0,22.9,487,1181,0.6032668352127075,0.9999852180480957,1.0,465,1132,0.5874632596969604,0.9999790191650391,0.9999998807907104,467,1127,0.5873127579689026,0.9999798536300659,0.9999998807907104,468,1124,0.5874809622764587,0.9999786615371704,0.9999998807907104,465,1134,0.6193347573280334,0.9999873638153076,0.9999998807907104,468,1130,0.6189463138580322,0.9999896287918091,0.9999998807907104,470,1128,0.6190078854560852,0.9999904632568359,0.9999998807907104,527,1083,0.49729323387145996,0.9999843835830688,0.9999998807907104,534,1087,0.6435145139694214,0.9999810457229614,0.9999998807907104,551,1173,0.5731993317604065,0.9999375343322754,0.9999998807907104,554,1174,0.6127236485481262,0.9999246597290039,0.9999997615814209,835,1182,0.361148864030838,0.9999942779541016,0.9999988079071045,911,1024,0.6306388974189758,0.9999943971633911,0.9999984502792358,1305,1433,0.2803120017051697,0.07493235170841217,0.9998364448547363,1393,1066,0.6292594075202942,0.028131280094385147,0.9999141693115234,868,1653,0.44978067278862,0.14206555485725403,0.9999991655349731,1130,738,0.692028284072876,0.37179648876190186,0.9999979734420776,786,1702,0.46956560015678406,0.12037084996700287,0.9999974966049194,1058,660,0.7213669419288635,0.5177947282791138,0.999996542930603,752,1633,0.5162714719772339,0.0944746658205986,0.9999982118606567,1017,667,0.7534451484680176,0.41659578680992126,0.9999972581863403,825,1685,0.47926050424575806,0.05714309215545654,0.9999991655349731,1047,698,0.7056192755699158,0.3259630501270294,0.9999986886978149,1640,1267,-0.09159854054450989,0.999996542930603,1.0,1581,1280,0.09047293663024902,0.9999983310699463,1.0,1923,1204,-0.3978625535964966,0.9383186101913452,0.9999994039535522,1454,1837,-0.11758884787559509,0.8736758828163147,0.9999998807907104,2289,1079,-0.7159714102745056,0.7643187642097473,0.9999994039535522,2193,1931,-0.6241958141326904,0.7843083143234253,0.9999992847442627,2362,1074,-0.7494186162948608,0.9361796975135803,0.9999973773956299,2297,1851,-0.6801123023033142,0.9523600339889526,0.9999972581863403,2389,1094,-0.8445797562599182,0.9346604347229004,0.9999773502349854,2336,2281,-0.7991087436676025,0.9662846326828003,0.9999314546585083
True,/data/uabcvmsc/shared/newborn/30/27.08.24 (2)/HM20240827061622.jpeg,35.7,22.9,490,1175,0.3004976212978363,0.9999712705612183,0.9999990463256836,484,1121,0.3342137038707733,0.9999620914459229,0.9999982118606567,491,1093,0.33388015627861023,0.999955415725708,0.9999980926513672,495,1087,0.33392226696014404,0.9999668598175049,0.9999974966049194,479,1149,0.3514712154865265,0.9999761581420898,0.999997615814209,482,1148,0.35107898712158203,0.999976634979248,0.9999977350234985,483,1150,0.350930392742157,0.9999791383743286,0.9999970197677612,571,978,0.447771817445755,0.9999791383743286,0.9999985694885254,535,1140,0.5295781493186951,0.9999567270278931,0.999997615814209,573,1173,0.33914458751678467,0.9999793767929077,0.9999992847442627,572,1204,0.3599107265472412,0.9999666213989258,0.9999979734420776,958,822,0.4407622218132019,0.9999840259552002,0.9999966621398926,852,1405,0.5224664211273193,0.9999711513519287,0.9999879598617554,1367,709,0.2898743152618408,0.7633395195007324,0.999714195728302,1071,1669,0.38828206062316895,0.5728427171707153,0.9995766282081604,1111,665,0.04746686667203903,0.9662933349609375,0.9999980926513672,841,1627,0.15272925794124603,0.9533218741416931,0.9999929666519165,1071,620,0.005040185991674662,0.9735909700393677,0.9999963045120239,793,1649,0.10976007580757141,0.9682950377464294,0.9999921321868896,1014,648,0.0010318178683519363,0.9665166735649109,0.9999974966049194,761,1593,0.10805578529834747,0.9583538174629211,0.999994158744812,1020,687,0.04200354591012001,0.94584059715271,0.9999988079071045,783,1568,0.14310213923454285,0.9427109956741333,0.9999972581863403,1700,1087,-0.02159387432038784,0.9999955892562866,0.9999997615814209,1604,1526,0.02077110856771469,0.9999959468841553,0.9999997615814209,1926,623,-0.3538309335708618,0.9985101819038391,0.9999979734420776,1576,2134,-0.252110093832016,0.9984320998191833,0.9999978542327881,2225,999,-0.3596085011959076,0.9896059036254883,0.9999953508377075,2179,2138,-0.39899829030036926,0.9949808716773987,0.999967098236084,2282,1151,-0.36684179306030273,0.9950083494186401,0.9999771118164062,2328,2033,-0.4181061089038849,0.9964136481285095,0.9999194145202637,2409,947,-0.520496666431427,0.9924772381782532,0.9996347427368164,2279,2397,-0.5778898000717163,0.9961326122283936,0.9980851411819458,905,1114,794,1609,1054,655,2262,2189,2305,1032,33.09,33.09,34.39,nan,33.09
True,/data/uabcvmsc/shared/newborn/30/27.08.24 (2)/HM20240827061723.jpeg,35.9,22.7,498,1080,0.4061402380466461,0.999906063079834,0.999991774559021,486,1044,0.43956583738327026,0.9997791647911072,0.9999871253967285,500,1010,0.43919509649276733,0.9998418092727661,0.9999876022338867,507,993,0.4390859007835388,0.9998621940612793,0.9999837875366211,475,1060,0.4302569329738617,0.9998587369918823,0.9999802112579346,468,1086,0.42984676361083984,0.999895453453064,0.9999793767929077,465,1092,0.42966601252555847,0.9998776912689209,0.9999727010726929,570,989,0.517875075340271,0.9999580383300781,0.9999921321868896,517,1114,0.4778236448764801,0.9998251795768738,0.9999806880950928,571,1064,0.43227699398994446,0.9998237490653992,0.9999889135360718,553,1111,0.41766464710235596,0.9997163414955139,0.9999721050262451,956,959,0.5087122321128845,0.9999703168869019,0.9999873638153076,790,1357,0.38828620314598083,0.9999517202377319,0.9999316930770874,1469,776,0.3967384099960327,0.4460427463054657,0.9983885288238525,1085,1578,0.3969181180000305,0.15671202540397644,0.9968463778495789,1118,679,0.2829780578613281,0.4749155342578888,0.9999438524246216,865,1575,0.5083723068237305,0.3357790410518646,0.9994764924049377,1079,625,0.2794959545135498,0.5572649240493774,0.9998857975006104,838,1603,0.5178142189979553,0.4589971601963043,0.9992151260375977,1005,677,0.292179137468338,0.5231487154960632,0.9999037981033325,795,1555,0.5252606272697449,0.4353125989437103,0.9991744160652161,1033,709,0.28561168909072876,0.5034811496734619,0.9999405145645142,850,1452,0.5109924674034119,0.4795466661453247,0.9995419979095459,1625,1237,0.07881534844636917,0.9998243451118469,0.9998360872268677,1562,1367,-0.07952342182397842,0.9998893737792969,0.9997169375419617,1850,1418,0.05835596099495888,0.37651297450065613,0.9991480112075806,1830,848,-0.19504941999912262,0.9060091376304626,0.9997491240501404,1797,1360,-0.16773457825183868,0.13637083768844604,0.998953104019165,2334,1116,-0.5125936269760132,0.8239923715591431,0.9916781187057495,1812,1363,-0.19217997789382935,0.5737432241439819,0.9976890087127686,2376,1231,-0.5437824726104736,0.8959833383560181,0.9844352602958679,1795,1341,-0.24446117877960205,0.5397053360939026,0.9935478568077087,2592,921,-0.634181022644043,0.9138389229774475,0.9306171536445618,873,1158,None,None,None,None,2434,1089,None,None,33.21,nan,nan,33.21,nan
True,/data/uabcvmsc/shared/newborn/30/27.08.24 (2)/HM20240827061824.jpeg,36.2,22.9,503,1081,0.37836048007011414,0.999961256980896,0.9999983310699463,487,1055,0.42402008175849915,0.9999663829803467,0.9999979734420776,494,1047,0.42372485995292664,0.9999649524688721,0.9999978542327881,501,958,0.4236944317817688,0.9999724626541138,0.9999971389770508,470,1096,0.4212452471256256,0.9999810457229614,0.9999969005584717,469,1097,0.42069411277770996,0.9999828338623047,0.999996542930603,465,1100,0.4204699695110321,0.9999823570251465,0.999995231628418,609,920,0.5562195777893066,0.9999874830245972,0.9999984502792358,528,1123,0.5453338027000427,0.9999691247940063,0.9999960660934448,574,1084,0.4224031865596771,0.9999556541442871,0.9999974966049194,560,1134,0.4156544506549835,0.9999357461929321,0.9999933242797852,1005,789,0.5511555671691895,0.9999428987503052,0.9999845027923584,818,1396,0.46743524074554443,0.9999029636383057,0.9999421834945679,1563,783,0.3315931260585785,0.8910567760467529,0.9972479939460754,1120,1621,0.5067795515060425,0.3697799742221832,0.9974294304847717,1154,692,0.08941734582185745,0.848800003528595,0.9999246597290039,872,1618,0.6257364153862,0.7894919514656067,0.999620795249939,1084,625,0.06781435012817383,0.9156306385993958,0.9997949004173279,813,1676,0.6317750811576843,0.8615207076072693,0.9992833733558655,1023,656,0.07735610753297806,0.9120797514915466,0.9998592138290405,771,1593,0.6371361613273621,0.8590865135192871,0.9994068145751953,1044,708,0.08840450644493103,0.9150359034538269,0.9999293088912964,806,1567,0.627553403377533,0.8638102412223816,0.9996862411499023,1735,1218,0.0625244528055191,0.9999401569366455,0.9999872446060181,1607,1464,-0.06325861811637878,0.999962568283081,0.9999855756759644,2020,1462,-0.14112573862075806,0.9675966501235962,0.9986844658851624,1760,1322,-0.4837425947189331,0.9951145648956299,0.9996578693389893,2256,2257,-0.36734282970428467,0.9578340649604797,0.9989975094795227,2565,1215,-0.9718710780143738,0.9915857315063477,0.9972053170204163,2254,2361,-0.3901940584182739,0.9908137917518616,0.9973262548446655,2522,1273,-1.0186758041381836,0.997556209564209,0.9960271120071411,2491,2550,-0.5171518921852112,0.9778774380683899,0.9890222549438477,2835,938,-1.1945757865905762,0.9961419701576233,0.9654648900032043,912,1092,816,1614,1076,670,2641,1142,None,None,33.54,33.54,30.88,33.54,nan
False,/data/uabcvmsc/shared/newborn/30/27.08.24 (2)/HM20240827061925.jpeg,35.8,22.8,496,1214,0.32397979497909546,0.9999289512634277,0.9999948740005493,469,1143,0.29863405227661133,0.9999390840530396,0.999992847442627,476,1135,0.29846638441085815,0.9999254941940308,0.9999921321868896,484,1118,0.2986222505569458,0.9999353885650635,0.9999873638153076,467,1145,0.32629305124282837,0.9999618530273438,0.9999918937683105,473,1138,0.32558971643447876,0.9999650716781616,0.999993085861206,477,1134,0.3253229260444641,0.9999730587005615,0.9999915361404419,557,1029,0.22725766897201538,0.9999674558639526,0.9999898672103882,549,1041,0.3491854965686798,0.9999593496322632,0.9999943971633911,584,1208,0.30928266048431396,0.9998307228088379,0.9999847412109375,582,1210,0.34081852436065674,0.9997596144676208,0.9999741315841675,834,1175,0.22829657793045044,0.9997316002845764,0.9999021291732788,881,915,0.31985196471214294,0.9998626708984375,0.9999260902404785,1361,1399,0.2570952773094177,0.34610113501548767,0.9875364899635315,1319,1097,0.43549060821533203,0.04260457679629326,0.9923287034034729,940,1521,0.4341503381729126,0.04676545783877373,0.9988771080970764,923,1520,0.6163981556892395,0.054713938385248184,0.9986805319786072,916,1581,0.4601459503173828,0.06284946948289871,0.9980783462524414,856,1570,0.6387799382209778,0.08372090756893158,0.998349666595459,865,1547,0.47120949625968933,0.06330017000436783,0.9984928369522095,808,1572,0.6160354614257812,0.08662591874599457,0.9983114004135132,903,1530,0.44668304920196533,0.06441369652748108,0.9990208148956299,893,1538,0.6082934141159058,0.09526851028203964,0.9989601373672485,1683,1542,0.01748800091445446,0.9981141090393066,0.9984415173530579,1754,1281,-0.018163466826081276,0.9990122318267822,0.9990979433059692,1964,2095,0.1237037405371666,0.2348669022321701,0.9869791269302368,2450,1177,-0.09003961086273193,0.6433680057525635,0.9971516728401184,2484,2652,-0.13473987579345703,0.3321199417114258,0.8909822106361389,3240,1567,-0.3705560266971588,0.5159300565719604,0.7347646355628967,2618,2702,-0.16239537298679352,0.5801331996917725,0.6939696669578552,3289,1656,-0.393530011177063,0.6094642877578735,0.5283606052398682,2454,2900,-0.2120329737663269,0.2714571952819824,0.6618755459785461,3307,1461,-0.44239532947540283,0.3986261785030365,0.49392542243003845
False,/data/uabcvmsc/shared/newborn/30/27.08.24 (2)/HM20240827062026.jpeg,36.0,22.6,468,1070,0.20592476427555084,0.9997610449790955,0.9999430179595947,472,999,0.22935743629932404,0.9997077584266663,0.9999096393585205,484,983,0.22908800840377808,0.9996640682220459,0.9999125003814697,493,970,0.22919754683971405,0.9997751116752625,0.999876856803894,451,1058,0.22918805480003357,0.9998301267623901,0.9998742341995239,451,1069,0.2285122573375702,0.9998289346694946,0.9998879432678223,450,1081,0.22822125256061554,0.9998763799667358,0.9998645782470703,591,921,0.3223687410354614,0.9998525381088257,0.9999330043792725,530,1076,0.3242877423763275,0.9996976852416992,0.9999135732650757,556,1049,0.24572661519050598,0.9997126460075378,0.9999411106109619,530,1106,0.24225746095180511,0.9995488524436951,0.9998682737350464,906,969,0.39516013860702515,0.9996002316474915,0.9998812675476074,811,1169,0.31376296281814575,0.9996095299720764,0.9997901320457458,1493,821,0.31335923075675964,0.13509045541286469,0.9851930141448975,1212,1404,0.42312178015708923,0.04207172617316246,0.9905857443809509,1189,741,0.1348801851272583,0.07448265701532364,0.998369038105011,904,1526,0.555127739906311,0.09763158112764359,0.997032642364502,1115,730,0.11555885523557663,0.1106257364153862,0.9968882203102112,870,1579,0.5590591430664062,0.13332855701446533,0.9954511523246765,988,738,0.11173057556152344,0.11053639650344849,0.9976696372032166,820,1522,0.5461881756782532,0.1304052323102951,0.9953191876411438,1025,762,0.13080614805221558,0.10341830551624298,0.9985309839248657,826,1505,0.5504432916641235,0.1482391059398651,0.9972087740898132,1651,1406,0.0496247299015522,0.9980815649032593,0.998908281326294,1618,1482,-0.05027269572019577,0.9987635612487793,0.9988992214202881,2032,1943,0.03268584981560707,0.10270179808139801,0.9848650693893433,2387,1256,-0.17825926840305328,0.43596288561820984,0.9941406846046448,2477,2586,-0.1514342874288559,0.07908811420202255,0.832780659198761,3230,1582,-0.3575614392757416,0.40916892886161804,0.5256511569023132,2557,2673,-0.17547321319580078,0.11761578172445297,0.5740097761154175,3286,1673,-0.376508891582489,0.41072797775268555,0.33934661746025085,2551,2778,-0.3030093312263489,0.08433617651462555,0.4560469686985016,3470,1529,-0.5080922842025757,0.29040423035621643,0.15773837268352509
True,/data/uabcvmsc/shared/newborn/30/27.08.24 (2)/HM20240827062127.jpeg,36.4,22.7,475,1069,0.26130566000938416,0.9988306164741516,0.9999439716339111,478,998,0.2989160716533661,0.9984409213066101,0.9999183416366577,484,979,0.2985732853412628,0.998379111289978,0.999929666519165,491,960,0.29844433069229126,0.9991488456726074,0.9999104738235474,454,1054,0.28563404083251953,0.998908281326294,0.9997889399528503,454,1061,0.2851261496543884,0.9988113641738892,0.9997413754463196,448,1091,0.2848440408706665,0.9988345503807068,0.9995843768119812,553,936,0.42281514406204224,0.9996763467788696,0.9999740123748779,501,1109,0.3642892837524414,0.9969490170478821,0.9996905326843262,598,1010,0.30738475918769836,0.9983868598937988,0.9999351501464844,580,1081,0.2874677777290344,0.9960732460021973,0.999704897403717,953,928,0.5208156704902649,0.9998522996902466,0.9999638795852661,780,1313,0.2787601947784424,0.9987493753433228,0.9987227320671082,1357,631,0.4604966342449188,0.05437503010034561,0.9980870485305786,1198,1459,0.28700754046440125,0.007165512535721064,0.9683756232261658,1165,722,0.3859543800354004,0.02517903596162796,0.9995786547660828,914,1427,0.4407828748226166,0.0037315429653972387,0.9678038358688354,1097,742,0.3980540931224823,0.03786715865135193,0.998511016368866,909,1365,0.4507904052734375,0.006645936518907547,0.9527230262756348,974,732,0.41016721725463867,0.034614671021699905,0.9989032745361328,826,1382,0.47210755944252014,0.005923236254602671,0.9553163647651672,990,741,0.39049217104911804,0.033204689621925354,0.9993935823440552,839,1379,0.4510789215564728,0.00716774445027113,0.973214864730835,1665,1335,0.12269631028175354,0.9996272325515747,0.9999083280563354,1607,1466,-0.12329547107219696,0.9996196031570435,0.9997207522392273,1931,1707,0.009889942593872547,0.01962692104279995,0.9950464963912964,2134,1131,-0.34128206968307495,0.37239763140678406,0.994986891746521,2051,2299,-0.3750276267528534,0.025637269020080566,0.9956621527671814,2563,1546,-0.7909670472145081,0.4207806885242462,0.9042567610740662,2049,2373,-0.4194169044494629,0.1600101739168167,0.9869675040245056,2604,1738,-0.8391222357749939,0.56402188539505,0.8566383719444275,2165,2496,-0.5744098424911499,0.09421883523464203,0.9598569869995117,2926,1491,-1.0276812314987183,0.5287933349609375,0.5430273413658142,866,1120,None,None,None,None,None,None,None,None,35.70,nan,nan,nan,nan
True,/data/uabcvmsc/shared/newborn/30/27.08.24 (2)/HM20240827062228.jpeg,36.0,22.8,561,916,0.20417560636997223,0.9999780654907227,0.9999973773956299,541,864,0.24698446691036224,0.999974250793457,0.9999955892562866,552,842,0.2466336190700531,0.9999667406082153,0.9999955892562866,566,820,0.24669332802295685,0.9999808073043823,0.9999940395355225,486,977,0.2489517480134964,0.9999845027923584,0.999994158744812,483,985,0.24853403866291046,0.9999831914901733,0.9999942779541016,478,993,0.24844472110271454,0.9999885559082031,0.9999926090240479,642,810,0.39262405037879944,0.9999806880950928,0.999994158744812,517,1045,0.4001483917236328,0.9999432563781738,0.9999918937683105,659,908,0.25379806756973267,0.999976634979248,0.9999977350234985,622,989,0.25250184535980225,0.9999744892120361,0.9999954700469971,1001,772,0.3704387843608856,0.9999840259552002,0.9999961853027344,803,1374,0.3592337965965271,0.9999778270721436,0.999990701675415,1398,724,0.2167370468378067,0.69748455286026,0.9998904466629028,1045,1599,0.17763586342334747,0.3476957082748413,0.9996793270111084,1185,664,-0.08522845804691315,0.7999165654182434,0.9999903440475464,871,1469,-0.15445628762245178,0.7628061175346375,0.9999775886535645,1158,613,-0.13751941919326782,0.8256428241729736,0.9999638795852661,859,1484,-0.21908330917358398,0.8096963763237,0.9999457597732544,1069,622,-0.1334465891122818,0.8111555576324463,0.9999738931655884,810,1409,-0.22314439713954926,0.8064828515052795,0.999961256980896,1081,656,-0.0883185938000679,0.7446451783180237,0.9999881982803345,822,1392,-0.16709011793136597,0.773614764213562,0.9999822378158569,1735,1125,0.05080346018075943,0.9999864101409912,0.9999990463256836,1572,1508,-0.051222749054431915,0.9999892711639404,0.999998927116394,2239,645,-0.13719028234481812,0.6967175006866455,0.9997326731681824,1771,1461,-0.5301232933998108,0.9476885199546814,0.9999674558639526,2246,1200,0.11913635581731796,0.10644180327653885,0.999833345413208,2363,1308,-0.43049049377441406,0.7161513566970825,0.9996930360794067,2177,1294,0.1478692591190338,0.19641850888729095,0.9997292160987854,2384,1364,-0.4116782546043396,0.6666112542152405,0.999484658241272,2369,1312,0.08516894280910492,0.11541727930307388,0.9991391897201538,2644,1044,-0.5147755146026611,0.6321432590484619,0.9958193302154541,902,1073,840,1438,1123,639,2363,1308,None,None,35.33,35.33,34.65,34.65,nan
True,/data/uabcvmsc/shared/newborn/30/27.08.24 (2)/HM20240827062329.jpeg,36.0,23.3,531,1026,0.15300323069095612,0.9999048709869385,0.9999654293060303,529,956,0.16766642034053802,0.9998493194580078,0.9999442100524902,540,942,0.16730080544948578,0.9998292922973633,0.9999456405639648,549,931,0.167389914393425,0.9998809099197388,0.999927282333374,511,1006,0.1895585060119629,0.9998937845230103,0.9999223947525024,513,1013,0.18897105753421783,0.9998874664306641,0.9999268054962158,511,1022,0.18876142799854279,0.9999127388000488,0.9999127388000488,647,871,0.22753043472766876,0.9999114274978638,0.9999525547027588,588,1014,0.3292134404182434,0.999789297580719,0.9999264478683472,624,1014,0.1780622899532318,0.9998403787612915,0.9999501705169678,607,1073,0.20331726968288422,0.9997873902320862,0.9998821020126343,1015,773,0.22174686193466187,0.9996908903121948,0.9998379945755005,846,1297,0.37068402767181396,0.9995126724243164,0.9995074272155762,1435,706,0.09977961331605911,0.6554303765296936,0.9946984052658081,1053,1570,0.4826170802116394,0.3200373351573944,0.9957542419433594,1219,642,-0.0701107308268547,0.665012001991272,0.9995775818824768,848,1451,0.5149054527282715,0.5702189803123474,0.9994000196456909,1170,618,-0.10831237584352493,0.7173721194267273,0.998969554901123,813,1515,0.5045260190963745,0.6096388101577759,0.9987002611160278,1039,610,-0.11586132645606995,0.7247959971427917,0.9993256330490112,774,1388,0.48555922508239746,0.6337399482727051,0.9989882111549377,1078,638,-0.07496383041143417,0.6581485271453857,0.9996145963668823,796,1371,0.5025838613510132,0.6265624165534973,0.999460756778717,1886,1226,-0.01435115747153759,0.9940546154975891,0.9960596561431885,1788,1566,0.014017102308571339,0.9935652613639832,0.9942328333854675,2462,1157,-0.15033076703548431,0.17279936373233795,0.9657819271087646,2223,1661,-0.1671946495771408,0.20822596549987793,0.9779436588287354,3288,1446,-0.31231454014778137,0.13898862898349762,0.6890153884887695,3122,1903,-0.2511747479438782,0.12498405575752258,0.5946168899536133,3422,1537,-0.34039774537086487,0.09893377125263214,0.4089004397392273,3284,1915,-0.266286700963974,0.1009487733244896,0.46306589245796204,3467,1450,-0.5518446564674377,0.12285871058702469,0.3011777400970459,3302,1993,-0.43930402398109436,0.09971265494823456,0.25514429807662964,930,1035,None,None,1104,614,None,None,None,None,35.35,nan,34.71,nan,nan
True,/data/uabcvmsc/shared/newborn/30/27.08.24 (2)/HM20240827062430.jpeg,36.1,23.7,560,1153,0.24113163352012634,0.9996418952941895,0.9999382495880127,540,1082,0.25482815504074097,0.9995476603507996,0.9999079704284668,547,1070,0.2544630169868469,0.9994505047798157,0.9998986721038818,556,1042,0.254616916179657,0.9995480179786682,0.9998514652252197,534,1117,0.28248339891433716,0.999697208404541,0.9998999834060669,538,1118,0.281823068857193,0.9997082352638245,0.9999127388000488,539,1121,0.28152501583099365,0.999764621257782,0.9998990297317505,643,950,0.2961939871311188,0.99970942735672,0.9998779296875,611,1070,0.42282530665397644,0.9996510744094849,0.9999285936355591,646,1142,0.25716519355773926,0.9993492960929871,0.9998929500579834,643,1178,0.2898467779159546,0.9992433786392212,0.9998005032539368,972,803,0.2607460618019104,0.999422550201416,0.9996098875999451,813,1276,0.44063231348991394,0.9995137453079224,0.9996662139892578,1441,724,0.1574055701494217,0.22336503863334656,0.9841108322143555,1097,1543,0.5123607516288757,0.17221428453922272,0.9957062602043152,1238,699,0.0719958022236824,0.279086172580719,0.998766303062439,905,1479,0.5169692039489746,0.5970070958137512,0.9996284246444702,1221,637,0.05867122486233711,0.39760005474090576,0.9973955154418945,843,1525,0.5082040429115295,0.6659595966339111,0.9992163181304932,1154,643,0.043129079043865204,0.39690861105918884,0.998145341873169,809,1411,0.4996061623096466,0.6723836064338684,0.9994297623634338,1161,687,0.06719604879617691,0.35299521684646606,0.9989243149757385,831,1389,0.5084748268127441,0.6708307266235352,0.9996949434280396,1821,1110,-0.04875022545456886,0.9973304271697998,0.9980525970458984,1676,1450,0.04824133217334747,0.9976058006286621,0.9985814094543457,2431,1064,-0.15278607606887817,0.4374171197414398,0.9556794166564941,1781,1991,-0.3274250626564026,0.6429035663604736,0.9856186509132385,3182,1250,-0.31657135486602783,0.40031197667121887,0.7523601055145264,2393,2095,-0.560391366481781,0.34514304995536804,0.8708480000495911,3303,1314,-0.34145689010620117,0.20847879350185394,0.47115153074264526,2572,2049,-0.5855711102485657,0.3633100986480713,0.8096629977226257,3399,1310,-0.4909297525882721,0.26352041959762573,0.28133684396743774,2653,2347,-0.6923462152481079,0.2786100506782532,0.4281412661075592,892,1040,None,None,None,None,None,None,None,None,35.47,nan,nan,nan,nan
True,/data/uabcvmsc/shared/newborn/30/27.08.24 (2)/HM20240827062531.jpeg,36.2,23.8,524,991,0.2983618974685669,0.999681830406189,0.9999867677688599,540,931,0.34105926752090454,0.9996053576469421,0.9999734163284302,556,908,0.3405993580818176,0.9994388222694397,0.9999727010726929,580,870,0.34078752994537354,0.9996598958969116,0.9999618530273438,512,1008,0.34605541825294495,0.9997590184211731,0.9999682903289795,511,1033,0.34555748105049133,0.9996986389160156,0.9999712705612183,508,1063,0.3453819155693054,0.9997883439064026,0.9999650716781616,684,824,0.46611109375953674,0.9996065497398376,0.9999771118164062,577,1098,0.4929961562156677,0.999365508556366,0.9999707937240601,606,969,0.3391210734844208,0.9994912147521973,0.9999856948852539,589,1064,0.3428041934967041,0.9991982579231262,0.9999644756317139,1022,706,0.42481210827827454,0.9998407363891602,0.9999538660049438,833,1328,0.46716928482055664,0.9996670484542847,0.9998683929443359,1436,642,0.28454241156578064,0.05956635624170303,0.9977511763572693,1172,1542,0.4963405132293701,0.04553060233592987,0.9986672401428223,1128,749,0.0974767655134201,0.09782305359840393,0.9999710321426392,957,1505,0.5458921194076538,0.24917595088481903,0.9999643564224243,1135,740,0.07163769006729126,0.1595560759305954,0.9999386072158813,883,1538,0.5441600680351257,0.34761592745780945,0.9999419450759888,1006,767,0.0763959139585495,0.1427183300256729,0.9999563694000244,831,1461,0.5332154631614685,0.3183950185775757,0.999951958656311,1025,771,0.09761403501033783,0.11998125910758972,0.9999779462814331,861,1429,0.5383806228637695,0.2809925079345703,0.999977707862854,1817,1068,-0.005338022485375404,0.9999715089797974,0.9999986886978149,1636,1485,0.0045156702399253845,0.9999654293060303,0.9999984502792358,2256,782,-0.1688709557056427,0.7324782609939575,0.9999754428863525,1642,2105,-0.1937747299671173,0.7717991471290588,0.99997878074646,2692,1141,-0.3117038607597351,0.7556771039962769,0.9998776912689209,2304,2302,-0.44123145937919617,0.8002474904060364,0.999725878238678,2753,1292,-0.3325365483760834,0.7434203028678894,0.9992867112159729,2461,2242,-0.4689262807369232,0.7815448641777039,0.999250590801239,2926,866,-0.47519707679748535,0.6413724422454834,0.9927114248275757,2385,2628,-0.6002402305603027,0.6704988479614258,0.9850945472717285,928,1017,None,None,None,None,2382,2272,2722,1216,35.57,nan,nan,nan,36.20
False,/data/uabcvmsc/shared/newborn/30/27.08.24 (2)/HM20240827062632.jpeg,36.6,23.7,556,975,0.3761763572692871,0.9999911785125732,0.9999985694885254,570,905,0.38698387145996094,0.9999890327453613,0.999997615814209,578,895,0.38668835163116455,0.999987006187439,0.9999979734420776,585,885,0.3867485821247101,0.9999927282333374,0.9999974966049194,559,926,0.38730159401893616,0.9999912977218628,0.999995231628418,551,948,0.38677170872688293,0.9999890327453613,0.9999947547912598,549,952,0.38672351837158203,0.9999910593032837,0.9999918937683105,663,874,0.4004918932914734,0.999995231628418,0.9999990463256836,591,955,0.4038800299167633,0.9999709129333496,0.9999935626983643,631,966,0.38697096705436707,0.9999760389328003,0.9999972581863403,612,1014,0.3835088908672333,0.9999501705169678,0.9999904632568359,906,1055,0.3654489815235138,0.9999634027481079,0.9999939203262329,933,1003,0.3752683699131012,0.999580442905426,0.9998552799224854,1366,742,0.3415633738040924,0.21597711741924286,0.9986514449119568,1261,1179,0.3675711750984192,0.013748151250183582,0.9908397793769836,1236,711,0.3302775025367737,0.07702100276947021,0.9997285008430481,975,1131,0.4716086685657501,0.010559666901826859,0.9946070313453674,1184,710,0.33183494210243225,0.11179682612419128,0.9994605183601379,902,1099,0.47405770421028137,0.01904071308672428,0.9940989017486572,1113,718,0.33364707231521606,0.10747358202934265,0.9995520710945129,839,1101,0.4860866069793701,0.017613785341382027,0.9944398403167725,1085,708,0.33313652873039246,0.10353121161460876,0.9997068047523499,862,1125,0.47384703159332275,0.021454377099871635,0.9962186217308044,1712,1384,0.008690188638865948,0.9995112419128418,0.999914288520813,1753,1301,-0.009535851888358593,0.9992163181304932,0.9997722506523132,2157,1988,-0.011297243647277355,0.45986080169677734,0.9996373653411865,2455,1080,-0.10318736732006073,0.23152616620063782,0.9995104074478149,2925,2267,-0.34364816546440125,0.3331736624240875,0.9766765832901001,3302,1223,-0.3784078061580658,0.2628549337387085,0.9527568817138672,3123,2242,-0.38334015011787415,0.40796709060668945,0.86689692735672,3548,1340,-0.4078529477119446,0.42854025959968567,0.861825168132782,3104,2461,-0.48681771755218506,0.2808675467967987,0.8088884353637695,3443,1299,-0.4763703942298889,0.2351890653371811,0.7083396315574646
True,/data/uabcvmsc/shared/newborn/30/27.08.24 (2)/HM20240827062733.jpeg,36.4,23.6,521,948,0.2199746072292328,0.9999768733978271,0.999993085861206,542,876,0.25892066955566406,0.9999592304229736,0.9999877214431763,556,857,0.2585754692554474,0.9999464750289917,0.9999884366989136,576,815,0.2586939334869385,0.9999673366546631,0.9999842643737793,515,947,0.26732397079467773,0.9999737739562988,0.9999819993972778,510,978,0.26682695746421814,0.9999674558639526,0.9999819993972778,507,995,0.2667253911495209,0.9999749660491943,0.999976634979248,665,797,0.3853822648525238,0.9999707937240601,0.9999909400939941,579,1039,0.42470085620880127,0.999916672706604,0.9999793767929077,617,933,0.2645595073699951,0.999964714050293,0.9999912977218628,590,1008,0.2714986205101013,0.9999498128890991,0.9999778270721436,1060,699,0.3534312844276428,0.9999207258224487,0.9999494552612305,838,1332,0.43665680289268494,0.9997512698173523,0.9997488856315613,1402,616,0.19621087610721588,0.6545466184616089,0.9969558715820312,1092,1566,0.4018555283546448,0.2961389422416687,0.9950259327888489,1112,616,-0.036905501037836075,0.6308756470680237,0.9998027682304382,887,1435,0.3123028576374054,0.3211778402328491,0.9986376166343689,1050,585,-0.08253824710845947,0.6230411529541016,0.9994812607765198,838,1452,0.28106579184532166,0.3422180712223053,0.9972368478775024,1003,602,-0.07648636400699615,0.6142557263374329,0.9996849298477173,798,1382,0.2803385853767395,0.3439946472644806,0.9980562925338745,1017,627,-0.03760500252246857,0.5467883944511414,0.9998235106468201,815,1366,0.30455636978149414,0.32626840472221375,0.9989100694656372,1785,1113,-0.004645013250410557,0.9976049661636353,0.9988375306129456,1653,1513,0.004099023528397083,0.997129499912262,0.9982035160064697,2538,1063,-0.17020729184150696,0.1386624276638031,0.9738796949386597,2228,1922,-0.1791517287492752,0.13861101865768433,0.9708439111709595,3253,1245,-0.14072278141975403,0.039031513035297394,0.5716232657432556,2930,2210,-0.18020187318325043,0.05724742263555527,0.39442354440689087,3374,1310,-0.14716975390911102,0.03381267935037613,0.29654398560523987,3066,2222,-0.18694698810577393,0.032585300505161285,0.28462815284729004,3422,1230,-0.3412803113460541,0.03537077456712723,0.22399620711803436,3100,2347,-0.37130600214004517,0.03819044679403305,0.1313096284866333,949,1016,None,None,None,None,None,None,None,None,35.75,nan,nan,nan,nan
True,/data/uabcvmsc/shared/newborn/30/27.08.24 (2)/HM20240827062834.jpeg,36.3,23.8,539,1030,0.24104724824428558,0.9997158646583557,0.9999481439590454,547,960,0.28355515003204346,0.9996492862701416,0.9998987913131714,558,954,0.28314319252967834,0.9996559619903564,0.9998887777328491,570,906,0.2831515073776245,0.9997387528419495,0.9998674392700195,524,1013,0.2902113199234009,0.9998235106468201,0.9998822212219238,520,1045,0.2897973358631134,0.99986732006073,0.9998914003372192,519,1050,0.2894953191280365,0.9998774528503418,0.9998797178268433,670,875,0.4317128360271454,0.9998323917388916,0.9998931884765625,566,1052,0.46071815490722656,0.9997534155845642,0.9998999834060669,619,1012,0.29080477356910706,0.9998536109924316,0.9999778270721436,595,1069,0.2963293194770813,0.9998072981834412,0.9999555349349976,1039,744,0.4088980555534363,0.9999488592147827,0.9999662637710571,843,1369,0.45495638251304626,0.9999030828475952,0.9999363422393799,1461,671,0.31563642621040344,0.8070677518844604,0.9992560744285583,1181,1606,0.3066629469394684,0.49811244010925293,0.9990707039833069,1192,654,0.09603333473205566,0.9655782580375671,0.9999912977218628,970,1531,-0.029276104643940926,0.9830580353736877,0.9999889135360718,1138,590,0.05627894029021263,0.9756986498832703,0.9999772310256958,886,1564,-0.09367319196462631,0.9914182424545288,0.9999817609786987,1087,627,0.04980212077498436,0.973121702671051,0.9999830722808838,843,1478,-0.1035325899720192,0.9903179407119751,0.9999858140945435,1101,661,0.09019381552934647,0.9650546312332153,0.9999921321868896,871,1456,-0.04437214136123657,0.9876684546470642,0.9999936819076538,1740,1112,-0.024443430826067924,0.9999808073043823,0.9999977350234985,1539,1468,0.023665519431233406,0.9999825954437256,0.9999983310699463,2061,957,-0.2053707093000412,0.9941543936729431,0.9999152421951294,1409,1992,-0.262421578168869,0.9940959215164185,0.9999440908432007,2144,1610,-0.221694216132164,0.9815845489501953,0.9999715089797974,2126,1655,-0.2459922879934311,0.9764017462730408,0.9999672174453735,2140,1714,-0.2240373194217682,0.9894564747810364,0.9999240636825562,2235,1551,-0.23989251255989075,0.98726487159729,0.9999574422836304,2235,1832,-0.3725762963294983,0.9911600947380066,0.9986881613731384,2406,1778,-0.35568442940711975,0.9881148338317871,0.9984966516494751,941,1056,892,1507,1130,633,None,None,None,None,35.03,35.03,35.03,nan,nan
False,/data/uabcvmsc/shared/newborn/30/27.08.24 (2)/HM20240827062936.jpeg,36.9,24.3,551,1000,0.44640251994132996,0.9985159039497375,0.9999614953994751,555,940,0.4832134246826172,0.9982970356941223,0.9999297857284546,565,930,0.4828472137451172,0.9979062080383301,0.9999339580535889,574,919,0.48292842507362366,0.998649537563324,0.9999182224273682,536,982,0.4862273633480072,0.9986214637756348,0.9998793601989746,538,989,0.48571133613586426,0.9983508586883545,0.999868631362915,538,997,0.4855872690677643,0.9985702037811279,0.9998196959495544,688,908,0.585792064666748,0.999038815498352,0.9999746084213257,608,1006,0.5991547107696533,0.9969434142112732,0.999890923500061,636,1030,0.48113858699798584,0.9965597987174988,0.9999516010284424,614,1070,0.48058822751045227,0.9944527745246887,0.9998624324798584,1002,974,0.5245072841644287,0.9996335506439209,0.9999216794967651,944,1214,0.5940975546836853,0.9973968267440796,0.9990352392196655,1457,723,0.4042355716228485,0.0022732941433787346,0.9892933368682861,1296,1345,0.7085791230201721,0.00011722310591721907,0.9740144610404968,1234,733,0.32132217288017273,0.0014992122305557132,0.999447762966156,1008,1408,0.9719123244285583,0.00010603795089991763,0.9836220145225525,1258,735,0.3162573575973511,0.003873992245644331,0.9991056323051453,986,1341,1.0136208534240723,0.0003180871717631817,0.9826117753982544,1202,751,0.32820868492126465,0.003282268298789859,0.9992896318435669,950,1415,1.0196400880813599,0.00028252683114260435,0.9852231740951538,1153,728,0.3260977864265442,0.002766651101410389,0.9995452761650085,958,1408,0.9762992858886719,0.0003267318825237453,0.9903044104576111,1798,1173,-0.002848079428076744,0.9999369382858276,0.9999979734420776,1728,1372,0.0017251514364033937,0.9999129772186279,0.9999958276748657,2125,1100,-0.2655733823776245,0.26649540662765503,0.9999157190322876,1812,1757,-0.3316739797592163,0.38578295707702637,0.999934196472168,2577,994,-0.5875996947288513,0.20443551242351532,0.9998316764831543,2343,1820,-0.8586135506629944,0.46227145195007324,0.9996535778045654,2693,1108,-0.6234349012374878,0.4182921350002289,0.9992396831512451,2619,1761,-0.9143455028533936,0.6350623369216919,0.9991415739059448,2754,1119,-0.7872267961502075,0.282244473695755,0.9947866201400757,2495,2030,-1.0940207242965698,0.5010379552841187,0.9853615760803223
False,/data/uabcvmsc/shared/newborn/30/27.08.24 (2)/HM20240827063038.jpeg,36.9,24.5,683,789,0.469238817691803,0.9984177350997925,0.9998972415924072,643,777,0.48523449897766113,0.9980384707450867,0.9998286962509155,645,774,0.4848807156085968,0.9976019263267517,0.9998408555984497,650,772,0.4848400950431824,0.9984893798828125,0.999795138835907,633,787,0.477234810590744,0.9986841082572937,0.9997543692588806,630,794,0.47682932019233704,0.9986139535903931,0.9997503161430359,626,801,0.4767809510231018,0.9989494681358337,0.9996548891067505,675,819,0.5145332217216492,0.9993417859077454,0.9998962879180908,644,848,0.4798162579536438,0.997973620891571,0.9997158646583557,732,819,0.48210635781288147,0.9970882534980774,0.9998272061347961,719,840,0.4682680368423462,0.9962693452835083,0.9996494054794312,907,1036,0.4120723605155945,0.9998669624328613,0.9998852014541626,927,927,0.4200175404548645,0.999566376209259,0.9994780421257019,1438,1077,0.20682623982429504,0.014442183077335358,0.9817567467689514,1399,1061,0.3437223434448242,0.004426322411745787,0.9796401858329773,1158,1121,0.06654658168554306,0.009855987504124641,0.9978491067886353,1295,721,0.42547497153282166,0.010503087192773819,0.9952824711799622,1077,1152,0.0424659289419651,0.020038271322846413,0.9967440366744995,1275,584,0.4319683015346527,0.02171560376882553,0.9928464293479919,1013,1125,0.0781884640455246,0.017172202467918396,0.9972606897354126,1226,585,0.4653160572052002,0.019314756616950035,0.9943183064460754,1046,1113,0.07928203791379929,0.014860318973660469,0.9979931116104126,1220,635,0.4399876296520233,0.01862066425383091,0.9962692260742188,1707,1272,-0.0006294162012636662,0.9999184608459473,0.9999790191650391,1706,1152,-0.0005688482779078186,0.9999374151229858,0.9999707937240601,1970,1369,-0.002260165521875024,0.16914059221744537,0.9994378685951233,1844,866,-0.046860601752996445,0.29507315158843994,0.9999052286148071,2172,1596,-0.26666975021362305,0.24543505907058716,0.9990097284317017,2411,1126,-0.5941651463508606,0.6828877925872803,0.9986554384231567,2219,1532,-0.2919512987136841,0.5007454752922058,0.9963622689247131,2509,1163,-0.6472578048706055,0.8205469846725464,0.995572566986084,2419,1654,-0.31949833035469055,0.2931376099586487,0.983170211315155,2619,1237,-0.7154077291488647,0.7230852246284485,0.9445258378982544
True,/data/uabcvmsc/shared/newborn/30/27.08.24 (2)/HM20240827063139.jpeg,36.9,24.2,568,947,0.3559225797653198,0.9966417551040649,0.9999221563339233,588,881,0.3945699632167816,0.9963526725769043,0.9999009370803833,597,873,0.39406436681747437,0.9952516555786133,0.9999055862426758,611,847,0.3942435681819916,0.997058629989624,0.9998840093612671,570,907,0.3968179523944855,0.9976671934127808,0.9998704195022583,565,929,0.39628398418426514,0.9973956346511841,0.9998829364776611,563,938,0.3961390256881714,0.9981083869934082,0.9998610019683838,681,851,0.5110117793083191,0.9983235001564026,0.9999533891677856,611,965,0.523997962474823,0.9973933696746826,0.9999067783355713,648,955,0.39757758378982544,0.9961903095245361,0.9998931884765625,612,1002,0.3971339464187622,0.9957270622253418,0.9997683167457581,1037,797,0.4726431667804718,0.9988424181938171,0.9996095299720764,893,1342,0.5377065539360046,0.9976189732551575,0.9985682964324951,1403,635,0.4161321818828583,0.038666557520627975,0.9859192371368408,1218,1586,0.6940622329711914,0.02430531196296215,0.9832406640052795,1158,637,0.35821041464805603,0.053092557936906815,0.9996583461761475,974,1535,0.9289027452468872,0.07076673954725266,0.9996974468231201,1102,637,0.34891098737716675,0.09457878023386002,0.999390721321106,937,1570,0.9596022367477417,0.11844020336866379,0.9996577501296997,1053,671,0.3553571403026581,0.08205291628837585,0.9995397329330444,896,1517,0.9566010236740112,0.1088472306728363,0.9997319579124451,1073,687,0.3612452745437622,0.06437725573778152,0.9997438788414001,909,1478,0.9313530921936035,0.09152942895889282,0.999859094619751,1833,1140,-0.014612103812396526,0.9998600482940674,0.9999933242797852,1704,1568,0.013869591057300568,0.9997773766517639,0.999987006187439,2374,625,-0.2116665542125702,0.8614951372146606,0.9998977184295654,1724,2262,-0.17967329919338226,0.701204776763916,0.9998843669891357,2729,1185,-0.15910105407238007,0.7481523156166077,0.9996633529663086,2456,2131,-0.2444944679737091,0.7276951670646667,0.9991113543510437,2768,1337,-0.15747849643230438,0.7866232991218567,0.998638927936554,2632,2033,-0.2530214786529541,0.7952784895896912,0.9983071088790894,2977,917,-0.2994559407234192,0.5850064158439636,0.9892833232879639,2584,2529,-0.3886614143848419,0.5889242887496948,0.9734870791435242,965,1070,None,None,None,None,2544,2082,2748,1261,31.82,nan,nan,30.53,35.61
True,/data/uabcvmsc/shared/newborn/30/27.08.24 (2)/HM20240827063240.jpeg,36.9,24.3,619,988,0.5838507413864136,0.9999752044677734,0.9999997615814209,602,944,0.5456141829490662,0.9999841451644897,0.9999996423721313,606,944,0.5452807545661926,0.9999796152114868,0.9999996423721313,608,946,0.5452207922935486,0.9999880790710449,0.9999996423721313,602,939,0.5656285285949707,0.9999852180480957,0.9999994039535522,614,915,0.565069854259491,0.9999815225601196,0.9999992847442627,618,912,0.5650551319122314,0.9999867677688599,0.9999990463256836,669,947,0.37586408853530884,0.999992847442627,0.9999998807907104,676,878,0.46107903122901917,0.9999715089797974,0.9999992847442627,682,1052,0.530910074710846,0.9999432563781738,0.9999995231628418,689,1023,0.5514928102493286,0.9998995065689087,0.9999985694885254,833,1295,0.21403813362121582,0.9999963045120239,0.9999996423721313,1091,649,0.3339709937572479,0.9999741315841675,0.9999961853027344,1308,1626,0.12563662230968475,0.43580010533332825,0.9999653100967407,1512,670,0.35680511593818665,0.040366314351558685,0.9994650483131409,1073,1594,0.24426932632923126,0.05488140508532524,0.9999932050704956,1267,693,0.6221607327461243,0.0009678486967459321,0.9997358918190002,999,1657,0.26858657598495483,0.06449389457702637,0.9999865293502808,1238,669,0.6643849015235901,0.0011613734532147646,0.9997120499610901,927,1564,0.29103121161460876,0.059678055346012115,0.9999836683273315,1172,676,0.6884437203407288,0.0010739266872406006,0.999658465385437,964,1517,0.2601419687271118,0.04769795387983322,0.99998939037323,1185,697,0.6334213018417358,0.0011942054843530059,0.9997686743736267,1729,1567,-0.01744321547448635,0.999993085861206,0.9999996423721313,1932,1075,0.01625099964439869,0.9999932050704956,0.9999994039535522,1777,2228,0.1569313257932663,0.16890721023082733,0.9999942779541016,2438,685,0.017227912321686745,0.4165434241294861,0.9999967813491821,2471,2151,-0.1600230634212494,0.3421986997127533,0.9999707937240601,2978,1123,-0.5941280722618103,0.6876575350761414,0.9999047517776489,2621,2089,-0.18608549237251282,0.8505432605743408,0.9998741149902344,2984,1237,-0.6513968706130981,0.8908544778823853,0.999660849571228,2549,2387,-0.1366572231054306,0.47408297657966614,0.9997207522392273,3203,973,-0.6765412092208862,0.7394428849220276,0.998626708984375,962,972,None,None,None,None,3094,1105,2621,2089,31.86,nan,nan,nan,30.58
True,/data/uabcvmsc/shared/newborn/30/27.08.24 (2)/HM20240827063341.jpeg,37.0,24.5,607,920,0.440500408411026,0.9999717473983765,0.9999990463256836,622,883,0.413082480430603,0.9999793767929077,0.9999984502792358,628,880,0.41275888681411743,0.9999724626541138,0.9999986886978149,632,879,0.4127509295940399,0.9999815225601196,0.9999982118606567,607,865,0.42209312319755554,0.9999836683273315,0.9999977350234985,611,870,0.4215547740459442,0.9999810457229614,0.9999977350234985,613,875,0.42160677909851074,0.9999866485595703,0.9999969005584717,681,895,0.29870328307151794,0.999988317489624,0.9999991655349731,682,899,0.3343420922756195,0.9999723434448242,0.999997615814209,677,955,0.4072924852371216,0.9999152421951294,0.9999983310699463,675,961,0.41347557306289673,0.9998818635940552,0.9999966621398926,880,1259,0.19051708281040192,0.9999887943267822,0.9999984502792358,1120,700,0.25402334332466125,0.9999576807022095,0.9999905824661255,1385,1546,0.07951048016548157,0.2560974359512329,0.9998451471328735,1515,674,0.3116440773010254,0.013739664107561111,0.9995229244232178,1039,1603,0.12957589328289032,0.0786195769906044,0.999981164932251,1276,599,0.5842615365982056,0.03548669070005417,0.9998630285263062,949,1671,0.14107264578342438,0.10509847849607468,0.9999653100967407,1241,523,0.6203308701515198,0.06119517982006073,0.9997833371162415,902,1571,0.17071408033370972,0.09481648355722427,0.9999619722366333,1168,577,0.6395336389541626,0.059428952634334564,0.999754011631012,949,1542,0.14650656282901764,0.07835448533296585,0.9999743700027466,1188,635,0.5953096151351929,0.049466460943222046,0.9998464584350586,1801,1613,0.0016008883249014616,0.9999855756759644,0.9999988079071045,1972,1114,-0.002760145580396056,0.9999879598617554,0.9999980926513672,1773,2217,0.10828515142202377,0.22363623976707458,0.9999809265136719,2355,713,0.06642801314592361,0.34129196405410767,0.9999929666519165,2470,2138,-0.21006804704666138,0.42343080043792725,0.9999228715896606,2907,1176,-0.5145793557167053,0.7430780529975891,0.999860405921936,2618,2055,-0.23711158335208893,0.828127920627594,0.9996212720870972,2949,1305,-0.5684977769851685,0.8383314609527588,0.999434769153595,2534,2381,-0.20152771472930908,0.5777199268341064,0.9990010857582092,3198,974,-0.5958376526832581,0.8028914928436279,0.9973249435424805,1000,980,None,None,None,None,3018,1152,2618,2055,32.00,nan,nan,nan,30.73
False,/data/uabcvmsc/shared/newborn/30/27.08.24 (2)/HM20240827063450.jpeg,36.9,24.2,778,840,0.45114022493362427,0.9994283318519592,0.9999606609344482,723,810,0.4675407111644745,0.9993574023246765,0.9999237060546875,728,803,0.46727222204208374,0.9992557168006897,0.9999299049377441,734,796,0.46729475259780884,0.9995322227478027,0.9999045133590698,706,832,0.45221492648124695,0.9996040463447571,0.9998832941055298,699,843,0.4517987072467804,0.9995942711830139,0.9998866319656372,691,854,0.4517223834991455,0.9997021555900574,0.9998325109481812,759,831,0.5119975209236145,0.9997442364692688,0.9999524354934692,684,949,0.44190168380737305,0.9993395209312439,0.9998540878295898,843,867,0.474916934967041,0.9986262321472168,0.9998701810836792,821,902,0.4509749412536621,0.9980294108390808,0.9997389912605286,1041,1039,0.44647717475891113,0.9996190071105957,0.9998237490653992,1016,1059,0.3459492027759552,0.9984721541404724,0.9985194802284241,1522,977,0.23068033158779144,0.17159610986709595,0.9878336191177368,1447,1061,0.16622984409332275,0.06035342067480087,0.9747161269187927,1205,1111,0.02584747038781643,0.045909617096185684,0.9965863227844238,1200,609,0.1445837765932083,0.11406142264604568,0.9953752756118774,1129,1178,-0.008673918433487415,0.06835019588470459,0.9935071468353271,1182,544,0.11315981298685074,0.15238919854164124,0.9935331344604492,1032,1157,0.024419281631708145,0.0651407390832901,0.9950997233390808,1095,548,0.15335921943187714,0.13907596468925476,0.9947890043258667,1071,1132,0.03575516864657402,0.05218297988176346,0.9967076778411865,1123,605,0.15765869617462158,0.11755728721618652,0.9967188239097595,1982,1389,0.039203107357025146,0.9977693557739258,0.999142050743103,2013,1378,-0.04003112390637398,0.9978300929069519,0.9982962012290955,2205,1763,0.10881172120571136,0.21047057211399078,0.9965077042579651,2384,1158,-0.036015696823596954,0.24420972168445587,0.9971328973770142,2917,2220,-0.06535155326128006,0.21324539184570312,0.8733402490615845,3406,1141,-0.21967560052871704,0.2462376058101654,0.7730934619903564,3055,2278,-0.08616075664758682,0.3531031012535095,0.617529571056366,3600,1167,-0.23838484287261963,0.38933268189430237,0.5599390864372253,3025,2390,-0.1813846081495285,0.1476263552904129,0.5428245663642883,3577,1051,-0.3382599949836731,0.1808742880821228,0.33447885513305664
True,/data/uabcvmsc/shared/newborn/30/27.08.24 (2)/HM20240827063551.jpeg,37.0,24.5,731,855,0.697044849395752,0.9994476437568665,0.9999912977218628,700,829,0.6809330582618713,0.9995675683021545,0.9999877214431763,702,833,0.680655837059021,0.9995285272598267,0.9999881982803345,703,838,0.6806676387786865,0.9996979236602783,0.999984860420227,698,824,0.6748452186584473,0.9997084736824036,0.9999806880950928,698,826,0.6745522022247314,0.9996880292892456,0.9999794960021973,697,830,0.6746687889099121,0.9997649788856506,0.9999704360961914,734,884,0.5794365406036377,0.9998016953468323,0.9999923706054688,739,805,0.5513373613357544,0.9995275735855103,0.9999678134918213,773,919,0.6710113883018494,0.9985401630401611,0.9999687671661377,785,885,0.6590036153793335,0.9980625510215759,0.9999334812164307,939,1355,0.4137079119682312,0.9997144341468811,0.9998856782913208,1125,762,0.4470641016960144,0.9987140893936157,0.9984593391418457,1403,1418,0.2185293436050415,0.2975962460041046,0.9885263442993164,1453,675,0.5276923775672913,0.013745171017944813,0.9724792838096619,1037,1541,0.1373465210199356,0.07839255034923553,0.9990886449813843,1183,564,0.8323624730110168,0.0624479204416275,0.9949637651443481,892,1660,0.1183900311589241,0.09228429943323135,0.9983198046684265,1147,509,0.860683262348175,0.09350968897342682,0.9916096329689026,851,1542,0.16027753055095673,0.08585356920957565,0.9987367987632751,1093,548,0.8808061480522156,0.09748697280883789,0.9935334920883179,891,1483,0.15469825267791748,0.057519108057022095,0.9992076754570007,1095,601,0.8444765210151672,0.07270648330450058,0.9962146878242493,1943,1481,0.0185984019190073,0.993251621723175,0.9982422590255737,2056,1267,-0.01947190798819065,0.9932676553726196,0.9951027631759644,2171,1802,0.11664378643035889,0.12087570875883102,0.9932112097740173,2380,1032,-0.003581210970878601,0.07872852683067322,0.9899663925170898,2836,2331,-0.08723581582307816,0.1354406327009201,0.9217832088470459,3375,1078,-0.26332080364227295,0.08419216424226761,0.751732587814331,2966,2395,-0.10722516477108002,0.4659895598888397,0.7796435356140137,3539,1129,-0.2887730598449707,0.2572040259838104,0.5740712285041809,2918,2514,-0.17538371682167053,0.05356347933411598,0.8134832382202148,3581,952,-0.38195064663887024,0.04141485318541527,0.452095091342926,1032,1058,None,None,None,None,None,None,None,None,36.36,nan,nan,nan,nan
True,/data/uabcvmsc/shared/newborn/30/27.08.24 (2)/HM20240827063653.jpeg,37.1,24.3,790,809,0.7063539624214172,0.9998852014541626,0.9999977350234985,728,818,0.679191529750824,0.9998757839202881,0.9999969005584717,723,838,0.6789392232894897,0.9998914003372192,0.9999974966049194,721,859,0.678877055644989,0.9999251365661621,0.9999970197677612,741,789,0.6598825454711914,0.9998979568481445,0.9999934434890747,748,784,0.659421443939209,0.9998989105224609,0.9999924898147583,752,780,0.6594934463500977,0.9999057054519653,0.9999887943267822,737,902,0.5397265553474426,0.9999754428863525,0.9999986886978149,775,804,0.4507339298725128,0.9998515844345093,0.9999885559082031,806,903,0.6700488924980164,0.9997510313987732,0.999994158744812,829,823,0.6403766870498657,0.999586284160614,0.9999830722808838,940,1388,0.42235174775123596,0.999968409538269,0.9999922513961792,1165,707,0.32096096873283386,0.9996975660324097,0.9997280240058899,1252,1608,0.45737963914871216,0.7873762249946594,0.9993532299995422,1484,641,0.3725968301296234,0.07389473915100098,0.9881637692451477,969,1542,0.6243088841438293,0.47906261682510376,0.9999510049819946,1197,609,0.650004506111145,0.15168771147727966,0.9971856474876404,894,1630,0.6553708910942078,0.46998509764671326,0.9999152421951294,1159,553,0.6794348955154419,0.2155752182006836,0.9971168041229248,862,1520,0.6718987226486206,0.464573472738266,0.9999154806137085,1099,615,0.6950634717941284,0.2183208465576172,0.9971201419830322,903,1491,0.6382821798324585,0.3891599476337433,0.9999445676803589,1109,645,0.6605475544929504,0.18052294850349426,0.9979463219642639,1905,1612,0.05487482622265816,0.9968344569206238,0.9985435009002686,2005,1113,-0.055688656866550446,0.9947981834411621,0.9943682551383972,2292,2128,0.19125765562057495,0.7379462122917175,0.9961485862731934,2654,816,-0.03590653836727142,0.5490148067474365,0.9913392663002014,3108,2384,-0.1430930644273758,0.5823059678077698,0.9139791131019592,3318,1175,-0.26244011521339417,0.2864843010902405,0.7242905497550964,3310,2422,-0.17670190334320068,0.820623517036438,0.7274727821350098,3538,1317,-0.28081485629081726,0.5975739359855652,0.5723254084587097,3263,2669,-0.19833798706531525,0.2680383026599884,0.8092269897460938,3488,1084,-0.27308937907218933,0.11927515268325806,0.6181731820106506,1052,1048,None,None,None,None,None,None,3310,2422,31.98,nan,nan,nan,nan
True,/data/uabcvmsc/shared/newborn/30/27.08.24 (2)/HM20240827063754.jpeg,37.0,24.2,654,955,0.5506768822669983,0.9999650716781616,0.9999986886978149,640,910,0.5157611966133118,0.999969482421875,0.9999977350234985,644,911,0.515502393245697,0.9999686479568481,0.9999978542327881,647,913,0.51552814245224,0.9999769926071167,0.9999972581863403,639,910,0.5163989067077637,0.9999779462814331,0.999996542930603,656,886,0.5158711075782776,0.9999790191650391,0.9999966621398926,661,887,0.5158982872962952,0.9999825954437256,0.9999954700469971,697,957,0.37339967489242554,0.9999901056289673,0.9999985694885254,711,892,0.3735019862651825,0.9999711513519287,0.9999963045120239,714,1021,0.5141829252243042,0.999940037727356,0.9999973773956299,700,983,0.5101368427276611,0.9999092817306519,0.9999947547912598,937,1382,0.27975985407829285,0.9999566078186035,0.9999924898147583,1080,721,0.3124694228172302,0.9998194575309753,0.9999359846115112,1250,1599,0.35361117124557495,0.83305823802948,0.9994284510612488,1489,626,0.3869423270225525,0.21021433174610138,0.9961572289466858,991,1556,0.5388295650482178,0.6336272358894348,0.9999738931655884,1138,597,0.5797118544578552,0.5637738108634949,0.9997758269309998,907,1644,0.564507007598877,0.6322018504142761,0.9999600648880005,1066,527,0.5965188145637512,0.6723148226737976,0.9997816681861877,871,1525,0.5762916803359985,0.6193511486053467,0.9999631643295288,1007,594,0.5997352004051208,0.6715670228004456,0.9998003840446472,914,1497,0.5526716113090515,0.5287976861000061,0.9999761581420898,1050,634,0.583223819732666,0.5951486825942993,0.9998636245727539,1932,1549,0.013982972130179405,0.9969546794891357,0.9987708926200867,2050,1125,-0.014783303253352642,0.9958947896957397,0.9976045489311218,2342,2081,0.11871322244405746,0.807823896408081,0.996057391166687,2637,927,-0.0687149167060852,0.6732472777366638,0.9953805208206177,3187,2396,-0.15125396847724915,0.6699346303939819,0.8927285671234131,3532,1139,-0.21421131491661072,0.3798171877861023,0.8064501285552979,3447,2481,-0.17995531857013702,0.8130717873573303,0.6527560949325562,3701,1220,-0.22434312105178833,0.6661684513092041,0.6465705037117004,3268,2647,-0.20744465291500092,0.3547670841217041,0.8066057562828064,3596,1064,-0.211952343583107,0.18708239495754242,0.7299023866653442,1008,1052,None,None,None,None,None,None,None,None,31.88,nan,nan,nan,nan
True,/data/uabcvmsc/shared/newborn/30/27.08.24 (2)/HM20240827063856.jpeg,36.5,24.0,671,871,0.17710426449775696,0.9999556541442871,0.9999819993972778,660,832,0.2025659829378128,0.9999152421951294,0.9999613761901855,683,794,0.20221567153930664,0.9999023675918579,0.9999626874923706,696,762,0.20225131511688232,0.9999294281005859,0.9999479055404663,643,854,0.20295819640159607,0.9999579191207886,0.9999555349349976,628,886,0.2024116963148117,0.9999619722366333,0.9999614953994751,624,893,0.20220647752285004,0.9999723434448242,0.9999539852142334,738,764,0.3178572952747345,0.9999498128890991,0.9999662637710571,641,940,0.31984421610832214,0.9999185800552368,0.9999630451202393,740,882,0.22459788620471954,0.999922513961792,0.9999697208404541,706,937,0.22120143473148346,0.9999170303344727,0.9999536275863647,1067,768,0.3133127987384796,0.9998615980148315,0.9999374151229858,884,1279,0.3578900098800659,0.999771773815155,0.9998660087585449,1506,673,0.2174670249223709,0.750532329082489,0.9971663355827332,1353,1372,0.29161620140075684,0.48746445775032043,0.9975399971008301,1312,612,-0.0022302556317299604,0.6155380010604858,0.9996080994606018,1064,1305,0.12080668658018112,0.8246695399284363,0.9997789263725281,1242,595,-0.04713628441095352,0.6284952759742737,0.99921715259552,1006,1289,0.0775132030248642,0.8523208498954773,0.9996435642242432,1162,580,-0.05408918112516403,0.6297805905342102,0.9993740916252136,921,1275,0.06553910672664642,0.8562958240509033,0.9996852874755859,1127,638,-0.009034708142280579,0.5881317853927612,0.9996300935745239,944,1270,0.1080804094672203,0.8415505886077881,0.999818742275238,1909,1206,-0.004531691782176495,0.9971213936805725,0.9982388019561768,1822,1466,0.003947332501411438,0.9968256950378418,0.9977298378944397,2554,1399,-0.08689848333597183,0.5680339932441711,0.9794287085533142,2309,1405,-0.04520953446626663,0.3015083372592926,0.9885010719299316,3294,1835,-0.2149803340435028,0.21821890771389008,0.4692229926586151,3214,1522,-0.020186107605695724,0.12625952064990997,0.5454369783401489,3427,1917,-0.2369353473186493,0.17929783463478088,0.19432587921619415,3382,1547,-0.021621815860271454,0.1485529989004135,0.3897203505039215,3386,1957,-0.4169362187385559,0.195664182305336,0.1776973009109497,3347,1522,-0.14849430322647095,0.11774101108312607,0.24129918217658997,976,1024,984,1285,None,None,None,None,None,None,31.50,31.50,nan,nan,nan
True,/data/uabcvmsc/shared/newborn/30/27.08.24 (2)/HM20240827063957.jpeg,36.6,24.0,619,898,0.21063610911369324,0.9977073669433594,0.9996943473815918,654,838,0.24383161962032318,0.9969053864479065,0.9995625615119934,662,831,0.24333271384239197,0.996760904788971,0.999632716178894,656,809,0.2433207482099533,0.9982730150222778,0.9995648264884949,610,886,0.23908428847789764,0.9976359605789185,0.9992148876190186,608,895,0.23863434791564941,0.9974709749221802,0.9992109537124634,584,916,0.2384524643421173,0.9981822967529297,0.9989938139915466,726,812,0.35152971744537354,0.9990143775939941,0.9998049139976501,646,978,0.3306693434715271,0.9949432015419006,0.9991725087165833,678,915,0.25008609890937805,0.9976937174797058,0.9997994303703308,655,961,0.24022501707077026,0.9965134263038635,0.9994537234306335,1107,759,0.35839101672172546,0.9997898936271667,0.9999256134033203,928,1317,0.30400028824806213,0.9987002611160278,0.9986914992332458,1498,624,0.2709922790527344,0.18016846477985382,0.9988586902618408,1320,1424,0.4048871695995331,0.01449075248092413,0.9899972677230835,1215,626,0.1046629324555397,0.17352566123008728,0.9999091625213623,958,1434,0.5250318050384521,0.04500097781419754,0.9994679093360901,1240,613,0.07983655482530594,0.22502771019935608,0.9997325539588928,911,1415,0.5320504307746887,0.08363968133926392,0.9991785883903503,1145,621,0.08652620017528534,0.21364271640777588,0.9997841715812683,865,1380,0.514695942401886,0.0852363258600235,0.9992197751998901,1161,642,0.10497339069843292,0.181135356426239,0.9998965263366699,897,1381,0.51838618516922,0.08956760913133621,0.9996078610420227,1921,1167,0.06700600683689117,0.9998132586479187,0.9999723434448242,1821,1526,-0.0674302950501442,0.9996021389961243,0.9998910427093506,2358,781,-0.13199642300605774,0.28141269087791443,0.9994669556617737,2131,1451,-0.40729987621307373,0.2782122790813446,0.9993847608566284,2727,1260,-0.22425900399684906,0.16832365095615387,0.9982972741127014,2628,1489,-0.32957765460014343,0.09951148182153702,0.9927668571472168,2720,1389,-0.23673012852668762,0.2589868903160095,0.9951602816581726,2689,1470,-0.31721144914627075,0.1310717761516571,0.9901286959648132,2899,1190,-0.38343286514282227,0.1880449503660202,0.9809010624885559,2807,1389,-0.42090490460395813,0.09294462203979492,0.9608033895492554,1018,1038,None,None,None,None,None,None,None,None,31.56,nan,nan,nan,nan
True,/data/uabcvmsc/shared/newborn/30/27.08.24 (2)/HM20240827064058.jpeg,36.7,23.8,621,843,0.09236463159322739,0.9998759031295776,0.9999240636825562,627,775,0.13377588987350464,0.9998231530189514,0.9997740387916565,634,750,0.13342374563217163,0.9997817873954773,0.9997571110725403,648,730,0.13340817391872406,0.9998630285263062,0.9996967315673828,599,831,0.13351871073246002,0.999919056892395,0.9997486472129822,588,866,0.1330866813659668,0.9999192953109741,0.999777615070343,583,873,0.13279211521148682,0.9999395608901978,0.9997404217720032,719,728,0.2899833023548126,0.9998732805252075,0.9997945427894592,611,931,0.28914687037467957,0.9998786449432373,0.9998013377189636,724,824,0.14768780767917633,0.9999041557312012,0.9999524354934692,648,907,0.14458413422107697,0.9998908042907715,0.9999191761016846,1107,714,0.2730596661567688,0.9998971223831177,0.9999270439147949,844,1286,0.3126141428947449,0.9998015761375427,0.999897837638855,1477,610,0.17268992960453033,0.5057343244552612,0.9989744424819946,1129,1565,0.13530445098876953,0.7102677226066589,0.9992932081222534,1295,596,-0.05483511835336685,0.763852596282959,0.9999634027481079,898,1355,-0.16151052713394165,0.9432073831558228,0.9999769926071167,1281,536,-0.09572917968034744,0.8272740244865417,0.99988853931427,853,1345,-0.22225169837474823,0.9506040215492249,0.9999505281448364,1206,562,-0.1042095422744751,0.821782648563385,0.9999198913574219,820,1278,-0.21443170309066772,0.9421190023422241,0.9999661445617676,1206,594,-0.06198466569185257,0.789483368396759,0.9999639987945557,842,1271,-0.16770103573799133,0.9257060885429382,0.9999856948852539,1758,1113,-0.04844622686505318,0.9999669790267944,0.9999964237213135,1588,1446,0.04777859151363373,0.9999743700027466,0.9999980926513672,2212,1352,-0.23268018662929535,0.9355049133300781,0.99981290102005,1709,2136,-0.153049036860466,0.9296912550926208,0.9998618364334106,2365,1735,-0.1965651512145996,0.8260789513587952,0.9995341300964355,2330,1904,-0.12589812278747559,0.7940146327018738,0.9998090863227844,2403,1766,-0.19415757060050964,0.8134849667549133,0.998516857624054,2504,1806,-0.12090954184532166,0.857353150844574,0.9997298121452332,2378,1985,-0.32368946075439453,0.8374114632606506,0.9903658628463745,2564,2126,-0.22344987094402313,0.7933349609375,0.9941574335098267,976,1000,853,1312,1247,572,2466,1945,2382,1829,31.54,31.54,34.12,30.22,30.22
True,/data/uabcvmsc/shared/newborn/30/27.08.24 (2)/HM20240827064159.jpeg,36.7,24.0,640,975,0.25605642795562744,0.9999332427978516,0.9999852180480957,637,898,0.29693421721458435,0.9999436140060425,0.9999818801879883,646,887,0.2964225709438324,0.9999306201934814,0.9999853372573853,666,839,0.29659077525138855,0.9999581575393677,0.9999817609786987,613,960,0.2948809862136841,0.9999511241912842,0.999967098236084,613,971,0.29439693689346313,0.9999314546585083,0.9999630451202393,605,1006,0.2941843867301941,0.9999464750289917,0.9999489784240723,741,826,0.4090735912322998,0.9999752044677734,0.9999955892562866,669,1028,0.40171337127685547,0.9998661279678345,0.9999682903289795,726,938,0.2965282201766968,0.9998759031295776,0.9999794960021973,705,1011,0.2897884249687195,0.9998189806938171,0.9999220371246338,1154,699,0.3886737525463104,0.9998505115509033,0.9999605417251587,982,1393,0.3851461112499237,0.9975649118423462,0.9977262616157532,1467,562,0.3947206735610962,0.04463927820324898,0.9906424880027771,1214,1451,0.5231167674064636,0.009346693754196167,0.9410605430603027,1120,588,0.4190041422843933,0.040032465010881424,0.9996033310890198,992,1326,0.8205851912498474,0.0015299874357879162,0.9736426472663879,1108,604,0.4263901710510254,0.060358140617609024,0.9993318915367126,1008,1219,0.8518558144569397,0.002464144956320524,0.9681968092918396,994,645,0.4326324760913849,0.057747647166252136,0.9994687438011169,982,1196,0.873249351978302,0.002487840596586466,0.9726386070251465,1008,655,0.42509371042251587,0.04954768717288971,0.9996777772903442,994,1208,0.833272397518158,0.002984417602419853,0.9811843633651733,1934,1026,-0.0010111049050465226,0.997057318687439,0.9995108842849731,1871,1499,0.00020862794190179557,0.9846873879432678,0.9969964027404785,2603,753,-0.22304819524288177,0.22471381723880768,0.9957523345947266,2210,1708,0.22312651574611664,0.001155675621703267,0.9181246161460876,3398,750,-0.30436432361602783,0.05543174222111702,0.6979082226753235,2001,1482,0.6575334668159485,0.0001926603727042675,0.6697497963905334,3549,811,-0.31474125385284424,0.06178639084100723,0.3344357907772064,2028,1445,0.7051131129264832,0.0011632699752226472,0.757774829864502,3558,675,-0.5028252005577087,0.053621016442775726,0.24204163253307343,1891,1416,0.7111191153526306,0.0004480821080505848,0.7698363661766052,1068,1046,None,None,None,None,None,None,None,None,35.41,nan,nan,nan,nan
True,/data/uabcvmsc/shared/newborn/30/27.08.24 (2)/HM20240827064300.jpeg,36.8,23.7,685,842,0.3434634208679199,0.999945878982544,0.9999892711639404,628,834,0.32204172015190125,0.9999624490737915,0.9999862909317017,628,837,0.3216078579425812,0.9999560117721558,0.999988317489624,632,842,0.3215942978858948,0.9999713897705078,0.9999868869781494,644,805,0.3149448037147522,0.9999723434448242,0.999980092048645,650,797,0.3143642246723175,0.9999736547470093,0.9999810457229614,659,788,0.31437110900878906,0.9999769926071167,0.9999749660491943,665,903,0.25159934163093567,0.9999868869781494,0.999994158744812,707,809,0.21706001460552216,0.999947190284729,0.9999773502349854,752,904,0.3295891582965851,0.9999257326126099,0.9999897480010986,756,888,0.31532350182533264,0.9998767375946045,0.9999735355377197,968,1435,0.14647704362869263,0.9999744892120361,0.9999953508377075,1112,688,0.21696792542934418,0.9996557235717773,0.9999297857284546,1533,1207,0.1601158082485199,0.0846698060631752,0.9989870190620422,1555,776,0.12939080595970154,0.0075613269582390785,0.9916374087333679,1239,1105,0.2568645775318146,0.05163354426622391,0.9999387264251709,1184,848,0.16096091270446777,0.007863206788897514,0.996607780456543,1145,1080,0.26094111800193787,0.07874151319265366,0.9998794794082642,1093,831,0.16053302586078644,0.018660567700862885,0.995722770690918,1096,1075,0.2669003903865814,0.07565368711948395,0.9998711347579956,1037,833,0.161119282245636,0.01828521117568016,0.9962064027786255,1145,1074,0.26258957386016846,0.0750986784696579,0.9999185800552368,1065,865,0.15779119729995728,0.019493306055665016,0.997550904750824,2057,1366,-0.028105255216360092,0.9999806880950928,0.9999971389770508,2101,1051,0.027072520926594734,0.9999769926071167,0.999995231628418,2498,2111,-0.00366648705676198,0.800055980682373,0.9998757839202881,2112,1014,0.08086992800235748,0.5236909985542297,0.9999357461929321,2690,2214,-0.16879048943519592,0.6625199913978577,0.9995461106300354,2567,637,-0.5122727155685425,0.6659313440322876,0.9997590184211731,2729,2160,-0.1764483004808426,0.7988400459289551,0.9983047246932983,2867,727,-0.5648815035820007,0.7811879515647888,0.9993804693222046,2680,2482,-0.13170425593852997,0.6416633129119873,0.9980875849723816,2824,456,-0.5726006031036377,0.6893823146820068,0.9973202347755432,1040,1062,None,None,None,None,None,None,2729,2160,35.46,nan,nan,nan,nan
True,/data/uabcvmsc/shared/newborn/30/27.08.24 (2)/HM20240827064401.jpeg,36.7,23.9,771,812,0.31297874450683594,0.9979630708694458,0.9991391897201538,687,827,0.26725444197654724,0.9977542757987976,0.9992000460624695,684,840,0.2667568325996399,0.9976304769515991,0.999358594417572,680,856,0.2667861580848694,0.9982884526252747,0.9992444515228271,714,771,0.2609727382659912,0.9982782602310181,0.9989340901374817,723,759,0.26026880741119385,0.9984275102615356,0.9991034865379333,732,747,0.2601928114891052,0.9989782571792603,0.9989774227142334,710,939,0.11242648959159851,0.9995070695877075,0.9997513890266418,777,752,0.08171019703149796,0.9987841248512268,0.9994655251502991,839,885,0.2783763110637665,0.9977512955665588,0.9993808269500732,856,831,0.26451218128204346,0.9978055357933044,0.998619794845581,1001,1425,0.06951110810041428,0.9997219443321228,0.9997974038124084,1243,638,0.08580838143825531,0.9994252920150757,0.9989472031593323,1466,1386,0.2765386700630188,0.08320605009794235,0.980746328830719,1601,971,0.29070281982421875,0.011839188635349274,0.9329448342323303,1230,1230,0.6011219620704651,0.030958915129303932,0.9851434826850891,1360,953,0.6233615279197693,0.025562001392245293,0.9806495904922485,1163,1228,0.6439099311828613,0.04882233962416649,0.9800735116004944,1306,919,0.6562896966934204,0.05071697011590004,0.9782184958457947,1115,1178,0.6389915347099304,0.04870760813355446,0.9777776002883911,1237,930,0.6560636162757874,0.05364007502794266,0.9786335229873657,1155,1155,0.6094692945480347,0.04420781880617142,0.9823557734489441,1247,972,0.6270574331283569,0.047213610261678696,0.9839287996292114,2238,1553,0.018560141324996948,0.9783300757408142,0.9823436737060547,2358,1279,-0.019151221960783005,0.9828613996505737,0.9739195704460144,2755,1307,0.49766820669174194,0.005717047490179539,0.7895780205726624,3053,1138,0.34908297657966614,0.010451440699398518,0.8473017811775208,3546,1225,0.7078186869621277,0.005888290703296661,0.20295260846614838,3789,1292,0.5018740296363831,0.011181351728737354,0.0735970139503479,3715,1232,0.7274763584136963,0.0313580296933651,0.10395855456590652,3927,1366,0.5193489193916321,0.03199441358447075,0.052284691482782364,3619,1136,0.7501043081283569,0.005983669776469469,0.286007285118103,3890,1162,0.5144087076187134,0.007620748598128557,0.12905603647232056,1122,1032,None,None,None,None,None,None,None,None,31.58,nan,nan,nan,nan
True,/data/uabcvmsc/shared/newborn/30/27.08.24 (2)/HM20240827064502.jpeg,36.4,23.9,951,577,0.45119836926460266,0.9999279975891113,0.9999992847442627,911,545,0.4215953052043915,0.999941349029541,0.9999986886978149,905,551,0.4212533235549927,0.999916672706604,0.9999986886978149,902,559,0.42114076018333435,0.9999513626098633,0.9999980926513672,929,521,0.4173804521560669,0.9999628067016602,0.9999983310699463,938,512,0.41681617498397827,0.9999527931213379,0.9999983310699463,947,502,0.4167344570159912,0.9999673366546631,0.9999974966049194,938,593,0.29435744881629944,0.9999610185623169,0.999998927116394,1010,500,0.27458956837654114,0.9999250173568726,0.9999982118606567,982,646,0.4159097969532013,0.999610960483551,0.9999960660934448,992,625,0.40672996640205383,0.9995514750480652,0.999991774559021,1044,1068,0.2476431429386139,0.9999202489852905,0.9999920129776001,1425,470,0.15790224075317383,0.9999442100524902,0.9999828338623047,1224,1436,0.36873897910118103,0.007929482497274876,0.999233603477478,1786,583,0.25056928396224976,0.0023134262301027775,0.9990045428276062,1090,1133,0.6885377764701843,0.001669112709350884,0.9998743534088135,1485,507,0.599412739276886,0.0020575476810336113,0.9992875456809998,1058,1070,0.749197244644165,0.0031230130698531866,0.9997891783714294,1418,452,0.6568055748939514,0.004373108968138695,0.9988813996315002,1064,1001,0.7446927428245544,0.002997385337948799,0.9997311234474182,1386,480,0.6673162579536438,0.0042207795195281506,0.9985582232475281,1095,1020,0.6945691704750061,0.0031787387561053038,0.9998210072517395,1418,513,0.6098069548606873,0.0039280252531170845,0.9991492033004761,1839,1557,0.04467983916401863,0.9999655485153198,0.9999964237213135,2031,1203,-0.04550408944487572,0.9999816417694092,0.9999955892562866,2211,1983,-0.007129637524485588,0.03540698438882828,0.9998031258583069,2526,1025,-0.021569591015577316,0.09086759388446808,0.9999399185180664,2349,1772,-0.3041079044342041,0.029441913589835167,0.999634861946106,2831,1486,-0.4651167690753937,0.1437426507472992,0.9992594122886658,2395,1729,-0.3278656005859375,0.2530723214149475,0.9988625049591064,2909,1630,-0.5026471614837646,0.2678481340408325,0.9979715943336487,2378,1685,-0.2474507838487625,0.049881406128406525,0.9986068606376648,3111,1564,-0.4660724401473999,0.1343722641468048,0.9965842962265015,1234,769,None,None,None,None,None,None,None,None,35.76,nan,nan,nan,nan
True,/data/uabcvmsc/shared/newborn/30/27.08.24 (2)/HM20240827064603.jpeg,36.7,23.4,1039,486,0.5161444544792175,0.9998435974121094,0.9999991655349731,1004,455,0.5027245283126831,0.9998154044151306,0.999997615814209,1004,457,0.502515435218811,0.9995958209037781,0.9999972581863403,1005,461,0.5023170113563538,0.9998359680175781,0.999995231628418,1010,447,0.500506579875946,0.9999274015426636,0.9999972581863403,1014,444,0.4999225437641144,0.9998712539672852,0.9999971389770508,1017,441,0.4998571574687958,0.9999405145645142,0.9999957084655762,1049,503,0.4192795157432556,0.9997921586036682,0.9999978542327881,1076,455,0.40865203738212585,0.9997455477714539,0.9999973773956299,1093,523,0.4939276874065399,0.9987818598747253,0.9999939203262329,1094,522,0.4870873987674713,0.9989387392997742,0.9999899864196777,1138,991,0.37064990401268005,0.9998716115951538,0.9999829530715942,1554,436,0.2842223048210144,0.9999294281005859,0.9999791383743286,1368,1330,0.47250163555145264,0.0003551466506905854,0.9992786049842834,1859,563,0.3974337577819824,0.0005397357745096087,0.9996240139007568,1225,1128,0.8329166769981384,2.921007944678422e-05,0.9986104965209961,1619,514,0.7991102337837219,0.0002623896289151162,0.9986717700958252,1209,1117,0.9061439037322998,6.058342842152342e-05,0.9954540729522705,1563,468,0.860548734664917,0.00043263041879981756,0.9956547021865845,1204,1070,0.9148679971694946,5.4353600717149675e-05,0.9951098561286926,1539,496,0.8899006843566895,0.00039443685091100633,0.9951685667037964,1245,1068,0.8471136689186096,6.088528971304186e-05,0.9970627427101135,1578,519,0.8180015087127686,0.0003843774611596018,0.9973714351654053,2002,1532,0.060744382441043854,0.9999444484710693,0.9999983310699463,2194,1234,-0.0615600161254406,0.9999778270721436,0.9999985694885254,2536,2134,-0.007199899293482304,0.0001930106373038143,0.9970090985298157,2926,1253,-0.20745143294334412,0.0038059765938669443,0.9995762705802917,2546,2209,-0.3041309416294098,0.00010156763164559379,0.9946327209472656,3053,1833,-0.7846745252609253,0.00247109099291265,0.9958874583244324,2538,2150,-0.3297320008277893,0.0019899767357856035,0.9864003658294678,2847,1902,-0.8378404378890991,0.007604808080941439,0.9893386363983154,2587,2372,-0.25934508442878723,0.0002225504140369594,0.9872919321060181,3228,1993,-0.838561475276947,0.0033079783897846937,0.9694104194641113,1346,714,None,None,None,None,None,None,None,None,36.02,nan,nan,nan,nan
False,/data/uabcvmsc/shared/newborn/30/27.08.24 (2)/HM20240827064704.jpeg,37.0,23.9
False,/data/uabcvmsc/shared/newborn/30/27.08.24 (2)/HM20240827064805.jpeg,37.1,24.1
False,/data/uabcvmsc/shared/newborn/30/27.08.24 (2)/HM20240827064906.jpeg,36.8,23.9
False,/data/uabcvmsc/shared/newborn/30/27.08.24 (2)/HM20240827065007.jpeg,36.5,23.6
False,/data/uabcvmsc/shared/newborn/30/27.08.24 (2)/HM20240827065108.jpeg,36.6,23.8
False,/data/uabcvmsc/shared/newborn/30/27.08.24 (2)/HM20240827065209.jpeg,36.8,23.6
False,/data/uabcvmsc/shared/newborn/30/27.08.24 (2)/HM20240827065311.jpeg,36.9,23.7
False,/data/uabcvmsc/shared/newborn/30/27.08.24 (2)/HM20240827065413.jpeg,36.7,23.6
False,/data/uabcvmsc/shared/newborn/30/27.08.24 (2)/HM20240827065514.jpeg,36.6,23.6
False,/data/uabcvmsc/shared/newborn/30/27.08.24 (2)/HM20240827065615.jpeg,37.0,23.8
False,/data/uabcvmsc/shared/newborn/30/27.08.24 (2)/HM20240827065718.jpeg,37.0,24.2
False,/data/uabcvmsc/shared/newborn/30/27.08.24 (2)/HM20240827065819.jpeg,37.0,24.2
False,/data/uabcvmsc/shared/newborn/30/27.08.24 (2)/HM20240827065920.jpeg,37.1,23.8
False,/data/uabcvmsc/shared/newborn/30/27.08.24 (2)/HM20240827070021.jpeg,36.5,23.5
False,/data/uabcvmsc/shared/newborn/30/27.08.24 (2)/HM20240827070122.jpeg,36.6,23.5
False,/data/uabcvmsc/shared/newborn/30/27.08.24 (2)/HM20240827070223.jpeg,36.8,23.5
False,/data/uabcvmsc/shared/newborn/30/27.08.24 (2)/HM20240827070324.jpeg,36.5,23.5
False,/data/uabcvmsc/shared/newborn/30/27.08.24 (2)/HM20240827070425.jpeg,36.6,23.5
False,/data/uabcvmsc/shared/newborn/30/27.08.24 (2)/HM20240827070526.jpeg,36.8,24.0
False,/data/uabcvmsc/shared/newborn/30/27.08.24 (2)/HM20240827070628.jpeg,37.0,23.9
False,/data/uabcvmsc/shared/newborn/30/27.08.24 (2)/HM20240827070729.jpeg,37.1,23.7
True,/data/uabcvmsc/shared/newborn/30/27.08.24 (2)/HM20240827070832.jpeg,37.0,23.9,2913,1976,-0.6254761815071106,0.002888675779104233,0.0017162526492029428,2914,2091,-0.6734604239463806,0.0017406388651579618,0.0014552334323525429,2904,2122,-0.6747592687606812,0.0018635252490639687,0.002233901061117649,2891,2150,-0.6748720407485962,0.0031074569560587406,0.002229264471679926,2953,2029,-0.6775256991386414,0.0020319363102316856,0.0009637236362323165,2965,2015,-0.6787983775138855,0.002649544272571802,0.0013278004480525851,2979,2003,-0.6799746751785278,0.003897761693224311,0.001369405072182417,2884,2272,-0.7078152298927307,0.012290316633880138,0.007015750743448734,3038,2077,-0.7187672257423401,0.004108680412173271,0.002383075887337327,2893,2015,-0.6014414429664612,0.013035991229116917,0.025205060839653015,2930,1948,-0.6111827492713928,0.008290787227451801,0.0081072011962533,2663,2296,-0.6196960806846619,0.990895688533783,0.965242862701416,3083,1767,-0.5999736189842224,0.8357431292533875,0.4227047264575958,2003,1804,-0.4144623875617981,0.2224837839603424,0.8992639183998108,2574,968,-0.6666101813316345,0.03104141354560852,0.4478478729724884,1980,1000,-0.23703642189502716,0.05721578001976013,0.8596762418746948,2616,713,-0.7271069288253784,0.029627181589603424,0.46066710352897644,1993,832,-0.2357703596353531,0.05705063045024872,0.7095932960510254,2648,666,-0.8044642806053162,0.02861219272017479,0.33976075053215027,2086,827,-0.2733365297317505,0.06303856521844864,0.6917303204536438,2714,703,-0.812559187412262,0.030876098200678825,0.30150124430656433,2105,880,-0.24123713374137878,0.06147545576095581,0.7738973498344421,2675,757,-0.7405888438224792,0.02856433019042015,0.4417765140533447,2309,667,0.01112764049321413,0.997703492641449,0.9974040389060974,2506,469,-0.012044364586472511,0.9956682920455933,0.9935227632522583,2087,264,0.7762471437454224,0.06546767801046371,0.9536764025688171,2248,200,0.7334118485450745,0.0372011624276638,0.8957490921020508,1836,-275,1.4258111715316772,0.11298825591802597,0.8196984529495239,2102,-191,1.4286001920700073,0.053464118391275406,0.7227004170417786,1779,-331,1.4883930683135986,0.04396839439868927,0.6784036159515381,2157,32,1.5046207904815674,0.03829474374651909,0.7562928795814514,1872,-614,1.3842747211456299,0.059772294014692307,0.5048330426216125,2037,-481,1.4637669324874878,0.03505253791809082,0.5159710049629211,None,None,None,None,None,None,None,None,None,None,nan,nan,nan,nan,nan
False,/data/uabcvmsc/shared/newborn/30/27.08.24 (2)/HM20240827070933.jpeg,37.4,24.0
False,/data/uabcvmsc/shared/newborn/30/27.08.24 (2)/HM20240827071034.jpeg,37.3,24.0
False,/data/uabcvmsc/shared/newborn/30/27.08.24 (2)/HM20240827071135.jpeg,37.4,24.0
False,/data/uabcvmsc/shared/newborn/30/27.08.24 (2)/HM20240827071236.jpeg,37.5,24.1
False,/data/uabcvmsc/shared/newborn/30/27.08.24 (2)/HM20240827071337.jpeg,37.4,23.9
False,/data/uabcvmsc/shared/newborn/30/27.08.24 (2)/HM20240827071438.jpeg,37.5,23.7
False,/data/uabcvmsc/shared/newborn/30/27.08.24 (2)/HM20240827071540.jpeg,37.8,23.9
False,/data/uabcvmsc/shared/newborn/30/27.08.24 (2)/HM20240827071641.jpeg,37.8,24.2
False,/data/uabcvmsc/shared/newborn/30/27.08.24 (2)/HM20240827071742.jpeg,37.5,23.9
False,/data/uabcvmsc/shared/newborn/30/27.08.24 (2)/HM20240827071843.jpeg,37.8,24.2
False,/data/uabcvmsc/shared/newborn/30/27.08.24 (2)/HM20240827071946.jpeg,37.7,23.8
False,/data/uabcvmsc/shared/newborn/30/27.08.24 (2)/HM20240827072047.jpeg,38.0,23.9
False,/data/uabcvmsc/shared/newborn/30/27.08.24 (2)/HM20240827072148.jpeg,38.0,24.1
False,/data/uabcvmsc/shared/newborn/30/27.08.24 (2)/HM20240827072250.jpeg,38.0,24.0
False,/data/uabcvmsc/shared/newborn/30/27.08.24 (2)/HM20240827072352.jpeg,37.8,23.7
False,/data/uabcvmsc/shared/newborn/30/27.08.24 (2)/HM20240827072453.jpeg,37.6,23.4
False,/data/uabcvmsc/shared/newborn/30/27.08.24 (2)/HM20240827072554.jpeg,37.8,23.9
False,/data/uabcvmsc/shared/newborn/30/27.08.24 (2)/HM20240827072655.jpeg,38.0,23.4
False,/data/uabcvmsc/shared/newborn/30/27.08.24 (2)/HM20240827072756.jpeg,37.8,22.7
False,/data/uabcvmsc/shared/newborn/30/27.08.24 (2)/HM20240827072858.jpeg,37.5,23.1
False,/data/uabcvmsc/shared/newborn/30/27.08.24 (2)/HM20240827073000.jpeg,37.8,23.5
False,/data/uabcvmsc/shared/newborn/30/27.08.24 (2)/HM20240827073102.jpeg,37.8,25.1
False,/data/uabcvmsc/shared/newborn/30/27.08.24 (2)/HM20240827073203.jpeg,36.5,21.1
True,/data/uabcvmsc/shared/newborn/30/27.08.24 (2)/HM20240827073305.jpeg,36.4,21.7,1034,1132,0.3185451328754425,0.997248113155365,0.9998350143432617,966,1092,0.27187615633010864,0.9975537657737732,0.9998248219490051,967,1092,0.2715655565261841,0.9973044395446777,0.9998263716697693,968,1095,0.2716499865055084,0.9972585439682007,0.9997515082359314,962,1071,0.3133571147918701,0.9986274242401123,0.9997910857200623,956,1033,0.31288427114486694,0.9989103078842163,0.9998160004615784,958,1017,0.3127332329750061,0.9991363883018494,0.9997678399085999,993,1034,0.10932718962430954,0.9985368251800537,0.9996641874313354,1017,916,0.2988303303718567,0.9989303946495056,0.9996975660324097,1109,1112,0.2744114100933075,0.9938228130340576,0.9995099306106567,1113,1088,0.32552623748779297,0.9939864873886108,0.9989839196205139,1173,1154,-0.034614212810993195,0.999138593673706,0.9989513158798218,1395,603,0.3101142346858978,0.9980072379112244,0.9982434511184692,1199,1394,-0.32039618492126465,0.6797816157341003,0.9819730520248413,1917,501,0.38471075892448425,0.022891273722052574,0.9589623212814331,1125,1614,-0.5248363614082336,0.6205707788467407,0.9749820232391357,2055,669,0.4058150351047516,0.016380928456783295,0.9916841983795166,1124,1677,-0.58636474609375,0.7173119783401489,0.9608532190322876,2101,674,0.4071130156517029,0.03168050944805145,0.9923936128616333,1082,1643,-0.5565282106399536,0.7223501205444336,0.9682086110115051,2067,751,0.36954566836357117,0.0328647643327713,0.9919044375419617,1096,1603,-0.5150019526481628,0.6137643456459045,0.9760875701904297,2041,762,0.3894649147987366,0.031880076974630356,0.9944552779197693,2221,1037,-0.08019280433654785,0.9961975812911987,0.9953020811080933,2260,678,0.0794258564710617,0.9967905879020691,0.9972689747810364,2649,1281,0.3479771912097931,0.12953715026378632,0.9766330718994141,2789,643,0.29095664620399475,0.268384724855423,0.9919488430023193,3044,1191,0.48854827880859375,0.310838907957077,0.8517287373542786,3390,520,0.28263017535209656,0.2840368151664734,0.8048872351646423,3166,1107,0.4974271059036255,0.5969743132591248,0.7019284963607788,3509,495,0.27986785769462585,0.4762292206287384,0.6777558326721191,2969,1341,0.4430312216281891,0.20926636457443237,0.8858002424240112,3431,519,0.2075810730457306,0.18730778992176056,0.8214285373687744,1284,878,None,None,1103,1660,None,None,None,None,35.65,nan,33.46,nan,nan
True,/data/uabcvmsc/shared/newborn/30/27.08.24 (2)/HM20240827073406.jpeg,36.2,19.9,1113,563,0.14273019134998322,0.9979891777038574,0.9994316697120667,1076,516,0.17139624059200287,0.9976933598518372,0.9991644620895386,1085,496,0.17096419632434845,0.9977133274078369,0.9991463422775269,1097,477,0.1710561364889145,0.9979168772697449,0.9988610744476318,1046,570,0.16027365624904633,0.9984489679336548,0.9989493489265442,1036,592,0.15977954864501953,0.9987170696258545,0.9990235567092896,1024,614,0.15949758887290955,0.9988607168197632,0.9987402558326721,1138,486,0.2921147048473358,0.9988195300102234,0.9991368651390076,1034,676,0.24119450151920319,0.998429000377655,0.9987717270851135,1195,571,0.19237437844276428,0.9916877150535583,0.9977315068244934,1160,640,0.17381548881530762,0.9908066391944885,0.9960237741470337,1509,436,0.2566887438297272,0.9970935583114624,0.9981669187545776,1225,1031,0.24280764162540436,0.9938151836395264,0.9943761825561523,1816,605,0.21765972673892975,0.0433601513504982,0.9775116443634033,1579,965,0.278546541929245,0.036032870411872864,0.9790991544723511,1770,754,0.1595330536365509,0.02871246449649334,0.9907219409942627,1444,938,0.3742128908634186,0.07796812802553177,0.9961452484130859,1806,801,0.1502983123064041,0.07495743036270142,0.9816091656684875,1429,943,0.3742319643497467,0.17225803434848785,0.9933384656906128,1719,799,0.14019712805747986,0.08188620954751968,0.9817304611206055,1373,923,0.36776837706565857,0.18032576143741608,0.9937921166419983,1712,790,0.15578511357307434,0.08145301789045334,0.9891054034233093,1383,915,0.37228888273239136,0.19606655836105347,0.9966968297958374,2281,791,-0.005016083363443613,0.9987051486968994,0.9995266199111938,2222,1108,0.0045733992010355,0.9983376264572144,0.999473512172699,2388,527,-0.14618098735809326,0.8127366304397583,0.9956859350204468,2325,1486,-0.21380046010017395,0.7653475999832153,0.9965072274208069,2997,987,-0.2994738519191742,0.7863537669181824,0.9796017408370972,3030,1128,-0.24574676156044006,0.6242586970329285,0.9841408729553223,3072,1114,-0.3162129521369934,0.7040847539901733,0.930898129940033,3157,1022,-0.24305115640163422,0.6950667500495911,0.9726999402046204,3126,1157,-0.43125391006469727,0.6548864841461182,0.7350359559059143,3166,1223,-0.3073030412197113,0.4893374443054199,0.8231369256973267,1367,734,None,None,None,None,None,None,None,None,35.37,nan,nan,nan,nan
False,/data/uabcvmsc/shared/newborn/30/27.08.24 (2)/HM20240827073507.jpeg,36.7,22.2
False,/data/uabcvmsc/shared/newborn/30/27.08.24 (2)/HM20240827073608.jpeg,37.8,18.5
False,/data/uabcvmsc/shared/newborn/30/27.08.24 (2)/HM20240827073709.jpeg,36.4,18.9
True,/data/uabcvmsc/shared/newborn/30/27.08.24 (2)/HM20240827073811.jpeg,38.4,19.1,2470,345,-0.6970008611679077,0.9999994039535522,1.0,2752,389,-0.6502541303634644,0.9999995231628418,0.9999998807907104,2798,465,-0.6507278084754944,0.9999990463256836,0.9999997615814209,2828,531,-0.6504613161087036,0.9999992847442627,0.9999995231628418,2617,159,-0.6370994448661804,0.9999997615814209,0.9999998807907104,2590,75,-0.6379837393760681,0.9999996423721313,0.9999998807907104,2573,15,-0.6383874416351318,0.9999997615814209,0.9999997615814209,2899,753,-0.3625851273536682,0.9999984502792358,0.9999984502792358,2580,10,-0.30306440591812134,0.9999990463256836,0.9999995231628418,2418,563,-0.5812491774559021,0.9999532699584961,0.999994158744812,2296,311,-0.5679932832717896,0.9999687671661377,0.9999929666519165,2409,1155,-0.2570101022720337,0.9998632669448853,0.9999028444290161,2118,120,-0.12073194235563278,0.9999184608459473,0.9999866485595703,1868,1466,-0.2975504696369171,0.4617578089237213,0.9930645823478699,1421,280,-0.18952982127666473,0.5160843133926392,0.9996196031570435,1414,1189,-0.2956482768058777,0.26319536566734314,0.9973630309104919,1439,683,-0.3717067241668701,0.8175702095031738,0.9999136924743652,1256,1148,-0.30883365869522095,0.3283529579639435,0.9897518157958984,1343,770,-0.40890222787857056,0.8432012796401978,0.9994239807128906,1378,1036,-0.30129677057266235,0.33488163352012634,0.9935570359230042,1439,776,-0.40372398495674133,0.8453461527824402,0.9996755123138428,1425,1029,-0.28617680072784424,0.33790913224220276,0.9969189167022705,1501,772,-0.3719191253185272,0.8334020376205444,0.9998903274536133,1487,1337,-0.05855772644281387,0.9993510842323303,0.9999598264694214,1407,740,0.057894229888916016,0.9996240139007568,0.9999911785125732,888,1981,-0.07847996801137924,0.33644726872444153,0.9802234172821045,1181,347,-0.16145819425582886,0.31019484996795654,0.9989412426948547,905,1008,0.12648089230060577,0.08215835690498352,0.9974396228790283,885,654,-0.07940596342086792,0.11683433502912521,0.9990230798721313,953,905,0.15896697342395782,0.13296914100646973,0.9961233735084534,911,775,-0.052904464304447174,0.2148868590593338,0.9990153312683105,548,584,0.2520659565925598,0.10194671899080276,0.9893803596496582,593,487,0.06092638522386551,0.14026367664337158,0.9890457391738892,2264,638,1430,750,None,None,None,None,None,None,36.43,28.71,nan,nan,nan
True,/data/uabcvmsc/shared/newborn/30/27.08.24 (2)/HM20240827073912.jpeg,38.7,18.1,2842,1368,-0.4766410291194916,0.9999359846115112,0.9999840259552002,3105,1353,-0.43177610635757446,0.9999183416366577,0.9999675750732422,3143,1415,-0.43254855275154114,0.9999213218688965,0.9999674558639526,3164,1443,-0.4325614869594574,0.9999350309371948,0.9999527931213379,2988,1208,-0.46711471676826477,0.9999381303787231,0.9999556541442871,2973,1144,-0.46795573830604553,0.9999390840530396,0.9999505281448364,2959,1080,-0.4682578444480896,0.9999352693557739,0.9999173879623413,3144,1330,-0.1855246126651764,0.999941349029541,0.9999599456787109,2801,754,-0.3347536027431488,0.9998756647109985,0.9998655319213867,2713,1435,-0.3735739588737488,0.999413013458252,0.999876856803894,2643,1282,-0.42182692885398865,0.999359667301178,0.9996275901794434,2484,1597,-0.14358583092689514,0.9998190999031067,0.999948263168335,2458,582,-0.19503557682037354,0.9990676045417786,0.9996121525764465,1866,1709,-0.17650695145130157,0.28076744079589844,0.9961399435997009,2033,350,-0.16441993415355682,0.7940322160720825,0.9953532218933105,1848,1925,-0.31739458441734314,0.5066155195236206,0.9988106489181519,2473,437,-0.11106889694929123,0.8611759543418884,0.9994956254959106,1831,1987,-0.33398932218551636,0.6398853063583374,0.9976170659065247,2599,401,-0.11025980859994888,0.8903040885925293,0.9986421465873718,2051,2013,-0.365660697221756,0.6766932010650635,0.9977454543113708,2655,497,-0.1149139404296875,0.8964167833328247,0.9989209175109863,2030,1926,-0.33282628655433655,0.6954098343849182,0.9986622333526611,2595,537,-0.11308006942272186,0.8820583820343018,0.9995331764221191,1318,1394,-0.014091087505221367,0.9989727735519409,0.9998313188552856,1321,854,0.013432705774903297,0.9991163611412048,0.9998304843902588,731,1780,0.06725028157234192,0.4164874851703644,0.9952647686004639,1040,569,0.20033085346221924,0.459340363740921,0.9979211688041687,1281,1414,0.37984880805015564,0.11760182678699493,0.9967305660247803,1103,863,0.37457841634750366,0.2714284658432007,0.9969300627708435,1357,1346,0.42221012711524963,0.2164313644170761,0.99473637342453,1086,965,0.40572062134742737,0.3257875144481659,0.9971081614494324,1322,1291,0.5362813472747803,0.14555887877941132,0.9892281293869019,1014,863,0.5060209631919861,0.2190658450126648,0.9829692244529724,2471,1090,2580,468,None,None,None,None,None,None,30.46,30.46,nan,nan,nan
True,/data/uabcvmsc/shared/newborn/30/27.08.24 (2)/HM20240827074015.jpeg,38.7,18.9,2887,1283,-0.7287735342979431,0.9997674822807312,0.9998356103897095,3107,1291,-0.6813599467277527,0.9996311664581299,0.9998371601104736,3137,1338,-0.6820937395095825,0.9996564388275146,0.9998624324798584,3157,1363,-0.6819947957992554,0.999656081199646,0.99980229139328,3011,1043,-0.7070745229721069,0.9996373653411865,0.9997379183769226,2979,955,-0.7078759670257568,0.9996405839920044,0.9997149109840393,2959,900,-0.708391010761261,0.9995228052139282,0.9995032548904419,3138,1299,-0.40755829215049744,0.9998891353607178,0.9999231100082397,2863,732,-0.5194531083106995,0.9996286630630493,0.9994152784347534,2757,1370,-0.6148903965950012,0.9960592985153198,0.997844934463501,2678,1192,-0.6515777111053467,0.9941909909248352,0.9906774759292603,2552,1546,-0.2671354413032532,0.9985400438308716,0.9991057515144348,2465,547,-0.3059990108013153,0.9772353768348694,0.9671324491500854,2217,1689,-0.05242721736431122,0.22585560381412506,0.9588232040405273,2273,96,-0.11710824072360992,0.34301310777664185,0.7390778660774231,2129,2066,0.26235875487327576,0.1127244234085083,0.8618269562721252,2529,103,0.1984439194202423,0.03736366704106331,0.6934782266616821,2144,2178,0.30809450149536133,0.1284172236919403,0.8415747880935669,2572,103,0.22858752310276031,0.04594419524073601,0.6659886240959167,2148,2221,0.2682454586029053,0.16334129869937897,0.8018049001693726,2645,140,0.23578070104122162,0.053371772170066833,0.6404562592506409,2133,2145,0.251966267824173,0.19729863107204437,0.8277373909950256,2643,160,0.20303067564964294,0.06265641748905182,0.7336589097976685,1528,1332,0.012181774713099003,0.9946410655975342,0.9978298544883728,1473,899,-0.012361260131001472,0.993622362613678,0.9962504506111145,1325,1376,0.6197381615638733,0.22917179763317108,0.9965953230857849,1242,659,0.568096399307251,0.3238943815231323,0.9962769150733948,1179,1277,1.1625093221664429,0.31753578782081604,0.9970679879188538,1193,376,1.0892949104309082,0.5122421383857727,0.9894070029258728,1143,1232,1.21786367893219,0.3874071538448334,0.9950154423713684,1201,350,1.1436035633087158,0.4219605624675751,0.9915807843208313,1060,1310,1.1650503873825073,0.3024066090583801,0.9862657189369202,967,340,1.0722829103469849,0.3697429895401001,0.9603185057640076,2508,1046,None,None,None,None,None,None,None,None,36.68,nan,nan,nan,nan
True,/data/uabcvmsc/shared/newborn/30/27.08.24 (2)/HM20240827074116.jpeg,38.8,17.7,2883,1460,-0.4356352686882019,0.9999077320098877,0.9999814033508301,3088,1468,-0.394532710313797,0.9998847246170044,0.9999736547470093,3109,1499,-0.39529576897621155,0.9998779296875,0.9999765157699585,3130,1545,-0.3952549993991852,0.9999064207077026,0.9999667406082153,2998,1309,-0.430828332901001,0.9998980760574341,0.9999561309814453,2994,1252,-0.4316038191318512,0.9998914003372192,0.9999486207962036,2991,1194,-0.43188613653182983,0.9998894929885864,0.9999071359634399,3003,1476,-0.16980800032615662,0.9999279975891113,0.9999744892120361,2913,919,-0.32954171299934387,0.9998013377189636,0.9998486042022705,2752,1465,-0.3413419723510742,0.9989556074142456,0.9997686743736267,2727,1333,-0.3919815719127655,0.9987706542015076,0.9993079900741577,2504,1574,-0.12303296476602554,0.9996944665908813,0.9998834133148193,2554,594,-0.2170441597700119,0.9973700046539307,0.9985138773918152,2110,1745,-0.20161113142967224,0.1493738442659378,0.9919735193252563,2189,299,-0.213902086019516,0.5085427165031433,0.9777199029922485,2043,1882,-0.36716538667678833,0.14489887654781342,0.9913662075996399,2687,477,-0.10146187245845795,0.310696005821228,0.9959163069725037,2007,1928,-0.3929007947444916,0.2337949126958847,0.9826493263244629,2662,609,-0.09645991027355194,0.3599286377429962,0.9917894601821899,2099,1909,-0.40369051694869995,0.2545963227748871,0.9845113754272461,2818,596,-0.08112502098083496,0.36266839504241943,0.9934006929397583,2105,1849,-0.3762659430503845,0.29312828183174133,0.9901643395423889,2784,617,-0.09343649446964264,0.3463984429836273,0.9965906143188477,1406,1304,-0.006063068751245737,0.9989877343177795,0.9998303651809692,1442,808,0.005304818041622639,0.998506486415863,0.9997161030769348,875,1450,0.2513154149055481,0.13675165176391602,0.9982688426971436,1149,512,0.3514977991580963,0.08262112736701965,0.9984922409057617,892,1318,0.5425388813018799,0.09443411976099014,0.9904589653015137,1255,430,0.6401645541191101,0.07184010744094849,0.9909495711326599,884,1292,0.5758973360061646,0.22622905671596527,0.9805528521537781,1129,568,0.6771509051322937,0.14549094438552856,0.991457998752594,758,1287,0.6174796223640442,0.11797267198562622,0.947724461555481,1166,314,0.7392301559448242,0.07575767487287521,0.9568484425544739,2529,1084,None,None,None,None,None,None,None,None,30.36,nan,nan,nan,nan
True,/data/uabcvmsc/shared/newborn/30/27.08.24 (2)/HM20240827074217.jpeg,38.8,17.4,2843,1459,-0.41131603717803955,0.9908725619316101,0.9969316720962524,2956,1443,-0.383085161447525,0.9873785376548767,0.9963065385818481,2965,1468,-0.3839346468448639,0.988884449005127,0.9973669648170471,2970,1494,-0.3839386999607086,0.9918982982635498,0.9972364902496338,2946,1354,-0.42093977332115173,0.9872857928276062,0.9933146834373474,2944,1311,-0.42179441452026367,0.9883864521980286,0.9934158325195312,2944,1268,-0.42221999168395996,0.9890617728233337,0.990851104259491,2958,1436,-0.20336537063121796,0.996110737323761,0.9987474679946899,2926,1113,-0.3703583776950836,0.9873140454292297,0.9901868104934692,2708,1450,-0.3322196304798126,0.98453289270401,0.9969576597213745,2680,1338,-0.3850051760673523,0.9799158573150635,0.9898391962051392,2452,1592,-0.1587010771036148,0.9996811151504517,0.9998632669448853,2582,610,-0.25571534037590027,0.99617600440979,0.9964969754219055,2002,1673,-0.18253858387470245,0.25390559434890747,0.9961979985237122,2195,314,-0.2085302323102951,0.45422449707984924,0.9728828072547913,1983,1833,-0.336849570274353,0.42413198947906494,0.9984277486801147,2623,480,-0.08901438862085342,0.4107918441295624,0.9979547262191772,1908,1904,-0.3668098449707031,0.5293993353843689,0.9971497654914856,2601,601,-0.09211079031229019,0.4573887288570404,0.9970270991325378,1998,1893,-0.3926372826099396,0.5667516589164734,0.9970345497131348,2741,574,-0.08450441807508469,0.4658554196357727,0.9972665309906006,2002,1830,-0.35177987813949585,0.5821647644042969,0.9981558918952942,2715,603,-0.08466228097677231,0.4074898958206177,0.9984868764877319,1396,1278,-0.00901667308062315,0.9994615912437439,0.9999085664749146,1481,774,0.008330728858709335,0.9991540908813477,0.9998161196708679,1011,1407,0.3635633587837219,0.1620921939611435,0.9994416832923889,1257,531,0.4261282980442047,0.1307389736175537,0.9993452429771423,986,1346,0.7371394038200378,0.2134959101676941,0.9973574280738831,1097,487,0.8005097508430481,0.18305867910385132,0.9968599081039429,860,1324,0.7758322954177856,0.2966347336769104,0.9942259192466736,1048,540,0.8439179062843323,0.23974144458770752,0.9968706965446472,829,1292,0.760551393032074,0.25264421105384827,0.9819926023483276,953,341,0.8515418767929077,0.18996430933475494,0.9834381937980652,2517,1101,None,None,None,None,None,None,None,None,30.16,nan,nan,nan,nan
True,/data/uabcvmsc/shared/newborn/30/27.08.24 (2)/HM20240827074318.jpeg,38.8,19.6,2751,1197,-0.39588871598243713,0.9999996423721313,1.0,2959,1169,-0.35375070571899414,0.9999995231628418,1.0,2998,1215,-0.35426631569862366,0.9999995231628418,1.0,3017,1239,-0.3541298508644104,0.9999996423721313,1.0,2818,987,-0.3759637176990509,0.9999994039535522,0.9999998807907104,2788,928,-0.37643739581108093,0.9999991655349731,0.9999998807907104,2766,874,-0.3765229284763336,0.9999990463256836,0.9999996423721313,3013,1196,-0.131074458360672,0.9999996423721313,1.0,2710,711,-0.22861075401306152,0.9999971389770508,0.9999990463256836,2681,1266,-0.3042384386062622,0.999984622001648,0.9999984502792358,2602,1135,-0.3360655903816223,0.9999690055847168,0.9999909400939941,2503,1403,-0.10247733443975449,0.9999858140945435,0.999997615814209,2469,593,-0.08986493945121765,0.9992154836654663,0.9997202754020691,2031,1677,-0.15500923991203308,0.7870877385139465,0.9996448755264282,2200,315,-0.13479433953762054,0.4511185884475708,0.9960886240005493,1722,1657,-0.22074005007743835,0.8658289313316345,0.9998218417167664,2540,432,-0.05548274889588356,0.3724185526371002,0.9996936321258545,1580,1741,-0.24000978469848633,0.8455754518508911,0.9993372559547424,2621,445,-0.04893830418586731,0.3914201259613037,0.9992469549179077,1615,1647,-0.23805195093154907,0.8538406491279602,0.9994528889656067,2648,490,-0.027280015870928764,0.3805028200149536,0.9994701743125916,1645,1594,-0.2202388048171997,0.8492282032966614,0.9997236132621765,2615,511,-0.045953478664159775,0.37380698323249817,0.999748170375824,1611,1334,-0.023743048310279846,0.9996907711029053,0.9999902248382568,1552,922,0.02323964051902294,0.9993315935134888,0.9999685287475586,1263,1555,0.15018412470817566,0.15251795947551727,0.9998859167098999,1124,801,0.2755851447582245,0.1033492162823677,0.9998364448547363,1135,1369,0.37579044699668884,0.10182049125432968,0.9993933439254761,973,895,0.4866194725036621,0.11221607774496078,0.9990105628967285,1111,1346,0.40066272020339966,0.22773633897304535,0.9984573125839233,932,968,0.5133676528930664,0.2043827772140503,0.9987407326698303,949,1295,0.41697168350219727,0.14633899927139282,0.994465172290802,803,825,0.535508930683136,0.13534605503082275,0.9905939102172852,2486,998,None,None,1640,1660,None,None,None,None,34.96,nan,27.28,nan,nan
True,/data/uabcvmsc/shared/newborn/30/27.08.24 (2)/HM20240827074420.jpeg,39.0,18.5,2917,1377,-0.4524662494659424,0.9996547698974609,0.9999620914459229,3049,1381,-0.4223243296146393,0.9994493126869202,0.9999228715896606,3061,1416,-0.42309388518333435,0.9993376135826111,0.9999271631240845,3070,1452,-0.4230269491672516,0.9995015859603882,0.9998942613601685,3027,1266,-0.4527798593044281,0.9996744394302368,0.9999115467071533,3020,1217,-0.45355573296546936,0.9996957778930664,0.9999171495437622,3015,1167,-0.4538310468196869,0.9997326731681824,0.9998797178268433,3048,1416,-0.22925499081611633,0.9997069239616394,0.9999409914016724,2973,1014,-0.36777591705322266,0.9995100498199463,0.9998784065246582,2773,1368,-0.3694617450237274,0.9986141920089722,0.9998695850372314,2801,1265,-0.4141356945037842,0.9984800219535828,0.9997331500053406,2594,1530,-0.1559249460697174,0.9997500777244568,0.9999407529830933,2536,655,-0.23325097560882568,0.9993357062339783,0.9996366500854492,2265,1857,-0.023318147286772728,0.4195607304573059,0.9974116683006287,2112,591,-0.2525324523448944,0.6505626440048218,0.9902604222297668,2687,1910,0.08556269854307175,0.673098623752594,0.9997674822807312,2566,340,-0.25748512148857117,0.9289401173591614,0.9996954202651978,2882,1937,0.1049015149474144,0.6808156967163086,0.9995332956314087,2650,225,-0.2737638056278229,0.9452304244041443,0.9993903636932373,2926,1872,0.09079234302043915,0.7031458616256714,0.9995409250259399,2752,253,-0.28037264943122864,0.9509856104850769,0.999483585357666,2852,1845,0.08314476907253265,0.7171726822853088,0.9997337460517883,2712,305,-0.2662496268749237,0.9321237802505493,0.9997490048408508,1622,1243,0.018622813746333122,0.9990079998970032,0.9999215602874756,1499,914,-0.019377972930669785,0.9989606142044067,0.9998918771743774,1402,1326,0.4802160859107971,0.023448307067155838,0.9997708201408386,1211,928,0.41785797476768494,0.029010459780693054,0.9997891783714294,1202,1208,0.8191884756088257,0.025207016617059708,0.9994144439697266,1029,821,0.7467488646507263,0.08174371719360352,0.9982069730758667,1155,1166,0.8550885319709778,0.09232346713542938,0.9987053871154785,971,819,0.7842517495155334,0.15927284955978394,0.9979031085968018,1092,1259,0.8823017477989197,0.07052872329950333,0.99739009141922,929,797,0.7893547415733337,0.11916475743055344,0.9928323030471802,2565,1092,2670,281,2889,1858,None,None,None,None,36.91,nan,nan,nan,nan
True,/data/uabcvmsc/shared/newborn/30/27.08.24 (2)/HM20240827074523.jpeg,39.1,19.0,2931,1341,-0.6406864523887634,0.9911591410636902,0.9964891672134399,3137,1305,-0.5944141149520874,0.9721788763999939,0.9908728003501892,3168,1333,-0.5951374769210815,0.9699084162712097,0.9907746911048889,3185,1361,-0.5950769782066345,0.9690268635749817,0.9852450489997864,3039,1182,-0.6303398013114929,0.9867297410964966,0.9925276041030884,3017,1124,-0.6310358643531799,0.9906026124954224,0.9942638278007507,2996,1065,-0.6315586566925049,0.9912734627723694,0.9925709366798401,3148,1260,-0.36107346415519714,0.982002854347229,0.9883143901824951,2807,776,-0.5159894824028015,0.9912904500961304,0.9911715388298035,2817,1389,-0.5467163920402527,0.9236899018287659,0.9858627915382385,2756,1279,-0.5954374074935913,0.9348739385604858,0.976068377494812,2579,1557,-0.2684299051761627,0.9951889514923096,0.9959432482719421,2361,672,-0.3822210729122162,0.9875453114509583,0.9896687865257263,2212,1911,-0.12176728993654251,0.2996204197406769,0.9629195928573608,1805,595,-0.37765705585479736,0.8002153038978577,0.9788684248924255,1960,2349,0.04813864082098007,0.19664771854877472,0.799807608127594,2259,467,-0.2954444885253906,0.9616315364837646,0.9994506239891052,1898,2459,0.09103354066610336,0.2157643735408783,0.6224043965339661,2390,407,-0.30039870738983154,0.9642863869667053,0.9987467527389526,1871,2462,0.038275931030511856,0.25079581141471863,0.617253839969635,2502,538,-0.29494088888168335,0.965617299079895,0.998936116695404,1865,2397,0.03152318298816681,0.3344600200653076,0.7427526116371155,2448,585,-0.29525497555732727,0.954279899597168,0.9994888305664062,1535,1419,0.016358576714992523,0.9943885207176208,0.9986245632171631,1446,972,-0.01666214130818844,0.9950878024101257,0.9991130232810974,1262,1440,0.40634992718696594,0.14472521841526031,0.9938269257545471,1153,594,0.18970316648483276,0.3759283125400543,0.9987214207649231,1045,1301,0.7723405957221985,0.15824861824512482,0.9867631793022156,950,424,0.48948484659194946,0.4878123104572296,0.9914758205413818,929,1257,0.8086593151092529,0.19876356422901154,0.9783775210380554,889,419,0.5247820019721985,0.4471507966518402,0.992402195930481,821,1195,0.8011243343353271,0.15468049049377441,0.9536863565444946,700,205,0.5021517276763916,0.3547059893608093,0.9411232471466064,2470,1114,2400,499,None,None,None,None,None,None,37.05,31.06,nan,nan,nan
True,/data/uabcvmsc/shared/newborn/30/27.08.24 (2)/HM20240827074625.jpeg,38.8,19.0,3004,1406,-0.23467639088630676,0.8582783937454224,0.9629822969436646,3142,1392,-0.2087540477514267,0.7511730790138245,0.9414124488830566,3158,1423,-0.20974431931972504,0.7555766701698303,0.9548735618591309,3170,1455,-0.20961277186870575,0.8198620676994324,0.9488412737846375,3112,1286,-0.23827297985553741,0.8033900856971741,0.9283169507980347,3102,1239,-0.23923687636852264,0.8410093188285828,0.9416950345039368,3093,1190,-0.23975804448127747,0.8729791045188904,0.9331473112106323,3155,1413,-0.06116567924618721,0.9125967025756836,0.9781176447868347,3054,1032,-0.18910479545593262,0.8327494263648987,0.9475874304771423,2878,1398,-0.16679222881793976,0.8631947636604309,0.9803242087364197,2887,1304,-0.2093302309513092,0.8213435411453247,0.9505773186683655,2689,1670,-0.07260528951883316,0.999326229095459,0.9995433688163757,2590,557,-0.09287498891353607,0.9950026869773865,0.9947198629379272,2319,2221,0.028113067150115967,0.15198975801467896,0.9896582961082458,2120,408,-0.0733124166727066,0.2064146250486374,0.9790650606155396,2111,2037,0.07430779933929443,0.11642585694789886,0.9935676455497742,2619,381,-0.00138876645360142,0.5753514766693115,0.9994326233863831,1981,2051,0.07836346328258514,0.16454657912254333,0.9884657859802246,2736,371,-0.013563299551606178,0.6729533076286316,0.9990587830543518,2093,1920,0.07005421072244644,0.1793334186077118,0.9888253808021545,2816,432,-0.004210148938000202,0.6815537214279175,0.9991713762283325,2042,1956,0.0758230909705162,0.19610203802585602,0.9924947023391724,2780,468,0.0005504923756234348,0.6106034517288208,0.9995558857917786,1391,1392,-0.01938284933567047,0.9993255138397217,0.9999295473098755,1399,853,0.018175145611166954,0.9990535378456116,0.9998942613601685,1053,1489,0.5234661102294922,0.0388890840113163,0.9995861649513245,1125,665,0.6073084473609924,0.028894178569316864,0.9997379183769226,958,1431,0.9153239727020264,0.08127239346504211,0.99810791015625,1151,522,0.9976284503936768,0.09225977957248688,0.9978567957878113,928,1420,0.957356870174408,0.13406114280223846,0.9958242177963257,942,603,1.0450655221939087,0.15041060745716095,0.9976180195808411,814,1411,0.9362672567367554,0.1042628139257431,0.9897023439407349,865,463,1.0446712970733643,0.10403269529342651,0.9900290369987488,2640,1114,None,None,None,None,None,None,None,None,36.78,nan,nan,nan,nan
True,/data/uabcvmsc/shared/newborn/30/27.08.24 (2)/HM20240827074727.jpeg,39.2,19.2,3065,1459,-0.13969439268112183,0.7984951138496399,0.981086015701294,3136,1415,-0.1704433262348175,0.8461686372756958,0.9806944131851196,3147,1385,-0.17119410634040833,0.8591062426567078,0.9854618310928345,3156,1356,-0.17109742760658264,0.8956528902053833,0.9846532940864563,3106,1470,-0.1988227218389511,0.8789545893669128,0.9774097204208374,3095,1480,-0.19962650537490845,0.9124712347984314,0.9838953614234924,3084,1489,-0.19991916418075562,0.9394921660423279,0.9839370846748352,3127,1217,-0.21383623778820038,0.9514617323875427,0.9948647618293762,3034,1411,-0.3387549817562103,0.9304229617118835,0.9913081526756287,2945,1387,-0.12803882360458374,0.823795735836029,0.9937912821769714,2897,1425,-0.16906104981899261,0.821904718875885,0.9873067140579224,2663,621,-0.1784193068742752,0.9989821314811707,0.9996953010559082,2587,1614,-0.2700984477996826,0.9974768757820129,0.9987677335739136,2234,430,0.025805480778217316,0.013534490950405598,0.9955015778541565,2169,1968,-0.15305568277835846,0.06102393567562103,0.9915914535522461,2627,429,0.20102405548095703,0.04820488393306732,0.9997288584709167,2489,2298,-0.019540753215551376,0.4800672233104706,0.9997432827949524,2727,308,0.1824192851781845,0.1289730817079544,0.9997531771659851,2554,2372,-0.06413192301988602,0.6781274080276489,0.9997038245201111,2782,374,0.15881593525409698,0.14243091642856598,0.9997186064720154,2665,2261,-0.07062248140573502,0.701208770275116,0.9997276663780212,2724,459,0.196295827627182,0.09835445135831833,0.9997759461402893,2640,2217,-0.023541878908872604,0.5190762877464294,0.9998272061347961,1516,853,0.005838241893798113,0.9989593029022217,0.9999634027481079,1411,1255,-0.006565056275576353,0.9991378784179688,0.999956488609314,1351,735,0.47943228483200073,0.0012196764582768083,0.9987452030181885,1348,1239,0.39648890495300293,0.0016830347012728453,0.9989927411079407,983,586,0.8259968161582947,0.0051458440721035,0.9989317059516907,1077,1215,0.7709769010543823,0.004828397184610367,0.9977962970733643,886,607,0.8660439252853394,0.05682353675365448,0.9977732300758362,964,1184,0.8181486129760742,0.03909721225500107,0.9976595640182495,1034,478,0.9463151693344116,0.010173378512263298,0.9996337890625,1107,1322,0.8926766514778137,0.0074140033684670925,0.9993966817855835,2625,1118,None,None,None,None,None,None,None,None,37.16,nan,nan,nan,nan
True,/data/uabcvmsc/shared/newborn/30/27.08.24 (2)/HM20240827074829.jpeg,38.9,19.4,2930,1520,-0.3219108581542969,0.9996477365493774,0.9999244213104248,3008,1451,-0.3193875551223755,0.999839186668396,0.9999164342880249,3012,1440,-0.3200039565563202,0.9998074173927307,0.9999309778213501,3036,1429,-0.31992945075035095,0.9998979568481445,0.9999101161956787,2992,1438,-0.3621085584163666,0.9998413324356079,0.9998509883880615,2985,1418,-0.36272716522216797,0.999812662601471,0.9998414516448975,2979,1400,-0.36289092898368835,0.999858021736145,0.9997424483299255,2994,1335,-0.24090616405010223,0.999924898147583,0.9999598264694214,2902,1295,-0.43373358249664307,0.9996241331100464,0.999721109867096,2814,1463,-0.2707902789115906,0.9985900521278381,0.9996930360794067,2796,1449,-0.33142805099487305,0.9976426959037781,0.9990332126617432,2543,698,-0.18736083805561066,0.9996387958526611,0.9998831748962402,2528,1549,-0.3541111648082733,0.9948534369468689,0.9961220622062683,2156,649,-0.051306892186403275,0.02178172580897808,0.993301510810852,2097,1957,-0.34962859749794006,0.0517394095659256,0.914525032043457,2528,466,0.08396433293819427,0.05859748646616936,0.999061644077301,2334,2286,-0.22923460602760315,0.028051065281033516,0.8888629078865051,2595,302,0.06383409351110458,0.12066639214754105,0.9988129138946533,2364,2401,-0.27226120233535767,0.05629900097846985,0.8518563508987427,2652,369,0.0663212314248085,0.13067516684532166,0.9987686276435852,2457,2341,-0.2572765350341797,0.05985722690820694,0.8677018284797668,2623,449,0.08852989971637726,0.10455084592103958,0.9990555644035339,2453,2268,-0.2253255695104599,0.03771987929940224,0.9103749394416809,1508,938,0.044021084904670715,0.9978548884391785,0.9997984766960144,1388,1248,-0.04480292275547981,0.9973010420799255,0.9995194673538208,1387,917,0.4072834849357605,0.0024324823170900345,0.9982012510299683,1336,1234,0.36292362213134766,0.0035151576157659292,0.9953560829162598,1057,744,0.6805410981178284,0.005378929432481527,0.9962366223335266,1031,1175,0.7225237488746643,0.009824571199715137,0.9802200198173523,969,730,0.7136583924293518,0.04391884058713913,0.9903870224952698,919,1123,0.7664428949356079,0.04412152245640755,0.9788862466812134,1077,681,0.7725406289100647,0.015910198912024498,0.9973986148834229,1141,1306,0.823739767074585,0.016505543142557144,0.9902541041374207,2536,1124,None,None,None,None,None,None,None,None,31.10,nan,nan,nan,nan
True,/data/uabcvmsc/shared/newborn/30/27.08.24 (2)/HM20240827074931.jpeg,38.4,18.8,3049,1303,-0.30861788988113403,0.9995748400688171,0.9998824596405029,3143,1323,-0.2835356295108795,0.9993057250976562,0.9996401071548462,3148,1351,-0.2842654585838318,0.9991963505744934,0.9996910095214844,3151,1380,-0.28425857424736023,0.9994539618492126,0.9995936751365662,3133,1235,-0.3059137761592865,0.9996034502983093,0.9995941519737244,3129,1198,-0.30673331022262573,0.9996219873428345,0.9996718168258667,3126,1161,-0.30706915259361267,0.9997115731239319,0.999594509601593,3102,1372,-0.1461300104856491,0.9996367692947388,0.9998338222503662,3072,1067,-0.24716229736804962,0.9993993043899536,0.9997174143791199,2957,1341,-0.2504020035266876,0.999354898929596,0.9999021291732788,2944,1222,-0.28369492292404175,0.999230146408081,0.999786913394928,2554,1583,-0.09660374373197556,0.9998363256454468,0.9999781847000122,2552,729,-0.19142629206180573,0.9995974898338318,0.999909520149231,2061,1779,-0.010411025024950504,0.32709237933158875,0.9989868998527527,2193,568,-0.21952924132347107,0.47234907746315,0.9979628324508667,2433,1932,-0.006566273048520088,0.47820886969566345,0.9997977614402771,2635,366,-0.26613596081733704,0.777546226978302,0.9998107552528381,2526,1971,-0.0012247116537764668,0.538923978805542,0.9996206760406494,2729,295,-0.29132822155952454,0.8338472843170166,0.9996342658996582,2557,1942,-0.03036709874868393,0.5665554404258728,0.9996167421340942,2814,291,-0.30399441719055176,0.8418794274330139,0.9996665716171265,2521,1904,-0.018062826246023178,0.5908788442611694,0.999765932559967,2771,308,-0.2771202623844147,0.8135395646095276,0.9998270869255066,1463,1260,0.008052966557443142,0.9994522929191589,0.9999613761901855,1448,932,-0.008880887180566788,0.9994896650314331,0.9999649524688721,1245,1250,0.44424933195114136,0.01661905273795128,0.999735414981842,1182,827,0.4471094310283661,0.010149067267775536,0.9997785687446594,1102,1074,0.7533965706825256,0.014032881706953049,0.9980714917182922,1062,866,0.8026734590530396,0.016238993033766747,0.996565043926239,1050,1055,0.7846616506576538,0.0638023242354393,0.9953182339668274,1015,883,0.8425289392471313,0.0508408285677433,0.9957482218742371,1070,1048,0.7825928330421448,0.04236876964569092,0.9931063055992126,998,860,0.8519277572631836,0.03379466012120247,0.9913632869720459,2553,1156,2737,315,None,None,None,None,None,None,30.56,nan,nan,nan,nan
True,/data/uabcvmsc/shared/newborn/30/27.08.24 (2)/HM20240827075032.jpeg,38.1,18.6,2926,1304,-0.3236140012741089,0.9986887574195862,0.9997634291648865,3039,1323,-0.29550570249557495,0.99813312292099,0.999592125415802,3048,1357,-0.2963162660598755,0.9981964230537415,0.9996687173843384,3055,1392,-0.29626619815826416,0.9987295269966125,0.9995929598808289,3023,1221,-0.32071369886398315,0.998307466506958,0.999301552772522,3019,1177,-0.3216027319431305,0.998305082321167,0.9992948770523071,3016,1134,-0.3219601511955261,0.9984115362167358,0.9989542961120605,3033,1391,-0.12291425466537476,0.9990777969360352,0.9997848868370056,2985,1027,-0.23429454863071442,0.9967989921569824,0.9987751841545105,2847,1350,-0.24949099123477936,0.9962419271469116,0.999542236328125,2826,1218,-0.28649279475212097,0.9942881464958191,0.9985343217849731,2579,1597,-0.06584475189447403,0.9997387528419495,0.9999346733093262,2643,669,-0.14230206608772278,0.9982158541679382,0.9990867376327515,2145,1823,-0.051629625260829926,0.27902698516845703,0.9978891015052795,2233,460,-0.09065241366624832,0.27987727522850037,0.9900235533714294,2434,1955,-0.11566290259361267,0.49080342054367065,0.9996587038040161,2698,400,-0.0035032425075769424,0.3321346640586853,0.9982652068138123,2450,1962,-0.11737463623285294,0.5947982668876648,0.9992586970329285,2690,381,-0.00026534267817623913,0.44723108410835266,0.9964918494224548,2618,1921,-0.144523486495018,0.6195871829986572,0.9992846846580505,2836,361,-0.012450206093490124,0.4603467583656311,0.9967733025550842,2593,1884,-0.1274084746837616,0.6425891518592834,0.9995786547660828,2769,423,-0.01030366774648428,0.4586355686187744,0.9983111619949341,1422,1243,0.01218391116708517,0.9990600943565369,0.9998971223831177,1468,814,-0.012940001673996449,0.998775064945221,0.9998206496238708,1101,1292,0.3501377999782562,0.05278809741139412,0.9993228912353516,1067,593,0.24928800761699677,0.07398179918527603,0.9990196228027344,916,998,0.5161584615707397,0.05969485640525818,0.9947696328163147,865,544,0.4082622826099396,0.09354812651872635,0.9847657680511475,857,932,0.5325673818588257,0.14711059629917145,0.9874536991119385,794,578,0.42932888865470886,0.1772555112838745,0.9829042553901672,821,973,0.5461167097091675,0.09725220501422882,0.9692172408103943,764,448,0.44994258880615234,0.11260124295949936,0.9336047768592834,2611,1133,None,None,None,None,None,None,None,None,36.11,nan,nan,nan,nan
True,/data/uabcvmsc/shared/newborn/30/27.08.24 (2)/HM20240827075133.jpeg,37.6,18.6,3098,1511,-0.1546085923910141,0.8753010034561157,0.9803524017333984,3201,1441,-0.183771550655365,0.8855196237564087,0.9804285168647766,3216,1410,-0.18450845777988434,0.8943050503730774,0.9856376051902771,3227,1380,-0.18444035947322845,0.9234389662742615,0.9848505258560181,3162,1496,-0.21268917620182037,0.9176048040390015,0.9779096841812134,3147,1506,-0.21345792710781097,0.9404790997505188,0.9846618175506592,3133,1515,-0.2137516885995865,0.9606389999389648,0.9850116968154907,3197,1228,-0.2318282425403595,0.9624484181404114,0.9956835508346558,3074,1428,-0.35770827531814575,0.9534899592399597,0.992830216884613,2994,1409,-0.14629127085208893,0.8602379560470581,0.9945822358131409,2936,1465,-0.1877342313528061,0.8644964694976807,0.9889296889305115,2720,573,-0.2046143263578415,0.9990904331207275,0.999679684638977,2568,1625,-0.2864162027835846,0.9974133372306824,0.9983636736869812,2293,364,-0.03228873386979103,0.0031924692448228598,0.9885408282279968,2039,1870,-0.2048691213130951,0.017089666798710823,0.9748371243476868,2703,457,0.12974786758422852,0.00822844821959734,0.9987196922302246,2308,2228,-0.08050162345170975,0.12028190493583679,0.9989263415336609,2824,372,0.10553540289402008,0.028394926339387894,0.9989137649536133,2355,2344,-0.12750282883644104,0.2567801773548126,0.9989352822303772,2861,476,0.08303744345903397,0.03236126899719238,0.9987704157829285,2475,2291,-0.12508606910705566,0.2788800299167633,0.9990842342376709,2775,557,0.12383831292390823,0.023459943011403084,0.9990002512931824,2450,2225,-0.08197255432605743,0.16611377894878387,0.9993842840194702,1507,802,0.0042685288935899734,0.9978070855140686,0.9999066591262817,1416,1294,-0.005044539924710989,0.9983662962913513,0.9998897314071655,1566,653,0.4600500464439392,0.000256022292887792,0.9986382126808167,1477,1362,0.3777322471141815,0.00038585407310165465,0.9989713430404663,1046,600,0.7483912110328674,0.001922326278872788,0.9987672567367554,1050,1267,0.7070780992507935,0.002366292756050825,0.9972443580627441,927,641,0.7807501554489136,0.024909207597374916,0.9973871111869812,948,1182,0.7479782700538635,0.020048962906003,0.996995210647583,1078,504,0.837397038936615,0.00489054573699832,0.9995980858802795,1122,1299,0.800649881362915,0.004284290596842766,0.9991703033447266,2644,1099,None,None,None,None,None,None,None,None,35.66,nan,nan,nan,nan
True,/data/uabcvmsc/shared/newborn/30/27.08.24 (2)/HM20240827075234.jpeg,38.4,19.1,2999,1540,-0.23047447204589844,0.800462543964386,0.9550871849060059,3119,1475,-0.25435811281204224,0.8475342988967896,0.9537945985794067,3132,1447,-0.255065381526947,0.8486378788948059,0.9649297595024109,3142,1419,-0.2549910843372345,0.8942508697509766,0.9612502455711365,3079,1487,-0.28675365447998047,0.8878074884414673,0.9460564851760864,3068,1476,-0.28750699758529663,0.9096009135246277,0.960364818572998,3054,1526,-0.2878127098083496,0.9432282447814941,0.959805965423584,3104,1262,-0.27219048142433167,0.9404962658882141,0.9861051440238953,2989,1423,-0.41427525877952576,0.9220681190490723,0.9771993160247803,2926,1471,-0.21054816246032715,0.7849779725074768,0.9811303019523621,2877,1485,-0.2564595937728882,0.7958958148956299,0.9621052145957947,2668,608,-0.2284003049135208,0.9970017075538635,0.9984173774719238,2574,1587,-0.3345556855201721,0.9924345016479492,0.9931195974349976,2339,350,-0.025023937225341797,0.008021162822842598,0.9829127788543701,2100,1890,-0.20940057933330536,0.075783371925354,0.9626667499542236,2751,412,0.15190483629703522,0.015625545755028725,0.995860755443573,2473,2254,-0.06150263547897339,0.3056144118309021,0.9969708919525146,2885,327,0.12579943239688873,0.043281517922878265,0.9958024621009827,2523,2398,-0.11116073280572891,0.4620917737483978,0.9961832165718079,2896,405,0.0976879894733429,0.04857515171170235,0.9951501488685608,2651,2343,-0.11794167757034302,0.49135586619377136,0.9964488744735718,2769,477,0.14362184703350067,0.036641236394643784,0.9962106943130493,2629,2269,-0.0663502886891365,0.3193477392196655,0.9977483153343201,1477,837,0.018665289506316185,0.9974810481071472,0.9998059868812561,1414,1284,-0.019398270174860954,0.998077392578125,0.9997676014900208,1502,762,0.5122547149658203,0.001428199466317892,0.9967597126960754,1484,1314,0.42559361457824707,0.00263240747153759,0.9973204731941223,988,661,0.8693497776985168,0.008033020421862602,0.9964818954467773,1092,1197,0.8381960391998291,0.008707189932465553,0.992828905582428,877,678,0.909229040145874,0.05519309639930725,0.9924260377883911,968,1164,0.888243556022644,0.04095824807882309,0.9928818941116333,1001,577,0.9595403671264648,0.012204245664179325,0.9983766078948975,1144,1371,0.9392214417457581,0.009870526380836964,0.9972865581512451,2621,1098,None,None,None,None,None,None,None,None,36.43,nan,nan,nan,nan
True,/data/uabcvmsc/shared/newborn/30/27.08.24 (2)/HM20240827075336.jpeg,37.8,18.9,2991,1532,-0.18299831449985504,0.9749598503112793,0.9941509366035461,3082,1475,-0.20855166018009186,0.9847927093505859,0.9942447543144226,3092,1445,-0.2091803252696991,0.9860953688621521,0.9953474402427673,3099,1416,-0.20904327929019928,0.9889272451400757,0.9947082996368408,3073,1491,-0.2430700957775116,0.9908713698387146,0.9942448735237122,3064,1488,-0.2437928169965744,0.9936216473579407,0.9960642457008362,3040,1542,-0.24408358335494995,0.995864748954773,0.9962019324302673,3071,1266,-0.23724684119224548,0.9944801330566406,0.9977908134460449,2993,1448,-0.3904295861721039,0.9953314661979675,0.997927188873291,2867,1471,-0.16734318435192108,0.9750680327415466,0.9971957206726074,2862,1477,-0.2165517359972,0.9821548461914062,0.9956883788108826,2677,665,-0.19340035319328308,0.998521625995636,0.9994264841079712,2581,1600,-0.3317514955997467,0.9983002543449402,0.9990102052688599,2332,380,-0.008708944544196129,0.022883793339133263,0.9884080290794373,2091,1881,-0.2232506275177002,0.2951135039329529,0.9873255491256714,2795,391,0.13870050013065338,0.03734308481216431,0.9982753992080688,2336,2318,-0.0697215348482132,0.5058599710464478,0.9987509250640869,2922,283,0.11372041702270508,0.09377363324165344,0.9986340403556824,2364,2458,-0.1152837797999382,0.6296036839485168,0.9986067414283752,2955,348,0.09046372026205063,0.1033051535487175,0.9984159469604492,2492,2438,-0.11779420077800751,0.6537720561027527,0.998711109161377,2889,406,0.13206428289413452,0.07502690702676773,0.9986905455589294,2484,2371,-0.07033343613147736,0.46298155188560486,0.9991090893745422,1587,877,0.02309625782072544,0.9986856579780579,0.9998844861984253,1508,1330,-0.023764915764331818,0.9992651343345642,0.9999185800552368,1517,789,0.5226312279701233,0.008891376666724682,0.9989719390869141,1311,1465,0.3977736830711365,0.030558021739125252,0.9996055960655212,1196,626,0.9267623424530029,0.03535209596157074,0.9989402890205383,922,1586,0.7657614946365356,0.11823870986700058,0.9978525638580322,1056,698,0.9700533747673035,0.17263248562812805,0.9978616833686829,761,1571,0.809773325920105,0.2862795889377594,0.9974243640899658,1244,480,1.0122947692871094,0.05007190629839897,0.9996843338012695,903,1716,0.8255475163459778,0.10394696146249771,0.9991974234580994,2629,1132,None,None,None,None,None,None,None,None,30.17,nan,nan,nan,nan
False,/data/uabcvmsc/shared/newborn/30/27.08.24 (2)/HM20240827075438.jpeg,38.1,19.1,2989,1102,-0.2810705304145813,0.9999905824661255,0.9999980926513672,3080,1117,-0.2788143455982208,0.999993085861206,0.9999945163726807,3088,1141,-0.2792717516422272,0.9999905824661255,0.9999949932098389,3094,1166,-0.27914100885391235,0.9999948740005493,0.9999920129776001,3059,1052,-0.2844652831554413,0.9999945163726807,0.9999902248382568,3051,1027,-0.285068541765213,0.9999922513961792,0.9999889135360718,3043,1000,-0.28523924946784973,0.9999942779541016,0.9999798536300659,3043,1187,-0.20889493823051453,0.9999954700469971,0.9999961853027344,2980,974,-0.23464152216911316,0.9999814033508301,0.9999803304672241,2911,1160,-0.2408175766468048,0.9999487400054932,0.9999901056289673,2884,1068,-0.25180891156196594,0.9999065399169922,0.9999649524688721,2600,1107,-0.14231786131858826,0.9999572038650513,0.9999945163726807,2567,1175,-0.16441793739795685,0.9994329810142517,0.9998641014099121,2115,1187,-0.12734058499336243,0.2950595021247864,0.9985927939414978,2168,1366,-0.1410675197839737,0.0076468405313789845,0.9925504922866821,2586,889,-0.06415575742721558,0.3551245331764221,0.9999439716339111,2596,1412,-0.06009559705853462,0.05785644054412842,0.9993007183074951,2706,767,-0.06688711792230606,0.42516571283340454,0.9998990297317505,2707,1450,-0.07070077210664749,0.13147485256195068,0.9991124272346497,2817,788,-0.043562937527894974,0.40649133920669556,0.9999094009399414,2780,1397,-0.05571102350950241,0.11782707273960114,0.9990766048431396,2766,831,-0.04977865517139435,0.369016170501709,0.9999485015869141,2737,1385,-0.05470515415072441,0.11105223000049591,0.9994914531707764,1547,1084,0.01621677167713642,0.9997151494026184,0.9999850988388062,1547,1185,-0.0169378574937582,0.999639630317688,0.9999741315841675,1259,1018,0.40613600611686707,0.009384026750922203,0.9998347759246826,1361,1367,0.4059921205043793,0.006040391977876425,0.9998549222946167,1066,744,0.5982754230499268,0.02013201266527176,0.9992019534111023,1061,1423,0.6532859802246094,0.022419258952140808,0.9979245662689209,997,739,0.6216861009597778,0.08166997134685516,0.997432291507721,948,1404,0.6857130527496338,0.08032621443271637,0.9962886571884155,1079,595,0.6647990345954895,0.04705744981765747,0.9981042146682739,1127,1547,0.7409432530403137,0.047422364354133606,0.9967107772827148
True,/data/uabcvmsc/shared/newborn/30/27.08.24 (2)/HM20240827075540.jpeg,38.0,19.3,3047,1081,-0.22280152142047882,0.9895775318145752,0.998978853225708,3085,1045,-0.24217432737350464,0.9773406982421875,0.998229444026947,3093,1031,-0.24278417229652405,0.9827105402946472,0.9983630776405334,3098,1019,-0.24258461594581604,0.9788035750389099,0.9978922009468079,3055,1080,-0.24573218822479248,0.9873281121253967,0.998461127281189,3039,1091,-0.246469646692276,0.9943998456001282,0.998928964138031,3024,1102,-0.24678850173950195,0.9938568472862244,0.9988729357719421,3032,986,-0.22914502024650574,0.9898748397827148,0.9984639883041382,2936,1122,-0.24156604707241058,0.9948428273200989,0.9991889595985413,2994,1078,-0.1957298070192337,0.9737300276756287,0.9991992115974426,2956,1106,-0.20369818806648254,0.9785184860229492,0.9987261891365051,2527,663,-0.17245525121688843,0.9993359446525574,0.9997541308403015,2583,1578,-0.18304947018623352,0.9993582367897034,0.9997761845588684,2254,400,-0.08842549473047256,0.27741822600364685,0.9844018816947937,2262,1978,-0.1266118288040161,0.05531744286417961,0.99458909034729,2720,361,0.0017182346200570464,0.4087947905063629,0.9998766183853149,2805,1903,-0.04105469584465027,0.5529257655143738,0.9999808073043823,2833,282,-0.013441642746329308,0.7187962532043457,0.9999054670333862,2947,1908,-0.07079056650400162,0.840065062046051,0.999981164932251,2856,358,-0.020773567259311676,0.7410287261009216,0.9999114274978638,2926,1781,-0.07256701588630676,0.8383031487464905,0.9999864101409912,2800,404,0.004257415421307087,0.6278161406517029,0.9999352693557739,2801,1837,-0.04241219162940979,0.7772350907325745,0.9999923706054688,1509,958,-0.0160580575466156,0.9987509250640869,0.9999058246612549,1502,1404,0.015258892439305782,0.9990629553794861,0.9999390840530396,1251,1026,0.34194299578666687,0.0008386216359212995,0.9980499744415283,1431,1429,0.294463574886322,0.0004222199786454439,0.9996190071105957,1064,1017,0.639144778251648,0.008527873083949089,0.999445378780365,1178,1364,0.5403363108634949,0.005943733733147383,0.9991124272346497,1095,1075,0.6770467162132263,0.15152229368686676,0.9989976286888123,1053,1363,0.5759733319282532,0.07745855301618576,0.9988483190536499,1231,960,0.7777665257453918,0.007750445511192083,0.9998388290405273,1261,1316,0.6622763276100159,0.004668746143579483,0.9997318387031555,2555,1120,None,None,2844,320,None,None,None,None,30.52,nan,nan,nan,nan
True,/data/uabcvmsc/shared/newborn/30/27.08.24 (2)/HM20240827075642.jpeg,37.7,19.4,3175,1243,-0.06318832188844681,0.927904486656189,0.9942249655723572,3237,1134,-0.10075978189706802,0.9219284057617188,0.9929715991020203,3259,1165,-0.1014685332775116,0.9279310703277588,0.9944732785224915,3265,1139,-0.10130088776350021,0.9400302171707153,0.9941080808639526,3244,1220,-0.11126048117876053,0.9504409432411194,0.9936111569404602,3206,1274,-0.11205165833234787,0.9709414839744568,0.9961024522781372,3193,1294,-0.11231280118227005,0.9796015024185181,0.9965054988861084,3213,1066,-0.18329671025276184,0.9737034440040588,0.997992753982544,3122,1296,-0.2268834114074707,0.9814537763595581,0.9984596967697144,3110,1197,-0.0695367380976677,0.9410797357559204,0.9987794756889343,3074,1265,-0.08671525865793228,0.947604775428772,0.9979362487792969,2585,652,-0.1510802060365677,0.9994657635688782,0.9998975992202759,2622,1608,-0.17848964035511017,0.9993292093276978,0.9998036026954651,2242,469,-0.0065003326162695885,0.01315794326364994,0.9946468472480774,2284,1997,-0.08770538866519928,0.009291383437812328,0.9954916834831238,2735,433,0.13422121107578278,0.0989120751619339,0.9999446868896484,2632,2002,0.02025105617940426,0.3958803415298462,0.9999663829803467,2849,349,0.1157049909234047,0.274452805519104,0.9999600648880005,2775,2009,-0.01644901931285858,0.7030665874481201,0.9999703168869019,2874,437,0.09606112539768219,0.30407729744911194,0.999954104423523,2770,1916,-0.02935166284441948,0.7255189418792725,0.9999738931655884,2813,496,0.1301165223121643,0.21059401333332062,0.9999653100967407,2707,1892,0.012246884405612946,0.6082996726036072,0.9999840259552002,1490,945,-0.012579387985169888,0.9992600083351135,0.9999784231185913,1491,1429,0.011811810545623302,0.9994723200798035,0.9999817609786987,1391,967,0.39169907569885254,0.00022403306502383202,0.9994744658470154,1445,1415,0.3108896017074585,0.00021435628877952695,0.999783456325531,1095,1017,0.6898593902587891,0.0018426576862111688,0.9996874332427979,1143,1376,0.5797535181045532,0.0016359144356101751,0.9994786381721497,911,1070,0.722245454788208,0.0329999215900898,0.9993317723274231,1006,1343,0.6143842935562134,0.021028835326433182,0.9993153810501099,1173,972,0.7874106168746948,0.007971782237291336,0.9999203681945801,1223,1359,0.67289799451828,0.0059867678210139275,0.9998681545257568,2604,1130,None,None,None,None,None,None,None,None,35.83,nan,nan,nan,nan
True,/data/uabcvmsc/shared/newborn/30/27.08.24 (2)/HM20240827075743.jpeg,38.3,19.7,3070,1526,-0.2267695963382721,0.9849217534065247,0.9991017580032349,3192,1425,-0.23609808087348938,0.9872833490371704,0.9988283514976501,3193,1465,-0.23689785599708557,0.9861083626747131,0.9989870190620422,3203,1454,-0.23677776753902435,0.9900323152542114,0.9986833930015564,3161,1411,-0.2725864052772522,0.9906614422798157,0.9986003041267395,3151,1399,-0.273407518863678,0.9919077157974243,0.9988252520561218,3129,1449,-0.27366429567337036,0.9944453835487366,0.9985517859458923,3179,1313,-0.1882791668176651,0.9931021928787231,0.9993593096733093,3082,1318,-0.3514659106731415,0.9895942211151123,0.9989270567893982,2965,1463,-0.18309453129768372,0.9499160647392273,0.998306393623352,2947,1452,-0.23572544753551483,0.9494665265083313,0.9965502023696899,2730,611,-0.1428663730621338,0.9991508722305298,0.9997009038925171,2659,1601,-0.2697886526584625,0.9981714487075806,0.999010443687439,2257,403,0.0028509635012596846,0.009471745230257511,0.9910264611244202,2223,2004,-0.18770451843738556,0.08753351867198944,0.9895630478858948,2692,545,0.14605744183063507,0.019156336784362793,0.9989733695983887,2717,2208,-0.028721677139401436,0.34879130125045776,0.9994669556617737,2792,461,0.13299021124839783,0.05013915151357651,0.9990441203117371,2785,2331,-0.06447228044271469,0.5169129371643066,0.9992538094520569,2835,555,0.11582762002944946,0.05406181141734123,0.9989732503890991,2870,2259,-0.055770859122276306,0.5334810018539429,0.9993305206298828,2793,625,0.14335103332996368,0.04230837896466255,0.9991751313209534,2848,2203,-0.025909164920449257,0.37359607219696045,0.9995879530906677,1428,848,0.02165352553129196,0.9975136518478394,0.9998701810836792,1357,1247,-0.02247503027319908,0.9982255101203918,0.9998524188995361,1399,886,0.5051361322402954,0.0010308203054592013,0.9981241822242737,1451,1247,0.37690961360931396,0.0023061782121658325,0.9989092350006104,1038,853,0.7467288970947266,0.0035001670476049185,0.9966338276863098,1093,1194,0.6302697062492371,0.005787342321127653,0.9932727813720703,935,882,0.775938868522644,0.04415828734636307,0.9917141795158386,1004,1098,0.6642140746116638,0.036481551826000214,0.9909077882766724,1099,811,0.8722286224365234,0.008783018216490746,0.9979771971702576,1100,1253,0.736947774887085,0.009281284175813198,0.9962292313575745,2694,1106,None,None,None,None,None,None,None,None,30.86,nan,nan,nan,nan
True,/data/uabcvmsc/shared/newborn/30/27.08.24 (2)/HM20240827075845.jpeg,38.3,19.7,3059,1448,-0.4570659101009369,0.9762253761291504,0.9926356673240662,3212,1418,-0.42860910296440125,0.9702323079109192,0.9900962114334106,3231,1441,-0.4295516014099121,0.9693487286567688,0.9925103187561035,3246,1465,-0.4295825660228729,0.9819502830505371,0.9914876222610474,3172,1328,-0.47317489981651306,0.9757158756256104,0.9843785166740417,3160,1282,-0.4741435647010803,0.9760772585868835,0.9850232601165771,3150,1236,-0.47467365860939026,0.9819310903549194,0.9796772599220276,3242,1392,-0.22932912409305573,0.9861292243003845,0.9958139061927795,3113,1067,-0.42603012919425964,0.9577344059944153,0.9774567484855652,2976,1441,-0.3663454055786133,0.9408525824546814,0.9898822903633118,2934,1346,-0.4288325607776642,0.9179426431655884,0.9696019291877747,2674,1598,-0.12983457744121552,0.9985753297805786,0.9993125200271606,2631,620,-0.34476175904273987,0.9872439503669739,0.9892533421516418,2366,1856,-0.11522112786769867,0.037324897944927216,0.987789511680603,2236,726,-0.438451886177063,0.11566025763750076,0.9228800535202026,2738,2020,-0.2407982051372528,0.053667180240154266,0.9961091876029968,2709,1011,-0.46840110421180725,0.06952505558729172,0.9835388660430908,2865,2057,-0.26980459690093994,0.09332297742366791,0.9935198426246643,2808,1113,-0.5168845653533936,0.09828068315982819,0.9767634868621826,2976,2055,-0.29187148809432983,0.1046869084239006,0.9935592412948608,2943,1096,-0.5028983354568481,0.10297588258981705,0.9779688715934753,2925,2012,-0.2542089521884918,0.11117276549339294,0.9956285953521729,2918,1078,-0.4690610468387604,0.08334702253341675,0.9870333671569824,1342,1195,0.04193320497870445,0.9973760843276978,0.999727189540863,1285,871,-0.04271741956472397,0.9968867897987366,0.9995220899581909,1182,1144,0.5123872756958008,0.004738653544336557,0.9984470009803772,1240,940,0.36107632517814636,0.009240440092980862,0.9983887672424316,977,953,0.8040183782577515,0.011321612633764744,0.9949156045913696,983,946,0.6426781415939331,0.022752486169338226,0.9903604984283447,920,926,0.8333197832107544,0.04634137824177742,0.9895791411399841,901,938,0.6767292022705078,0.06020873039960861,0.9897776246070862,899,917,0.8072893619537354,0.024458028376102448,0.9869422912597656,918,1043,0.6516550779342651,0.032339416444301605,0.9761423468589783,2652,1109,None,None,None,None,None,None,None,None,36.40,nan,nan,nan,nan
True,/data/uabcvmsc/shared/newborn/30/27.08.24 (2)/HM20240827075946.jpeg,37.7,19.7,2881,1422,-0.29307472705841064,0.9964014291763306,0.9995039701461792,2992,1422,-0.2690415382385254,0.9949960708618164,0.9992302656173706,3002,1448,-0.2698875367641449,0.9947176575660706,0.9994364380836487,3009,1475,-0.2698971927165985,0.9970360994338989,0.9993557333946228,2975,1332,-0.2999266982078552,0.9952828288078308,0.9986631870269775,2969,1291,-0.30072617530822754,0.9947925209999084,0.9987323880195618,2965,1248,-0.3010410964488983,0.9959724545478821,0.9981862902641296,2984,1421,-0.1286981850862503,0.9976983666419983,0.999748170375824,2926,1100,-0.26503807306289673,0.9925621151924133,0.9982404708862305,2781,1441,-0.23072189092636108,0.9901663064956665,0.9991794228553772,2757,1351,-0.27453699707984924,0.9843639731407166,0.997480571269989,2573,1588,-0.11319354921579361,0.9997238516807556,0.9999465942382812,2570,656,-0.18790455162525177,0.9979584217071533,0.9986749291419983,2277,1664,-0.027811644598841667,0.05734067037701607,0.9992621541023254,2259,370,-0.14306475222110748,0.3753625452518463,0.9914869070053101,2237,1950,0.025053519755601883,0.14466743171215057,0.9991100430488586,2717,465,-0.0028520843479782343,0.4179154634475708,0.9993665814399719,2214,2065,0.0329001247882843,0.20070978999137878,0.9978792667388916,2772,475,0.0038002764340490103,0.4745747447013855,0.9987844824790955,2272,2056,-0.0011058925883844495,0.2311251014471054,0.9975681900978088,2794,571,0.0031494637951254845,0.49291807413101196,0.9988872408866882,2218,2010,0.012223140336573124,0.2633754014968872,0.9986231327056885,2762,598,-0.003517258446663618,0.4392147362232208,0.9994403719902039,1420,1290,0.006765131372958422,0.9985944628715515,0.9999150037765503,1393,926,-0.007611844688653946,0.9979650974273682,0.9998160004615784,1059,1169,0.41078808903694153,0.005739958956837654,0.9997418522834778,1222,793,0.3473470211029053,0.008495178073644638,0.9995890259742737,724,1007,0.5311561226844788,0.027551798149943352,0.9988378882408142,898,708,0.6148484945297241,0.024089235812425613,0.996724545955658,642,977,0.5418479442596436,0.0901758223772049,0.9966371059417725,835,701,0.647169828414917,0.05827891454100609,0.9962213039398193,591,1013,0.5121704339981079,0.0738297551870346,0.9933258295059204,763,723,0.6570509076118469,0.04547002911567688,0.9883925318717957,2572,1122,None,None,None,None,None,None,None,None,35.86,nan,nan,nan,nan
True,/data/uabcvmsc/shared/newborn/30/27.08.24 (2)/HM20240827080048.jpeg,37.7,20.1,2725,1471,-0.5556502938270569,0.9999873638153076,0.9999978542327881,2893,1503,-0.5274185538291931,0.9999806880950928,0.9999954700469971,2923,1536,-0.5281465649604797,0.9999765157699585,0.9999953508377075,2928,1556,-0.5280983448028564,0.9999799728393555,0.9999927282333374,2869,1393,-0.5557922124862671,0.999988317489624,0.9999948740005493,2867,1320,-0.5564054846763611,0.9999890327453613,0.9999948740005493,2868,1264,-0.5566598176956177,0.99998939037323,0.999991774559021,2941,1486,-0.3241085708141327,0.9999879598617554,0.9999957084655762,2862,1099,-0.4505639374256134,0.9999804496765137,0.9999896287918091,2649,1469,-0.46640899777412415,0.9998637437820435,0.9999791383743286,2621,1344,-0.5068703889846802,0.9998540878295898,0.999954104423523,2563,1601,-0.21201449632644653,0.9999126195907593,0.9999868869781494,2498,742,-0.30373311042785645,0.9997695088386536,0.9999148845672607,2145,1763,-0.004973389208316803,0.14857546985149384,0.9991149306297302,2093,425,-0.3404516875743866,0.8406049013137817,0.9959979057312012,2089,1763,0.15443487465381622,0.41966477036476135,0.9995191097259521,2402,365,-0.4017164707183838,0.9908559322357178,0.9999603033065796,2041,1715,0.1761329621076584,0.5366893410682678,0.9990144968032837,2582,324,-0.43249815702438354,0.993468165397644,0.999931812286377,2064,1728,0.15350441634655,0.5816258192062378,0.9989551305770874,2665,354,-0.43205133080482483,0.9942567944526672,0.9999493360519409,2061,1691,0.15075813233852386,0.5861112475395203,0.9993597865104675,2564,438,-0.40713387727737427,0.9906681180000305,0.999976634979248,1518,1358,0.02085442654788494,0.9982680082321167,0.9999175071716309,1499,919,-0.021380504593253136,0.9982860684394836,0.9998999834060669,1213,1300,0.4280616343021393,0.02419867552816868,0.9994924068450928,1141,866,0.3879714012145996,0.0323253758251667,0.9995549321174622,1044,1235,0.7713116407394409,0.039714664220809937,0.9991412162780762,932,927,0.8026414513587952,0.06445829570293427,0.9984151124954224,1035,1168,0.8067951798439026,0.11455085873603821,0.9981550574302673,979,925,0.8500034809112549,0.11812997609376907,0.9983183145523071,866,1278,0.8282407522201538,0.10045823454856873,0.9962297081947327,775,966,0.8703397512435913,0.09032420068979263,0.9927646517753601,2530,1172,2553,370,None,None,None,None,None,None,35.91,nan,nan,nan,nan
True,/data/uabcvmsc/shared/newborn/30/27.08.24 (2)/HM20240827080149.jpeg,38.0,20.1,2838,910,-0.3087267577648163,0.9999608993530273,0.9999973773956299,3010,971,-0.27851682901382446,0.9999487400054932,0.9999933242797852,3011,1033,-0.2790420949459076,0.9999276399612427,0.9999921321868896,2981,1083,-0.27892157435417175,0.9999430179595947,0.999985933303833,2982,842,-0.27591124176979065,0.9999679327011108,0.9999918937683105,2973,819,-0.27655935287475586,0.9999622106552124,0.9999910593032837,2960,772,-0.276885062456131,0.9999662637710571,0.9999850988388062,2959,1184,-0.10443603992462158,0.9999433755874634,0.999984860420227,2865,762,-0.09190034866333008,0.9999257326126099,0.9999808073043823,2750,1043,-0.23777365684509277,0.9996613264083862,0.9999682903289795,2732,906,-0.23798629641532898,0.9995725750923157,0.9999152421951294,2559,1520,-0.009794464334845543,0.9996660947799683,0.9998968839645386,2530,709,-0.018831638619303703,0.9994307160377502,0.9998313188552856,2146,1863,-0.12486624717712402,0.653928816318512,0.9956676959991455,2190,603,-0.026225440204143524,0.358052521944046,0.99850994348526,2684,1798,-0.24898669123649597,0.8738203644752502,0.999864935874939,2534,374,-0.07673807442188263,0.9024263620376587,0.9999046325683594,2784,1840,-0.25708475708961487,0.8869972825050354,0.9996192455291748,2662,300,-0.0949423611164093,0.9320376515388489,0.9997110962867737,2897,1760,-0.25974759459495544,0.8879631161689758,0.9997571110725403,2723,294,-0.10197894275188446,0.9329704642295837,0.9997417330741882,2795,1737,-0.2513634264469147,0.8833290934562683,0.9998778104782104,2669,346,-0.08565111458301544,0.9253612756729126,0.9998914003372192,1514,1312,-0.0036168904043734074,0.9992110729217529,0.9999251365661621,1564,876,0.003224848536774516,0.9993496537208557,0.9999493360519409,1107,1381,0.29460275173187256,0.02084849588572979,0.9993613362312317,1207,688,0.134397491812706,0.04118620604276657,0.9997249245643616,890,1261,0.5493074059486389,0.02558455429971218,0.9968775510787964,892,779,0.32297906279563904,0.04998770356178284,0.9965819716453552,850,1236,0.5731261968612671,0.10318826138973236,0.9929594993591309,833,848,0.3432967960834503,0.1114540547132492,0.9956709146499634,702,1255,0.5635799169540405,0.046434808522462845,0.9769963622093201,682,698,0.32387182116508484,0.07231760025024414,0.9750102758407593,2544,1114,2647,328,2790,1784,None,None,None,None,30.84,nan,34.42,nan,nan
True,/data/uabcvmsc/shared/newborn/30/27.08.24 (2)/HM20240827080251.jpeg,38.4,20.6,2795,1139,-0.4388396739959717,0.9999916553497314,0.9999996423721313,3024,1133,-0.39153337478637695,0.9999880790710449,0.9999992847442627,3063,1199,-0.3919973075389862,0.9999839067459106,0.9999991655349731,3087,1242,-0.39177703857421875,0.9999858140945435,0.9999984502792358,2884,891,-0.41526588797569275,0.999991774559021,0.9999990463256836,2852,846,-0.41600823402404785,0.9999898672103882,0.9999988079071045,2823,806,-0.4162119925022125,0.9999887943267822,0.9999972581863403,3112,1216,-0.1363191157579422,0.9999866485595703,0.9999980926513672,2712,605,-0.23958933353424072,0.9999821186065674,0.9999945163726807,2710,1274,-0.33381882309913635,0.9996775388717651,0.9999687671661377,2619,1107,-0.3681081235408783,0.9995570778846741,0.9998999834060669,2609,1469,-0.06239582970738411,0.99968421459198,0.9998145699501038,2450,628,-0.1092238575220108,0.9980554580688477,0.9992073178291321,2225,1905,-0.22904883325099945,0.5033009052276611,0.969283401966095,2122,374,-0.13260486721992493,0.31074637174606323,0.981474757194519,2873,1884,-0.328415185213089,0.5908250212669373,0.9983428716659546,2606,304,-0.03046574629843235,0.4322120249271393,0.9990032315254211,3019,1924,-0.3357284367084503,0.6323533058166504,0.9969903230667114,2698,315,-0.019774917513132095,0.4896056652069092,0.9977261424064636,3120,1824,-0.31666675209999084,0.6466389894485474,0.9981105327606201,2787,344,0.008120773360133171,0.4805404245853424,0.9982802867889404,3055,1762,-0.32314321398735046,0.6738396286964417,0.9988595247268677,2726,374,-0.02027508243918419,0.4726913273334503,0.9991735816001892,1443,1274,-0.014445308595895767,0.9972983002662659,0.9995323419570923,1455,903,0.014063184149563313,0.9968365430831909,0.9996123909950256,1109,1147,0.3055036962032318,0.07188184559345245,0.999613344669342,1192,574,0.2818286716938019,0.051800746470689774,0.9997871518135071,934,951,0.5147751569747925,0.11788251996040344,0.9989665746688843,1001,347,0.49777019023895264,0.1161007508635521,0.9985458850860596,881,935,0.5382379293441772,0.311533659696579,0.99748295545578,924,386,0.5245712995529175,0.23425240814685822,0.9981093406677246,810,843,0.5685144662857056,0.16023539006710052,0.9932536482810974,888,174,0.5569314956665039,0.13363900780677795,0.9919827580451965,2530,1048,None,None,None,None,None,None,None,None,36.59,nan,nan,nan,nan
True,/data/uabcvmsc/shared/newborn/30/27.08.24 (2)/HM20240827080353.jpeg,38.2,20.8,3054,1460,-0.46745914220809937,0.9956095814704895,0.9971545934677124,3173,1440,-0.4348488748073578,0.9933417439460754,0.9946722388267517,3187,1469,-0.4356761574745178,0.9939536452293396,0.9948832988739014,3198,1499,-0.4356178343296051,0.9942945837974548,0.9928561449050903,3146,1338,-0.47453773021698,0.9966241121292114,0.9951647520065308,3138,1288,-0.47543826699256897,0.9978159666061401,0.9962663054466248,3131,1237,-0.4759416878223419,0.9978528022766113,0.9955875873565674,3179,1429,-0.24178127944469452,0.9970163106918335,0.9949386119842529,3089,1058,-0.4177890121936798,0.9979045391082764,0.9960468411445618,2918,1457,-0.38299065828323364,0.9843071699142456,0.9920136332511902,2871,1373,-0.43854498863220215,0.9864170551300049,0.9886114001274109,2700,1591,-0.18152913451194763,0.995997428894043,0.9971238970756531,2623,622,-0.3069288730621338,0.9942626357078552,0.9950510859489441,2322,1952,-0.13543860614299774,0.11073938757181168,0.848235011100769,2103,628,-0.27997687458992004,0.675726592540741,0.9293776154518127,2328,2352,-0.12212198972702026,0.11420246958732605,0.71764075756073,2569,528,-0.22606486082077026,0.9346398711204529,0.995410144329071,2305,2478,-0.10635627806186676,0.1712189018726349,0.6459651589393616,2532,587,-0.23154300451278687,0.9506577849388123,0.9911331534385681,2379,2482,-0.15259231626987457,0.20511789619922638,0.6280187964439392,2725,536,-0.2433239072561264,0.9572620391845703,0.9920316934585571,2373,2387,-0.14229880273342133,0.2738720178604126,0.7042102217674255,2679,593,-0.23301145434379578,0.9472393989562988,0.9958023428916931,1589,1361,0.000718346273060888,0.9924365878105164,0.9963698387145996,1593,993,-0.0014365219976752996,0.9944737553596497,0.9973152279853821,1187,1047,0.2821454405784607,0.36825254559516907,0.9959049820899963,1508,913,0.23681658506393433,0.3473283350467682,0.998502254486084,1223,476,0.42847466468811035,0.6260511875152588,0.9931840300559998,1180,1121,0.4749380052089691,0.6125352382659912,0.9948216676712036,1065,412,0.44579073786735535,0.7732700109481812,0.9846103191375732,1214,1233,0.5066006183624268,0.7136020660400391,0.9939618706703186,1176,234,0.3926237225532532,0.7254980802536011,0.9544868469238281,1047,1239,0.48098960518836975,0.634633481502533,0.9614396691322327,2662,1106,2626,561,None,None,None,None,None,None,36.43,31.24,nan,nan,nan
True,/data/uabcvmsc/shared/newborn/30/27.08.24 (2)/HM20240827080454.jpeg,38.5,21.2,3095,1398,-0.36381497979164124,0.9795372486114502,0.9505282640457153,3200,1399,-0.3397865295410156,0.9676969647407532,0.8965857028961182,3205,1419,-0.3405051827430725,0.9660248160362244,0.9251489043235779,3208,1439,-0.3406517803668976,0.9795293211936951,0.9199121594429016,3190,1325,-0.3696722984313965,0.9748861789703369,0.845051109790802,3186,1290,-0.3704463243484497,0.9746735692024231,0.8624026775360107,3184,1255,-0.37090158462524414,0.9803084135055542,0.8415133953094482,3165,1396,-0.2012508362531662,0.9922375082969666,0.9801973104476929,3134,1133,-0.3329004943370819,0.9763027429580688,0.8946725130081177,2986,1408,-0.3050259053707123,0.9788573980331421,0.9885454773902893,2986,1306,-0.3467164933681488,0.9746073484420776,0.9652042984962463,2579,1630,-0.1267917901277542,0.999504804611206,0.9998264908790588,2543,673,-0.255539208650589,0.9936206936836243,0.9951961636543274,2140,1874,-0.028038645163178444,0.12408167123794556,0.9979338645935059,2045,381,-0.2150372862815857,0.26458078622817993,0.9603657722473145,2200,2210,-0.016942264512181282,0.20259997248649597,0.9940043091773987,2578,423,-0.18683913350105286,0.35285279154777527,0.9955700039863586,2240,2346,-0.00976649858057499,0.23408645391464233,0.983461856842041,2730,410,-0.1992291659116745,0.4451765716075897,0.9929388761520386,2353,2325,-0.05392521247267723,0.25909993052482605,0.9823881983757019,2742,487,-0.2067629098892212,0.45686909556388855,0.9936863780021667,2332,2250,-0.03623915836215019,0.29377707839012146,0.9904442429542542,2708,507,-0.19220618903636932,0.402957022190094,0.9966337084770203,1521,1385,0.009880461730062962,0.9993410706520081,0.999915361404419,1526,953,-0.010457885451614857,0.9987913966178894,0.9998464584350586,1370,1628,0.26655593514442444,0.09637083858251572,0.9991821646690369,1318,598,0.26946505904197693,0.03674575313925743,0.9983515739440918,1145,1377,0.5104151964187622,0.14915646612644196,0.9978742599487305,1401,482,0.6026952862739563,0.04003177955746651,0.9964863061904907,1105,1317,0.5356122851371765,0.21041448414325714,0.9950921535491943,1407,508,0.6426277160644531,0.06639441102743149,0.997246503829956,874,1454,0.4840792417526245,0.1460648477077484,0.9782398343086243,1271,438,0.6394251585006714,0.04052130505442619,0.9848573207855225,2561,1152,None,None,None,None,None,None,None,None,34.97,nan,nan,nan,nan
True,/data/uabcvmsc/shared/newborn/30/27.08.24 (2)/HM20240827080555.jpeg,38.2,21.5,2727,702,-0.5157155990600586,0.9988811612129211,0.9998942613601685,2914,719,-0.5247286558151245,0.9988849759101868,0.9998196959495544,2947,780,-0.5254443287849426,0.9986456036567688,0.999832272529602,2927,836,-0.5253108739852905,0.9990166425704956,0.999756395816803,2867,619,-0.4942658841609955,0.999032735824585,0.9997249245643616,2860,574,-0.4952535331249237,0.9991323351860046,0.9997512698173523,2853,557,-0.49587270617485046,0.9992837309837341,0.9996544122695923,2967,1021,-0.4493712782859802,0.9991791844367981,0.9997422099113464,2903,646,-0.30973464250564575,0.9984220266342163,0.9996182918548584,2673,858,-0.4719489812850952,0.9966986775398254,0.9997337460517883,2646,719,-0.43532794713974,0.9943056702613831,0.9991374015808105,2694,1644,-0.31175726652145386,0.9996873140335083,0.9999321699142456,2521,685,-0.23345376551151276,0.9978645443916321,0.9993059635162354,2351,2087,-0.18086552619934082,0.9347999691963196,0.9991307854652405,1790,764,-0.2881849706172943,0.40801170468330383,0.9954743981361389,1993,2276,-0.10283936560153961,0.9663445353507996,0.998881995677948,2334,584,-0.4620282053947449,0.9517831206321716,0.9999285936355591,1854,2394,-0.07974714040756226,0.9566740393638611,0.9933668971061707,2503,470,-0.5066558122634888,0.9578363299369812,0.999829888343811,1846,2299,-0.13548094034194946,0.9626902937889099,0.9946112632751465,2613,530,-0.5094930529594421,0.9594833850860596,0.9998513460159302,1876,2217,-0.11703463643789291,0.9640686511993408,0.9977719187736511,2554,613,-0.4713287055492401,0.9474024176597595,0.9999368190765381,1516,1565,-0.02322920225560665,0.9992231130599976,0.9999557733535767,1481,1102,0.022650232538580894,0.9986841082572937,0.999948263168335,822,1590,0.25091710686683655,0.05733690783381462,0.9955163598060608,1004,691,0.15425749123096466,0.11657732725143433,0.9961762428283691,606,1305,0.5446847677230835,0.026050852611660957,0.9685539603233337,944,1182,0.4941851496696472,0.01664024032652378,0.9834203720092773,593,1299,0.5768218040466309,0.0593259371817112,0.9366570711135864,1040,1400,0.5422335863113403,0.05649665370583534,0.9875132441520691,376,1110,0.5824604034423828,0.032555412501096725,0.8500611782073975,713,1212,0.6257188320159912,0.02507711946964264,0.9516186714172363,2608,1164,2501,549,1892,2296,None,None,None,None,36.50,36.50,nan,nan,nan
True,/data/uabcvmsc/shared/newborn/30/27.08.24 (2)/HM20240827080656.jpeg,37.7,20.9,3105,1070,-0.27957236766815186,0.9999207258224487,0.9999696016311646,3171,1094,-0.2999827265739441,0.9999222755432129,0.9998797178268433,3170,1101,-0.30041226744651794,0.9998764991760254,0.9998867511749268,3168,1108,-0.3003377914428711,0.9999260902404785,0.9998154044151306,3170,1091,-0.29555273056030273,0.9999377727508545,0.999832272529602,3167,1092,-0.29624515771865845,0.9999167919158936,0.9998422861099243,3165,1092,-0.2965615689754486,0.9999493360519409,0.9997567534446716,3094,1143,-0.30929920077323914,0.9999172687530518,0.9999306201934814,3094,1146,-0.2916608154773712,0.999901294708252,0.9998657703399658,3015,1100,-0.2661221921443939,0.9995794892311096,0.9999332427978516,3010,1080,-0.26424849033355713,0.9995025396347046,0.9998440742492676,2494,808,-0.21699202060699463,0.9998856782913208,0.9999579191207886,2680,1575,-0.2276998609304428,0.9996150732040405,0.9997881054878235,2051,718,-0.12217392772436142,0.046550534665584564,0.9985211491584778,2177,1886,-0.08377942442893982,0.0012329668970778584,0.9921563863754272,2414,434,0.002555146347731352,0.056355129927396774,0.999591052532196,2273,1961,0.08495917916297913,0.006070941220968962,0.996264636516571,2463,329,-0.015342398546636105,0.09561113268136978,0.9992181062698364,2312,2044,0.07354313880205154,0.014355135150253773,0.994086503982544,2577,383,-0.011840256862342358,0.09544367343187332,0.9992825388908386,2373,1975,0.06634734570980072,0.014653551392257214,0.9947474598884583,2546,430,0.007027859799563885,0.06829070299863815,0.9995502829551697,2352,1920,0.08509621024131775,0.010537654161453247,0.9972125887870789,1572,1095,0.005186332389712334,0.999657154083252,0.9999773502349854,1662,1449,-0.0058347489684820175,0.9996224641799927,0.9999693632125854,1437,856,0.3164317011833191,0.0027210514526814222,0.9996861219406128,1787,1347,0.2984117865562439,0.0005145699833519757,0.9996482133865356,1061,1186,0.4473809599876404,0.012975087389349937,0.998257577419281,1253,1383,0.4835997521877289,0.001029790728352964,0.9958105087280273,979,1263,0.4654606878757477,0.07108127325773239,0.9940724968910217,1155,1379,0.5096822381019592,0.004478543531149626,0.9932608008384705,1044,1214,0.5422321557998657,0.018771668896079063,0.9952000379562378,1208,1448,0.59000563621521,0.002202205592766404,0.9959741234779358,2587,1192,None,None,None,None,None,None,None,None,30.98,nan,nan,nan,nan
True,/data/uabcvmsc/shared/newborn/30/27.08.24 (2)/HM20240827080758.jpeg,37.7,21.4,3192,1360,-0.4502895176410675,0.14983642101287842,0.4106060564517975,3290,1362,-0.4418684244155884,0.06142893806099892,0.23733660578727722,3293,1375,-0.4427500069141388,0.06458462029695511,0.28383970260620117,3293,1390,-0.4428287744522095,0.0801689550280571,0.2560097575187683,3287,1313,-0.46679773926734924,0.1251055896282196,0.29216232895851135,3285,1290,-0.4678848683834076,0.20130878686904907,0.4226694107055664,3284,1265,-0.4685027003288269,0.2810160517692566,0.4623783230781555,3256,1339,-0.3445599675178528,0.14880681037902832,0.43165159225463867,3246,1161,-0.4568836987018585,0.28074386715888977,0.6698548793792725,3126,1406,-0.4012238681316376,0.211391881108284,0.8072100877761841,3100,1278,-0.4383918046951294,0.28220075368881226,0.7988376617431641,2726,1559,-0.3031618297100067,0.9883273243904114,0.9919396042823792,2710,634,-0.3556443452835083,0.994301438331604,0.9942889213562012,2226,1837,-0.1456078737974167,0.05276503413915634,0.9597400426864624,2146,633,-0.3338790237903595,0.2548586130142212,0.9744538068771362,2504,2195,-0.04305311292409897,0.064658522605896,0.9486143589019775,2584,400,-0.3799700140953064,0.8714396357536316,0.9995394945144653,2636,2348,-0.033243920654058456,0.09874100983142853,0.9255139827728271,2658,284,-0.41347450017929077,0.9062286615371704,0.999188244342804,2721,2267,-0.08857350051403046,0.12336043268442154,0.9184626936912537,2749,341,-0.440918505191803,0.9221488237380981,0.9992899894714355,2698,2181,-0.06578865647315979,0.1555175930261612,0.9447973370552063,2710,399,-0.3988271653652191,0.8782866597175598,0.9996141195297241,1626,1198,-0.02231656201183796,0.9961982369422913,0.9995107650756836,1581,995,0.021480554714798927,0.9972008466720581,0.9997115731239319,1332,1090,0.4861363470554352,0.005060718394815922,0.9978175163269043,1276,948,0.46700966358184814,0.004988855216652155,0.9994456171989441,1107,1012,0.8281341195106506,0.01398024708032608,0.9956586360931396,1112,939,0.8358288407325745,0.026165951043367386,0.9968568086624146,1048,1051,0.8616511225700378,0.05832526087760925,0.9923897385597229,1068,920,0.8790643811225891,0.07778236269950867,0.9969011545181274,1053,959,0.8278706669807434,0.03613785654306412,0.9890016317367554,1074,888,0.8571725487709045,0.04457998648285866,0.9928280711174011,2718,1096,2675,356,None,None,None,None,None,None,31.12,nan,nan,nan,nan
True,/data/uabcvmsc/shared/newborn/30/27.08.24 (2)/HM20240827080901.jpeg,38.4,22.3,2955,1287,-0.4828415513038635,0.5251195430755615,0.7385784387588501,3074,1309,-0.45644450187683105,0.3721536099910736,0.6818455457687378,3079,1342,-0.45745018124580383,0.38710975646972656,0.7736347317695618,3081,1376,-0.45753368735313416,0.540928840637207,0.7783390283584595,3072,1208,-0.48264431953430176,0.31306350231170654,0.4875730276107788,3073,1165,-0.4836304485797882,0.31719979643821716,0.49723541736602783,3075,1123,-0.4841974377632141,0.3433031439781189,0.42436933517456055,3067,1356,-0.276851624250412,0.7091147899627686,0.8839206099510193,3073,840,-0.3937429189682007,0.26468515396118164,0.40543702244758606,2812,1326,-0.403269499540329,0.526411235332489,0.8687617778778076,2869,1182,-0.4422302544116974,0.3916684687137604,0.6369859576225281,2689,1619,-0.24384382367134094,0.9975445866584778,0.9980928301811218,2604,598,-0.2808035910129547,0.9184646606445312,0.8542683720588684,2306,1938,-0.27761203050613403,0.3214882016181946,0.9884721040725708,2341,104,-0.4209526479244232,0.22481782734394073,0.7238025069236755,2032,2174,-0.4156361222267151,0.38211482763290405,0.9887117147445679,3107,100,-0.4685204327106476,0.16193652153015137,0.9327987432479858,1952,2239,-0.4445480406284332,0.3909949064254761,0.9742783904075623,3237,145,-0.5017004609107971,0.1669352948665619,0.9055782556533813,1994,2221,-0.47481101751327515,0.4324144124984741,0.9750391840934753,3332,136,-0.481838583946228,0.17571139335632324,0.9221405982971191,2002,2152,-0.43071094155311584,0.4560528099536896,0.9851314425468445,3257,148,-0.4686484634876251,0.15073543787002563,0.9552314877510071,1513,1469,0.00038828974356874824,0.9968155026435852,0.9994091987609863,1497,987,-0.0015080795856192708,0.9932087063789368,0.9983595013618469,1114,1548,0.45640498399734497,0.051785457879304886,0.9978214502334595,1213,677,0.43475663661956787,0.0493093766272068,0.997302770614624,924,1495,0.8951905965805054,0.09940110892057419,0.9940675497055054,1179,373,0.8903492093086243,0.1109507605433464,0.9900941252708435,913,1438,0.937284529209137,0.10824944823980331,0.9876639246940613,1066,378,0.9404077529907227,0.10389566421508789,0.9919025301933289,761,1470,0.8549468517303467,0.0986981987953186,0.9657979607582092,1146,177,0.9038041830062866,0.08836132287979126,0.9611399173736572,2646,1108,None,None,None,None,None,None,None,None,36.76,nan,nan,nan,nan
False,/data/uabcvmsc/shared/newborn/30/27.08.24 (2)/HM20240827081003.jpeg,38.2,22.4
True,/data/uabcvmsc/shared/newborn/30/27.08.24 (2)/HM20240827081104.jpeg,37.9,22.2,2854,974,-0.0673074722290039,0.9997618794441223,0.9999263286590576,2932,1002,-0.06979872286319733,0.9996750354766846,0.9998140931129456,2943,1023,-0.07019537687301636,0.9995892643928528,0.9998369216918945,2953,1044,-0.07013151794672012,0.9997484087944031,0.9997966885566711,2904,955,-0.049696192145347595,0.9997523427009583,0.9997515082359314,2895,941,-0.050272587686777115,0.9997125267982483,0.9997832179069519,2886,926,-0.050564177334308624,0.9998107552528381,0.9997439980506897,2938,1121,-0.028257764875888824,0.9998422861099243,0.9999115467071533,2852,966,0.062256962060928345,0.9996227025985718,0.9998231530189514,2809,1052,-0.0441957525908947,0.9997298121452332,0.9999488592147827,2774,989,-0.021244697272777557,0.9994018077850342,0.9998030066490173,2574,1375,-0.00947597622871399,0.9999274015426636,0.9999791383743286,2538,890,0.14035554230213165,0.9997422099113464,0.9999219179153442,2137,1597,-0.04575297608971596,0.6963071823120117,0.9987229704856873,2158,655,0.1779986470937729,0.15683038532733917,0.9992863535881042,2603,1521,-0.055494800209999084,0.8146181106567383,0.9999784231185913,2632,470,0.07899316400289536,0.7891777157783508,0.9999556541442871,2718,1492,-0.05996716395020485,0.8075723052024841,0.9999387264251709,2708,441,0.0609055757522583,0.8496813178062439,0.9998918771743774,2806,1496,-0.06684445589780807,0.8159624338150024,0.9999518394470215,2786,379,0.03701015189290047,0.8634130954742432,0.9998908042907715,2754,1500,-0.05556001141667366,0.7845284342765808,0.9999760389328003,2737,482,0.061654310673475266,0.848451554775238,0.9999529123306274,1571,1232,-0.04274760186672211,0.9994679093360901,0.9999511241912842,1586,1029,0.04233047366142273,0.9996140599250793,0.9999666213989258,1355,977,0.13328498601913452,0.01621961034834385,0.9992414712905884,1496,631,0.05486524850130081,0.06551423668861389,0.9997115731239319,951,1031,0.16819646954536438,0.032960351556539536,0.9968178272247314,1005,1125,-0.048446446657180786,0.05466853082180023,0.9988312125205994,861,1059,0.17294126749038696,0.09953515976667404,0.9915955662727356,993,1192,-0.055467914789915085,0.12582193315029144,0.9981071949005127,869,1003,0.14727208018302917,0.0717049390077591,0.9882060885429382,898,1202,-0.10176926106214523,0.10397663712501526,0.994255006313324,2556,1132,2716,443,2720,1502,None,None,None,None,31.56,37.90,31.56,nan,nan
True,/data/uabcvmsc/shared/newborn/30/27.08.24 (2)/HM20240827081205.jpeg,38.1,22.5,3050,1314,-0.31179526448249817,0.999548614025116,0.9999517202377319,3212,1294,-0.2796924114227295,0.9995278120040894,0.9999359846115112,3236,1329,-0.28056252002716064,0.9995094537734985,0.9999486207962036,3255,1365,-0.28037968277931213,0.9996713399887085,0.9999392032623291,3169,1121,-0.31564080715179443,0.9994908571243286,0.9998828172683716,3150,1129,-0.3165896534919739,0.9994286894798279,0.9998713731765747,3137,1077,-0.3168482482433319,0.9994648098945618,0.9997952580451965,3257,1331,-0.07663334161043167,0.9997398257255554,0.9999707937240601,2991,737,-0.23831787705421448,0.9989479184150696,0.9997343420982361,2971,1381,-0.22143100202083588,0.9985501170158386,0.9998856782913208,2858,1217,-0.2741166949272156,0.9973108768463135,0.9995418787002563,2850,1517,-0.029793119058012962,0.9999246597290039,0.9999819993972778,2631,571,-0.10955899208784103,0.9989880919456482,0.9993865489959717,2276,1809,-0.060669805854558945,0.1330559253692627,0.9979162812232971,2235,374,-0.06180104985833168,0.13579772412776947,0.9812061190605164,2653,1776,-0.16336537897586823,0.4865837097167969,0.9998993873596191,2720,369,0.0910785049200058,0.22759689390659332,0.9982436895370483,2805,1805,-0.1769629418849945,0.6212477684020996,0.999840497970581,2805,370,0.100130595266819,0.3345586955547333,0.9971701502799988,2887,1668,-0.17963461577892303,0.6433514356613159,0.9998493194580078,2918,375,0.10355626791715622,0.34288400411605835,0.9974371194839478,2822,1611,-0.1650238037109375,0.6308078765869141,0.999903678894043,2892,394,0.0907473936676979,0.31880083680152893,0.9985939860343933,1462,1270,0.01654490828514099,0.9991723299026489,0.9999496936798096,1366,976,-0.017535896971821785,0.9989916682243347,0.9998972415924072,1337,1132,0.5612933039665222,0.014574296772480011,0.9998749494552612,1060,845,0.3369702696800232,0.04260348528623581,0.9997901320457458,1039,986,0.7552737593650818,0.06644757091999054,0.9996273517608643,818,799,0.5271604061126709,0.12401833385229111,0.9985628724098206,961,970,0.7772949934005737,0.23801447451114655,0.9990531802177429,758,797,0.5543305277824402,0.24714280664920807,0.9981412887573242,873,979,0.7965962886810303,0.17518725991249084,0.997765302658081,643,861,0.5593044757843018,0.19763872027397156,0.9926825165748596,2740,1044,None,None,None,None,None,None,None,None,31.80,nan,nan,nan,nan
True,/data/uabcvmsc/shared/newborn/30/27.08.24 (2)/HM20240827081306.jpeg,38.2,23.2,2858,1137,-0.6249445676803589,0.8490650057792664,0.8098760843276978,2985,1181,-0.6065434217453003,0.7546442151069641,0.8308137059211731,2991,1216,-0.6075425744056702,0.7920621037483215,0.8894014954566956,2993,1251,-0.6075543761253357,0.8404110074043274,0.890240490436554,2988,1083,-0.623894453048706,0.6861655712127686,0.6869606375694275,2992,1044,-0.6248794794082642,0.7156122326850891,0.6992113590240479,2998,1005,-0.625449001789093,0.6863938570022583,0.6276835799217224,3004,1268,-0.42728081345558167,0.9413062930107117,0.9404149055480957,2991,790,-0.5067324042320251,0.7004645466804504,0.5776428580284119,2787,1169,-0.5436463952064514,0.7616078853607178,0.8610595464706421,2790,1047,-0.5715196132659912,0.6322710514068604,0.6070684790611267,2608,1557,-0.36163243651390076,0.9959434866905212,0.9969630837440491,2657,529,-0.3400305211544037,0.8917108178138733,0.7749208211898804,2203,1836,-0.262401819229126,0.8037616014480591,0.9727991819381714,2690,-2,-0.39542320370674133,0.22243233025074005,0.4396641254425049,1952,2238,-0.20718243718147278,0.7340412139892578,0.9309583902359009,2945,-358,-0.41799548268318176,0.0865241214632988,0.27141228318214417,1926,2415,-0.198794886469841,0.6669955253601074,0.8629717826843262,3072,-464,-0.43369990587234497,0.095607690513134,0.21544279158115387,1977,2444,-0.26262563467025757,0.7224958539009094,0.8328534364700317,3123,-463,-0.44961029291152954,0.11296091973781586,0.21155621111392975,1965,2372,-0.2335679978132248,0.7710264325141907,0.8870326280593872,3074,-391,-0.4346570372581482,0.13432489335536957,0.3102588355541229,1497,1388,-0.0193942841142416,0.9957759976387024,0.9980065226554871,1528,924,0.018530400469899178,0.9905375838279724,0.9940105080604553,1198,1546,0.46024757623672485,0.7201697826385498,0.9981813430786133,1535,454,0.42446425557136536,0.6018143892288208,0.9971280694007874,893,1576,0.9711623787879944,0.8511742353439331,0.9958742260932922,1230,514,0.9403394460678101,0.832379162311554,0.9949643611907959,848,1510,1.019114375114441,0.7318710088729858,0.9917478561401367,1128,598,0.994848370552063,0.754533052444458,0.9956374764442444,659,1631,0.9007747769355774,0.8046980500221252,0.9568020701408386,1136,232,0.9243520498275757,0.7645906209945679,0.9616566896438599,2632,1043,None,None,1965,2351,1165,448,800,1572,36.67,nan,nan,32.20,36.67
True,/data/uabcvmsc/shared/newborn/30/27.08.24 (2)/HM20240827081408.jpeg,38.1,23.2,2877,693,-0.6706861257553101,0.99852055311203,0.9994774460792542,3041,701,-0.664532482624054,0.9982367753982544,0.9991183876991272,3071,763,-0.6651041507720947,0.997836172580719,0.9990239143371582,3078,842,-0.6648637056350708,0.9977411031723022,0.9982054233551025,2999,600,-0.638180136680603,0.9989035129547119,0.9992758631706238,2986,545,-0.63936847448349,0.9992009997367859,0.9994866847991943,2980,519,-0.6401209235191345,0.99937504529953,0.9993951320648193,3109,1024,-0.5349525809288025,0.9984690546989441,0.9976440072059631,2951,574,-0.413920134305954,0.9992976188659668,0.9995976090431213,2808,851,-0.6080353260040283,0.9894143342971802,0.9963775277137756,2771,724,-0.5768332481384277,0.9907834529876709,0.9945666790008545,2695,1646,-0.36764466762542725,0.9888318777084351,0.994720458984375,2566,642,-0.3089757263660431,0.9962339997291565,0.9984439015388489,2196,2035,-0.26514312624931335,0.6769400238990784,0.7618472576141357,2130,391,-0.25172531604766846,0.677793025970459,0.979732871055603,1933,2395,-0.09007048606872559,0.23850081861019135,0.1515580266714096,2615,267,-0.24040688574314117,0.9367407560348511,0.9987381100654602,1917,2491,-0.047388266772031784,0.23656456172466278,0.09777721762657166,2723,177,-0.25902408361434937,0.9342493414878845,0.9976550340652466,1942,2542,-0.11046120524406433,0.2855192720890045,0.10131179541349411,2806,224,-0.24356935918331146,0.9384579062461853,0.9976186156272888,1939,2460,-0.1086025983095169,0.37203624844551086,0.14029744267463684,2757,298,-0.23818524181842804,0.9314194917678833,0.9986685514450073,1572,1491,-0.03342045098543167,0.9929719567298889,0.9967725872993469,1553,1031,0.03300810605287552,0.9962600469589233,0.9990906715393066,1114,1540,0.3891229033470154,0.3169979751110077,0.9722040295600891,1193,919,0.4226911962032318,0.34487906098365784,0.9970027804374695,991,1123,0.7550690770149231,0.23778985440731049,0.9360376000404358,1084,1127,0.841772198677063,0.23385325074195862,0.9667806625366211,971,1104,0.7918895483016968,0.40178146958351135,0.8917348980903625,1075,1188,0.8921802043914795,0.34805864095687866,0.9662528038024902,855,890,0.7321658134460449,0.27132532000541687,0.7601431608200073,932,1108,0.8813013434410095,0.26402848958969116,0.9098653197288513,2630,1144,2725,242,None,None,None,None,None,None,36.58,nan,nan,nan,nan
True,/data/uabcvmsc/shared/newborn/30/27.08.24 (2)/HM20240827081509.jpeg,38.4,23.5,2829,727,-0.5653049349784851,0.781160831451416,0.9278903007507324,2996,748,-0.5766068696975708,0.5707101225852966,0.8579922914505005,3023,785,-0.5772365927696228,0.6315792798995972,0.8678072094917297,3048,823,-0.5772102475166321,0.5737506747245789,0.8139684796333313,2941,664,-0.5548670887947083,0.7771170735359192,0.8982794880867004,2924,636,-0.5561110377311707,0.8878703713417053,0.9388833045959473,2893,495,-0.5569465756416321,0.8929073214530945,0.9441331624984741,3091,942,-0.5063000917434692,0.77967369556427,0.8557055592536926,2923,597,-0.4047641158103943,0.9210361838340759,0.9754781723022461,2774,848,-0.5202077627182007,0.5619223713874817,0.9330474734306335,2721,723,-0.4946954548358917,0.6352476477622986,0.9185178875923157,2735,1583,-0.3672472834587097,0.9834453463554382,0.9906524419784546,2596,598,-0.31672239303588867,0.9943968057632446,0.9974042773246765,2590,2249,-0.3821943700313568,0.33858004212379456,0.7969051599502563,1997,516,-0.31529495120048523,0.20923668146133423,0.9825325012207031,2815,2867,-0.3210579752922058,0.07572010159492493,0.1247343122959137,2533,324,-0.38692089915275574,0.862774133682251,0.9990395903587341,2971,3022,-0.294793963432312,0.12318339943885803,0.09946974366903305,2630,197,-0.41962599754333496,0.9034605622291565,0.9987014532089233,3026,3085,-0.3544922471046448,0.16729499399662018,0.09123872220516205,2762,254,-0.4273863732814789,0.9152209758758545,0.9984840750694275,2935,3007,-0.3454214334487915,0.2532957196235657,0.10805430263280869,2712,378,-0.40004828572273254,0.9087210893630981,0.9991092085838318,1445,1272,-0.033605173230171204,0.9983921647071838,0.9996119141578674,1426,1043,0.03308088332414627,0.9992434978485107,0.9998517036437988,1099,844,0.426567018032074,0.27698010206222534,0.9986842274665833,1216,1308,0.42556533217430115,0.4521941840648651,0.9998511075973511,930,435,0.7084879875183105,0.4275948107242584,0.9964189529418945,929,1817,0.721741795539856,0.7093731164932251,0.9985342025756836,695,433,0.7349619269371033,0.675869345664978,0.9931776523590088,896,1890,0.7561479806900024,0.7649153470993042,0.9981149435043335,761,288,0.6583335995674133,0.5017644166946411,0.9808214902877808,789,1988,0.6849073767662048,0.6664637327194214,0.9934594631195068,2666,1090,2659,288,None,None,None,None,None,None,36.88,nan,nan,nan,nan
True,/data/uabcvmsc/shared/newborn/30/27.08.24 (2)/HM20240827081610.jpeg,38.1,24.2,3032,1204,-0.28903093934059143,0.9981503486633301,0.9994114637374878,3154,1196,-0.26404672861099243,0.9966540336608887,0.9985172152519226,3172,1227,-0.2647523581981659,0.9963843822479248,0.9987034797668457,3188,1259,-0.264730304479599,0.9974862337112427,0.9983479976654053,3112,1101,-0.28493428230285645,0.9976564645767212,0.9980365633964539,3097,1061,-0.2857067584991455,0.9977250695228577,0.9981654286384583,3084,1020,-0.28608736395835876,0.9980656504631042,0.997545063495636,3176,1268,-0.0952843502163887,0.9984037280082703,0.9991105198860168,3038,933,-0.1857658475637436,0.9966340661048889,0.9974070191383362,2972,1273,-0.2154681533575058,0.9979385733604431,0.99955815076828,2918,1150,-0.2464214712381363,0.9971684813499451,0.9986506104469299,2810,1642,-0.02367432415485382,0.9998277425765991,0.9999125003814697,2570,688,-0.08201292157173157,0.9989429116249084,0.9992856383323669,2214,1874,-0.09494756162166595,0.5753629207611084,0.9945996999740601,1989,537,-0.14540788531303406,0.5686747431755066,0.9889710545539856,2660,1788,-0.2914403975009918,0.8728365898132324,0.9999414682388306,2575,417,-0.25495409965515137,0.8687544465065002,0.9996817111968994,2773,1791,-0.3138614594936371,0.8816049695014954,0.9998793601989746,2745,352,-0.28406453132629395,0.889155924320221,0.9993554949760437,2903,1696,-0.3191877007484436,0.8796247243881226,0.9999121427536011,2815,365,-0.27778080105781555,0.8855732083320618,0.9995092153549194,2848,1629,-0.2948092818260193,0.8565618395805359,0.9999525547027588,2750,440,-0.25827300548553467,0.8522958159446716,0.9997672438621521,1538,1555,0.007503332570195198,0.9984474778175354,0.9996616840362549,1497,1064,-0.008045878261327744,0.9983349442481995,0.9996296167373657,963,1656,0.251497745513916,0.06855330616235733,0.99704509973526,1042,818,0.17003099620342255,0.07892221212387085,0.9972460269927979,714,1552,0.5990251302719116,0.02924368344247341,0.9748279452323914,754,844,0.42533573508262634,0.05092316493391991,0.9655899405479431,669,1533,0.6344241499900818,0.05780934542417526,0.9476054310798645,691,904,0.4546736180782318,0.07738179713487625,0.9658158421516418,560,1530,0.6428968906402588,0.03589697927236557,0.8956392407417297,598,759,0.45548322796821594,0.04813295602798462,0.8578981757164001,2690,1165,None,None,2796,1726,None,None,None,None,35.27,nan,35.27,nan,nan
True,/data/uabcvmsc/shared/newborn/30/27.08.24 (2)/HM20240827081711.jpeg,38.0,23.4,2877,806,-0.28483861684799194,0.9925994873046875,0.9986026883125305,3017,811,-0.2852618098258972,0.9900050759315491,0.9970766305923462,3046,845,-0.2858927845954895,0.9892382621765137,0.9976720213890076,3073,880,-0.2858486771583557,0.9940991401672363,0.9972936511039734,2985,709,-0.2767646014690399,0.9903702139854431,0.9950376152992249,2965,673,-0.27774518728256226,0.9889533519744873,0.9953118562698364,2931,665,-0.2782317101955414,0.9918453097343445,0.9938691258430481,3104,993,-0.1973584145307541,0.995012104511261,0.9985256791114807,2904,681,-0.15293197333812714,0.9817162156105042,0.9940760135650635,2843,925,-0.23823784291744232,0.9944424033164978,0.9991894364356995,2805,844,-0.23032048344612122,0.9868224859237671,0.9962539672851562,2734,1584,-0.11560971289873123,0.9998602867126465,0.9999181032180786,2622,688,-0.09370769560337067,0.9989159107208252,0.9993299245834351,2250,1974,-0.22437533736228943,0.6724306344985962,0.996281087398529,2305,486,-0.08219146728515625,0.24876941740512848,0.9963781237602234,2820,1857,-0.4183695912361145,0.8561673760414124,0.9999260902404785,2783,471,-0.13887977600097656,0.469365656375885,0.999245285987854,2945,1887,-0.4370121657848358,0.8713453412055969,0.9998369216918945,2824,412,-0.16403020918369293,0.5424741506576538,0.9980021119117737,3056,1747,-0.4505368173122406,0.8789510726928711,0.9998838901519775,2870,458,-0.17031706869602203,0.5417642593383789,0.9980068802833557,2976,1685,-0.42277029156684875,0.86122065782547,0.9999336004257202,2844,496,-0.1477743238210678,0.5200896263122559,0.999123752117157,1345,1359,-0.013708576560020447,0.9973063468933105,0.9995916485786438,1342,957,0.01304166205227375,0.9976627826690674,0.9996073842048645,931,1240,0.2722818851470947,0.00477267149835825,0.9947992563247681,957,703,0.19055448472499847,0.012472315691411495,0.9936413168907166,785,1000,0.4446312487125397,0.0036979056894779205,0.9668630361557007,691,910,0.3034486472606659,0.005077856592833996,0.9253511428833008,746,1009,0.4638724625110626,0.01952959969639778,0.933295488357544,651,978,0.3203718066215515,0.016514301300048828,0.9243824481964111,731,874,0.4737369418144226,0.007909865118563175,0.9078558683395386,532,933,0.33335080742836,0.008244815282523632,0.8617333769798279,2678,1136,None,None,2949,1794,None,None,None,None,36.51,nan,nan,nan,nan
True,/data/uabcvmsc/shared/newborn/30/27.08.24 (2)/HM20240827081813.jpeg,38.2,23.8,3181,1326,-0.5742594003677368,0.9571731686592102,0.9160768389701843,3382,1309,-0.5378305912017822,0.8907546401023865,0.8416329026222229,3424,1344,-0.5386078953742981,0.8921555876731873,0.8596348166465759,3352,1315,-0.5386257171630859,0.8980509638786316,0.8215969800949097,3252,1160,-0.5695696473121643,0.9413874745368958,0.8660709261894226,3229,1112,-0.5704969763755798,0.9620749950408936,0.9057273864746094,3209,1064,-0.571137547492981,0.968789279460907,0.9007922410964966,3313,1269,-0.33374476432800293,0.957666277885437,0.8923940658569336,3021,761,-0.4705333113670349,0.9745764136314392,0.9265502691268921,3051,1391,-0.48836812376976013,0.9184443950653076,0.9351728558540344,2969,1234,-0.5324432253837585,0.9292227625846863,0.8950036764144897,2744,1645,-0.2489372193813324,0.9950319528579712,0.9931764006614685,2542,622,-0.3462076187133789,0.991940975189209,0.9867896437644958,2440,2211,-0.22194552421569824,0.23069928586483002,0.8213343620300293,1952,483,-0.3616800010204315,0.770309567451477,0.9244426488876343,2133,2720,-0.24123376607894897,0.08606205880641937,0.2234354317188263,2484,418,-0.35476839542388916,0.9353576302528381,0.9979478716850281,2125,2864,-0.2318425178527832,0.09186546504497528,0.1389329880475998,2633,388,-0.3740176856517792,0.9293872117996216,0.9961636066436768,2131,2872,-0.2777034640312195,0.11016131937503815,0.13896618783473969,2707,476,-0.36131787300109863,0.9325441122055054,0.9967054724693298,2109,2774,-0.26095184683799744,0.15748180449008942,0.19116473197937012,2664,539,-0.3522694706916809,0.9084157347679138,0.9981781244277954,1495,1486,-0.011086626909673214,0.9962052702903748,0.9976089000701904,1449,1074,0.010604576207697392,0.9973306655883789,0.998410701751709,1098,1327,0.4410511553287506,0.1582634449005127,0.9926496148109436,916,998,0.39606228470802307,0.23984722793102264,0.9983104467391968,900,1255,0.8487666249275208,0.27280065417289734,0.9835970997810364,798,926,0.7419482469558716,0.3981516659259796,0.9879335761070251,878,1268,0.8892871141433716,0.3959098756313324,0.9715155363082886,778,935,0.7810478806495667,0.39076024293899536,0.9878076910972595,707,1199,0.8264749646186829,0.2963624596595764,0.9190053343772888,618,977,0.7026376128196716,0.35034728050231934,0.935089111328125,2643,1134,2622,455,None,None,None,None,None,None,35.32,37.47,nan,nan,nan
True,/data/uabcvmsc/shared/newborn/30/27.08.24 (2)/HM20240827081915.jpeg,36.0,24.2,891,1365,-0.1284567415714264,0.9217395782470703,0.9535395503044128,897,1302,-0.099113330245018,0.7669045925140381,0.8955140709877014,916,1293,-0.09958577156066895,0.7381150126457214,0.8947044014930725,935,1287,-0.0994177833199501,0.7781792283058167,0.8618648052215576,841,1324,-0.11490536481142044,0.8502160310745239,0.8996785283088684,822,1333,-0.11546771228313446,0.8875846862792969,0.9222556948661804,802,1340,-0.11584804952144623,0.9065001010894775,0.9189154505729675,974,1303,0.05185228958725929,0.8457522392272949,0.8637069463729858,783,1376,-0.02036108821630478,0.8607187271118164,0.9166076183319092,950,1406,-0.06669667363166809,0.870042622089386,0.9198485016822815,881,1436,-0.09153899550437927,0.8762014508247375,0.886390209197998,1264,1582,0.12097281217575073,0.9817225337028503,0.9222419857978821,715,1626,-0.09027799963951111,0.9884803295135498,0.9609482288360596,1403,1754,-0.04849138855934143,0.12315370887517929,0.7821733951568604,450,1544,-0.42061030864715576,0.3592914640903473,0.927172064781189,1234,1804,-0.31473854184150696,0.06605685502290726,0.9350680708885193,757,1773,-0.7263607978820801,0.15370889008045197,0.911479651927948,1200,1861,-0.3743375837802887,0.10489591956138611,0.8992165923118591,788,1851,-0.8277437686920166,0.16928349435329437,0.8064292073249817,1158,1822,-0.3909859359264374,0.12204165011644363,0.931811511516571,873,1837,-0.8027364015579224,0.18133917450904846,0.8716340661048889,1163,1811,-0.3284071683883667,0.10671430081129074,0.9423014521598816,870,1822,-0.7279861569404602,0.1636837124824524,0.9130207300186157,1430,2525,0.07971696555614471,0.6849907040596008,0.5708792209625244,1069,2564,-0.08025593310594559,0.756804883480072,0.7236374616622925,1612,3102,0.1311296671628952,0.0010442277416586876,0.06011410057544708,1076,3064,-0.053336627781391144,0.0016515557654201984,0.12674109637737274,1612,3848,0.33086341619491577,0.0009626788087189198,0.028305841609835625,1038,3915,0.2196231484413147,0.0018281578086316586,0.009329441003501415,1617,3957,0.3373109996318817,0.0017335773445665836,0.0171054694801569,1030,4062,0.23776517808437347,0.0017398834461346269,0.011975561268627644,1532,4052,0.11188019812107086,0.0013205594150349498,0.05373939126729965,1105,4084,0.024630164727568626,0.0015086017083376646,0.022251196205615997,990,1604,None,None,None,None,None,None,None,None,25.36,nan,nan,nan,nan
False,/data/uabcvmsc/shared/newborn/30/27.08.24 (2)/HM20240827082016.jpeg,35.8,23.1
False,/data/uabcvmsc/shared/newborn/30/27.08.24 (2)/HM20240827082117.jpeg,36.0,23.2
False,/data/uabcvmsc/shared/newborn/30/27.08.24 (2)/HM20240827082218.jpeg,33.1,17.6
False,/data/uabcvmsc/shared/newborn/30/27.08.24 (2)/HM20240827082319.jpeg,32.4,21.4
False,/data/uabcvmsc/shared/newborn/30/27.08.24 (2)/HM20240827082420.jpeg,32.3,21.2
False,/data/uabcvmsc/shared/newborn/30/27.08.24 (2)/HM20240827082522.jpeg,32.1,21.1
True,/data/uabcvmsc/shared/newborn/30/27.08.24 (2)/HM20240827082624.jpeg,35.1,20.5,615,745,0.05999413877725601,0.9998924732208252,0.9999687671661377,621,696,0.09709680080413818,0.9997720122337341,0.9999350309371948,632,678,0.0967697948217392,0.9997219443321228,0.9999442100524902,639,663,0.0967196449637413,0.9998212456703186,0.9999353885650635,595,763,0.0920901671051979,0.999864935874939,0.9998892545700073,590,788,0.09174729138612747,0.9998471736907959,0.9998878240585327,583,827,0.0916408896446228,0.9998798370361328,0.9998475313186646,704,673,0.2302268147468567,0.9998353719711304,0.999967098236084,633,902,0.21294477581977844,0.9995706677436829,0.9998332262039185,701,721,0.10739044845104218,0.9998325109481812,0.9999853372573853,663,805,0.09880826622247696,0.9997721314430237,0.9999574422836304,1009,639,0.20575693249702454,0.9999630451202393,0.9999881982803345,915,1163,0.25643283128738403,0.9997462630271912,0.9998397827148438,1273,525,0.04556552693247795,0.46636977791786194,0.9997915625572205,1176,1425,0.13670961558818817,0.19973857700824738,0.998505711555481,1040,526,-0.2370155304670334,0.8097211718559265,0.9999868869781494,876,1551,-0.03928942233324051,0.6069973111152649,0.9999072551727295,1006,506,-0.2833210825920105,0.8209529519081116,0.9999605417251587,801,1636,-0.0716668888926506,0.699472963809967,0.9998494386672974,965,544,-0.2925892770290375,0.8128687739372253,0.9999654293060303,774,1599,-0.09015388041734695,0.6794283390045166,0.9998838901519775,980,571,-0.24670976400375366,0.750545084476471,0.999984622001648,805,1562,-0.0547669418156147,0.6186046600341797,0.9999434947967529,1670,988,-0.030749505385756493,0.9999644756317139,0.9999954700469971,1615,1330,0.030108707025647163,0.9999440908432007,0.9999929666519165,1585,750,-0.48316264152526855,0.9011215567588806,0.9999910593032837,1805,1828,-0.2742806375026703,0.8158685564994812,0.9999823570251465,2355,1129,-0.49394097924232483,0.7093496918678284,0.9998794794082642,2423,2192,-0.49511757493019104,0.9494656920433044,0.9989413619041443,2456,1210,-0.5032301545143127,0.608196496963501,0.9993347525596619,2617,2200,-0.5244194865226746,0.9013087749481201,0.9971869587898254,2695,1173,-0.6318647861480713,0.6399999260902405,0.9950149655342102,2467,2641,-0.682673990726471,0.8975178003311157,0.9556835293769836,962,901,None,None,998,537,2502,2344,2355,1129,29.20,nan,32.12,nan,27.77
True,/data/uabcvmsc/shared/newborn/30/27.08.24 (2)/HM20240827082726.jpeg,35.9,20.9,643,766,0.21294791996479034,0.9999985694885254,0.9999997615814209,647,715,0.26317521929740906,0.9999967813491821,0.9999995231628418,661,691,0.26293402910232544,0.9999964237213135,0.9999994039535522,670,670,0.26290589570999146,0.9999969005584717,0.9999992847442627,613,796,0.25549548864364624,0.9999988079071045,0.9999992847442627,605,831,0.2552203834056854,0.999998927116394,0.9999992847442627,600,859,0.2551514208316803,0.999998927116394,0.999998927116394,732,674,0.4292997717857361,0.9999977350234985,0.9999996423721313,640,930,0.39442387223243713,0.9999969005584717,0.999998927116394,720,752,0.269084632396698,0.9999973773956299,0.9999997615814209,679,846,0.2560683786869049,0.9999971389770508,0.9999995231628418,985,648,0.3741184175014496,0.9999970197677612,0.999998927116394,927,1195,0.4127676784992218,0.9999873638153076,0.9999948740005493,1244,496,0.17486821115016937,0.8446407318115234,0.9998595714569092,1157,1415,0.22946031391620636,0.7044129371643066,0.9998295307159424,960,599,-0.09269441664218903,0.955388069152832,0.999996542930603,918,1524,0.019664352759718895,0.9674503207206726,0.9999861717224121,898,630,-0.13600224256515503,0.9506393671035767,0.9999901056289673,834,1628,-0.02280987985432148,0.9737048149108887,0.9999686479568481,861,653,-0.1264929473400116,0.9418818354606628,0.9999929666519165,805,1592,-0.018043572083115578,0.9680382609367371,0.9999790191650391,899,653,-0.09426440298557281,0.9205596446990967,0.9999967813491821,841,1541,0.012802562676370144,0.9585921168327332,0.9999904632568359,1578,918,-0.03555520996451378,0.9999803304672241,0.9999966621398926,1576,1252,0.03475353866815567,0.9999790191650391,0.9999963045120239,1559,1138,-0.39648330211639404,0.9948822259902954,0.999995231628418,1788,1729,-0.21309445798397064,0.9559715390205383,0.9999877214431763,2090,1608,-0.5506044030189514,0.9262692332267761,0.9998840093612671,2324,1964,-0.4581323266029358,0.9148551821708679,0.9992296695709229,2265,1678,-0.5716031789779663,0.9735006093978882,0.9992628693580627,2472,1940,-0.48942795395851135,0.9658795595169067,0.9981085062026978,2122,1896,-0.7287010550498962,0.9776937961578369,0.9951761960983276,2356,2218,-0.6625343561172485,0.9724751114845276,0.9796079397201538,956,922,850,1571,904,634,None,None,2159,1727,34.37,28.37,34.37,nan,28.37
True,/data/uabcvmsc/shared/newborn/30/27.08.24 (2)/HM20240827082833.jpeg,36.1,21.9,665,904,0.15686875581741333,0.999982476234436,0.9999984502792358,642,842,0.18659643828868866,0.9999672174453735,0.9999966621398926,648,830,0.1862962394952774,0.999958872795105,0.9999966621398926,653,822,0.18637891113758087,0.9999721050262451,0.9999958276748657,636,907,0.1977803260087967,0.9999833106994629,0.9999951124191284,637,922,0.19736701250076294,0.999982476234436,0.999995231628418,642,1006,0.1972425878047943,0.9999855756759644,0.9999940395355225,711,781,0.29161936044692993,0.9999663829803467,0.9999969005584717,679,981,0.34619081020355225,0.9999440908432007,0.9999934434890747,718,863,0.1935010403394699,0.999975323677063,0.999998927116394,731,937,0.20576158165931702,0.9999654293060303,0.9999972581863403,985,639,0.2336788773536682,0.9999895095825195,0.9999972581863403,927,1172,0.3856961727142334,0.9999390840530396,0.9999871253967285,1242,467,0.02341921254992485,0.8737388849258423,0.9998769760131836,1180,1413,0.23311464488506317,0.3503844439983368,0.999833345413208,907,623,-0.26347994804382324,0.957571268081665,0.9999980926513672,913,1545,-0.028304601088166237,0.8313555121421814,0.9999889135360718,820,682,-0.31531432271003723,0.950419545173645,0.9999934434890747,846,1650,-0.07637777179479599,0.8450554013252258,0.9999738931655884,787,699,-0.31464794278144836,0.9475376605987549,0.9999955892562866,809,1589,-0.08187974244356155,0.8359958529472351,0.9999821186065674,826,689,-0.2668305039405823,0.9208424687385559,0.9999979734420776,844,1542,-0.04146302863955498,0.7971341609954834,0.9999916553497314,1665,865,-0.06280865520238876,0.9999042749404907,0.9999887943267822,1626,1270,0.06216396763920784,0.9998607635498047,0.9999898672103882,1763,1110,-0.4595036804676056,0.9005588293075562,0.9999794960021973,1776,1765,-0.20731663703918457,0.5265688300132751,0.9999614953994751,2572,1535,-0.689464807510376,0.8168138265609741,0.9996740818023682,2439,2073,-0.4779044985771179,0.6524789929389954,0.9992108345031738,2802,1584,-0.7217331528663635,0.7452799081802368,0.9979616403579712,2601,2047,-0.5128051042556763,0.6767838597297668,0.9983468055725098,2687,1831,-0.9310870170593262,0.8450707197189331,0.9909907579421997,2530,2414,-0.6896200180053711,0.7045050859451294,0.9851585030555725,956,906,853,1582,835,673,None,None,2687,1650,33.26,28.97,35.38,nan,27.52
True,/data/uabcvmsc/shared/newborn/30/27.08.24 (2)/HM20240827082935.jpeg,36.7,22.7,640,882,0.09531719982624054,0.9999812841415405,0.9999973773956299,637,804,0.12323308736085892,0.9999642372131348,0.9999942779541016,644,785,0.12290150672197342,0.9999575614929199,0.9999945163726807,649,771,0.12297710031270981,0.9999703168869019,0.9999933242797852,625,903,0.12873302400112152,0.9999827146530151,0.9999920129776001,628,928,0.12832336127758026,0.9999827146530151,0.9999924898147583,632,977,0.12819674611091614,0.9999854564666748,0.9999909400939941,718,758,0.2266135811805725,0.9999713897705078,0.9999954700469971,684,1000,0.25603196024894714,0.9999518394470215,0.9999899864196777,708,829,0.13234952092170715,0.9999772310256958,0.9999985694885254,693,937,0.13721255958080292,0.9999673366546631,0.9999961853027344,995,636,0.1701628863811493,0.9999897480010986,0.999997615814209,937,1185,0.3086014688014984,0.999915361404419,0.9999862909317017,1243,463,-0.01506725326180458,0.9255629777908325,0.9998759031295776,1188,1418,0.14657655358314514,0.42266470193862915,0.9998190999031067,912,657,-0.2608383297920227,0.9737560153007507,0.9999983310699463,912,1540,-0.11339130997657776,0.888009250164032,0.9999929666519165,829,723,-0.304121196269989,0.9663931131362915,0.999995231628418,833,1658,-0.15895633399486542,0.9040671586990356,0.9999862909317017,800,738,-0.30157679319381714,0.9639802575111389,0.9999966621398926,796,1596,-0.16337093710899353,0.8974670171737671,0.9999903440475464,828,731,-0.26210957765579224,0.9467211961746216,0.9999984502792358,831,1547,-0.12542864680290222,0.86826092004776,0.999995231628418,1692,886,-0.06397601962089539,0.9999231100082397,0.9999902248382568,1643,1291,0.06342073529958725,0.9998728036880493,0.9999916553497314,1787,1132,-0.4258524775505066,0.9581692814826965,0.9999880790710449,1779,1759,-0.18919339776039124,0.6584978699684143,0.9999793767929077,2575,1521,-0.6041930317878723,0.9215167760848999,0.9998449087142944,2407,2093,-0.4073758125305176,0.8140507340431213,0.9996984004974365,2743,1551,-0.6305368542671204,0.8366236686706543,0.9990310668945312,2585,2071,-0.4357784390449524,0.7877150774002075,0.9993725419044495,2735,1894,-0.8132283091545105,0.9287603497505188,0.9957549571990967,2394,2373,-0.5837216377258301,0.8385120034217834,0.9935957789421082,966,910,843,1585,842,712,2462,2179,2684,1655,33.90,29.67,35.99,nan,25.50
True,/data/uabcvmsc/shared/newborn/30/27.08.24 (2)/HM20240827083037.jpeg,36.4,23.9,660,760,0.01815836876630783,0.9999990463256836,0.9999998807907104,638,735,0.05462988093495369,0.9999984502792358,0.9999997615814209,646,713,0.054287463426589966,0.9999979734420776,0.9999997615814209,650,699,0.054370731115341187,0.9999985694885254,0.9999996423721313,623,822,0.05379332974553108,0.9999991655349731,0.9999996423721313,624,850,0.053388338536024094,0.9999990463256836,0.9999996423721313,623,904,0.053300343453884125,0.9999990463256836,0.9999994039535522,711,712,0.1988753080368042,0.9999980926513672,0.9999996423721313,677,939,0.1984592229127884,0.9999963045120239,0.9999990463256836,727,749,0.07000043243169785,0.999996542930603,0.9999997615814209,705,848,0.06632833182811737,0.9999949932098389,0.9999992847442627,991,622,0.14081604778766632,0.9999923706054688,0.9999985694885254,942,1171,0.26733508706092834,0.9999252557754517,0.9999904632568359,1240,498,-0.07395899295806885,0.9368714094161987,0.9998797178268433,1156,1415,0.053203556686639786,0.6215857267379761,0.9997691512107849,953,620,-0.34340086579322815,0.9717591404914856,0.9999974966049194,877,1531,-0.23184441030025482,0.8532175421714783,0.9999858140945435,873,669,-0.3908820152282715,0.9667542576789856,0.9999911785125732,801,1607,-0.27860110998153687,0.870955228805542,0.9999676942825317,821,704,-0.3894854784011841,0.9648566246032715,0.999994158744812,766,1551,-0.27715596556663513,0.8608490228652954,0.9999792575836182,859,695,-0.34641721844673157,0.9513380527496338,0.9999973773956299,804,1500,-0.24156717956066132,0.8315908908843994,0.9999903440475464,1716,884,-0.06444358825683594,0.9998941421508789,0.999985933303833,1680,1251,0.06386967748403549,0.9998244643211365,0.9999879598617554,1793,1082,-0.4478650689125061,0.9702299237251282,0.9999841451644897,1755,1813,-0.18895959854125977,0.683131754398346,0.999969482421875,2546,1583,-0.7489361763000488,0.9551718831062317,0.9997976422309875,2394,2084,-0.4680786430835724,0.8174088001251221,0.9996515512466431,2710,1652,-0.7872098088264465,0.9289361238479614,0.9986258745193481,2581,2049,-0.5025792717933655,0.8383923172950745,0.9992249011993408,2561,1898,-0.9653266072273254,0.9663656949996948,0.9946558475494385,2388,2389,-0.6370351910591125,0.856137216091156,0.9936479926109314,966,896,812,1547,876,672,2454,2174,2606,1711,33.90,30.13,33.90,nan,26.40
True,/data/uabcvmsc/shared/newborn/30/27.08.24 (2)/HM20240827083139.jpeg,36.0,24.5,122,587,-0.39558807015419006,0.9882672429084778,0.9451125264167786,118,551,-0.3505311906337738,0.9768983721733093,0.9298157691955566,78,546,-0.35108816623687744,0.980038583278656,0.9474976658821106,94,515,-0.35124439001083374,0.9856925010681152,0.9416255950927734,77,614,-0.3894050419330597,0.9859863519668579,0.880852460861206,56,645,-0.39001336693763733,0.9886704683303833,0.8897512555122375,35,676,-0.39045169949531555,0.9898608922958374,0.8655778765678406,142,599,-0.11000152677297592,0.9953963160514832,0.9772939085960388,-1,820,-0.2883461117744446,0.9853153228759766,0.8784120082855225,205,661,-0.2999855577945709,0.9941202998161316,0.9901999831199646,225,752,-0.35577961802482605,0.994537889957428,0.9775066375732422,616,801,0.020986320450901985,0.9996324777603149,0.9992949962615967,155,1485,-0.20741529762744904,0.996379554271698,0.9787861108779907,1197,938,-0.07378669828176498,0.7641488313674927,0.9888545274734497,797,1932,-0.42137011885643005,0.23614582419395447,0.5908695459365845,912,538,-0.4223020374774933,0.8404456377029419,0.9953716397285461,726,1900,-0.7739384770393372,0.20174692571163177,0.7189928293228149,847,427,-0.4845878481864929,0.8363154530525208,0.9879343509674072,718,1904,-0.8546175956726074,0.30726146697998047,0.6573623418807983,747,413,-0.5084095597267151,0.8419461846351624,0.9897320866584778,611,1838,-0.875472903251648,0.3286621570587158,0.7198136448860168,761,461,-0.4415534436702728,0.8113588690757751,0.9945935606956482,626,1814,-0.7927268743515015,0.289389044046402,0.817033052444458,1427,1619,0.0937616154551506,0.9987199306488037,0.9988884329795837,1207,2026,-0.09388797730207443,0.9972438812255859,0.995854377746582,1887,1430,-0.3469824492931366,0.9013946056365967,0.9905821084976196,1685,2024,-0.619529128074646,0.8250572681427002,0.9733784794807434,2314,2181,-0.09829944372177124,0.8024359941482544,0.9735710024833679,2230,2509,-0.18767201900482178,0.7190114855766296,0.840338945388794,2317,2316,-0.07997336238622665,0.6899588108062744,0.9474838376045227,2303,2461,-0.1438302993774414,0.43731656670570374,0.8528094291687012,2755,2285,-0.28071871399879456,0.7047103643417358,0.7695347666740417,2593,2605,-0.3242208659648895,0.5246469974517822,0.5121057629585266,386,1143,None,None,817,460,2230,2509,2534,2233,nan,nan,30.23,nan,nan
False,/data/uabcvmsc/shared/newborn/30/27.08.24 (2)/HM20240827083241.jpeg,36.3,26.2
False,/data/uabcvmsc/shared/newborn/30/27.08.24 (2)/HM20240827083342.jpeg,36.1,26.3
True,/data/uabcvmsc/shared/newborn/30/27.08.24 (2)/HM20240827083443.jpeg,36.7,25.6,640,881,0.14055104553699493,0.9999758005142212,0.9999938011169434,645,830,0.1755475103855133,0.999956488609314,0.9999854564666748,656,821,0.17528824508190155,0.99993896484375,0.9999853372573853,665,812,0.17532756924629211,0.9999628067016602,0.9999818801879883,620,878,0.17786748707294464,0.9999775886535645,0.9999798536300659,616,911,0.17744691669940948,0.9999737739562988,0.9999806880950928,613,924,0.1773158311843872,0.9999808073043823,0.9999762773513794,729,811,0.3040459156036377,0.9999634027481079,0.9999866485595703,650,976,0.31598925590515137,0.9999475479125977,0.9999759197235107,721,875,0.1864813268184662,0.9999620914459229,0.9999920129776001,695,941,0.1863280087709427,0.9999563694000244,0.9999864101409912,963,740,0.2449374943971634,0.9999338388442993,0.9999715089797974,921,1223,0.3666940927505493,0.9997877478599548,0.9999145269393921,1207,532,0.09696854650974274,0.9237123727798462,0.9997794032096863,1078,1512,0.2225489616394043,0.8718421459197998,0.9996080994606018,897,713,-0.09201814234256744,0.9755557775497437,0.9999971389770508,828,1469,0.040574610233306885,0.9633575081825256,0.999987006187439,808,774,-0.1272551566362381,0.9619348049163818,0.999988317489624,754,1495,0.007988735102117062,0.950221836566925,0.9999644756317139,771,805,-0.11736506968736649,0.9577815532684326,0.9999910593032837,737,1441,0.018578985705971718,0.9412432909011841,0.9999736547470093,806,796,-0.08978065848350525,0.9408436417579651,0.9999963045120239,774,1414,0.03750108927488327,0.9259997606277466,0.9999885559082031,1731,890,-0.06391523778438568,0.9998375177383423,0.999967098236084,1762,1265,0.06328733265399933,0.9998101592063904,0.9999765157699585,1974,1025,-0.42350471019744873,0.9340077042579651,0.9998292922973633,2007,1761,-0.24099773168563843,0.8030197024345398,0.9997542500495911,2807,1366,-0.549381673336029,0.8159953951835632,0.9963732361793518,2776,1851,-0.3933415710926056,0.7482740879058838,0.9958017468452454,2976,1430,-0.5683037638664246,0.6705830693244934,0.9805282950401306,2931,1793,-0.41199570894241333,0.7525748610496521,0.9915794134140015,3048,1726,-0.7359806299209595,0.7653212547302246,0.9054180979728699,3002,2227,-0.5452799201011658,0.6896696090698242,0.8916551470756531,942,982,773,1455,820,772,2854,1822,2928,1546,32.26,30.04,34.48,nan,nan
True,/data/uabcvmsc/shared/newborn/30/27.08.24 (2)/HM20240827083545.jpeg,37.0,25.1,681,780,0.12923087179660797,0.999599277973175,0.9996178150177002,691,721,0.16360653936862946,0.9992913007736206,0.9993268251419067,704,708,0.16328392922878265,0.99903404712677,0.9993677735328674,713,697,0.163267120718956,0.9994170665740967,0.9992042183876038,665,792,0.16949984431266785,0.9995701909065247,0.999154806137085,667,812,0.1690320521593094,0.999459445476532,0.9992714524269104,664,848,0.16879191994667053,0.9996600151062012,0.9991946816444397,797,699,0.27758073806762695,0.9995827078819275,0.9996034502983093,720,867,0.306196391582489,0.9992952346801758,0.9993840456008911,771,781,0.17013680934906006,0.9995197057723999,0.9997231364250183,721,903,0.1744762808084488,0.9994848966598511,0.9994774460792542,1046,664,0.23559394478797913,0.9994087219238281,0.9995452761650085,959,1156,0.36455750465393066,0.9990450739860535,0.9984530210494995,1309,479,0.19292321801185608,0.7233434319496155,0.9976736903190613,1058,1505,0.3379759192466736,0.7432926297187805,0.9970722198486328,964,625,0.18046239018440247,0.7299365401268005,0.9999256134033203,667,1504,0.31844380497932434,0.9075485467910767,0.9998633861541748,848,676,0.17682404816150665,0.6389263868331909,0.9996930360794067,552,1547,0.3131121098995209,0.8622480034828186,0.9995993971824646,829,691,0.19217276573181152,0.590275764465332,0.999747097492218,546,1466,0.3237302005290985,0.8381698727607727,0.9997046589851379,864,692,0.18973977863788605,0.5219692587852478,0.9998914003372192,595,1443,0.31815141439437866,0.823486328125,0.9998753070831299,1771,880,-0.04644224792718887,0.9998644590377808,0.9999573230743408,1761,1303,0.04593783617019653,0.9998781681060791,0.9999539852142334,2183,703,-0.3728405237197876,0.8642657399177551,0.9988034963607788,2087,1791,-0.28498584032058716,0.8881334662437439,0.998690664768219,3002,899,-0.32757797837257385,0.49305135011672974,0.9739533066749573,2961,1738,-0.3356446325778961,0.7783976793289185,0.9726883172988892,3082,943,-0.32778865098953247,0.25898703932762146,0.9042403697967529,3120,1642,-0.34291285276412964,0.6720110177993774,0.9485235810279846,3268,946,-0.44250696897506714,0.2503519058227539,0.5017575621604919,3144,2162,-0.45968422293663025,0.5085904598236084,0.43479952216148376,1002,910,590,1490,964,625,2961,1738,None,None,35.79,31.03,35.79,nan,nan
True,/data/uabcvmsc/shared/newborn/30/27.08.24 (2)/HM20240827083652.jpeg,37.0,24.2,665,1007,0.13420315086841583,0.9996123909950256,0.9998475313186646,639,883,0.1576157808303833,0.9993953704833984,0.9997624754905701,647,861,0.15732824802398682,0.9992262125015259,0.9997584223747253,657,838,0.15734490752220154,0.9994340538978577,0.9996705055236816,646,959,0.17817935347557068,0.9996140599250793,0.9997231364250183,650,957,0.1775859147310257,0.9995808005332947,0.9997707009315491,651,957,0.177231565117836,0.9997238516807556,0.9997561573982239,782,759,0.23584072291851044,0.9996802806854248,0.9998365640640259,711,935,0.3296689987182617,0.9995875954627991,0.9998542070388794,720,974,0.16299249231815338,0.9995298385620117,0.9998633861541748,716,1013,0.1863526999950409,0.9994895458221436,0.9997596144676208,1068,675,0.2312217801809311,0.9993515610694885,0.9996535778045654,961,1149,0.3766471743583679,0.9994986057281494,0.9994624257087708,1298,480,0.31597578525543213,0.8593210577964783,0.9987850785255432,1042,1477,0.4408243000507355,0.8512205481529236,0.9987245202064514,951,641,0.5317160487174988,0.6436793208122253,0.9999563694000244,808,1333,0.5266076922416687,0.888126015663147,0.9999428987503052,844,692,0.5689777731895447,0.5373611450195312,0.9998266100883484,753,1313,0.5361763834953308,0.8171567320823669,0.9998389482498169,825,696,0.5769020915031433,0.4931762218475342,0.9998519420623779,744,1239,0.5602608323097229,0.7887668609619141,0.9998639822006226,853,695,0.5450769662857056,0.44316545128822327,0.9999333620071411,776,1241,0.5346439480781555,0.7747198343276978,0.9999394416809082,1810,899,-0.046554163098335266,0.9996299743652344,0.9998230338096619,1806,1320,0.046178460121154785,0.9997232556343079,0.9998502731323242,2037,773,-0.4164004921913147,0.9380465745925903,0.9962477087974548,2074,1792,-0.32807791233062744,0.9529395699501038,0.996293842792511,3023,900,-0.4698105752468109,0.7128713726997375,0.9378036856651306,2973,1738,-0.4261091649532318,0.8405789136886597,0.917037308216095,3102,943,-0.47954410314559937,0.45144081115722656,0.7950419187545776,3114,1643,-0.43802961707115173,0.7261101007461548,0.861374020576477,3249,1016,-0.6225820779800415,0.48937904834747314,0.31031063199043274,3170,2134,-0.5741523504257202,0.6354531645774841,0.2745429575443268,1014,912,770,1282,None,None,3044,1690,3023,900,31.88,26.71,nan,nan,nan
True,/data/uabcvmsc/shared/newborn/30/27.08.24 (2)/HM20240827083755.jpeg,36.6,23.2,630,962,0.17420098185539246,0.9993401169776917,0.9997783303260803,637,874,0.19313156604766846,0.9989744424819946,0.9996535778045654,651,851,0.19280903041362762,0.9987279772758484,0.9996688365936279,665,832,0.19280782341957092,0.9991804957389832,0.999589741230011,626,925,0.215090811252594,0.9992197751998901,0.9995797276496887,632,931,0.21449819207191467,0.9991021156311035,0.9996546506881714,637,936,0.21419395506381989,0.9993983507156372,0.9996426105499268,788,749,0.24621084332466125,0.9995368719100952,0.9998145699501038,714,913,0.34645578265190125,0.999133288860321,0.9997842907905579,705,973,0.1931951344013214,0.9994089603424072,0.999863862991333,695,1002,0.21813631057739258,0.9992684721946716,0.9997541308403015,1064,703,0.22360014915466309,0.9995689988136292,0.9997528195381165,982,1176,0.3868904411792755,0.9995803236961365,0.9995052814483643,1304,475,0.2851589322090149,0.853789746761322,0.9990717172622681,1023,1508,0.4635135233402252,0.8185378909111023,0.9989363551139832,996,619,0.45593059062957764,0.7685493230819702,0.9999767541885376,830,1336,0.5926679968833923,0.8735104203224182,0.999955415725708,918,675,0.48497694730758667,0.6921457052230835,0.9999171495437622,774,1315,0.6099016666412354,0.7941430807113647,0.9998785257339478,900,680,0.49171021580696106,0.646400511264801,0.9999291896820068,771,1247,0.6285808086395264,0.75909823179245,0.9999051094055176,922,674,0.46805423498153687,0.5827394723892212,0.9999679327011108,804,1249,0.599402666091919,0.7406148910522461,0.9999574422836304,1787,921,-0.04904086887836456,0.9997573494911194,0.9999152421951294,1802,1323,0.048524316400289536,0.9997877478599548,0.9998959302902222,2001,780,-0.3494456112384796,0.9225090146064758,0.9991214871406555,2138,1784,-0.2917850911617279,0.9519685506820679,0.998956561088562,2968,951,-0.45287200808525085,0.7600674033164978,0.9793525338172913,3032,1742,-0.4582556486129761,0.880760133266449,0.957809567451477,3092,1062,-0.47035402059555054,0.5277888774871826,0.9118921160697937,3198,1644,-0.47939133644104004,0.8089054226875305,0.9165118932723999,3227,830,-0.5947033166885376,0.5479193329811096,0.5305308103561401,3155,2179,-0.5986469388008118,0.7175704836845398,0.40802788734436035,1023,940,795,1287,996,619,3115,1693,2968,951,35.23,29.87,35.92,nan,nan
True,/data/uabcvmsc/shared/newborn/30/27.08.24 (2)/HM20240827083857.jpeg,36.5,23.5,668,982,0.21177223324775696,0.9985204339027405,0.9996786117553711,678,904,0.2422415018081665,0.9972226619720459,0.9993396401405334,687,886,0.24196657538414001,0.9961549639701843,0.9993440508842468,687,853,0.24195995926856995,0.9976558685302734,0.9991307854652405,664,958,0.2573862075805664,0.9982091188430786,0.9992328882217407,668,959,0.2568516433238983,0.9978819489479065,0.9993595480918884,667,977,0.2565471827983856,0.9986774325370789,0.9992934465408325,794,756,0.33558890223503113,0.9985935091972351,0.9995600581169128,737,934,0.4051164388656616,0.9977849125862122,0.9995680451393127,737,961,0.24492880702018738,0.9984903335571289,0.9997379183769226,725,1014,0.26137304306030273,0.998238205909729,0.9995111227035522,1069,666,0.31739965081214905,0.9991158843040466,0.9994058609008789,984,1179,0.4253148138523102,0.9993739724159241,0.999066174030304,1287,452,0.2887701988220215,0.6870808601379395,0.997848629951477,993,1509,0.3846368193626404,0.7846046686172485,0.9982738494873047,983,615,0.3393639028072357,0.6711286902427673,0.9999269247055054,825,1319,0.37798428535461426,0.883431613445282,0.9999393224716187,893,664,0.34765809774398804,0.5849092602729797,0.9997331500053406,760,1295,0.37251466512680054,0.8126299381256104,0.9998425245285034,870,682,0.3636706471443176,0.531175971031189,0.999785840511322,767,1220,0.39842039346694946,0.7685140371322632,0.9998797178268433,906,675,0.35109198093414307,0.4533846378326416,0.9999034404754639,798,1217,0.3853485882282257,0.7434170246124268,0.9999477863311768,1833,900,-0.038585204631090164,0.9998568296432495,0.9999518394470215,1818,1317,0.03811413049697876,0.999887228012085,0.9999518394470215,2096,734,-0.3986601233482361,0.9055399894714355,0.9995825886726379,2131,1785,-0.3560984134674072,0.9293721914291382,0.9995293617248535,2967,948,-0.425936758518219,0.7237384915351868,0.9893849492073059,3014,1687,-0.4531416594982147,0.8427338600158691,0.9747557044029236,3087,1052,-0.4362823963165283,0.545263409614563,0.950890302658081,3178,1601,-0.4676886200904846,0.7663633823394775,0.945248544216156,3328,838,-0.5776835083961487,0.48388224840164185,0.604335367679596,3174,2178,-0.6126347184181213,0.6292722225189209,0.4754255414009094,1026,922,788,1263,None,None,3096,1644,2967,948,35.17,26.10,nan,nan,nan
True,/data/uabcvmsc/shared/newborn/30/27.08.24 (2)/HM20240827083959.jpeg,36.4,23.2,678,969,0.21020281314849854,0.9996618032455444,0.9999247789382935,683,914,0.24684405326843262,0.9993459582328796,0.9998229146003723,706,855,0.24657823145389557,0.9990471005439758,0.999819815158844,712,844,0.24658146500587463,0.9994316697120667,0.9997583031654358,669,972,0.2555689811706543,0.999588668346405,0.9997881054878235,673,975,0.25505778193473816,0.9994794726371765,0.9998149275779724,675,978,0.25480321049690247,0.9996664524078369,0.9997850060462952,797,766,0.36338382959365845,0.9995858073234558,0.9998695850372314,741,955,0.4036336839199066,0.9993467926979065,0.9998540878295898,743,969,0.2512090504169464,0.9995527863502502,0.9999147653579712,734,1020,0.2591150104999542,0.99946528673172,0.9998438358306885,1060,684,0.34529709815979004,0.999521017074585,0.9997180104255676,982,1183,0.4230687916278839,0.9996028542518616,0.9995189905166626,1295,452,0.30101051926612854,0.6440763473510742,0.9985999464988708,1003,1493,0.37498173117637634,0.7921025156974792,0.9989234805107117,1013,604,0.2964279353618622,0.6808425784111023,0.9999483823776245,824,1325,0.3614450693130493,0.8964564204216003,0.9999544620513916,936,643,0.2964678704738617,0.6131158471107483,0.9998090863227844,767,1318,0.3530366122722626,0.8409791588783264,0.9998745918273926,908,681,0.30850496888160706,0.5681226253509521,0.9998503923416138,767,1238,0.3747303783893585,0.8037049770355225,0.9999071359634399,934,675,0.30467715859413147,0.49205854535102844,0.9999334812164307,792,1228,0.36698633432388306,0.7789577841758728,0.99996018409729,1846,890,-0.035483166575431824,0.9998754262924194,0.9999693632125854,1830,1315,0.03493178263306618,0.9998975992202759,0.9999685287475586,2072,744,-0.3943938612937927,0.8961097598075867,0.9997522234916687,2124,1793,-0.3497343063354492,0.9157319068908691,0.9996910095214844,2950,938,-0.4471244513988495,0.6844556927680969,0.9922480583190918,3009,1672,-0.4505678713321686,0.8097137212753296,0.9838322401046753,3071,1036,-0.45972153544425964,0.5161901116371155,0.9616668224334717,3166,1576,-0.465300977230072,0.7363119125366211,0.9634912014007568,3245,758,-0.59496009349823,0.4711124897003174,0.6609309911727905,3151,2162,-0.5997723340988159,0.5971946120262146,0.5653893351554871,1021,934,788,1277,None,None,3088,1624,None,None,35.05,36.40,nan,nan,nan
True,/data/uabcvmsc/shared/newborn/30/27.08.24 (2)/HM20240827084101.jpeg,36.5,23.1,664,917,0.16644641757011414,0.9997808337211609,0.9999595880508423,682,810,0.2050500363111496,0.999550998210907,0.9999006986618042,697,787,0.20479223132133484,0.9993532299995422,0.9999003410339355,725,727,0.2047763168811798,0.9996108412742615,0.9998661279678345,659,901,0.21030062437057495,0.9997348189353943,0.9998739957809448,663,913,0.20980940759181976,0.9996539354324341,0.9998860359191895,661,940,0.20955044031143188,0.9997778534889221,0.9998620748519897,811,725,0.33115604519844055,0.9997174143791199,0.9999377727508545,731,927,0.35532712936401367,0.9995457530021667,0.9999101161956787,791,850,0.2114749401807785,0.9996529817581177,0.9999507665634155,725,974,0.21472297608852386,0.9996211528778076,0.9999066591262817,1079,678,0.3220178782939911,0.999594509601593,0.9998243451118469,980,1180,0.3950955867767334,0.9996104836463928,0.9995947480201721,1293,435,0.3475499153137207,0.6871377229690552,0.9990328550338745,1028,1507,0.369322270154953,0.7715719938278198,0.9988652467727661,978,583,0.43753233551979065,0.6721401810646057,0.9999691247940063,817,1332,0.39363569021224976,0.846501350402832,0.999964714050293,898,651,0.45511627197265625,0.5664496421813965,0.9998794794082642,760,1320,0.39507049322128296,0.7621105313301086,0.9999096393585205,873,664,0.46731406450271606,0.516730546951294,0.9999011754989624,770,1247,0.4216224253177643,0.7106459140777588,0.9999322891235352,901,653,0.44885358214378357,0.4437508285045624,0.9999572038650513,800,1240,0.4027387797832489,0.6807371377944946,0.9999701976776123,1842,927,-0.03492272272706032,0.999818742275238,0.9999656677246094,1826,1331,0.034414954483509064,0.9998419284820557,0.999962568283081,2002,764,-0.4281576871871948,0.8662755489349365,0.999738872051239,2106,1804,-0.3471495509147644,0.8718386888504028,0.9996497631072998,2948,942,-0.4695037007331848,0.5401269793510437,0.9913939833641052,2984,1691,-0.4413280189037323,0.7588738799095154,0.9836079478263855,3077,1029,-0.48003917932510376,0.3928433954715729,0.9597889184951782,3146,1602,-0.4550638198852539,0.676171600818634,0.9638999104499817,3282,898,-0.6110038161277771,0.35161736607551575,0.6842050552368164,3142,2148,-0.590026319026947,0.5247575044631958,0.5977975130081177,1030,929,782,1300,None,None,2984,1691,None,None,35.13,29.77,nan,nan,nan
True,/data/uabcvmsc/shared/newborn/30/27.08.24 (2)/HM20240827084202.jpeg,36.3,23.1,702,774,0.18121859431266785,0.9996095299720764,0.9999164342880249,712,698,0.22463218867778778,0.9990915060043335,0.9997949004173279,721,681,0.22436466813087463,0.9987384676933289,0.9998012185096741,749,650,0.22432385385036469,0.9992167949676514,0.9997404217720032,686,783,0.22184398770332336,0.9994888305664062,0.9997467398643494,684,806,0.22137750685214996,0.9993714690208435,0.9997777342796326,673,854,0.2211483269929886,0.999601423740387,0.9997339844703674,825,667,0.36172351241111755,0.9993724226951599,0.9998763799667358,728,886,0.34893548488616943,0.9991493225097656,0.999810516834259,779,748,0.22930742800235748,0.999327540397644,0.9999017715454102,724,877,0.2217719405889511,0.9993460774421692,0.9998352527618408,1071,679,0.32955142855644226,0.9994756579399109,0.9997178912162781,980,1163,0.3803388476371765,0.9994912147521973,0.9993497729301453,1302,450,0.31449487805366516,0.6024495363235474,0.9989137649536133,1020,1499,0.3177793323993683,0.7479552030563354,0.9985862970352173,988,589,0.3434026837348938,0.5829190015792847,0.9999382495880127,832,1331,0.30927637219429016,0.8208534121513367,0.9999421834945679,926,632,0.34945181012153625,0.4799709618091583,0.9997690320014954,771,1323,0.30416297912597656,0.7415814399719238,0.9998505115509033,882,662,0.361976683139801,0.43649378418922424,0.9997983574867249,774,1252,0.3280937969684601,0.6920828819274902,0.9998875856399536,917,656,0.35222455859184265,0.3775361180305481,0.9999103546142578,806,1243,0.31653067469596863,0.6596335768699646,0.9999502897262573,1841,935,-0.031496744602918625,0.9997538924217224,0.999943733215332,1845,1337,0.03095102496445179,0.9997772574424744,0.9999336004257202,1936,774,-0.45275047421455383,0.7964813113212585,0.9995686411857605,2104,1805,-0.3652154207229614,0.7778290510177612,0.9992953538894653,2945,928,-0.49580174684524536,0.37682706117630005,0.9835897088050842,2999,1684,-0.4584300220012665,0.6055409908294678,0.9714561104774475,3075,1007,-0.5064538717269897,0.27416080236434937,0.9290974140167236,3140,1587,-0.47223302721977234,0.5122718811035156,0.9410561323165894,3293,875,-0.6344552636146545,0.23540520668029785,0.604208767414093,3145,2149,-0.6091945767402649,0.360565721988678,0.5233734846115112,1026,921,802,1327,None,None,None,None,None,None,34.95,29.67,nan,nan,nan
True,/data/uabcvmsc/shared/newborn/30/27.08.24 (2)/HM20240827084304.jpeg,36.3,23.2,699,825,0.18360917270183563,0.9998410940170288,0.9999620914459229,702,767,0.2234363853931427,0.9997231364250183,0.9999186992645264,716,752,0.22314254939556122,0.9995989203453064,0.9999178647994995,742,699,0.22314491868019104,0.9997648596763611,0.999889612197876,670,854,0.22906041145324707,0.9998388290405273,0.9999022483825684,670,868,0.22860290110111237,0.9997896552085876,0.9999140501022339,665,912,0.22840487957000732,0.9998698234558105,0.9998993873596191,819,702,0.35144177079200745,0.99982088804245,0.9999432563781738,737,906,0.3773559629917145,0.9997429251670837,0.9999303817749023,793,817,0.22867338359355927,0.999747097492218,0.9999408721923828,716,938,0.2324434071779251,0.9997460246086121,0.9998973608016968,1084,685,0.31872525811195374,0.999415397644043,0.9996856451034546,999,1174,0.4120786488056183,0.9995480179786682,0.9994029998779297,1308,482,0.24182763695716858,0.6753453612327576,0.9978367686271667,1029,1490,0.38539499044418335,0.8224601745605469,0.9979692101478577,1002,637,0.2254846841096878,0.7052630186080933,0.9999330043792725,798,1346,0.4009946882724762,0.927588939666748,0.9999556541442871,904,687,0.21901263296604156,0.6146574020385742,0.9997779726982117,741,1322,0.3995819389820099,0.8835930228233337,0.999897837638855,882,701,0.24169106781482697,0.565488338470459,0.9998212456703186,735,1250,0.4202001690864563,0.8561908006668091,0.9999239444732666,906,695,0.236674502491951,0.49393874406814575,0.9999188184738159,768,1241,0.4070699214935303,0.8325002193450928,0.999967098236084,1855,905,-0.03274988383054733,0.9998663663864136,0.9999724626541138,1832,1335,0.03229460492730141,0.9998960494995117,0.9999681711196899,2178,721,-0.36177363991737366,0.8890886902809143,0.9997029900550842,2107,1802,-0.3442799746990204,0.9131151437759399,0.9996670484542847,2965,943,-0.3436877727508545,0.6147259473800659,0.9925549626350403,2989,1652,-0.4096771478652954,0.7838000059127808,0.9866090416908264,3079,1045,-0.3478493392467499,0.5072348117828369,0.9660996794700623,3139,1555,-0.41998186707496643,0.7101686000823975,0.968837320804596,3289,822,-0.47388312220573425,0.4206165373325348,0.7168430685997009,3124,2079,-0.5591459274291992,0.5701814293861389,0.6028276085853577,1042,930,760,1290,1002,637,3064,1604,None,None,31.06,29.72,31.06,nan,nan
True,/data/uabcvmsc/shared/newborn/30/27.08.24 (2)/HM20240827084405.jpeg,36.0,23.4,734,750,0.12940995395183563,0.9995256662368774,0.9996786117553711,732,698,0.1651616096496582,0.9989854693412781,0.9994038343429565,739,686,0.16486524045467377,0.9985880255699158,0.9994206428527832,759,652,0.16484448313713074,0.9990618824958801,0.9992088675498962,705,780,0.17010271549224854,0.999447762966156,0.9993461966514587,704,809,0.16959966719150543,0.9993865489959717,0.9994776844978333,694,860,0.16934046149253845,0.9996477365493774,0.999446451663971,803,670,0.2851042151451111,0.999447762966156,0.999629020690918,753,882,0.30908170342445374,0.9993634819984436,0.9996170997619629,825,739,0.17210528254508972,0.9994295239448547,0.9997066855430603,777,857,0.17528027296066284,0.9994555115699768,0.9995580315589905,1094,660,0.25899311900138855,0.9993541836738586,0.999485969543457,967,1143,0.3503584861755371,0.9993852376937866,0.9990377426147461,1193,297,0.27761945128440857,0.9155907034873962,0.999131977558136,1029,1479,0.34236159920692444,0.9023928642272949,0.9984149932861328,998,584,0.40963804721832275,0.4119141101837158,0.9998574256896973,787,1387,0.33837977051734924,0.9556984901428223,0.9999395608901978,939,651,0.42686226963996887,0.23972681164741516,0.9993780851364136,713,1396,0.33057668805122375,0.921664834022522,0.999824583530426,936,678,0.44520145654678345,0.20453302562236786,0.9994631409645081,724,1328,0.3477039039134979,0.9063656330108643,0.9998586177825928,956,651,0.42203018069267273,0.2035917490720749,0.9997666478157043,765,1308,0.34166643023490906,0.8921938538551331,0.999940037727356,1795,911,-0.040216486901044846,0.999749481678009,0.9998997449874878,1784,1319,0.0397685244679451,0.9998111128807068,0.9999042749404907,2161,788,-0.3782932162284851,0.9513300657272339,0.9959206581115723,2108,1797,-0.3310694396495819,0.9558703303337097,0.9961663484573364,3039,1016,-0.34560704231262207,0.6620374321937561,0.8965100049972534,2964,1692,-0.36082273721694946,0.8260154128074646,0.9074417948722839,3112,1066,-0.3451152443885803,0.42345380783081055,0.6928615570068359,3122,1584,-0.3644806742668152,0.7140666842460632,0.8353127837181091,3363,1088,-0.4576462209224701,0.36263203620910645,0.18202663958072662,3189,2053,-0.4838094115257263,0.5661406517028809,0.18274106085300446,1030,902,747,1355,None,None,3043,1638,None,None,34.72,29.68,nan,nan,nan
True,/data/uabcvmsc/shared/newborn/30/27.08.24 (2)/HM20240827084508.jpeg,36.2,24.2,669,972,0.010768851265311241,0.9999039173126221,0.9999614953994751,661,915,0.0264919213950634,0.9998773336410522,0.999915361404419,669,903,0.026256009936332703,0.9998369216918945,0.9999203681945801,677,892,0.026254642754793167,0.9999094009399414,0.9999058246612549,656,937,0.04357634857296944,0.9999151229858398,0.9998704195022583,659,935,0.04314899072051048,0.9998970031738281,0.9998841285705566,660,947,0.042916327714920044,0.9999347925186157,0.9998646974563599,737,824,0.10910747200250626,0.9999467134475708,0.9999567270278931,681,951,0.1868494302034378,0.9998773336410522,0.9999200105667114,753,981,0.04440578073263168,0.9999595880508423,0.9999872446060181,746,1005,0.06396924704313278,0.9999502897262573,0.9999674558639526,1103,717,0.15576058626174927,0.9999263286590576,0.9999854564666748,975,1166,0.2462700456380844,0.9998966455459595,0.9999347925186157,1396,544,0.1166129857301712,0.9341244101524353,0.9997710585594177,1071,1473,0.24009470641613007,0.9278784990310669,0.9994953870773315,1127,527,0.03206871077418327,0.9800513982772827,0.9999972581863403,830,1292,0.1643601655960083,0.9775691628456116,0.999993085861206,1069,494,0.02109224908053875,0.9739603996276855,0.9999899864196777,761,1288,0.14920717477798462,0.9665874242782593,0.999985933303833,1035,529,0.016523906961083412,0.9697223901748657,0.9999920129776001,772,1247,0.1572689563035965,0.959692656993866,0.9999879598617554,1058,556,0.03270215168595314,0.9464498162269592,0.9999969005584717,807,1234,0.16445165872573853,0.9477729797363281,0.9999949932098389,1800,957,-0.02481863647699356,0.9999898672103882,0.999998927116394,1807,1323,0.024561168625950813,0.9999920129776001,0.999998927116394,1936,692,-0.408073753118515,0.9870145320892334,0.9999853372573853,2075,1736,-0.43268734216690063,0.9963079690933228,0.9999881982803345,2517,1117,-0.3124575614929199,0.9502274394035339,0.9999319314956665,2782,1501,-0.4355892241001129,0.9893379211425781,0.9998175501823425,2628,1230,-0.3068576157093048,0.8743313550949097,0.9997422099113464,2892,1407,-0.43634670972824097,0.9716830849647522,0.9996199607849121,2793,1158,-0.4359213709831238,0.9170742034912109,0.9972854852676392,2877,1768,-0.5777206420898438,0.978094756603241,0.9935892820358276,1039,942,792,1265,1072,526,None,None,2646,1168,34.98,30.18,33.80,nan,30.18
True,/data/uabcvmsc/shared/newborn/30/27.08.24 (2)/HM20240827084610.jpeg,36.2,23.4,745,783,0.020130697637796402,0.9999498128890991,0.9999645948410034,755,693,0.05353449657559395,0.9999243021011353,0.9999184608459473,766,680,0.053312648087739944,0.9998761415481567,0.9999102354049683,809,636,0.05331002175807953,0.9999189376831055,0.9998722076416016,717,791,0.0518789142370224,0.9999595880508423,0.9999148845672607,706,851,0.051404766738414764,0.9999481439590454,0.9999247789382935,707,862,0.051158417016267776,0.9999699592590332,0.9999099969863892,853,660,0.19841386377811432,0.9998944997787476,0.9998993873596191,761,893,0.19045545160770416,0.9999170303344727,0.9999163150787354,850,741,0.07431318610906601,0.9998942613601685,0.9999444484710693,777,883,0.0687420591711998,0.9999089241027832,0.999921441078186,1123,662,0.20870928466320038,0.9996457099914551,0.9997965693473816,997,1164,0.24494244158267975,0.9998063445091248,0.9998264908790588,1363,590,0.1531391590833664,0.45595020055770874,0.9988459348678589,1042,1479,0.18079008162021637,0.9006633162498474,0.9993985891342163,1159,528,0.008444302715361118,0.6248530149459839,0.9998449087142944,796,1372,0.062109287828207016,0.9620427489280701,0.9999524354934692,1206,509,-0.013451374135911465,0.6400343775749207,0.9992398023605347,731,1375,0.036719538271427155,0.9482563734054565,0.9997844099998474,1075,522,-0.022640977054834366,0.6327345967292786,0.9993719458580017,745,1299,0.04094544053077698,0.9428046345710754,0.9998410940170288,1100,540,0.0033222422935068607,0.5892484188079834,0.9997456669807434,784,1284,0.05865342915058136,0.929172694683075,0.9999405145645142,1852,926,-0.026516899466514587,0.9998780488967896,0.9999752044677734,1835,1331,0.02601904422044754,0.9999299049377441,0.9999858140945435,2053,863,-0.38053885102272034,0.6889859437942505,0.9978471994400024,2135,1800,-0.2921471893787384,0.8447386622428894,0.9985153079032898,2867,1112,-0.38786888122558594,0.35543423891067505,0.9792885184288025,2932,1600,-0.3272119164466858,0.6584524512290955,0.9847914576530457,2948,1140,-0.39017030596733093,0.2531384825706482,0.9385421276092529,3049,1484,-0.329714834690094,0.5198026895523071,0.9756453037261963,3211,1275,-0.4952869117259979,0.24728886783123016,0.6067008376121521,3199,1824,-0.439760684967041,0.4290173053741455,0.6398236751556396,1060,913,764,1332,None,None,None,None,None,None,34.89,29.77,nan,nan,nan
True,/data/uabcvmsc/shared/newborn/30/27.08.24 (2)/HM20240827084712.jpeg,36.5,23.8,694,1033,0.07149992138147354,0.9997819066047668,0.9999158382415771,674,993,0.08492650836706161,0.999763548374176,0.9998626708984375,682,985,0.08470914512872696,0.9996470212936401,0.9998511075973511,691,966,0.08474986255168915,0.9997561573982239,0.999797523021698,672,1013,0.11152638494968414,0.9998552799224854,0.9998492002487183,678,1011,0.11094791442155838,0.9998279809951782,0.9998750686645508,684,1011,0.11060892045497894,0.9999006986618042,0.9998716115951538,782,838,0.15025117993354797,0.9998055100440979,0.9998714923858643,750,951,0.27306148409843445,0.9998421669006348,0.9999284744262695,778,1019,0.09804849326610565,0.9998120665550232,0.9999312162399292,770,1044,0.13030502200126648,0.9998276233673096,0.9998785257339478,1103,708,0.16993100941181183,0.9992899894714355,0.9996964931488037,990,1161,0.33367887139320374,0.9998015761375427,0.9998579025268555,1349,569,0.11822725087404251,0.44318923354148865,0.9974306225776672,1038,1483,0.44634291529655457,0.8933635950088501,0.9996980428695679,1110,497,0.0696881115436554,0.5929799675941467,0.9998345375061035,791,1376,0.5092723965644836,0.9697521328926086,0.9999796152114868,1078,422,0.06508778035640717,0.6402435302734375,0.9992924928665161,709,1398,0.5150620341300964,0.9519557356834412,0.9999079704284668,1090,462,0.05364290624856949,0.6256059408187866,0.9994206428527832,719,1316,0.5200219750404358,0.9466932415962219,0.999916672706604,1108,489,0.06747062504291534,0.5597060322761536,0.9997513890266418,768,1291,0.5096737146377563,0.9376649856567383,0.999968409538269,1844,939,-0.05815143138170242,0.9999076128005981,0.9999706745147705,1829,1331,0.05778178572654724,0.99996018409729,0.9999879598617554,2099,844,-0.47952428460121155,0.8691698908805847,0.9971939325332642,2122,1807,-0.29502883553504944,0.9387422204017639,0.9987640380859375,2923,1193,-0.5028860569000244,0.6034815907478333,0.9869944453239441,2927,1607,-0.3832911550998688,0.8367569446563721,0.9858407974243164,2987,1216,-0.5063856244087219,0.4284478425979614,0.9601948857307434,3045,1498,-0.3917384147644043,0.7329668402671814,0.9793227910995483,3257,1429,-0.6460435390472412,0.4706672430038452,0.7039920091629028,3196,1848,-0.5274462699890137,0.6914679408073425,0.7009907960891724,1046,934,747,1345,None,None,2986,1552,None,None,35.21,30.13,nan,nan,nan
True,/data/uabcvmsc/shared/newborn/30/27.08.24 (2)/HM20240827084814.jpeg,36.2,23.8,675,1010,0.08692729473114014,0.9998451471328735,0.9999316930770874,671,977,0.10555590689182281,0.9998083710670471,0.9998703002929688,681,956,0.1053466647863388,0.9996962547302246,0.99985671043396,685,904,0.10538282245397568,0.9997982382774353,0.9997990727424622,669,990,0.12837380170822144,0.9998854398727417,0.9998685121536255,675,1004,0.1278267651796341,0.999861478805542,0.9998925924301147,682,1007,0.12752090394496918,0.999923825263977,0.9998886585235596,795,800,0.18394382297992706,0.9997954964637756,0.9998452663421631,754,952,0.2890784740447998,0.9998382329940796,0.9999253749847412,772,996,0.11640985310077667,0.9998186230659485,0.9999302625656128,763,1036,0.1436009705066681,0.9998261332511902,0.9998866319656372,1116,687,0.19595734775066376,0.9992772936820984,0.9996404647827148,992,1163,0.3220362067222595,0.9998089671134949,0.9998524188995361,1361,576,0.13150238990783691,0.41316092014312744,0.9978271126747131,1026,1485,0.33755040168762207,0.8835650086402893,0.9996914863586426,1148,558,0.0582691952586174,0.5211035013198853,0.9998319149017334,793,1384,0.2953559458255768,0.9677305817604065,0.9999756813049316,1167,542,0.04835142567753792,0.5544850826263428,0.9992582201957703,713,1399,0.2822939455509186,0.9495351910591125,0.9998893737792969,1122,548,0.04103042185306549,0.5366103053092957,0.9994223117828369,728,1323,0.2886768877506256,0.9436337947845459,0.999907374382019,1091,574,0.05668672174215317,0.48492056131362915,0.9997503161430359,774,1304,0.29324865341186523,0.934752881526947,0.9999654293060303,1809,947,-0.04251645505428314,0.9999172687530518,0.9999804496765137,1812,1331,0.04209914430975914,0.9999644756317139,0.9999921321868896,2091,841,-0.41394636034965515,0.7905648946762085,0.9975343942642212,2127,1800,-0.282373309135437,0.921475887298584,0.998932421207428,2896,1116,-0.44085612893104553,0.4789418578147888,0.9866080284118652,2920,1612,-0.3567446172237396,0.7716897130012512,0.987894594669342,2964,1143,-0.4456427991390228,0.3320959806442261,0.9593583345413208,3031,1494,-0.36369049549102783,0.6389096975326538,0.9814642071723938,3230,1292,-0.5764051079750061,0.34697219729423523,0.6826382279396057,3189,1849,-0.4919224977493286,0.5860477089881897,0.7116249799728394,1054,925,752,1352,None,None,2920,1612,None,None,34.94,29.98,nan,nan,nan
True,/data/uabcvmsc/shared/newborn/30/27.08.24 (2)/HM20240827084915.jpeg,36.4,23.9,741,851,0.17811694741249084,0.9999057054519653,0.9999465942382812,725,791,0.2080710232257843,0.9998695850372314,0.9999063014984131,734,771,0.2078167349100113,0.999815046787262,0.9999016523361206,745,751,0.20785434544086456,0.999874472618103,0.9998655319213867,692,868,0.21956470608711243,0.9999309778213501,0.9998996257781982,692,934,0.2190781831741333,0.9999220371246338,0.9999160766601562,701,933,0.218833327293396,0.9999512434005737,0.9999077320098877,832,724,0.3129994869232178,0.9999055862426758,0.999915361404419,769,897,0.36605405807495117,0.9999072551727295,0.999935507774353,827,834,0.21644584834575653,0.9998825788497925,0.9999351501464844,802,899,0.22818541526794434,0.9998888969421387,0.9998958110809326,1126,653,0.283268004655838,0.9994145631790161,0.9996644258499146,989,1140,0.40053579211235046,0.9996694326400757,0.9996200799942017,1358,564,0.23333542048931122,0.5796713829040527,0.996657133102417,1034,1489,0.3530517518520355,0.794590950012207,0.9983953833580017,1083,637,0.1994708925485611,0.6295439600944519,0.9998031258583069,801,1426,0.268344521522522,0.9318106770515442,0.9998955726623535,1001,675,0.19089215993881226,0.6014004945755005,0.9993069171905518,736,1424,0.24972914159297943,0.9162877798080444,0.9997072815895081,972,672,0.19648128747940063,0.5693498253822327,0.9994344115257263,735,1348,0.26088106632232666,0.9035528302192688,0.9997804760932922,1012,671,0.2036607712507248,0.5162363648414612,0.9997432827949524,769,1332,0.26741018891334534,0.8898352980613708,0.9999055862426758,1802,899,-0.04529360309243202,0.9999064207077026,0.9999696016311646,1777,1317,0.04485112801194191,0.9999381303787231,0.9999785423278809,2218,784,-0.37843263149261475,0.9501703977584839,0.9989577531814575,2110,1823,-0.28171437978744507,0.9562830924987793,0.9990615248680115,2961,1160,-0.368972510099411,0.7511476278305054,0.9822275042533875,2964,1642,-0.34841251373291016,0.8854200839996338,0.9811769723892212,3035,1269,-0.3720701038837433,0.5650117993354797,0.9315901398658752,3136,1524,-0.3564668595790863,0.8184767365455627,0.9636580944061279,3280,1259,-0.5047293305397034,0.5585910677909851,0.5417431592941284,3139,2013,-0.4881996512413025,0.7387992739677429,0.5158526301383972,1058,896,760,1382,None,None,3050,1583,2961,1160,35.13,30.13,nan,nan,nan
True,/data/uabcvmsc/shared/newborn/30/27.08.24 (2)/HM20240827085016.jpeg,36.2,23.7,758,720,0.07216870784759521,0.9997777342796326,0.9997383952140808,757,651,0.1038694977760315,0.9996228218078613,0.9995853304862976,789,637,0.1035671979188919,0.9995008707046509,0.9995995163917542,803,628,0.10353044420480728,0.9996569156646729,0.9994713664054871,716,726,0.10383870452642441,0.9997945427894592,0.999529242515564,704,775,0.10328520834445953,0.9997850060462952,0.9996261596679688,704,788,0.10299238562583923,0.9998636245727539,0.9995977282524109,868,645,0.22792014479637146,0.9998065829277039,0.9997512698173523,759,809,0.22628769278526306,0.9997735619544983,0.9997534155845642,828,718,0.11902529001235962,0.9997617602348328,0.9997777342796326,771,799,0.1149575263261795,0.9998006224632263,0.9996911287307739,1128,650,0.2323954999446869,0.9995455145835876,0.9996671676635742,981,1139,0.2834208309650421,0.999711811542511,0.999506950378418,1350,558,0.2966429889202118,0.6600944995880127,0.9983335137367249,1041,1490,0.3015967309474945,0.8975723385810852,0.9981622099876404,1121,599,0.35506245493888855,0.5953995585441589,0.9997687935829163,801,1423,0.3018251657485962,0.9486732482910156,0.9998828172683716,1127,631,0.36517617106437683,0.554232656955719,0.999089241027832,728,1420,0.29785922169685364,0.9273087978363037,0.9996546506881714,1081,639,0.3623747229576111,0.5222597718238831,0.999097466468811,731,1342,0.30321165919303894,0.9177953004837036,0.9996987581253052,1043,629,0.3581724762916565,0.49097153544425964,0.9995869994163513,770,1325,0.30169838666915894,0.9046540260314941,0.9998728036880493,1821,915,-0.015466012991964817,0.9999080896377563,0.9999473094940186,1787,1317,0.015095585957169533,0.9999337196350098,0.9999476671218872,2200,812,-0.37337779998779297,0.9640925526618958,0.9963817596435547,2120,1802,-0.3279191851615906,0.9723709225654602,0.9968585968017578,2952,1148,-0.3184756934642792,0.6932377815246582,0.9534348845481873,2996,1760,-0.35479113459587097,0.902449369430542,0.9086459875106812,3003,1253,-0.31556612253189087,0.47482824325561523,0.8520336747169495,3129,1669,-0.35878393054008484,0.7590764164924622,0.8441000580787659,3344,1217,-0.43079623579978943,0.46673253178596497,0.3477300703525543,3204,2007,-0.49589449167251587,0.7161741256713867,0.22182431817054749,1054,894,758,1378,None,None,3062,1714,None,None,34.93,29.93,nan,nan,nan
True,/data/uabcvmsc/shared/newborn/30/27.08.24 (2)/HM20240827085118.jpeg,36.3,26.6,677,959,0.1130276545882225,0.9998977184295654,0.99988853931427,660,897,0.1342807114124298,0.9998039603233337,0.999789297580719,665,884,0.13405844569206238,0.999736487865448,0.9997934699058533,661,850,0.13405485451221466,0.9998165965080261,0.9997320771217346,661,936,0.15092024207115173,0.9998922348022461,0.9997703433036804,667,942,0.15040427446365356,0.9998749494552612,0.9998124241828918,672,948,0.15013185143470764,0.9999182224273682,0.999800980091095,776,755,0.21787361800670624,0.9998202919960022,0.9998501539230347,728,920,0.29679569602012634,0.9998263716697693,0.999866247177124,747,948,0.1439916491508484,0.9998849630355835,0.9999442100524902,748,983,0.16336657106876373,0.999886155128479,0.999894380569458,1055,670,0.20369920134544373,0.9997856020927429,0.9998747110366821,1002,1171,0.34153929352760315,0.9998096823692322,0.9998231530189514,1374,572,0.10398278385400772,0.5219473838806152,0.9987121820449829,980,1507,0.2892396152019501,0.8124428987503052,0.9995619654655457,1160,230,-0.08208665996789932,0.7155973315238953,0.9997872710227966,616,1685,0.14386792480945587,0.923409640789032,0.9997740387916565,1178,83,-0.10985540598630905,0.7204902768135071,0.9991000890731812,505,1774,0.1152351126074791,0.8872096538543701,0.9990285634994507,1100,77,-0.1387513279914856,0.7218230962753296,0.9992256164550781,462,1677,0.10414782166481018,0.8818560242652893,0.9992172718048096,1095,138,-0.09780917316675186,0.6789419651031494,0.999657392501831,498,1643,0.12892410159111023,0.874337375164032,0.9996790885925293,1797,896,-0.05317895859479904,0.9997265934944153,0.9999123811721802,1792,1313,0.052643053233623505,0.9998537302017212,0.9999525547027588,2118,749,-0.4656215310096741,0.723572313785553,0.996573805809021,2122,1809,-0.23927873373031616,0.7079171538352966,0.9975782036781311,2899,985,-0.455839067697525,0.29700833559036255,0.9688008427619934,3007,1825,-0.3121155798435211,0.5094316601753235,0.9550923109054565,2967,1026,-0.46015724539756775,0.2060425579547882,0.9095261693000793,3141,1739,-0.32333147525787354,0.4319136440753937,0.9355506300926208,3148,1209,-0.6220747828483582,0.21800152957439423,0.6750238537788391,3209,2152,-0.4812389612197876,0.32815054059028625,0.5358964800834656,1028,920,520,1695,1146,130,None,None,None,None,34.36,nan,nan,nan,nan
True,/data/uabcvmsc/shared/newborn/30/27.08.24 (2)/HM20240827085220.jpeg,36.4,24.0,675,1052,0.14887255430221558,0.9995800852775574,0.9996417760848999,659,983,0.16168779134750366,0.999427855014801,0.9994839429855347,664,971,0.16138072311878204,0.9992765784263611,0.9995787739753723,660,936,0.16135144233703613,0.9996424913406372,0.9995487332344055,660,997,0.17975403368473053,0.999525785446167,0.9991108775138855,666,990,0.1792309731245041,0.9993475079536438,0.9991703033447266,673,987,0.17896081507205963,0.999556839466095,0.9990376234054565,744,835,0.21282975375652313,0.9997904896736145,0.9998424053192139,725,937,0.2992069125175476,0.9991611242294312,0.9993034601211548,727,1044,0.1703992635011673,0.999846339225769,0.9999138116836548,728,1052,0.19175180792808533,0.9996964931488037,0.9996688365936279,1066,682,0.2255188673734665,0.9998742341995239,0.9999374151229858,976,1176,0.34103840589523315,0.9994751811027527,0.9991633892059326,1330,388,0.2069818079471588,0.8895569443702698,0.9994179010391235,1013,1485,0.368674635887146,0.795220136642456,0.9976931214332581,963,293,0.15213800966739655,0.963063657283783,0.9999895095825195,648,1370,0.36943891644477844,0.8920949697494507,0.9998695850372314,882,283,0.14180977642536163,0.949028730392456,0.9999518394470215,519,1357,0.3615424633026123,0.8452193737030029,0.9996732473373413,840,292,0.1360381841659546,0.942916989326477,0.9999661445617676,529,1276,0.36609548330307007,0.820401132106781,0.9997424483299255,873,318,0.15160444378852844,0.9166980981826782,0.9999861717224121,592,1260,0.36661940813064575,0.7972578406333923,0.9998921155929565,1786,927,-0.03743838146328926,0.9998871088027954,0.9999613761901855,1766,1329,0.037076372653245926,0.9998641014099121,0.9999209642410278,2223,847,-0.3544294536113739,0.8425194621086121,0.9995880722999573,2125,1806,-0.2702738642692566,0.8955721855163574,0.9988981485366821,3001,1082,-0.35771575570106506,0.6237215399742126,0.984228253364563,3014,1681,-0.3417860269546509,0.7450532913208008,0.9641482830047607,3131,1211,-0.36538517475128174,0.436173677444458,0.9331253170967102,3164,1588,-0.3536578416824341,0.6571071147918701,0.9345946907997131,3263,904,-0.4990415573120117,0.4009798765182495,0.5992036461830139,3182,2085,-0.4799194931983948,0.5227453112602234,0.4898582994937897,1021,929,572,1316,890,296,3014,1681,None,None,33.92,30.18,nan,nan,nan
True,/data/uabcvmsc/shared/newborn/30/27.08.24 (2)/HM20240827085323.jpeg,36.1,23.3,709,909,0.21517151594161987,0.9997976422309875,0.9999746084213257,745,782,0.25080573558807373,0.9995865225791931,0.9999477863311768,763,761,0.2505283057689667,0.9994151592254639,0.9999481439590454,778,744,0.2505016624927521,0.9996582269668579,0.9999319314956665,697,872,0.25045374035835266,0.9997780919075012,0.9999374151229858,691,905,0.24995912611484528,0.9997360110282898,0.9999455213546753,694,901,0.24975232779979706,0.9998323917388916,0.9999353885650635,845,694,0.3744608461856842,0.9997784495353699,0.9999688863754272,761,871,0.372539222240448,0.9996845722198486,0.9999569654464722,831,808,0.26098185777664185,0.9997418522834778,0.9999663829803467,756,956,0.25693222880363464,0.9997554421424866,0.999942421913147,1076,678,0.37038400769233704,0.9998012185096741,0.9999123811721802,1008,1171,0.39396026730537415,0.9998356103897095,0.9998132586479187,1302,567,0.38775843381881714,0.7067247033119202,0.9996633529663086,1021,1442,0.366497665643692,0.8781095743179321,0.999327540397644,955,522,0.42602500319480896,0.8031284809112549,0.9999790191650391,815,1233,0.3664913475513458,0.9381742477416992,0.9999819993972778,890,521,0.4290561378002167,0.7490640878677368,0.9999171495437622,766,1181,0.35939210653305054,0.9041991233825684,0.9999566078186035,868,543,0.43426963686943054,0.7244428992271423,0.9999263286590576,762,1128,0.37754958868026733,0.8841384053230286,0.9999645948410034,898,558,0.43102121353149414,0.6677860021591187,0.9999672174453735,791,1138,0.3716442883014679,0.8536887764930725,0.9999845027923584,1838,930,-0.008481566794216633,0.9998996257781982,0.9999792575836182,1803,1349,0.008086629211902618,0.9999191761016846,0.9999734163284302,2182,797,-0.3598480820655823,0.8760756850242615,0.9997870326042175,2097,1835,-0.3667495548725128,0.9066029787063599,0.9997909665107727,2933,1133,-0.3146706819534302,0.5144922137260437,0.9957345128059387,2993,1896,-0.434799462556839,0.7867227792739868,0.9824297428131104,3039,1275,-0.31612762808799744,0.43967708945274353,0.9824908375740051,3162,1844,-0.44663041830062866,0.6264923810958862,0.961188793182373,3259,973,-0.44425639510154724,0.36437249183654785,0.8575201034545898,3092,2308,-0.6082320213317871,0.5767795443534851,0.6394706964492798,1042,924,784,1170,904,529,2993,1896,None,None,34.79,29.67,34.79,nan,nan
True,/data/uabcvmsc/shared/newborn/30/27.08.24 (2)/HM20240827085425.jpeg,36.0,22.7,708,1021,0.06007349491119385,0.999729335308075,0.999921441078186,691,964,0.06730490177869797,0.9996875524520874,0.9998922348022461,698,953,0.06699961423873901,0.9995773434638977,0.999896764755249,706,935,0.06705809384584427,0.9997246861457825,0.9998701810836792,690,991,0.09970759600400925,0.9997381567955017,0.999847412109375,695,995,0.0991373211145401,0.9996672868728638,0.9998639822006226,698,1000,0.09886066615581512,0.9997679591178894,0.9998512268066406,811,821,0.10289671272039413,0.9998272061347961,0.9999312162399292,773,948,0.253395676612854,0.9996832609176636,0.9999037981033325,786,1022,0.07555820792913437,0.999751627445221,0.9999357461929321,778,1045,0.1154525876045227,0.9996539354324341,0.9998375177383423,1128,719,0.10380832850933075,0.9994592070579529,0.9997735619544983,1023,1163,0.3357431888580322,0.9994568228721619,0.9995887875556946,1386,606,0.014019651338458061,0.6728135347366333,0.9975739121437073,1051,1444,0.4854539930820465,0.7619462013244629,0.9990553259849548,1129,544,-0.034083832055330276,0.8492663502693176,0.99996018409729,804,1364,0.6138273477554321,0.9002019166946411,0.9999606609344482,1136,545,-0.043958380818367004,0.8419716954231262,0.9998635053634644,748,1374,0.6309179067611694,0.8579426407814026,0.9998873472213745,1089,554,-0.04607805982232094,0.8232909440994263,0.999901533126831,761,1290,0.6327967047691345,0.8426139950752258,0.9999091625213623,1115,577,-0.032084010541439056,0.7431069016456604,0.9999531507492065,790,1277,0.6137943863868713,0.8166888356208801,0.999958872795105,1888,1003,-0.07012134790420532,0.9995039701461792,0.9997944235801697,1830,1399,0.06974974274635315,0.9996007084846497,0.9998301267623901,2125,834,-0.45418742299079895,0.6805962920188904,0.9970402121543884,1841,1999,-0.28394731879234314,0.7707392573356628,0.9973174929618835,3024,1053,-0.4841136336326599,0.4197981357574463,0.9672368168830872,2630,2056,-0.3780312240123749,0.5387262105941772,0.9589295983314514,3106,1126,-0.49302732944488525,0.2499161660671234,0.8895443677902222,2778,1985,-0.3911001980304718,0.47106391191482544,0.9412350654602051,3297,1118,-0.6366299390792847,0.304610013961792,0.6072448492050171,2790,2403,-0.5113077163696289,0.3842339515686035,0.5859155058860779,1076,941,776,1326,1117,555,None,None,None,None,34.64,29.32,31.98,nan,nan
True,/data/uabcvmsc/shared/newborn/30/27.08.24 (2)/HM20240827085527.jpeg,36.7,26.0,840,848,0.17368054389953613,0.9963570237159729,0.9996461868286133,819,816,0.2003607153892517,0.9945328235626221,0.9992271661758423,829,806,0.20000438392162323,0.9933978319168091,0.9993003606796265,840,797,0.19994604587554932,0.9959937334060669,0.999128520488739,788,849,0.19290271401405334,0.996299684047699,0.9986599683761597,776,865,0.19263897836208344,0.9956182241439819,0.9985600113868713,763,879,0.19251705706119537,0.9964930415153503,0.9978598952293396,862,833,0.2979274392127991,0.9978185892105103,0.9996333122253418,756,948,0.2632715702056885,0.992266833782196,0.9981085062026978,896,883,0.2103961557149887,0.9946410655975342,0.9996775388717651,858,924,0.19735628366470337,0.9920068383216858,0.9991533756256104,1069,900,0.24157841503620148,0.9998489618301392,0.999923825263977,882,1305,0.3074469268321991,0.9985581040382385,0.9988273978233337,1472,858,0.15120278298854828,0.05457893759012222,0.9960355162620544,1275,1475,0.2371087521314621,0.0030403099954128265,0.9828168153762817,1128,807,0.07606781274080276,0.07642022520303726,0.9999176263809204,910,1442,0.16934962570667267,0.02612694539129734,0.9993407130241394,1074,891,0.06607053428888321,0.09656403213739395,0.999804675579071,835,1461,0.1630115807056427,0.061807435005903244,0.999164342880249,1010,873,0.08160138130187988,0.08218897879123688,0.9998388290405273,798,1408,0.16421011090278625,0.05422377586364746,0.9993834495544434,1037,888,0.08267045021057129,0.06411094963550568,0.9999207258224487,836,1405,0.16567964851856232,0.050499189645051956,0.9996762275695801,1605,1300,-0.025039074942469597,0.9999580383300781,0.9999967813491821,1487,1501,0.024464638903737068,0.9999392032623291,0.9999943971633911,1825,1226,-0.12551873922348022,0.44343799352645874,0.9999326467514038,1427,1901,-0.18884123861789703,0.6069404482841492,0.999957799911499,2120,1343,-0.2000822275876999,0.4286831021308899,0.9997254014015198,1937,2014,-0.4643937647342682,0.8197385668754578,0.9997444748878479,2108,1339,-0.20964457094669342,0.4388050138950348,0.9989407658576965,2000,1927,-0.4927383065223694,0.8550816178321838,0.9993347525596619,2255,1359,-0.27399736642837524,0.32730212807655334,0.9937978386878967,1994,2295,-0.5877625942230225,0.6980074048042297,0.985630214214325,976,1102,None,None,None,None,1968,1970,None,None,34.56,nan,nan,31.33,nan
False,/data/uabcvmsc/shared/newborn/30/27.08.24 (2)/HM20240827085629.jpeg,36.4,23.3,871,700,0.36050334572792053,0.9997281432151794,0.9999933242797852,825,701,0.3844791650772095,0.9995954632759094,0.9999856948852539,827,705,0.38414466381073,0.9996052384376526,0.999988317489624,830,707,0.38409608602523804,0.9997729659080505,0.9999866485595703,812,719,0.3630572557449341,0.999756395816803,0.9999685287475586,811,734,0.362826406955719,0.9997392296791077,0.9999617338180542,809,730,0.362857848405838,0.9997090697288513,0.9999359846115112,858,778,0.4417842626571655,0.9999179840087891,0.9999951124191284,793,859,0.3470233380794525,0.9993667006492615,0.9999234676361084,936,740,0.38200756907463074,0.9996284246444702,0.9999929666519165,924,761,0.35167035460472107,0.9992565512657166,0.9999756813049316,1023,986,0.38019654154777527,0.9999936819076538,0.9999980926513672,975,1026,0.24983486533164978,0.9998900890350342,0.9998738765716553,1455,1112,0.15004079043865204,0.05577043443918228,0.9997797608375549,1393,1138,0.11587738990783691,0.2323293536901474,0.9981712102890015,1072,1224,-0.05181066691875458,0.1188923716545105,0.9999954700469971,1081,782,0.15995606780052185,0.33940577507019043,0.9999359846115112,972,1265,-0.0742158517241478,0.14244318008422852,0.9999908208847046,1061,766,0.15585553646087646,0.42909911274909973,0.9999287128448486,894,1228,-0.025439467281103134,0.1155536100268364,0.999993085861206,997,767,0.1847730427980423,0.379623144865036,0.9999451637268066,931,1221,-0.03506043553352356,0.08599541336297989,0.9999958276748657,1011,807,0.1720219850540161,0.31076186895370483,0.9999676942825317,1494,1424,0.052652955055236816,0.9999924898147583,0.9999995231628418,1468,1390,-0.05346450209617615,0.9999896287918091,0.9999982118606567,1852,1609,0.020986497402191162,0.2741740643978119,0.9999966621398926,1834,1368,-0.15358641743659973,0.9455093145370483,0.999997615814209,1961,1828,-0.2759433090686798,0.7988763451576233,0.9999923706054688,2044,1840,-0.6548055410385132,0.987301230430603,0.9999881982803345,1987,1864,-0.3100161552429199,0.9454262256622314,0.9999560117721558,2093,1909,-0.7055652141571045,0.9927449226379395,0.9999487400054932,2019,1895,-0.38268280029296875,0.8673937320709229,0.9998028874397278,2121,2009,-0.8007711172103882,0.9901096820831299,0.9989252686500549
True,/data/uabcvmsc/shared/newborn/30/27.08.24 (2)/HM20240827085730.jpeg,36.4,23.7,846,726,0.2112518697977066,0.9984886646270752,0.999934196472168,808,724,0.24192753434181213,0.9975353479385376,0.9998553991317749,821,718,0.2415582239627838,0.9973928928375244,0.9998830556869507,826,718,0.24154455959796906,0.9985321760177612,0.9998573064804077,794,745,0.2254570573568344,0.9981188178062439,0.9996925592422485,795,760,0.22518238425254822,0.997825026512146,0.9996391534805298,792,776,0.22509200870990753,0.9979727864265442,0.9993940591812134,843,762,0.3458576798439026,0.9992625117301941,0.9999340772628784,798,895,0.27500417828559875,0.9944846034049988,0.9991806149482727,937,744,0.24895083904266357,0.9972551465034485,0.9999409914016724,904,785,0.22556547820568085,0.9946038126945496,0.9997676014900208,1126,848,0.2993369400501251,0.9999747276306152,0.9999924898147583,930,1136,0.23314598202705383,0.9996135830879211,0.9995492100715637,1512,1008,0.09505480527877808,0.09499265998601913,0.999555766582489,1276,1347,0.04832010716199875,0.05094445124268532,0.9946513772010803,1124,1073,-0.12103237956762314,0.14619180560112,0.9999902248382568,1011,1051,-0.047751523554325104,0.0687442198395729,0.9997889399528503,1035,1112,-0.15219205617904663,0.1816844493150711,0.9999790191650391,959,969,-0.06752532720565796,0.11749234795570374,0.9997771382331848,963,1067,-0.11796769499778748,0.1508028656244278,0.9999831914901733,839,843,-0.048303935676813126,0.09647848457098007,0.9997944235801697,990,1068,-0.11026366055011749,0.11465040594339371,0.9999910593032837,903,980,-0.04358929395675659,0.08127899467945099,0.9998890161514282,1618,1306,0.03459709510207176,0.9999926090240479,0.9999994039535522,1471,1481,-0.03522558510303497,0.9999864101409912,0.9999978542327881,2011,1176,-0.062493227422237396,0.7698948383331299,0.9999964237213135,1697,1587,-0.24579176306724548,0.9539564847946167,0.9999973773956299,2219,1324,-0.2474638968706131,0.900407612323761,0.9999847412109375,1913,2044,-0.5915817022323608,0.9791685938835144,0.9999496936798096,2276,1497,-0.27069225907325745,0.9319958090782166,0.9999165534973145,2011,2131,-0.6261619925498962,0.9745383858680725,0.9997947812080383,2363,1320,-0.35318419337272644,0.8864415287971497,0.9991693496704102,1938,2190,-0.7252374291419983,0.972018837928772,0.9953622221946716,1028,992,None,None,None,None,None,None,2286,1380,31.32,nan,nan,nan,28.78
False,/data/uabcvmsc/shared/newborn/30/27.08.24 (2)/HM20240827085831.jpeg,36.2,23.3,855,719,0.2738073766231537,0.9999992847442627,1.0,812,712,0.3131263554096222,0.9999979734420776,0.9999998807907104,822,704,0.31281527876853943,0.999997615814209,0.9999998807907104,825,701,0.3126771152019501,0.9999983310699463,0.9999997615814209,803,733,0.2978988587856293,0.9999991655349731,0.9999997615814209,793,758,0.2976421117782593,0.9999991655349731,0.9999997615814209,788,776,0.29760199785232544,0.9999990463256836,0.9999995231628418,850,759,0.4368760883808136,0.999998927116394,0.9999998807907104,782,893,0.36935141682624817,0.9999960660934448,0.9999994039535522,924,751,0.316742479801178,0.999994158744812,0.9999997615814209,908,787,0.29443326592445374,0.9999902248382568,0.9999992847442627,1091,913,0.3864521384239197,0.9999967813491821,0.999998927116394,1001,1116,0.34057947993278503,0.9999594688415527,0.99997878074646,1481,996,0.256008505821228,0.1311221867799759,0.9997963309288025,1279,1390,0.11023011058568954,0.08778271079063416,0.9987133741378784,1141,1058,0.17105799913406372,0.0439748577773571,0.9999794960021973,923,1394,-0.019234877079725266,0.05816714093089104,0.9995490908622742,1045,1068,0.15886785089969635,0.05009094998240471,0.9999430179595947,837,1397,-0.04221488535404205,0.10110559314489365,0.9993516802787781,987,1046,0.18869881331920624,0.03847171366214752,0.9999520778656006,835,1336,-0.026765743270516396,0.08509549498558044,0.9995741248130798,1017,1056,0.18105792999267578,0.03864006698131561,0.9999740123748779,871,1334,-0.019000867381691933,0.09557093679904938,0.9997740387916565,1560,1356,0.010681867599487305,0.9999891519546509,0.9999992847442627,1506,1420,-0.011526526883244514,0.9999879598617554,0.9999983310699463,1796,1942,-0.22241747379302979,0.4895612299442291,0.9999902248382568,1776,1477,-0.18904027342796326,0.6968182325363159,0.9999908208847046,1951,2085,-0.597711980342865,0.08560510724782944,0.9999281167984009,2054,1870,-0.7516511082649231,0.5997674465179443,0.9999254941940308,2004,2099,-0.6403632164001465,0.653861403465271,0.9995840191841125,2057,1882,-0.8124512434005737,0.9584138989448547,0.9997709393501282,1943,2279,-0.7075595259666443,0.4967908263206482,0.998461127281189,2043,2021,-0.904102623462677,0.935479462146759,0.9965952038764954
True,/data/uabcvmsc/shared/newborn/30/27.08.24 (2)/HM20240827085932.jpeg,36.2,23.6,931,735,0.4103999733924866,0.999995231628418,0.9999998807907104,856,740,0.40877389907836914,0.9999929666519165,0.9999997615814209,855,744,0.4085093140602112,0.9999912977218628,0.9999997615814209,854,747,0.40845999121665955,0.9999946355819702,0.9999996423721313,846,751,0.39480695128440857,0.9999961853027344,0.9999996423721313,839,763,0.39442384243011475,0.9999949932098389,0.9999996423721313,871,717,0.39445143938064575,0.9999961853027344,0.9999994039535522,858,826,0.3764234483242035,0.999996542930603,0.9999998807907104,821,848,0.31463995575904846,0.9999915361404419,0.9999995231628418,965,784,0.4056299030780792,0.9999779462814331,0.9999995231628418,964,789,0.38465312123298645,0.9999719858169556,0.999998927116394,914,1269,0.2755597233772278,0.9999924898147583,0.9999988079071045,1122,810,0.2667085528373718,0.9999383687973022,0.9999814033508301,1225,1504,0.3135656714439392,0.08090940117835999,0.9997994303703308,1426,982,0.23236003518104553,0.008694304153323174,0.9993807077407837,920,1368,0.4961881935596466,0.03733942285180092,0.9999775886535645,1043,768,0.37719425559043884,0.051139142364263535,0.9997568726539612,856,1370,0.5266503691673279,0.04156274348497391,0.9999535083770752,934,739,0.3949712812900543,0.07870037108659744,0.9996343851089478,857,1309,0.5290754437446594,0.03885199502110481,0.9999411106109619,909,757,0.420122355222702,0.07205408066511154,0.9996315240859985,876,1305,0.5028195977210999,0.03664866089820862,0.9999655485153198,930,792,0.3875106871128082,0.06504824757575989,0.9997770190238953,1654,1498,-0.009623466990888119,0.9997449517250061,0.9999649524688721,1729,1295,0.00879372376948595,0.9997479319572449,0.9999330043792725,1952,1936,-0.15144693851470947,0.35666000843048096,0.999841570854187,1785,1097,-0.049347974359989166,0.054600972682237625,0.9999138116836548,2374,2009,-0.5329359769821167,0.12048440426588058,0.9952834248542786,2364,1590,-0.4597947597503662,0.06048910692334175,0.9976825714111328,2530,1941,-0.571605384349823,0.3405360281467438,0.9742506742477417,2490,1669,-0.5010433793067932,0.2463834583759308,0.9910575151443481,2335,2251,-0.6090051531791687,0.14391618967056274,0.9763398766517639,2379,1729,-0.521862804889679,0.10858957469463348,0.9760427474975586,1018,1040,None,None,None,None,None,None,None,None,31.16,nan,nan,nan,nan
False,/data/uabcvmsc/shared/newborn/30/27.08.24 (2)/HM20240827090037.jpeg,36.4,23.8,853,763,0.2656644880771637,0.9998574256896973,0.9999722242355347,813,759,0.2933765649795532,0.9998063445091248,0.9999477863311768,814,758,0.2930905222892761,0.9997819066047668,0.9999561309814453,815,756,0.29314300417900085,0.999855637550354,0.9999468326568604,805,801,0.2785835862159729,0.9998883008956909,0.9999116659164429,802,813,0.27822938561439514,0.999862790107727,0.9999107122421265,794,797,0.2781171500682831,0.9998897314071655,0.9998711347579956,847,794,0.3754132091999054,0.9999368190765381,0.9999849796295166,798,871,0.30975639820098877,0.9998101592063904,0.9999083280563354,908,789,0.29778552055358887,0.9997819066047668,0.9999637603759766,884,827,0.2752956748008728,0.9996832609176636,0.999900221824646,1073,943,0.3073331415653229,0.9999176263809204,0.999972939491272,1038,1132,0.3005831241607666,0.998833954334259,0.9992596507072449,1474,970,0.22571775317192078,0.34662947058677673,0.9964199066162109,1287,1436,0.26576879620552063,0.012435432523488998,0.9861217141151428,1013,823,0.179554745554924,0.12324852496385574,0.9999067783355713,1007,1257,0.34872350096702576,0.016786087304353714,0.9976640939712524,928,810,0.17357748746871948,0.13164524734020233,0.9998026490211487,948,1202,0.3529297411441803,0.02694564498960972,0.9969081282615662,887,835,0.18849465250968933,0.11833327263593674,0.9998340606689453,896,1172,0.36821380257606506,0.02457670494914055,0.9973011612892151,941,838,0.18637867271900177,0.10772213339805603,0.999911904335022,917,1193,0.3540281653404236,0.029967259615659714,0.9983408451080322,1727,1376,0.009210108779370785,0.9997420907020569,0.9999516010284424,1718,1468,-0.009811940602958202,0.9996187686920166,0.9998902082443237,2087,1577,-0.013624212704598904,0.6804882287979126,0.9994885921478271,1935,1390,-0.15806394815444946,0.48659613728523254,0.9996941089630127,2498,2026,-0.23323334753513336,0.47500374913215637,0.9771799445152283,2811,1503,-0.4479590654373169,0.5670973658561707,0.9903820157051086,2668,2004,-0.2572575807571411,0.49944570660591125,0.8886695504188538,3000,1533,-0.4755738377571106,0.7584250569343567,0.9644990563392639,2601,2228,-0.35170093178749084,0.3170361816883087,0.826870858669281,2887,1533,-0.554993212223053,0.4982042610645294,0.8305525183677673
True,/data/uabcvmsc/shared/newborn/30/27.08.24 (2)/HM20240827090140.jpeg,36.2,23.5,882,718,0.5271927118301392,0.9999932050704956,0.9999997615814209,830,725,0.5229744911193848,0.9999947547912598,0.9999997615814209,831,730,0.5226709246635437,0.9999938011169434,0.9999997615814209,816,753,0.5225341320037842,0.9999963045120239,0.9999997615814209,825,730,0.5124865174293518,0.9999960660934448,0.9999994039535522,821,739,0.5120512843132019,0.9999949932098389,0.9999992847442627,819,747,0.5120806097984314,0.9999960660934448,0.999998927116394,837,814,0.4729755222797394,0.9999983310699463,0.9999998807907104,818,804,0.42360755801200867,0.9999903440475464,0.9999991655349731,920,785,0.5144791603088379,0.9999881982803345,0.9999996423721313,920,782,0.4969792366027832,0.9999808073043823,0.9999990463256836,912,1302,0.3370968699455261,0.9999949932098389,0.9999994039535522,1164,853,0.33998188376426697,0.9999567270278931,0.9999769926071167,1194,1528,0.39335885643959045,0.3000194728374481,0.9998893737792969,1514,1069,0.17680205404758453,0.015125294215977192,0.9946803450584412,885,1391,0.6028192043304443,0.06073205545544624,0.9999821186065674,1306,843,0.17303986847400665,0.011890470050275326,0.9980462789535522,811,1379,0.6287626028060913,0.06585939228534698,0.9999589920043945,1262,752,0.16932794451713562,0.02020127698779106,0.9981114864349365,823,1342,0.6447637677192688,0.06230141967535019,0.9999539852142334,1198,737,0.1970067024230957,0.01874718815088272,0.9984897375106812,855,1317,0.6164130568504333,0.052222806960344315,0.9999735355377197,1205,793,0.1809265911579132,0.01898409239947796,0.9989251494407654,1717,1539,-7.242058200063184e-05,0.9999386072158813,0.9999947547912598,1854,1269,-0.0008740692865103483,0.9999473094940186,0.9999823570251465,2004,1942,-0.03769059106707573,0.549383282661438,0.9999707937240601,2289,1035,-0.09356234222650528,0.7161531448364258,0.9999650716781616,2489,2039,-0.3593038022518158,0.3094438910484314,0.9989767074584961,3186,1141,-0.4447932243347168,0.7413353323936462,0.9984577894210815,2658,1984,-0.3906893730163574,0.6226406097412109,0.9945857524871826,3324,1229,-0.4749212861061096,0.9317960739135742,0.9948973059654236,2596,2222,-0.4271700978279114,0.2602105736732483,0.9879931211471558,3367,1118,-0.5070263743400574,0.675157904624939,0.9714353084564209,1038,1078,None,None,None,None,3255,1185,None,None,31.12,nan,nan,nan,nan
True,/data/uabcvmsc/shared/newborn/30/27.08.24 (2)/HM20240827090242.jpeg,36.3,23.7,936,702,0.48796382546424866,0.9999651908874512,0.9999980926513672,862,709,0.4727817177772522,0.9999688863754272,0.9999971389770508,857,720,0.4724424183368683,0.9999697208404541,0.9999978542327881,845,742,0.4724022150039673,0.999975323677063,0.9999974966049194,866,703,0.4574238657951355,0.9999778270721436,0.9999946355819702,861,711,0.456988662481308,0.9999785423278809,0.9999945163726807,858,718,0.45701247453689575,0.9999788999557495,0.9999923706054688,849,851,0.3978361189365387,0.9999940395355225,0.9999991655349731,846,805,0.3262356221675873,0.9999681711196899,0.9999934434890747,973,771,0.4707491099834442,0.9999556541442871,0.9999973773956299,992,747,0.4464612901210785,0.9999396800994873,0.999993085861206,908,1363,0.2664788067340851,0.9999806880950928,0.9999970197677612,1129,808,0.24692945182323456,0.999845027923584,0.9999264478683472,1185,1570,0.2551615834236145,0.42054980993270874,0.9992398023605347,1504,997,0.0007613959605805576,0.06049226224422455,0.9825976490974426,968,1388,0.36460456252098083,0.11267126351594925,0.9997932314872742,1257,895,-0.13035376369953156,0.05522606149315834,0.9935204386711121,861,1354,0.37256407737731934,0.15028616786003113,0.9997302889823914,1205,843,-0.1630353480577469,0.11595087498426437,0.9962371587753296,870,1327,0.37431076169013977,0.14792734384536743,0.9997143149375916,1141,833,-0.14234423637390137,0.11479499191045761,0.9972324967384338,901,1289,0.369205117225647,0.12865130603313446,0.9997860789299011,1150,876,-0.12954065203666687,0.1073169857263565,0.9973588585853577,1729,1600,0.016924653202295303,0.9997116923332214,0.9999550580978394,1863,1237,-0.017693165689706802,0.999670147895813,0.9998822212219238,2135,2057,0.0944545716047287,0.9503553509712219,0.9998378753662109,2419,1001,-0.10517064481973648,0.9464777708053589,0.9998716115951538,2876,2267,-0.16307206451892853,0.8653231859207153,0.9901098608970642,3172,1191,-0.37388935685157776,0.9375436305999756,0.9932284951210022,3046,2249,-0.1921069622039795,0.8937610387802124,0.9475973844528198,3294,1304,-0.39735934138298035,0.9754754304885864,0.9787265062332153,2940,2512,-0.231882244348526,0.6842979788780212,0.9622728824615479,3311,1129,-0.412209153175354,0.8742448091506958,0.9499406814575195,1018,1086,None,None,None,None,3259,1208,2961,2258,35.02,nan,nan,nan,nan
True,/data/uabcvmsc/shared/newborn/30/27.08.24 (2)/HM20240827090344.jpeg,36.4,24.1,950,727,0.5506569147109985,0.9999550580978394,0.9999988079071045,878,741,0.5301260352134705,0.999958872795105,0.9999983310699463,877,746,0.5297528505325317,0.9999611377716064,0.9999986886978149,866,761,0.5296906232833862,0.999966025352478,0.9999984502792358,884,730,0.5166091322898865,0.9999716281890869,0.9999972581863403,880,736,0.5162040591239929,0.9999758005142212,0.9999972581863403,903,661,0.5162378549575806,0.999975323677063,0.9999961853027344,843,851,0.42707112431526184,0.9999916553497314,0.9999992847442627,863,801,0.3631996214389801,0.9999649524688721,0.9999961853027344,962,779,0.5230868458747864,0.9999349117279053,0.9999980926513672,963,777,0.5011983513832092,0.9999170303344727,0.9999957084655762,917,1360,0.26787498593330383,0.9999855756759644,0.9999977350234985,1128,793,0.26021334528923035,0.9999085664749146,0.9999598264694214,1139,1579,0.25289595127105713,0.6442794799804688,0.999649167060852,1528,917,0.0036121641751378775,0.09682673960924149,0.9943621158599854,914,1397,0.3694143295288086,0.3217056393623352,0.9999301433563232,1262,747,-0.15397749841213226,0.32556015253067017,0.9993605017662048,828,1405,0.3788040578365326,0.3894040882587433,0.999897837638855,1216,712,-0.191281259059906,0.5202921628952026,0.999549925327301,838,1333,0.38205450773239136,0.3874298632144928,0.9998914003372192,1175,711,-0.16539689898490906,0.5202358961105347,0.9996854066848755,886,1316,0.37549158930778503,0.3269442319869995,0.9999220371246338,1182,725,-0.15166546404361725,0.4469813406467438,0.9997273087501526,1768,1604,0.009174778126180172,0.9997794032096863,0.999969482421875,1900,1247,-0.009930978529155254,0.9997418522834778,0.9999253749847412,2171,2082,0.07665104418992996,0.958254873752594,0.9998340606689453,2426,1016,-0.10062986612319946,0.9321243166923523,0.9998714923858643,2912,2267,-0.21765241026878357,0.915558397769928,0.9960010647773743,3166,1192,-0.401436448097229,0.92696613073349,0.9978435039520264,3090,2228,-0.24953916668891907,0.9556753039360046,0.9803932309150696,3242,1285,-0.4280763566493988,0.979613184928894,0.9937151074409485,3036,2517,-0.3009474575519562,0.7823830842971802,0.9831458926200867,3325,1137,-0.4538373649120331,0.8530365824699402,0.9827293157577515,1022,1076,None,None,None,None,3244,1205,3013,2337,35.15,nan,nan,nan,nan
True,/data/uabcvmsc/shared/newborn/30/27.08.24 (2)/HM20240827090446.jpeg,36.1,24.6,937,703,0.49557971954345703,0.9999196529388428,0.9999955892562866,862,711,0.47746750712394714,0.9999220371246338,0.999993085861206,866,734,0.47715139389038086,0.9999221563339233,0.9999942779541016,865,745,0.4771076738834381,0.9999372959136963,0.9999934434890747,855,714,0.46331343054771423,0.99994957447052,0.9999887943267822,848,724,0.46286407113075256,0.9999525547027588,0.9999891519546509,842,733,0.4629014730453491,0.9999586343765259,0.9999858140945435,851,845,0.3915446102619171,0.9999819993972778,0.9999974966049194,860,806,0.32518646121025085,0.9999375343322754,0.9999886751174927,978,761,0.4747643768787384,0.9998890161514282,0.9999940395355225,991,745,0.4520905017852783,0.9998743534088135,0.9999880790710449,918,1373,0.26273390650749207,0.9999679327011108,0.9999940395355225,1140,809,0.24532032012939453,0.9998493194580078,0.9999194145202637,1189,1625,0.2867165505886078,0.43572479486465454,0.999268114566803,1549,965,0.05208394303917885,0.06861846894025803,0.9889625906944275,931,1389,0.42999619245529175,0.1341181993484497,0.9998701810836792,1324,793,-0.031904272735118866,0.12024080008268356,0.9975760579109192,841,1368,0.4432090222835541,0.17079487442970276,0.9998243451118469,1283,728,-0.05853574350476265,0.21787577867507935,0.9982419013977051,861,1320,0.4420399069786072,0.1660791039466858,0.9998072981834412,1218,743,-0.037767451256513596,0.21933184564113617,0.9986275434494019,881,1313,0.43459102511405945,0.14246872067451477,0.9998623132705688,1205,779,-0.029642606154084206,0.19282540678977966,0.9987956285476685,1761,1604,0.018400130793452263,0.9995476603507996,0.9999151229858398,1882,1276,-0.01912083476781845,0.9995156526565552,0.9997977614402771,2150,2080,0.10106467455625534,0.9160094261169434,0.9996302127838135,2409,991,-0.11237376183271408,0.8862470984458923,0.9997479319572449,2904,2264,-0.14729531109333038,0.7788013815879822,0.9808629751205444,3175,1210,-0.36007410287857056,0.8479846119880676,0.9869688153266907,3088,2234,-0.1745833456516266,0.8369098901748657,0.9111128449440002,3269,1317,-0.38107776641845703,0.9365324378013611,0.9617366790771484,2993,2511,-0.2084376960992813,0.5185943245887756,0.9406508803367615,3231,1135,-0.3931179642677307,0.7097843289375305,0.9233497977256775,1029,1091,None,None,None,None,3225,1221,2996,2249,34.93,nan,nan,nan,nan
True,/data/uabcvmsc/shared/newborn/30/27.08.24 (2)/HM20240827090548.jpeg,36.3,25.0,971,706,0.5079267024993896,0.9998892545700073,0.9999963045120239,894,724,0.4870774447917938,0.9998955726623535,0.9999947547912598,888,737,0.4867456555366516,0.9999016523361206,0.9999957084655762,876,759,0.48668307065963745,0.9999128580093384,0.9999951124191284,893,716,0.47017455101013184,0.9999303817749023,0.9999916553497314,887,724,0.469673216342926,0.9999402761459351,0.9999921321868896,883,731,0.46968236565589905,0.9999442100524902,0.9999902248382568,854,860,0.3998464345932007,0.9999792575836182,0.9999978542327881,858,808,0.32089823484420776,0.9999223947525024,0.9999920129776001,998,789,0.4879719018936157,0.9998663663864136,0.9999953508377075,1012,761,0.4614909589290619,0.9998427629470825,0.9999905824661255,914,1380,0.2643040418624878,0.9999756813049316,0.9999958276748657,1121,791,0.2553144693374634,0.9999103546142578,0.9999644756317139,1081,1611,0.3334665894508362,0.6167832016944885,0.9995207786560059,1514,835,0.06593841314315796,0.2769615054130554,0.9956355690956116,906,1371,0.5327861905097961,0.19844472408294678,0.9999237060546875,1243,735,-0.02814425714313984,0.39884573221206665,0.9993823766708374,838,1359,0.5566014647483826,0.22122295200824738,0.9999053478240967,1205,702,-0.05273788422346115,0.5535960793495178,0.9995686411857605,848,1303,0.5499261021614075,0.2166261374950409,0.9998846054077148,1153,727,-0.039248742163181305,0.5499062538146973,0.9996447563171387,888,1287,0.5368397831916809,0.18851029872894287,0.9999159574508667,1186,747,-0.02870357595384121,0.4836696684360504,0.9996849298477173,1744,1664,-0.001326044206507504,0.9997325539588928,0.9999418258666992,1890,1251,0.0005053181666880846,0.9997418522834778,0.9998874664306641,2165,2088,0.028659138828516006,0.9831660985946655,0.9996774196624756,2415,1000,-0.0914544090628624,0.9727636575698853,0.9997695088386536,2897,2258,-0.26111775636672974,0.9255585074424744,0.9887691736221313,3168,1231,-0.36338967084884644,0.9506256580352783,0.9920073747634888,3092,2225,-0.2915707528591156,0.9423581957817078,0.9455175399780273,3261,1314,-0.3858754336833954,0.980751633644104,0.9779114127159119,2961,2524,-0.3136550486087799,0.7959153056144714,0.9614659547805786,3214,1141,-0.37821701169013977,0.8831013441085815,0.9542844891548157,1018,1086,None,None,None,None,3214,1229,2983,2336,35.15,nan,nan,nan,nan
True,/data/uabcvmsc/shared/newborn/30/27.08.24 (2)/HM20240827090650.jpeg,36.0,25.1,929,715,0.5774915814399719,0.9999836683273315,0.9999995231628418,873,740,0.561350405216217,0.9999860525131226,0.9999992847442627,873,746,0.561000406742096,0.9999862909317017,0.9999994039535522,874,752,0.560954749584198,0.9999889135360718,0.9999994039535522,876,728,0.5471262335777283,0.9999903440475464,0.9999986886978149,869,734,0.5467379689216614,0.999990701675415,0.9999985694885254,865,739,0.5467933416366577,0.999990701675415,0.9999979734420776,846,850,0.46846315264701843,0.9999970197677612,0.9999997615814209,851,804,0.4018898904323578,0.9999855756759644,0.9999978542327881,967,770,0.5526475310325623,0.999976396560669,0.9999990463256836,968,767,0.5298891663551331,0.9999679327011108,0.9999974966049194,919,1359,0.30461910367012024,0.9999887943267822,0.9999980926513672,1131,797,0.29527485370635986,0.9999035596847534,0.9999520778656006,1160,1572,0.30477023124694824,0.7203640341758728,0.9995570778846741,1472,938,0.043077968060970306,0.09369504451751709,0.9904344081878662,916,1390,0.4381054937839508,0.29693305492401123,0.9999054670333862,1234,776,-0.08491623401641846,0.12723909318447113,0.9976195693016052,848,1376,0.4503580331802368,0.3333064913749695,0.9998594522476196,1253,724,-0.11721382290124893,0.21887998282909393,0.9983443021774292,843,1328,0.4546602666378021,0.3277079164981842,0.9998550415039062,1167,727,-0.08861126750707626,0.21595998108386993,0.9988080263137817,892,1309,0.44515544176101685,0.27895209193229675,0.9998977184295654,1185,770,-0.08068511635065079,0.1876891702413559,0.9989633560180664,1754,1620,0.010805648751556873,0.9997695088386536,0.9999648332595825,1870,1277,-0.011553745716810226,0.9997077584266663,0.9999009370803833,2174,2081,0.08299613744020462,0.976720929145813,0.9998831748962402,2385,1016,-0.11454431712627411,0.9597658514976501,0.9999027252197266,2926,2252,-0.193362295627594,0.9391773343086243,0.9949156045913696,3168,1212,-0.39935776591300964,0.9458447098731995,0.9974290728569031,3109,2209,-0.22359327971935272,0.9613499641418457,0.9738903045654297,3254,1291,-0.42408308386802673,0.9832704067230225,0.9916738867759705,3009,2500,-0.27863356471061707,0.8104192018508911,0.9740433096885681,3306,1155,-0.44996172189712524,0.8849758505821228,0.9738152027130127,1025,1078,None,None,None,None,3243,1219,3015,2320,34.89,nan,nan,nan,nan
True,/data/uabcvmsc/shared/newborn/30/27.08.24 (2)/HM20240827090751.jpeg,36.3,25.8,1011,726,0.5874751210212708,0.9993662238121033,0.999983549118042,936,741,0.5593522787094116,0.9993873834609985,0.9999817609786987,924,752,0.5590217709541321,0.999470055103302,0.9999868869781494,916,776,0.5589284896850586,0.9995978474617004,0.999987006187439,939,726,0.5435674786567688,0.9995235204696655,0.9999641180038452,911,727,0.5430871248245239,0.9995573163032532,0.9999641180038452,906,730,0.543120265007019,0.9996198415756226,0.9999539852142334,850,881,0.4395771026611328,0.9998974800109863,0.9999953508377075,877,799,0.36683541536331177,0.9994953870773315,0.9999611377716064,1001,807,0.5570746660232544,0.999326229095459,0.9999853372573853,1020,776,0.5324245691299438,0.999112069606781,0.9999618530273438,901,1401,0.27637845277786255,0.9999740123748779,0.9999949932098389,1146,783,0.2898227274417877,0.9997419714927673,0.9998562335968018,1051,1640,0.3446753919124603,0.7018381953239441,0.9997261166572571,1513,856,0.17258282005786896,0.08610193431377411,0.9917247295379639,934,1384,0.5483168959617615,0.20838120579719543,0.9999089241027832,1226,780,0.17268656194210052,0.11636242270469666,0.9969912767410278,860,1374,0.5707224607467651,0.21785496175289154,0.9998652935028076,1198,702,0.1644938737154007,0.19054634869098663,0.9979124665260315,868,1313,0.5614961385726929,0.22083066403865814,0.9998131394386292,1131,727,0.17120817303657532,0.19526104629039764,0.997877836227417,903,1317,0.5505290031433105,0.19735699892044067,0.9998733997344971,1144,767,0.17064929008483887,0.17220212519168854,0.9982581734657288,1741,1671,-0.001392394071444869,0.9997833371162415,0.9999574422836304,1891,1248,0.0005748648545704782,0.9997255206108093,0.9998683929443359,2154,2093,0.06762965768575668,0.9839774966239929,0.9998077750205994,2409,997,-0.07916629314422607,0.9722245335578918,0.9997944235801697,2903,2256,-0.1943526417016983,0.9518645405769348,0.9931527376174927,3175,1210,-0.33305805921554565,0.9464967846870422,0.9948311448097229,3089,2226,-0.22176708281040192,0.9621914029121399,0.9698244333267212,3254,1283,-0.3539075255393982,0.9778948426246643,0.9860550761222839,2986,2529,-0.26158589124679565,0.8047409057617188,0.974435031414032,3228,1120,-0.36838802695274353,0.8389329314231873,0.9679094552993774,1024,1092,None,None,None,None,3219,1204,2993,2337,35.23,nan,nan,nan,nan
True,/data/uabcvmsc/shared/newborn/30/27.08.24 (2)/HM20240827090853.jpeg,36.1,26.8,935,692,0.5092440247535706,0.9999434947967529,0.9999969005584717,857,713,0.49353307485580444,0.9999492168426514,0.9999957084655762,872,727,0.49318939447402954,0.9999523162841797,0.9999964237213135,873,738,0.4931545853614807,0.9999573230743408,0.9999959468841553,860,707,0.4761252999305725,0.9999673366546631,0.9999932050704956,857,718,0.4756530821323395,0.9999716281890869,0.9999935626983643,884,659,0.47566232085227966,0.999972939491272,0.9999916553497314,852,859,0.4155499339103699,0.9999895095825195,0.9999983310699463,867,826,0.3352919816970825,0.9999629259109497,0.999993085861206,984,751,0.4911766052246094,0.9999278783798218,0.9999958276748657,987,748,0.46431073546409607,0.9999139308929443,0.9999912977218628,915,1350,0.2844133973121643,0.9999728202819824,0.9999943971633911,1156,787,0.25381237268447876,0.9998880624771118,0.9999439716339111,1176,1613,0.3332332968711853,0.49649307131767273,0.9989976286888123,1542,902,0.042482953518629074,0.19773775339126587,0.9902466535568237,917,1360,0.5010886788368225,0.16708622872829437,0.9998612403869629,1273,750,-0.06168264150619507,0.30688363313674927,0.9987762570381165,837,1358,0.5207747220993042,0.20892935991287231,0.9998325109481812,1264,691,-0.09109438955783844,0.45904025435447693,0.9991720914840698,855,1310,0.5168293714523315,0.2050260454416275,0.9998161196708679,1191,714,-0.07053192704916,0.45713210105895996,0.9993727803230286,879,1299,0.505513072013855,0.1779024749994278,0.9998639822006226,1186,747,-0.05961914360523224,0.39874282479286194,0.9994426369667053,1735,1652,0.010138917714357376,0.999569833278656,0.9998990297317505,1889,1246,-0.0109044024720788,0.9995715022087097,0.9997934699058533,2141,2083,0.06471259146928787,0.9627498388290405,0.9995881915092468,2403,985,-0.12273084372282028,0.9511243104934692,0.9997218251228333,2901,2253,-0.21807552874088287,0.8787091374397278,0.9844526648521423,3181,1226,-0.4019431173801422,0.9278974533081055,0.9888739585876465,3089,2217,-0.24840664863586426,0.9148815274238586,0.9250404238700867,3285,1315,-0.42526423931121826,0.9738399982452393,0.9676442742347717,2966,2505,-0.2735759913921356,0.7006022930145264,0.947516918182373,3216,1131,-0.4237459897994995,0.8489985466003418,0.9315940141677856,1036,1068,None,None,None,None,3227,1224,2985,2325,35.15,nan,nan,nan,nan
True,/data/uabcvmsc/shared/newborn/30/27.08.24 (2)/HM20240827090956.jpeg,36.5,27.5,995,701,0.48612579703330994,0.998285710811615,0.9999552965164185,926,707,0.46393948793411255,0.9982084035873413,0.9999384880065918,913,726,0.4635717570781708,0.9981889128684998,0.999954104423523,908,738,0.46339911222457886,0.9987611770629883,0.9999512434005737,921,705,0.44391298294067383,0.9987805485725403,0.9998855590820312,919,707,0.4435097873210907,0.9987976551055908,0.999887228012085,914,713,0.4434901475906372,0.9990785121917725,0.9998576641082764,863,852,0.3748311400413513,0.9995912909507751,0.9999830722808838,892,793,0.2828967571258545,0.9981840252876282,0.999885082244873,1028,763,0.465844988822937,0.9978850483894348,0.9999619722366333,1037,748,0.43570569157600403,0.9976043105125427,0.9999158382415771,897,1378,0.25644636154174805,0.9999583959579468,0.9999924898147583,1133,805,0.20259752869606018,0.9997729659080505,0.9998639822006226,1064,1619,0.27124056220054626,0.23609669506549835,0.9997373223304749,1533,861,0.07259681820869446,0.08993540704250336,0.9958124756813049,893,1378,0.4051568806171417,0.039104774594306946,0.9998795986175537,1259,751,0.07780663669109344,0.12277144938707352,0.9985760450363159,826,1370,0.42045843601226807,0.04907795414328575,0.9998019337654114,1219,704,0.06662185490131378,0.19375021755695343,0.9986535310745239,831,1311,0.4160090684890747,0.04696417227387428,0.9997304081916809,1187,715,0.07929172366857529,0.19410547614097595,0.9986587762832642,866,1312,0.4073032736778259,0.04130018502473831,0.9998132586479187,1182,744,0.07872863858938217,0.15886667370796204,0.9989437460899353,1761,1701,0.028753047809004784,0.9998389482498169,0.9999808073043823,1925,1305,-0.029582180082798004,0.9998358488082886,0.9999464750289917,2126,2126,0.05898147448897362,0.7438172698020935,0.9996602535247803,2416,957,-0.0765095204114914,0.8191425800323486,0.9997426867485046,2841,2278,-0.3050776422023773,0.6455171704292297,0.9925543665885925,3090,1288,-0.4745923578739166,0.8176453709602356,0.9944057464599609,3022,2247,-0.344027578830719,0.8271539807319641,0.9650194048881531,3173,1400,-0.5119314193725586,0.9217926263809204,0.9838908314704895,2966,2578,-0.3859564960002899,0.4730279743671417,0.9712523818016052,3275,1194,-0.5447181463241577,0.7100169658660889,0.9600838422775269,1015,1092,None,None,None,None,3179,1294,3022,2247,35.58,nan,nan,nan,nan
True,/data/uabcvmsc/shared/newborn/30/27.08.24 (2)/HM20240827091058.jpeg,36.3,27.7,898,725,0.4972973167896271,0.9994974136352539,0.9999738931655884,820,758,0.47574153542518616,0.9995156526565552,0.999962329864502,822,764,0.47534382343292236,0.9994816184043884,0.9999699592590332,814,769,0.47520551085472107,0.9996204376220703,0.9999667406082153,824,740,0.46136796474456787,0.9996999502182007,0.9999374151229858,819,747,0.46095550060272217,0.9997180104255676,0.9999402761459351,854,672,0.46091511845588684,0.9997599720954895,0.9999247789382935,829,905,0.3779027760028839,0.9998987913131714,0.9999873638153076,836,799,0.31109726428985596,0.999548614025116,0.9999368190765381,925,773,0.471722811460495,0.9994708895683289,0.9999775886535645,939,748,0.448956161737442,0.99937504529953,0.9999508857727051,909,1373,0.2551095187664032,0.9999525547027588,0.9999890327453613,1140,811,0.21412156522274017,0.9998244643211365,0.9998655319213867,1178,1619,0.27882373332977295,0.16223938763141632,0.9988948702812195,1529,939,-0.02896435186266899,0.06147858873009682,0.9888057708740234,905,1399,0.44469189643859863,0.032282598316669464,0.9995554089546204,1266,764,-0.16153325140476227,0.1059253141283989,0.9961029291152954,836,1388,0.4648009240627289,0.04822531342506409,0.9993723034858704,1268,714,-0.1944485306739807,0.2011687010526657,0.9967316389083862,833,1326,0.46438997983932495,0.04624488204717636,0.9992569088935852,1192,731,-0.16910900175571442,0.20180974900722504,0.9971203804016113,868,1331,0.4502730667591095,0.040861066430807114,0.999414324760437,1219,750,-0.15905284881591797,0.1685258150100708,0.9975301623344421,1764,1725,0.025522664189338684,0.9998180270195007,0.9999712705612183,1920,1303,-0.026297781616449356,0.9998352527618408,0.9999338388442993,2146,2124,0.0774710476398468,0.7689247727394104,0.9995205402374268,2402,964,-0.072556272149086,0.8432471752166748,0.999739944934845,2856,2249,-0.256222665309906,0.6971195936203003,0.9925398230552673,3086,1317,-0.4946897029876709,0.9139336943626404,0.995927631855011,3024,2212,-0.29244405031204224,0.8302963972091675,0.9662980437278748,3176,1422,-0.5349306464195251,0.9580750465393066,0.987174928188324,3004,2528,-0.330457478761673,0.5186476111412048,0.9641922116279602,3289,1252,-0.5722810626029968,0.8535651564598083,0.9540840983390808,1024,1092,None,None,None,None,3184,1330,3024,2212,35.42,nan,nan,nan,nan
True,/data/uabcvmsc/shared/newborn/30/27.08.24 (2)/HM20240827091200.jpeg,36.1,27.2,815,752,0.1335928738117218,0.9999792575836182,0.9999849796295166,806,710,0.16712521016597748,0.9999605417251587,0.9999551773071289,823,695,0.16686581075191498,0.9999339580535889,0.9999603033065796,843,677,0.16695038974285126,0.9999608993530273,0.99994957447052,770,759,0.15550126135349274,0.9999790191650391,0.9999480247497559,764,777,0.15510007739067078,0.9999681711196899,0.9999569654464722,756,800,0.15497472882270813,0.9999779462814331,0.9999476671218872,895,679,0.30164825916290283,0.999967098236084,0.9999798536300659,783,856,0.24871417880058289,0.9999511241912842,0.9999552965164185,905,733,0.1825055330991745,0.99998939037323,0.9999936819076538,858,799,0.16377907991409302,0.9999865293502808,0.999983549118042,1247,731,0.28742459416389465,0.9999290704727173,0.9999744892120361,920,1123,0.24911896884441376,0.9999115467071533,0.9998966455459595,1522,838,0.08505869656801224,0.4330161213874817,0.9944366216659546,913,1506,0.013215146958827972,0.3384741544723511,0.9964315891265869,1248,695,-0.24297070503234863,0.5476706624031067,0.9997668862342834,691,1751,-0.2754181921482086,0.3046038746833801,0.9916226267814636,1199,687,-0.30047205090522766,0.5810049176216125,0.9995980858802795,607,1834,-0.33580321073532104,0.38315287232398987,0.9824516177177429,1152,679,-0.3103349506855011,0.5808472633361816,0.9997327923774719,615,1809,-0.35106542706489563,0.38055533170700073,0.9897318482398987,1173,695,-0.25470462441444397,0.46367090940475464,0.9998364448547363,663,1772,-0.2939583361148834,0.3396174907684326,0.9946579337120056,1830,1202,0.0170222669839859,0.9998443126678467,0.9999758005142212,1657,1516,-0.017594901844859123,0.9998757839202881,0.9999712705612183,2447,1046,-0.21368999779224396,0.6293141841888428,0.9993446469306946,1994,2083,-0.2579558491706848,0.7088298797607422,0.9985851049423218,3213,1276,-0.22673629224300385,0.2271663248538971,0.975307047367096,2826,2211,-0.25335708260536194,0.4743383824825287,0.9802436828613281,3268,1388,-0.2363940328359604,0.16605404019355774,0.9068823456764221,2998,2136,-0.25840452313423157,0.3514644503593445,0.9588056802749634,3528,1246,-0.38004574179649353,0.18598131835460663,0.6197568774223328,3029,2379,-0.39933642745018005,0.31498420238494873,0.6937267780303955,1084,927,None,None,None,None,None,None,None,None,32.51,nan,nan,nan,nan
True,/data/uabcvmsc/shared/newborn/30/27.08.24 (2)/HM20240827091302.jpeg,36.6,27.2,674,1140,0.026502037420868874,0.9998325109481812,0.9999798536300659,635,1126,0.05095108970999718,0.9997380375862122,0.9999490976333618,634,1123,0.05059671774506569,0.9996436834335327,0.9999538660049438,649,1123,0.050626058131456375,0.9998273849487305,0.9999425411224365,628,1145,0.014601187780499458,0.9997437596321106,0.9999294281005859,618,1168,0.014212364330887794,0.9996817111968994,0.9999263286590576,604,1185,0.014178597368299961,0.9997877478599548,0.9998971223831177,641,1168,0.16820667684078217,0.999840497970581,0.9999547004699707,559,1292,0.0020379601046442986,0.999256432056427,0.9998714923858643,720,1172,0.07707417011260986,0.9996398687362671,0.999948263168335,717,1209,0.025149477645754814,0.9995298385620117,0.9999122619628906,895,1257,0.23380587995052338,0.9999479055404663,0.999985933303833,744,1519,-0.06759785860776901,0.9999661445617676,0.9999698400497437,1334,1176,0.16241170465946198,0.2965431213378906,0.9999209642410278,625,1529,-0.14597296714782715,0.8877003788948059,0.9999212026596069,1305,1291,-0.032786715775728226,0.3384486734867096,0.9999902248382568,917,1056,-0.0857023224234581,0.5494562387466431,0.9997716546058655,1338,1337,-0.06691109389066696,0.35689911246299744,0.999970555305481,979,961,-0.11579594016075134,0.48634016513824463,0.9987096786499023,1260,1339,-0.07144490629434586,0.34167611598968506,0.9999731779098511,982,954,-0.10141341388225555,0.4716114103794098,0.9987702965736389,1252,1332,-0.038114264607429504,0.2660489082336426,0.9999845027923584,996,958,-0.07959719002246857,0.4143221378326416,0.9994361996650696,1702,1432,0.11665789783000946,0.9997451901435852,0.9999645948410034,1700,1615,-0.11716264486312866,0.9998032450675964,0.9999231100082397,1969,1083,0.0613720640540123,0.02645525336265564,0.9990139007568359,1945,1333,-0.21189174056053162,0.2698782980442047,0.9995610117912292,2535,1111,0.032759640365839005,0.01795908436179161,0.9905710220336914,2759,1292,-0.266509473323822,0.20024500787258148,0.9714298844337463,2652,1179,0.02452581562101841,0.06109067425131798,0.9733150005340576,2906,1365,-0.273408979177475,0.14573568105697632,0.9373911023139954,2622,897,-0.038685768842697144,0.04166147857904434,0.9653113484382629,2897,1024,-0.37328100204467773,0.20987941324710846,0.8766281604766846,820,1388,None,None,None,None,None,None,None,None,32.84,nan,nan,nan,nan
False,/data/uabcvmsc/shared/newborn/30/27.08.24 (2)/HM20240827091404.jpeg,35.6,27.0,2480,1005,0.49362504482269287,0.8346989154815674,0.9920814037322998,2547,1021,0.5223168730735779,0.7792478799819946,0.9892638325691223,2563,1042,0.5219176411628723,0.7501458525657654,0.9887669682502747,2577,1064,0.5220658779144287,0.8053488731384277,0.9840980172157288,2504,980,0.5523243546485901,0.8734637498855591,0.9929100871086121,2487,970,0.5517070889472961,0.9046371579170227,0.9945607781410217,2472,959,0.5512944459915161,0.939716100692749,0.9947915077209473,2552,1202,0.5799888372421265,0.9395687580108643,0.9889473915100098,2420,1047,0.7270928621292114,0.8892304301261902,0.9972450733184814,2439,1128,0.5101842880249023,0.9444071650505066,0.9962334036827087,2381,1077,0.5487819314002991,0.9313673973083496,0.9934579730033875,2179,1692,0.4734150171279907,0.9979183077812195,0.9945376515388489,2257,1129,0.590872049331665,0.9994708895683289,0.9990235567092896,1805,1864,0.17951855063438416,0.017283661291003227,0.415558397769928,2365,901,0.30574655532836914,0.1342974603176117,0.9864446520805359,2121,1669,-0.05698695033788681,0.011339209042489529,0.7754794955253601,2547,924,-0.01736590266227722,0.5986344218254089,0.9769506454467773,2198,1592,-0.1008685827255249,0.02471497654914856,0.7978755235671997,2562,915,-0.0866679921746254,0.6391479969024658,0.954374372959137,2289,1602,-0.08461519330739975,0.02451336570084095,0.8509550094604492,2628,931,-0.06524736434221268,0.6233009099960327,0.9608392715454102,2268,1622,-0.0526878796517849,0.02400091476738453,0.8701632022857666,2571,999,-0.02281556837260723,0.5904237031936646,0.9783265590667725,1368,1639,-0.02011467143893242,0.988304615020752,0.9791279435157776,1571,1297,0.01864951103925705,0.9940899014472961,0.9920827150344849,1257,2125,-0.17775888741016388,0.5543845295906067,0.8663301467895508,2117,1596,0.10330572724342346,0.2537531852722168,0.9942764639854431,905,1595,-0.13500070571899414,0.11363664269447327,0.8724919557571411,2114,1508,-0.23427250981330872,0.2071083039045334,0.8763923048973083,877,1478,-0.13106556236743927,0.29542967677116394,0.7297877669334412,1983,1490,-0.2650721073150635,0.5787096619606018,0.832129716873169,686,1437,-0.28822118043899536,0.06273507326841354,0.6297169327735901,2223,1484,-0.3844332993030548,0.29659849405288696,0.4764326214790344
True,/data/uabcvmsc/shared/newborn/30/27.08.24 (2)/HM20240827091506.jpeg,36.6,27.2,844,849,0.21301515400409698,0.9997397065162659,0.9999450445175171,780,876,0.26328638195991516,0.9993581175804138,0.999900221824646,783,871,0.26286616921424866,0.9992117881774902,0.9998975992202759,785,865,0.26290827989578247,0.9994499087333679,0.999859094619751,765,916,0.2380133867263794,0.9996527433395386,0.9998844861984253,758,946,0.23745684325695038,0.999613344669342,0.9998928308486938,751,984,0.23715634644031525,0.9996920824050903,0.9998623132705688,815,945,0.4176408350467682,0.9996746778488159,0.9999538660049438,774,1127,0.3032304048538208,0.9995158910751343,0.9999005794525146,919,863,0.2698024809360504,0.9992625117301941,0.999876856803894,909,911,0.23238860070705414,0.9992358684539795,0.9997337460517883,1270,888,0.41431576013565063,0.9996644258499146,0.9997228980064392,1001,1467,0.33810895681381226,0.9991963505744934,0.9988465309143066,1529,838,0.618733286857605,0.12092466652393341,0.9976709485054016,1029,1830,0.48731672763824463,0.22694389522075653,0.9975005984306335,1159,815,0.8850142955780029,0.09513631463050842,0.9998645782470703,669,1780,0.7492441534996033,0.19685061275959015,0.9997087121009827,1079,818,0.9354276657104492,0.11186452209949493,0.9995217323303223,608,1843,0.779731273651123,0.19177255034446716,0.9990604519844055,1036,867,0.9257349371910095,0.10937763005495071,0.9995755553245544,603,1743,0.7911857962608337,0.18347355723381042,0.999241828918457,1072,876,0.8893912434577942,0.09637511521577835,0.9997937083244324,658,1746,0.7567388415336609,0.18629992008209229,0.9996647834777832,1998,1287,0.021766681224107742,0.9978901743888855,0.9993281364440918,1798,1739,-0.02191210351884365,0.997308611869812,0.99895179271698,2627,1177,-0.21107447147369385,0.07999348640441895,0.9804978370666504,2082,2326,-0.32912781834602356,0.046030834317207336,0.9753060340881348,3439,1533,-0.23534488677978516,0.016348514705896378,0.776159405708313,2944,2578,-0.24462848901748657,0.013369298540055752,0.7126146554946899,3538,1634,-0.24134857952594757,0.018577732145786285,0.5672332644462585,3102,2540,-0.23823684453964233,0.019153617322444916,0.6901636719703674,3725,1532,-0.36069875955581665,0.01083726342767477,0.3544352650642395,3137,2838,-0.34701454639434814,0.007976051419973373,0.36865413188934326,1136,1178,None,None,None,None,None,None,None,None,36.12,nan,nan,nan,nan
True,/data/uabcvmsc/shared/newborn/30/27.08.24 (2)/HM20240827091607.jpeg,36.4,27.5,716,1064,0.11223086714744568,0.999055802822113,0.9995149374008179,725,998,0.14161206781864166,0.9979943037033081,0.998675525188446,738,987,0.14125275611877441,0.9970588684082031,0.9986575841903687,775,946,0.14125367999076843,0.9981151819229126,0.9982048273086548,694,1068,0.14190563559532166,0.9988129138946533,0.9985209107398987,698,1085,0.1414181888103485,0.998616099357605,0.9986924529075623,697,1127,0.14110666513442993,0.9991069436073303,0.9984375834465027,844,968,0.2513332962989807,0.9983360171318054,0.9987878203392029,761,1154,0.2522381842136383,0.9979315996170044,0.9984853863716125,809,1067,0.15171588957309723,0.9991313815116882,0.9996737241744995,767,1138,0.14855101704597473,0.9989596605300903,0.9993414282798767,1228,922,0.2334485501050949,0.999716579914093,0.9995542168617249,946,1463,0.27492138743400574,0.9994634985923767,0.9991094470024109,1558,854,0.1893511265516281,0.7613305449485779,0.9979473948478699,1177,1777,0.14660754799842834,0.7373671531677246,0.998261034488678,1173,739,0.09698957949876785,0.8509750962257385,0.9999563694000244,823,1470,-0.06435368955135345,0.9470551013946533,0.9999611377716064,1099,703,0.08795123547315598,0.8102517127990723,0.9997817873954773,732,1445,-0.10669784992933273,0.9283276200294495,0.9998393058776855,1050,727,0.08720321953296661,0.7928720712661743,0.9998505115509033,721,1423,-0.09389276057481766,0.9199775457382202,0.9998906850814819,1080,760,0.0988689437508583,0.7348790168762207,0.999940037727356,769,1412,-0.06734319031238556,0.9009664058685303,0.9999594688415527,1909,1404,-0.024916723370552063,0.9991167187690735,0.9995391368865967,1714,1805,0.024536553770303726,0.9989989399909973,0.99956876039505,2487,1279,-0.26949527859687805,0.13862435519695282,0.9251125454902649,1531,2419,-0.3468734323978424,0.16659967601299286,0.9345164895057678,3338,1438,-0.2817443311214447,0.034565895795822144,0.3466767370700836,2370,2422,-0.2852446734905243,0.022348282858729362,0.7614810466766357,3436,1483,-0.2869449555873871,0.02339240536093712,0.17677614092826843,2550,2364,-0.27785858511924744,0.035717420279979706,0.7462151050567627,3665,1513,-0.39920318126678467,0.01570839062333107,0.06285203993320465,2651,2696,-0.347709059715271,0.0121628288179636,0.27755191922187805,1087,1192,761,1438,1100,732,None,None,None,None,35.95,34.59,34.59,nan,nan
False,/data/uabcvmsc/shared/newborn/30/27.08.24 (2)/HM20240827091709.jpeg,36.1,26.4
True,/data/uabcvmsc/shared/newborn/30/27.08.24 (2)/HM20240827091811.jpeg,36.1,25.6,1003,744,-0.016141897067427635,0.9997004270553589,0.9997144341468811,921,771,0.02179955132305622,0.9992953538894653,0.9995830655097961,912,783,0.021441396325826645,0.9992035031318665,0.999642014503479,906,792,0.0214046910405159,0.9995176792144775,0.9995717406272888,922,782,-0.012438897043466568,0.9996039271354675,0.9994315505027771,919,799,-0.012875976972281933,0.9995983242988586,0.9994744658470154,898,838,-0.013045216910541058,0.9996998310089111,0.9993306398391724,921,885,0.18835563957691193,0.9997581839561462,0.9998040795326233,865,1005,0.03285429999232292,0.9994972944259644,0.9993434548377991,1042,797,0.04983105883002281,0.9997538924217224,0.999774158000946,1047,809,0.0013678668765351176,0.999767005443573,0.9995786547660828,1278,897,0.2325175702571869,0.999901294708252,0.9998680353164673,1000,1441,0.07546833157539368,0.9995841383934021,0.9990185499191284,1611,839,0.21344581246376038,0.8436228036880493,0.9986849427223206,1241,1764,-0.037637609988451004,0.9029005765914917,0.9921167492866516,1339,634,0.029867975041270256,0.9464855790138245,0.9999299049377441,881,1636,-0.1895557940006256,0.9398404359817505,0.9994631409645081,1289,574,-0.0004540742374956608,0.9229356050491333,0.9997653365135193,810,1645,-0.2307823896408081,0.9202518463134766,0.9987315535545349,1272,584,-0.02162928320467472,0.9220096468925476,0.9998080134391785,806,1606,-0.2308739870786667,0.9163252115249634,0.9990697503089905,1290,625,0.016043145209550858,0.8995650410652161,0.9999145269393921,837,1591,-0.19513185322284698,0.8839955925941467,0.9995785355567932,2025,1342,0.041333261877298355,0.9986340403556824,0.9987325072288513,1821,1737,-0.0414913073182106,0.9976063966751099,0.9972232580184937,2660,1232,-0.2593339681625366,0.6184951663017273,0.9831387996673584,2149,2108,-0.34292417764663696,0.28363800048828125,0.9687072038650513,3206,1617,-0.1176852211356163,0.17693202197551727,0.7454515695571899,2704,2323,-0.10150045901536942,0.04924841970205307,0.621316134929657,3270,1712,-0.10929293930530548,0.15777431428432465,0.5368971824645996,2812,2313,-0.07993221282958984,0.04167903587222099,0.6092701554298401,3420,1651,-0.2428760528564453,0.11577604711055756,0.4321337044239044,2855,2474,-0.192337766289711,0.031087959185242653,0.4171261191368103,1139,1169,834,1620,1298,604,None,None,None,None,35.56,33.96,33.96,nan,nan
True,/data/uabcvmsc/shared/newborn/30/27.08.24 (2)/HM20240827091913.jpeg,36.4,25.4,960,770,-0.13340745866298676,0.9980934262275696,0.9990854263305664,914,794,-0.10091384500265121,0.9939111471176147,0.9979591369628906,904,808,-0.10128503292798996,0.9927910566329956,0.9982187151908875,896,820,-0.10136056691408157,0.9960696697235107,0.9978998899459839,918,805,-0.12016818672418594,0.9966576099395752,0.9973964691162109,917,818,-0.1205834224820137,0.9964712858200073,0.9976783394813538,867,873,-0.12079371511936188,0.9976586103439331,0.9971554279327393,929,901,0.0417935773730278,0.9968225955963135,0.9987664222717285,865,972,-0.04611251503229141,0.9946980476379395,0.9973248243331909,1000,858,-0.07919870316982269,0.998553454875946,0.999646782875061,971,904,-0.10763522982597351,0.998857855796814,0.9994391798973083,1271,894,0.06810861825942993,0.9999104738235474,0.999885082244873,1013,1414,0.007774055004119873,0.9997735619544983,0.9996274709701538,1610,820,-0.012805668637156487,0.7310901880264282,0.9993218183517456,1138,1820,-0.17479334771633148,0.8053988218307495,0.9975549578666687,1373,644,-0.22352775931358337,0.8929005861282349,0.9999713897705078,865,1590,-0.42659080028533936,0.9269599914550781,0.9999502897262573,1325,575,-0.2608537971973419,0.8729594945907593,0.9998918771743774,807,1542,-0.48055246472358704,0.902164876461029,0.9998723268508911,1279,608,-0.2731952965259552,0.8664117455482483,0.9999089241027832,815,1473,-0.47487398982048035,0.8916051983833313,0.999915599822998,1299,653,-0.2326665222644806,0.8142026662826538,0.9999617338180542,844,1474,-0.43215513229370117,0.8556832075119019,0.9999653100967407,1954,1341,0.01434249896556139,0.9994543194770813,0.9998376369476318,1747,1715,-0.014688752591609955,0.9993714690208435,0.9997870326042175,2456,1185,-0.20997068285942078,0.07873308658599854,0.9931768178939819,1909,2046,-0.40502429008483887,0.08736865222454071,0.9967564940452576,2827,1450,-0.02127929776906967,0.034557491540908813,0.9740375280380249,2448,2288,-0.24708038568496704,0.048991572111845016,0.9786686301231384,2873,1519,-0.009033409878611565,0.04033326357603073,0.9498584270477295,2562,2279,-0.23393414914608002,0.04924052581191063,0.9737484455108643,2992,1479,-0.12008116394281387,0.029250668361783028,0.9340338110923767,2564,2476,-0.3500671684741974,0.03368670120835304,0.9180651307106018,1142,1154,833,1520,1319,620,None,None,None,None,32.00,32.00,34.20,nan,nan
False,/data/uabcvmsc/shared/newborn/30/27.08.24 (2)/HM20240827092016.jpeg,36.1,25.3
True,/data/uabcvmsc/shared/newborn/30/27.08.24 (2)/HM20240827092118.jpeg,36.3,27.1,1014,733,0.0793803334236145,0.9981731176376343,0.9983243346214294,966,755,0.10598350316286087,0.9965240359306335,0.9977782368659973,948,773,0.10555902123451233,0.9961923360824585,0.9982325434684753,933,787,0.10553355515003204,0.9976769089698792,0.9981080293655396,971,754,0.07399404048919678,0.9978561997413635,0.996775209903717,947,784,0.0734933391213417,0.9979246854782104,0.9971024394035339,925,792,0.07325705885887146,0.998382568359375,0.9966200590133667,927,890,0.23249924182891846,0.9990559220314026,0.9993184804916382,867,980,0.08785531669855118,0.997742772102356,0.9969322681427002,1050,816,0.13308529555797577,0.9990943670272827,0.9991965889930725,1036,822,0.08752641081809998,0.9989427924156189,0.9982218146324158,1287,921,0.23975741863250732,0.9998496770858765,0.9997854828834534,985,1437,0.15379396080970764,0.9988621473312378,0.9975771307945251,1582,785,0.2866838872432709,0.7637782096862793,0.9984475374221802,1254,1804,0.10925047099590302,0.8132870197296143,0.9904580116271973,1335,662,0.18848995864391327,0.9202888607978821,0.9998713731765747,958,1746,-0.011420140974223614,0.9299154281616211,0.999291181564331,1271,596,0.16960059106349945,0.9019055366516113,0.9994410872459412,856,1799,-0.04130890220403671,0.9277640581130981,0.9979912042617798,1230,645,0.14720046520233154,0.9027315974235535,0.9995263814926147,837,1727,-0.0551195926964283,0.9269578456878662,0.9985033273696899,1255,693,0.17685844004154205,0.8739671111106873,0.9997941851615906,887,1683,-0.021502560004591942,0.8957662582397461,0.9993556141853333,2057,1411,-0.006502662319689989,0.9983317255973816,0.9989035129547119,1778,1817,0.0061383964493870735,0.9955723285675049,0.9973229765892029,2679,1316,-0.404684841632843,0.6668851971626282,0.9533992409706116,1708,2478,-0.22138509154319763,0.1471361666917801,0.7889415621757507,3340,1750,-0.3375285565853119,0.19255892932415009,0.36451002955436707,2354,2426,0.08331090211868286,0.015747912228107452,0.47459182143211365,3405,1857,-0.3332028090953827,0.16126222908496857,0.19505468010902405,2528,2404,0.11448618769645691,0.03396747261285782,0.5756380558013916,3624,1830,-0.4526703357696533,0.0963130071759224,0.10085330158472061,2564,2732,0.074104905128479,0.009803907945752144,0.3018837571144104,1136,1179,884,1739,1273,649,None,None,None,None,32.58,34.46,34.46,nan,nan
False,/data/uabcvmsc/shared/newborn/30/27.08.24 (2)/HM20240827092220.jpeg,36.0,27.3
True,/data/uabcvmsc/shared/newborn/30/27.08.24 (2)/HM20240827092322.jpeg,36.4,27.3,784,971,-0.12427788227796555,0.9997877478599548,0.9999336004257202,788,903,-0.09389766305685043,0.9992603659629822,0.9997904896736145,794,884,-0.0941457524895668,0.9989224672317505,0.9997604489326477,801,869,-0.09403262287378311,0.9991862177848816,0.9996236562728882,764,985,-0.08842065930366516,0.9996322393417358,0.9998533725738525,767,1003,-0.08885473012924194,0.999642014503479,0.9998877048492432,768,1023,-0.0890672355890274,0.9997721314430237,0.9998821020126343,898,854,0.038213036954402924,0.9990578293800354,0.9995540976524353,807,1085,0.06627081334590912,0.9995636343955994,0.9998853206634521,875,958,-0.07509179413318634,0.9991111159324646,0.9997934699058533,849,1029,-0.07005618512630463,0.9992940425872803,0.999750554561615,1284,851,0.04598163813352585,0.9989394545555115,0.9989989399909973,937,1327,0.06366640329360962,0.9997209906578064,0.9998168349266052,1364,707,-0.18320919573307037,0.4922112226486206,0.9950961470603943,708,1600,-0.1691504716873169,0.9458125233650208,0.9997498393058777,1188,801,-0.4055540859699249,0.49750080704689026,0.9996033310890198,425,1190,-0.39004161953926086,0.9937596917152405,0.9999961853027344,1120,772,-0.45422661304473877,0.561689019203186,0.9987242817878723,308,1112,-0.4533193111419678,0.9900687336921692,0.9999861717224121,1087,798,-0.44370242953300476,0.5531696677207947,0.9990535378456116,368,1018,-0.42080438137054443,0.9877634644508362,0.9999912977218628,1102,814,-0.40655750036239624,0.5018908977508545,0.9995043277740479,429,1031,-0.38757461309432983,0.9849709868431091,0.999996542930603,1889,1361,-0.004686453845351934,0.9991436004638672,0.9998565912246704,1685,1730,0.004291823133826256,0.999606192111969,0.9999526739120483,2378,1265,-0.2816564440727234,0.05609908327460289,0.9796499013900757,1787,2268,-0.26711761951446533,0.12229733169078827,0.9957302212715149,2885,1581,-0.08738895505666733,0.035003967583179474,0.9621939659118652,2342,2411,-0.072952501475811,0.05097504332661629,0.9815717935562134,2942,1650,-0.07441439479589462,0.040116772055625916,0.9270946979522705,2472,2450,-0.055890753865242004,0.04559430480003357,0.9775100350379944,3101,1679,-0.2077346295118332,0.036987122148275375,0.8883499503135681,2515,2678,-0.18255029618740082,0.03423192352056503,0.9196861386299133,1110,1089,382,1088,None,None,None,None,None,None,35.94,nan,nan,nan,nan
True,/data/uabcvmsc/shared/newborn/30/27.08.24 (2)/HM20240827092424.jpeg,36.2,27.1,680,1023,0.011415760032832623,0.9980981945991516,0.9990348815917969,691,973,0.036870162934064865,0.9958387613296509,0.9972643852233887,709,952,0.03648557886481285,0.9933469295501709,0.997323215007782,724,934,0.03648451715707779,0.9960987567901611,0.9963672161102295,672,1053,0.039980750530958176,0.9977412223815918,0.9973425269126892,676,1076,0.03946017846465111,0.9974275231361389,0.9979100823402405,670,1106,0.039167821407318115,0.9985866546630859,0.9976754784584045,845,924,0.14445391297340393,0.9956260919570923,0.9974308609962463,742,1147,0.15949465334415436,0.9960225820541382,0.9979501366615295,795,1011,0.050683069974184036,0.998450517654419,0.9995676875114441,771,1089,0.05172496661543846,0.9984596967697144,0.999261200428009,1292,892,0.15031588077545166,0.9996017813682556,0.999488115310669,1016,1455,0.1773570328950882,0.9995205402374268,0.9994608759880066,1595,824,0.013996358960866928,0.5009641051292419,0.9976697564125061,1268,1773,0.012654809281229973,0.4698096513748169,0.9986446499824524,1335,667,-0.26656174659729004,0.5810006856918335,0.9997904896736145,986,1679,-0.30350738763809204,0.8486790060997009,0.9999438524246216,1288,600,-0.3166752755641937,0.581861138343811,0.9991325736045837,895,1702,-0.37065812945365906,0.8295997381210327,0.9998094439506531,1244,632,-0.33029866218566895,0.5630420446395874,0.9994096755981445,893,1614,-0.38070252537727356,0.8188380599021912,0.999874472618103,1263,686,-0.27738243341445923,0.4664011597633362,0.9997523427009583,931,1590,-0.3187236487865448,0.7615110874176025,0.9999517202377319,2020,1411,-0.005923932418227196,0.9996370077133179,0.9999330043792725,1790,1818,0.005590324755758047,0.9995966553688049,0.9999443292617798,2651,1137,-0.26544487476348877,0.1004687249660492,0.9819320440292358,1619,2449,-0.3532123267650604,0.09574814885854721,0.989944577217102,3357,1402,-0.09472841769456863,0.019572660326957703,0.8065261244773865,2361,2423,-0.1545424908399582,0.012444361113011837,0.9446077346801758,3429,1498,-0.0829799473285675,0.01911313273012638,0.655281662940979,2519,2315,-0.13465462625026703,0.020495420321822166,0.9433808922767639,3677,1383,-0.19361084699630737,0.009446519427001476,0.431740403175354,2614,2732,-0.21238593757152557,0.007185313384979963,0.7523511052131653,1154,1174,926,1646,None,None,None,None,None,None,32.56,34.38,nan,nan,nan
True,/data/uabcvmsc/shared/newborn/30/27.08.24 (2)/HM20240827092526.jpeg,36.4,27.0,725,935,0.13952358067035675,0.99969482421875,0.9998362064361572,708,901,0.1751999706029892,0.9995162487030029,0.9995922446250916,724,897,0.17476367950439453,0.9993114471435547,0.9996522665023804,737,886,0.17472082376480103,0.9996600151062012,0.9996125102043152,682,950,0.1664837896823883,0.9997037053108215,0.9993810653686523,676,969,0.1659805029630661,0.9996315240859985,0.999427318572998,672,1041,0.16581664979457855,0.9997527003288269,0.9992955923080444,827,915,0.3109053373336792,0.9997387528419495,0.999832272529602,738,1098,0.2751719355583191,0.9993051290512085,0.9993102550506592,814,957,0.18891474604606628,0.9998780488967896,0.9999409914016724,783,1017,0.1749490648508072,0.9998143315315247,0.9998319149017334,1279,888,0.2966713309288025,0.9999231100082397,0.9999347925186157,982,1460,0.2830513119697571,0.999599039554596,0.9993982315063477,1582,798,0.14277268946170807,0.8096364140510559,0.9994332194328308,1234,1774,0.14875410497188568,0.7071649432182312,0.9980237483978271,1316,651,-0.18364273011684418,0.944587767124176,0.9999752044677734,905,1636,-0.08534100651741028,0.9647688269615173,0.9999426603317261,1275,580,-0.24227868020534515,0.9331377744674683,0.9998747110366821,800,1674,-0.13567960262298584,0.9630511403083801,0.9998144507408142,1229,618,-0.25008705258369446,0.9301233887672424,0.9999130964279175,795,1593,-0.15012668073177338,0.9596518874168396,0.9998743534088135,1238,674,-0.19444580376148224,0.9007408618927002,0.9999672174453735,836,1570,-0.09952593594789505,0.9421176314353943,0.9999538660049438,2013,1471,-0.01056479848921299,0.9998658895492554,0.9999624490737915,1754,1855,0.009972997941076756,0.9997530579566956,0.9999125003814697,2650,1397,-0.4168427288532257,0.6686290502548218,0.9945144653320312,1548,2471,-0.2719844579696655,0.2471020370721817,0.9843988418579102,3233,2116,-0.4103509187698364,0.13744942843914032,0.875637948513031,2545,2437,-0.2086031436920166,0.048444412648677826,0.8401862978935242,3252,2276,-0.4133915603160858,0.16087131202220917,0.6651288866996765,2798,2426,-0.20328916609287262,0.0817408338189125,0.7988351583480835,3715,2179,-0.5418784618377686,0.06763244420289993,0.24585862457752228,2799,2771,-0.29377877712249756,0.029757395386695862,0.30682864785194397,1130,1174,834,1618,1264,631,None,None,None,None,32.64,31.68,34.48,nan,nan
True,/data/uabcvmsc/shared/newborn/30/27.08.24 (2)/HM20240827092628.jpeg,36.2,27.5,759,990,0.248965322971344,0.9999418258666992,0.999995231628418,759,933,0.28506848216056824,0.9999082088470459,0.9999912977218628,771,915,0.2847560942173004,0.9998905658721924,0.9999920129776001,779,900,0.2849140763282776,0.9999319314956665,0.999990701675415,740,1021,0.2844330668449402,0.9999285936355591,0.9999850988388062,744,1049,0.2839445471763611,0.9999090433120728,0.9999843835830688,741,1087,0.28374817967414856,0.9999210834503174,0.9999797344207764,879,899,0.4084758162498474,0.9999771118164062,0.9999974966049194,818,1128,0.4089367389678955,0.9999239444732666,0.9999872446060181,861,975,0.29669564962387085,0.9999533891677856,0.9999905824661255,835,1058,0.2927791178226471,0.9999223947525024,0.9999651908874512,1292,888,0.4352426826953888,0.9998667240142822,0.9999710321426392,986,1337,0.44334399700164795,0.9995081424713135,0.9997510313987732,1400,631,0.5764744281768799,0.8557039499282837,0.9998818635940552,642,1466,0.7249321937561035,0.5683857798576355,0.9998654127120972,1054,617,0.7700524926185608,0.9253137707710266,0.9999979734420776,815,1245,1.097316026687622,0.39209532737731934,0.999964714050293,1000,581,0.7987731099128723,0.8969974517822266,0.9999899864196777,845,1198,1.1426753997802734,0.3510180711746216,0.9998743534088135,989,641,0.7907940745353699,0.892225444316864,0.9999914169311523,902,1176,1.1597111225128174,0.3234797716140747,0.9998713731765747,1016,675,0.775025486946106,0.8428632020950317,0.9999963045120239,896,1190,1.1132594347000122,0.32297658920288086,0.9999418258666992,2010,1456,-0.012103061191737652,0.9997592568397522,0.999954342842102,1749,1809,0.011782975867390633,0.9995648264884949,0.9999076128005981,2674,1306,-0.41990581154823303,0.9385888576507568,0.9967997074127197,1578,2454,-0.22568705677986145,0.6510096788406372,0.9883410334587097,3229,1958,-0.4088107645511627,0.25864893198013306,0.9727362394332886,2419,2544,-0.041994884610176086,0.07000244408845901,0.9204012751579285,3255,2060,-0.40637168288230896,0.19390864670276642,0.9220260977745056,2550,2493,-0.021100537851452827,0.08790319412946701,0.9292737245559692,3418,2163,-0.5724004507064819,0.19041764736175537,0.728984534740448,2530,2734,-0.12237735837697983,0.06028420478105545,0.7372283935546875,1139,1112,None,None,1015,628,None,None,None,None,32.69,nan,34.43,nan,nan
True,/data/uabcvmsc/shared/newborn/30/27.08.24 (2)/HM20240827092730.jpeg,36.7,27.7,835,854,0.03855900838971138,0.9986101388931274,0.9981971383094788,779,876,0.07326313108205795,0.9983288645744324,0.9973050355911255,814,844,0.07275814563035965,0.9980350136756897,0.9976012110710144,828,835,0.07272248715162277,0.9988768696784973,0.9974408149719238,762,918,0.05552487447857857,0.9989854693412781,0.9962028861045837,752,960,0.05488256737589836,0.999016523361206,0.9967703819274902,759,977,0.054559897631406784,0.9993002414703369,0.996508777141571,907,870,0.21934807300567627,0.9994858503341675,0.9987674951553345,825,1045,0.14131926000118256,0.998920202255249,0.9969087243080139,918,887,0.09441182017326355,0.9995403289794922,0.9993027448654175,879,942,0.06838936358690262,0.9993973970413208,0.9983964562416077,1320,869,0.2571103572845459,0.9997255206108093,0.999708354473114,1007,1433,0.16870032250881195,0.9992818236351013,0.9989916682243347,1620,816,0.40587756037712097,0.7610971927642822,0.9992387294769287,1235,1800,0.18813644349575043,0.8828548789024353,0.9972078204154968,1372,696,0.3978637456893921,0.9316672682762146,0.9999547004699707,980,1584,0.09241261333227158,0.9769121408462524,0.9999097585678101,1329,616,0.3986726701259613,0.9396697878837585,0.9997326731681824,902,1593,0.06767914444208145,0.9792627096176147,0.9996745586395264,1265,662,0.36956968903541565,0.9414435029029846,0.9997585415840149,882,1521,0.05404924973845482,0.9790792465209961,0.9997181296348572,1279,720,0.3877943456172943,0.9313412308692932,0.9999055862426758,919,1514,0.08455263078212738,0.9725522994995117,0.9998981952667236,2086,1463,0.006661726161837578,0.999850869178772,0.9999336004257202,1798,1839,-0.007079701405018568,0.9998155236244202,0.9999164342880249,2718,1247,-0.30587238073349,0.9243689179420471,0.963711142539978,1629,2486,-0.2301924079656601,0.8431954979896545,0.9517279267311096,2772,2114,-0.20907296240329742,0.5002767443656921,0.9723731875419617,2545,2454,-0.10418041050434113,0.49353310465812683,0.9360563158988953,2693,2245,-0.193110853433609,0.49584755301475525,0.9460012316703796,2579,2294,-0.08371257781982422,0.46313589811325073,0.9426553845405579,3109,2356,-0.2663862407207489,0.3390214741230011,0.6829684376716614,2870,2632,-0.14428018033504486,0.2987993359565735,0.5611034631729126,1164,1151,921,1553,1311,674,None,None,None,None,33.10,34.90,34.90,nan,nan
True,/data/uabcvmsc/shared/newborn/30/27.08.24 (2)/HM20240827092832.jpeg,36.6,27.9,896,761,0.05235520377755165,0.9972584247589111,0.9961416125297546,847,793,0.08726293593645096,0.9969190359115601,0.994309663772583,854,797,0.08672872930765152,0.9963055849075317,0.9950752854347229,861,799,0.0866987332701683,0.9979616403579712,0.9948533177375793,822,824,0.0577683299779892,0.998084545135498,0.9924688935279846,821,848,0.057128842920064926,0.9980854988098145,0.9939192533493042,820,873,0.05682703107595444,0.9987952709197998,0.9937241673469543,914,876,0.23035533726215363,0.99874347448349,0.9974391460418701,846,1006,0.10040399432182312,0.9977879524230957,0.9940138459205627,983,804,0.10656851530075073,0.9991340041160583,0.9987859129905701,958,840,0.06526047736406326,0.9988508224487305,0.997391939163208,1371,887,0.25609326362609863,0.9996809959411621,0.9996887445449829,1015,1434,0.08450291305780411,0.9993830919265747,0.9991051554679871,1632,851,0.3477289378643036,0.5152490735054016,0.9991260170936584,1227,1805,0.08355046063661575,0.9071907997131348,0.9978858828544617,1347,649,0.23613028228282928,0.8222892880439758,0.9999346733093262,959,1616,0.009080142714083195,0.9783523082733154,0.9998819828033447,1309,565,0.22809647023677826,0.8630461096763611,0.9995941519737244,861,1675,-0.012299583293497562,0.9793805480003357,0.9994088411331177,1249,611,0.1977808177471161,0.8674187660217285,0.999626636505127,861,1581,-0.03582040220499039,0.9799033999443054,0.9994751811027527,1261,675,0.22234463691711426,0.8515715003013611,0.9998562335968018,912,1553,-0.002421244513243437,0.9746052622795105,0.9998303651809692,2119,1496,0.036041729152202606,0.9998478889465332,0.9999520778656006,1848,1871,-0.03661632537841797,0.9998313188552856,0.9999417066574097,2739,1245,-0.2553514540195465,0.7609891891479492,0.9460866451263428,1657,2521,-0.2933770418167114,0.754351794719696,0.9370110034942627,2763,2167,-0.2753584086894989,0.23451606929302216,0.9690579175949097,2651,2341,-0.22336027026176453,0.3075365126132965,0.9238032102584839,2679,2272,-0.26929375529289246,0.30556246638298035,0.9363365173339844,2640,2236,-0.2045271396636963,0.3380872309207916,0.9260600209236145,3067,2417,-0.32013535499572754,0.1732519567012787,0.6670694947242737,3039,2392,-0.23651495575904846,0.19597309827804565,0.5157375335693359,1193,1160,898,1606,1292,625,None,None,None,None,33.09,35.71,34.83,nan,nan
True,/data/uabcvmsc/shared/newborn/30/27.08.24 (2)/HM20240827092934.jpeg,36.6,27.9,749,876,0.013050796464085579,0.9989225268363953,0.9987292885780334,751,863,0.054478421807289124,0.9985900521278381,0.9977056384086609,783,841,0.05402784422039986,0.9981899857521057,0.9979329109191895,796,835,0.05400978773832321,0.9989978671073914,0.9976649284362793,717,923,0.03316102176904678,0.9991494417190552,0.9967071413993835,762,900,0.032630544155836105,0.9990793466567993,0.9971320629119873,752,922,0.03234069049358368,0.9993352293968201,0.9965952038764954,893,858,0.2270873785018921,0.9995502829551697,0.9990284442901611,772,1015,0.1314678192138672,0.9990732669830322,0.9970934391021729,868,889,0.0775316059589386,0.9995096921920776,0.9993109703063965,833,948,0.04688488692045212,0.9993755221366882,0.9983250498771667,1325,879,0.27767398953437805,0.9996640682220459,0.9996738433837891,1020,1432,0.1588675081729889,0.9987540245056152,0.9977285265922546,1614,802,0.33693957328796387,0.6893404722213745,0.9986501336097717,1250,1777,0.13316211104393005,0.7946853637695312,0.9925066828727722,1333,677,0.24442081153392792,0.9184555411338806,0.9999500513076782,932,1661,0.03143513202667236,0.9497343897819519,0.9998300075531006,1280,626,0.23327109217643738,0.9218679070472717,0.9997509121894836,848,1675,0.006660220213234425,0.9526325464248657,0.9995207786560059,1223,661,0.21474534273147583,0.9198172092437744,0.9997842907905579,853,1602,-0.0019820353481918573,0.9497169852256775,0.9996128678321838,1251,699,0.23541484773159027,0.8925632834434509,0.999916672706604,890,1583,0.025493470951914787,0.9316866993904114,0.9998575448989868,2065,1409,0.02095390111207962,0.9999237060546875,0.9999743700027466,1829,1801,-0.021332873031497,0.9998877048492432,0.9999570846557617,2593,1020,-0.24383725225925446,0.9514198303222656,0.9916915893554688,1613,2466,-0.24599066376686096,0.8764358758926392,0.9846212863922119,2683,1775,-0.132829487323761,0.6739373207092285,0.9948427081108093,2343,2342,-0.07797019183635712,0.5486701726913452,0.9807562232017517,2643,1932,-0.11770257353782654,0.6498449444770813,0.9882750511169434,2479,2229,-0.05501296743750572,0.5269353985786438,0.9812177419662476,3057,1896,-0.20449663698673248,0.4708021283149719,0.8834637999534607,2687,2525,-0.1289099007844925,0.34183669090270996,0.7933897376060486,1172,1156,881,1630,1272,666,None,None,None,None,35.71,35.71,34.83,nan,nan
True,/data/uabcvmsc/shared/newborn/30/27.08.24 (2)/HM20240827093036.jpeg,36.4,27.7,981,709,0.11148668825626373,0.9984574317932129,0.998673677444458,947,728,0.15868350863456726,0.9974265694618225,0.9983799457550049,941,739,0.15821824967861176,0.9971871972084045,0.9985681772232056,938,747,0.15816929936408997,0.9983312487602234,0.9984209537506104,914,755,0.128036230802536,0.9984294772148132,0.9974808096885681,911,766,0.12743835151195526,0.9985209107398987,0.9976739287376404,896,786,0.12716242671012878,0.9988083839416504,0.9971904158592224,998,831,0.3407452404499054,0.9993661046028137,0.9993133544921875,878,978,0.2032044529914856,0.9984385371208191,0.9973291158676147,1037,775,0.1810198724269867,0.99904865026474,0.9988677501678467,1017,808,0.13764505088329315,0.998928964138031,0.9975812435150146,1329,870,0.38105103373527527,0.9995771050453186,0.9994097948074341,1020,1411,0.2460443675518036,0.998672366142273,0.9964820146560669,1582,752,0.5608702898025513,0.723354697227478,0.9989932179450989,1206,1789,0.27501094341278076,0.9180877208709717,0.9913062453269958,1351,650,0.6073380708694458,0.9336623549461365,0.9999282360076904,942,1584,0.2554228901863098,0.9710848927497864,0.9998327493667603,1296,570,0.6146581172943115,0.9336362481117249,0.9996108412742615,873,1577,0.241241455078125,0.9678807854652405,0.9995181560516357,1242,629,0.590722918510437,0.9339166283607483,0.9996458292007446,878,1498,0.24040821194648743,0.9660536646842957,0.9996117949485779,1260,686,0.599460244178772,0.9167746305465698,0.9998583793640137,910,1486,0.2552888095378876,0.9520970582962036,0.9998457431793213,2141,1413,0.015501958318054676,0.9993667006492615,0.9994277358055115,1866,1818,-0.015843074768781662,0.9989597797393799,0.9989340901374817,2716,1194,-0.3808547556400299,0.9143685102462769,0.9627507328987122,1750,2452,-0.34163230657577515,0.7398601174354553,0.9320463538169861,2813,2000,-0.2563974857330322,0.40138816833496094,0.915542721748352,2525,2594,-0.12144406884908676,0.2997559607028961,0.7270607948303223,2803,2187,-0.24183683097362518,0.41016119718551636,0.8312404751777649,2642,2540,-0.09528768062591553,0.3362194895744324,0.7513109445571899,3145,2174,-0.3372173607349396,0.22849418222904205,0.4869510233402252,2729,2876,-0.16826273500919342,0.1468912810087204,0.3216173052787781,1174,1140,901,1536,1287,634,None,None,None,None,32.92,35.51,34.63,nan,nan
True,/data/uabcvmsc/shared/newborn/30/27.08.24 (2)/HM20240827093137.jpeg,36.5,27.9,1025,676,0.10250845551490784,0.9941322207450867,0.9964448809623718,938,707,0.13925696909427643,0.9904497265815735,0.9949837923049927,947,709,0.13874727487564087,0.989769697189331,0.9959673881530762,942,720,0.13867194950580597,0.9943634271621704,0.9959601759910583,940,712,0.1041087657213211,0.9943437576293945,0.9923531413078308,928,733,0.10357216000556946,0.9947298765182495,0.9934676289558411,912,739,0.10334575921297073,0.9961785078048706,0.9927615523338318,964,826,0.2907375395298004,0.9969722032546997,0.9982278943061829,888,916,0.1350509375333786,0.992868959903717,0.9925419092178345,1058,751,0.16156847774982452,0.997956395149231,0.9988629817962646,1032,779,0.11285894364118576,0.9973982572555542,0.997322142124176,1329,867,0.29654598236083984,0.9997665286064148,0.9997342228889465,1010,1389,0.15229973196983337,0.9988798499107361,0.9976049661636353,1622,813,0.2885518968105316,0.6283642649650574,0.99915611743927,1266,1757,0.09894538670778275,0.7814196348190308,0.994461178779602,1318,635,0.07208698987960815,0.9003754258155823,0.9999542236328125,972,1672,-0.026273217052221298,0.9554715156555176,0.9998457431793213,1272,581,0.03860057145357132,0.9009624123573303,0.9997649788856506,862,1731,-0.05412815511226654,0.9586151242256165,0.9995169639587402,1235,616,0.02056390605866909,0.9003105759620667,0.999788224697113,842,1649,-0.07962732017040253,0.9567437767982483,0.9995993971824646,1251,661,0.05906021222472191,0.870088517665863,0.9999170303344727,894,1614,-0.03961746022105217,0.9365108013153076,0.9998553991317749,2105,1466,0.018094953149557114,0.9998441934585571,0.9999434947967529,1812,1849,-0.018603187054395676,0.9997218251228333,0.9998737573623657,2680,1251,-0.37986037135124207,0.8139829039573669,0.9909798502922058,1583,2479,-0.2928394675254822,0.48852184414863586,0.9712816476821899,2792,2111,-0.35566446185112,0.2913530468940735,0.9764931201934814,2524,2515,-0.15640956163406372,0.15881319344043732,0.9176422953605652,2732,2275,-0.35208144783973694,0.3737054765224457,0.9417532682418823,2598,2359,-0.13925929367542267,0.21704687178134918,0.9186410307884216,3136,2174,-0.4488871991634369,0.1797761470079422,0.7134128212928772,2738,2760,-0.20872171223163605,0.0829700380563736,0.5661705136299133,1170,1128,892,1666,None,None,None,None,None,None,33.06,34.78,nan,nan,nan
False,/data/uabcvmsc/shared/newborn/30/27.08.24 (2)/HM20240827093239.jpeg,36.5,27.4
True,/data/uabcvmsc/shared/newborn/30/27.08.24 (2)/HM20240827093340.jpeg,36.7,27.9,900,818,0.03464856743812561,0.9996302127838135,0.999632716178894,855,804,0.07295700907707214,0.9995315074920654,0.9994039535522461,865,803,0.07247529178857803,0.9994426369667053,0.9994704127311707,874,800,0.0724795013666153,0.9996789693832397,0.9994344115257263,842,837,0.05189137905836105,0.9996933937072754,0.999040424823761,833,858,0.051389120519161224,0.9996579885482788,0.9991113543510437,821,879,0.05114056169986725,0.9997320771217346,0.9989553689956665,953,842,0.2298627346754074,0.9998811483383179,0.9998249411582947,831,977,0.1364496350288391,0.999691367149353,0.9992074370384216,965,845,0.09463659673929214,0.9998142123222351,0.999761164188385,941,914,0.06431682407855988,0.9997686743736267,0.999309778213501,1340,871,0.28854045271873474,0.9997512698173523,0.9998602867126465,1056,1416,0.18142089247703552,0.9988304972648621,0.9982436895370483,1621,786,0.4149213433265686,0.5986413359642029,0.9993292093276978,1235,1781,0.32518115639686584,0.7653977870941162,0.9954105019569397,1349,635,0.43153446912765503,0.9034229516983032,0.9999818801879883,924,1600,0.45364123582839966,0.9232457280158997,0.9999426603317261,1308,570,0.43833357095718384,0.9178430438041687,0.9999076128005981,858,1599,0.46551036834716797,0.9294012188911438,0.9998505115509033,1261,617,0.4217051863670349,0.9170425534248352,0.9999179840087891,875,1530,0.4584435522556305,0.9269748330116272,0.9998733997344971,1276,660,0.4265335202217102,0.8881343007087708,0.9999685287475586,906,1522,0.4546087980270386,0.9052027463912964,0.9999512434005737,2099,1423,0.024875687435269356,0.9999098777770996,0.999981164932251,1857,1833,-0.025113193318247795,0.9998544454574585,0.9999591112136841,2602,967,-0.22463448345661163,0.924394965171814,0.9954769015312195,1677,2431,-0.22646962106227875,0.8501476049423218,0.9890342950820923,2793,1724,-0.1408366709947586,0.5254356861114502,0.9957534074783325,2410,2305,-0.049551598727703094,0.46350935101509094,0.9833548665046692,2769,1891,-0.12835252285003662,0.5005881190299988,0.9900115132331848,2571,2268,-0.0256944689899683,0.44171836972236633,0.9848012328147888,3134,1829,-0.21479015052318573,0.3471256494522095,0.902256429195404,2699,2497,-0.09319408237934113,0.26981836557388306,0.8412485718727112,1198,1144,891,1563,1298,620,None,None,None,None,33.15,33.15,35.80,nan,nan
True,/data/uabcvmsc/shared/newborn/30/27.08.24 (2)/HM20240827093442.jpeg,36.5,27.6,847,838,-0.03031103126704693,0.9999988079071045,0.9999992847442627,854,792,0.01556830108165741,0.9999983310699463,0.9999982118606567,863,789,0.01530449278652668,0.9999974966049194,0.9999980926513672,936,720,0.01535006519407034,0.9999985694885254,0.9999972581863403,872,821,-0.0070192040875554085,0.9999991655349731,0.9999974966049194,859,848,-0.007427598349750042,0.9999986886978149,0.9999972581863403,844,874,-0.007541801780462265,0.9999990463256836,0.9999957084655762,999,806,0.19997625052928925,0.9999985694885254,0.9999983310699463,857,973,0.09826604276895523,0.9999977350234985,0.9999948740005493,1000,816,0.03798091039061546,0.9999963045120239,0.9999959468841553,942,892,0.005788478069007397,0.9999964237213135,0.9999923706054688,1336,895,0.2369479387998581,0.9999159574508667,0.9999748468399048,1057,1386,0.1269485056400299,0.9998025298118591,0.9998718500137329,1613,802,0.2164679914712906,0.8001827597618103,0.9997079968452454,946,1765,0.039475928992033005,0.9614827036857605,0.9992434978485107,1341,658,0.08153442293405533,0.9595749378204346,0.9999879598617554,765,1633,-0.04840433970093727,0.9835614562034607,0.9999496936798096,1286,610,0.061861492693424225,0.9569684863090515,0.9999313354492188,679,1654,-0.07312852889299393,0.9783464074134827,0.9997748732566833,1238,635,0.04810710251331329,0.955202579498291,0.9999456405639648,684,1581,-0.06909450143575668,0.975982666015625,0.9998526573181152,1257,665,0.07261282205581665,0.9398000240325928,0.9999817609786987,728,1570,-0.050023965537548065,0.9702144265174866,0.9999514818191528,2024,1382,0.018068518489599228,0.9999080896377563,0.9999867677688599,1807,1714,-0.01846208982169628,0.9998663663864136,0.9999815225601196,2450,1151,-0.28669923543930054,0.9631795287132263,0.99928218126297,1953,2140,-0.2411658614873886,0.8238091468811035,0.9986423850059509,2764,1947,-0.3375260829925537,0.7884423732757568,0.9974736571311951,2631,2063,-0.14794142544269562,0.5378930568695068,0.9942110776901245,2714,2039,-0.3431164622306824,0.7272753715515137,0.9904810786247253,2747,2004,-0.1352802962064743,0.5762556791305542,0.991271436214447,2907,2158,-0.4381689131259918,0.6639335751533508,0.9367049932479858,2764,2208,-0.1898833066225052,0.4189191460609436,0.9265418648719788,1196,1140,714,1610,1280,642,None,None,2739,1993,32.91,35.59,34.69,nan,32.03
False,/data/uabcvmsc/shared/newborn/30/27.08.24 (2)/HM20240827093544.jpeg,36.5,27.5
True,/data/uabcvmsc/shared/newborn/30/27.08.24 (2)/HM20240827093646.jpeg,36.4,27.3,784,908,0.03109961561858654,0.9999608993530273,0.9999605417251587,785,868,0.06312009692192078,0.9999357461929321,0.9998863935470581,800,854,0.06277920305728912,0.9999072551727295,0.999890923500061,837,821,0.06281566619873047,0.9999502897262573,0.9998595714569092,767,924,0.06086333468556404,0.9999662637710571,0.9998507499694824,771,947,0.0603407621383667,0.9999566078186035,0.9998682737350464,768,979,0.060040898621082306,0.9999724626541138,0.9998420476913452,928,838,0.19267526268959045,0.999970555305481,0.9999481439590454,825,1031,0.18487024307250977,0.9999475479125977,0.9998921155929565,888,907,0.07993784546852112,0.9999748468399048,0.9999728202819824,863,965,0.07473348081111908,0.9999696016311646,0.9999343156814575,1351,881,0.2422829121351242,0.9999109506607056,0.9999681711196899,1038,1370,0.21157529950141907,0.9997296929359436,0.9998132586479187,1645,799,0.33904629945755005,0.9116551876068115,0.9997727274894714,1110,1811,0.1834648996591568,0.9408769607543945,0.9992341995239258,1293,678,0.36452946066856384,0.9736039042472839,0.9999954700469971,932,1498,0.09463727474212646,0.9765545129776001,0.9999877214431763,1221,660,0.36861661076545715,0.966917872428894,0.9999756813049316,868,1473,0.06966768950223923,0.9680973291397095,0.9999632835388184,1181,694,0.3580593466758728,0.9641459584236145,0.999982476234436,884,1402,0.08295200765132904,0.9634501338005066,0.9999731779098511,1204,716,0.3646097183227539,0.9497724771499634,0.9999936819076538,921,1405,0.09753973037004471,0.9550778269767761,0.9999897480010986,2089,1426,0.0006577650201506913,0.9997072815895081,0.999935507774353,1813,1823,-0.000994830159470439,0.9995447993278503,0.9999194145202637,2682,1261,-0.30582594871520996,0.9046434760093689,0.9927460551261902,1796,2414,-0.22461919486522675,0.59566330909729,0.983043372631073,3076,1976,-0.3346472680568695,0.48046600818634033,0.9205695390701294,2523,2328,-0.006044011563062668,0.09341415017843246,0.8990048766136169,3106,2091,-0.33847174048423767,0.33803898096084595,0.7742406725883484,2636,2273,0.02099856734275818,0.13336960971355438,0.8923086524009705,3191,2149,-0.4740888178348541,0.29640159010887146,0.4319034218788147,2647,2449,-0.032159652560949326,0.06664060056209564,0.6568793654441833,1194,1126,901,1444,1225,687,None,None,None,None,32.72,35.47,35.47,nan,nan
True,/data/uabcvmsc/shared/newborn/30/27.08.24 (2)/HM20240827093748.jpeg,36.2,27.1,1032,694,-0.007405435666441917,0.9980337023735046,0.9982314705848694,1003,700,0.017143361270427704,0.9968754053115845,0.9969204664230347,997,711,0.01678580790758133,0.9961546063423157,0.9975958466529846,993,721,0.016719182953238487,0.9981982111930847,0.9977284073829651,994,700,-0.014499937184154987,0.9983237385749817,0.995555579662323,970,732,-0.014907355420291424,0.9982296824455261,0.9963235855102539,949,736,-0.015106928534805775,0.9989399313926697,0.9960843324661255,990,813,0.14311432838439941,0.9990257024765015,0.9991998076438904,922,841,0.00032300097518600523,0.9979141354560852,0.9970421195030212,1104,754,0.044113073498010635,0.9994747042655945,0.999749481678009,1065,772,-0.00014101255510468036,0.9994674324989319,0.9994885921478271,1345,885,0.18014545738697052,0.9999353885650635,0.9999780654907227,1048,1398,0.022777561098337173,0.9996827840805054,0.9997465014457703,1644,826,0.21389088034629822,0.6567946672439575,0.9998687505722046,1212,1788,-0.12272892147302628,0.8160476684570312,0.9977008700370789,1378,671,0.07345741242170334,0.8898272514343262,0.9999915361404419,933,1580,-0.3218226432800293,0.8940103054046631,0.9999085664749146,1317,613,0.05149203911423683,0.8847000002861023,0.9999574422836304,858,1593,-0.36370566487312317,0.8949960470199585,0.9997699856758118,1274,653,0.03316608816385269,0.8819200396537781,0.9999600648880005,874,1517,-0.36775800585746765,0.8866228461265564,0.999824583530426,1303,687,0.06325936317443848,0.8420871496200562,0.999984860420227,912,1508,-0.32866808772087097,0.8464331030845642,0.9999308586120605,2062,1404,0.03358392417430878,0.9999678134918213,0.9999979734420776,1825,1772,-0.033865466713905334,0.9999476671218872,0.999996542930603,2515,1086,-0.2638261020183563,0.7761015892028809,0.9996028542518616,1923,2211,-0.3606690466403961,0.724337100982666,0.9994000196456909,2820,1867,-0.21834126114845276,0.5053002834320068,0.9994284510612488,2670,2091,-0.23722636699676514,0.5188202261924744,0.9992204904556274,2714,1978,-0.215336874127388,0.40816742181777954,0.9985994696617126,2758,2034,-0.22097189724445343,0.4847610592842102,0.9990691542625427,3016,2072,-0.3417443037033081,0.41422131657600403,0.9919941425323486,2887,2160,-0.32394886016845703,0.40040120482444763,0.9903106689453125,1196,1142,894,1550,1318,656,None,None,None,None,35.27,31.63,34.38,nan,nan
True,/data/uabcvmsc/shared/newborn/30/27.08.24 (2)/HM20240827093850.jpeg,36.2,27.2,857,840,-0.053315918892621994,0.9999834299087524,0.9999914169311523,847,813,-0.025155415758490562,0.9999765157699585,0.9999790191650391,862,808,-0.025540294125676155,0.9999657869338989,0.9999804496765137,902,781,-0.025600040331482887,0.9999821186065674,0.9999741315841675,846,846,-0.03668920323252678,0.9999874830245972,0.9999697208404541,834,868,-0.0370846688747406,0.9999837875366211,0.9999704360961914,822,890,-0.03723275288939476,0.9999899864196777,0.99996018409729,977,808,0.10209748148918152,0.9999856948852539,0.9999873638153076,845,1030,0.052600663155317307,0.9999661445617676,0.99996018409729,992,857,-0.003822063561528921,0.9999730587005615,0.9999911785125732,950,927,-0.021061651408672333,0.9999706745147705,0.9999775886535645,1347,883,0.13360841572284698,0.9999579191207886,0.9999929666519165,1046,1398,0.0845557153224945,0.9998430013656616,0.999935507774353,1629,818,0.11572892218828201,0.7213672399520874,0.9999414682388306,1228,1774,0.04097309336066246,0.7063677906990051,0.9994524121284485,1356,665,-0.027848970144987106,0.8840866684913635,0.9999878406524658,964,1653,-0.08151423186063766,0.9229497313499451,0.9999822378158569,1306,613,-0.05507345497608185,0.883246898651123,0.9999202489852905,884,1674,-0.10765305161476135,0.9373990893363953,0.9999459981918335,1270,643,-0.06482045352458954,0.8790738582611084,0.9999343156814575,880,1614,-0.12527334690093994,0.9355153441429138,0.9999591112136841,1287,674,-0.03525703400373459,0.8501773476600647,0.9999774694442749,926,1583,-0.09308845549821854,0.9175184369087219,0.999984860420227,2019,1392,0.024196527898311615,0.9999856948852539,0.9999994039535522,1803,1751,-0.02443569526076317,0.9999769926071167,0.9999990463256836,2593,1082,-0.16851356625556946,0.7585036754608154,0.9999014139175415,2077,2144,-0.15966637432575226,0.6251204013824463,0.9998815059661865,2702,1766,-0.04382363706827164,0.36370211839675903,0.9997690320014954,2644,2125,0.007084437645971775,0.4493063986301422,0.9992768168449402,2698,1929,-0.03199471905827522,0.3768191933631897,0.9993341565132141,2730,2088,0.02728809230029583,0.38297826051712036,0.9989987015724182,3059,1886,-0.09686081856489182,0.2928740382194519,0.9938758015632629,2821,2230,-0.028812596574425697,0.3076110780239105,0.9880239367485046,1196,1140,914,1631,1305,649,None,None,None,None,35.28,34.40,34.40,nan,nan
True,/data/uabcvmsc/shared/newborn/30/27.08.24 (2)/HM20240827093952.jpeg,36.2,26.9,717,1010,0.02656998671591282,0.9998821020126343,0.9999027252197266,715,963,0.04854896292090416,0.9997643828392029,0.999772846698761,729,942,0.04820387810468674,0.9996904134750366,0.9997920393943787,747,913,0.048248227685689926,0.9997890591621399,0.9997404217720032,699,1031,0.05570542812347412,0.9998502731323242,0.9997022747993469,699,1053,0.05518892779946327,0.9998278617858887,0.9997345805168152,696,1073,0.054924603551626205,0.9998754262924194,0.9996887445449829,859,899,0.1512359380722046,0.9998341798782349,0.9998805522918701,756,1116,0.18595820665359497,0.9997472167015076,0.9997449517250061,802,997,0.06673730909824371,0.9999125003814697,0.9999594688415527,778,1069,0.07316236197948456,0.9998762607574463,0.9998865127563477,1286,864,0.17077405750751495,0.9999141693115234,0.9999539852142334,1018,1400,0.26259341835975647,0.9997367262840271,0.9998117089271545,1596,813,0.12086855620145798,0.8422335982322693,0.9994138479232788,1261,1737,0.32118070125579834,0.476199746131897,0.9992800354957581,1363,655,-0.05505350977182388,0.9460466504096985,0.9999834299087524,936,1812,0.23269960284233093,0.8483918309211731,0.9999183416366577,1314,565,-0.08477885276079178,0.9360045790672302,0.9999285936355591,835,1904,0.21022377908229828,0.8516982793807983,0.9997391104698181,1280,579,-0.10621264576911926,0.9357764720916748,0.9999492168426514,804,1835,0.18248853087425232,0.853108286857605,0.9997839331626892,1292,646,-0.065648652613163,0.90491783618927,0.9999786615371704,861,1785,0.21532605588436127,0.8286759853363037,0.9999113082885742,2001,1411,-0.02767893671989441,0.9994754195213318,0.9998338222503662,1754,1815,0.027442052960395813,0.9992964267730713,0.9998087286949158,2531,1331,-0.34616008400917053,0.2659175992012024,0.9802425503730774,1611,2450,-0.26472845673561096,0.24624431133270264,0.970633864402771,3285,1543,-0.23251627385616302,0.036207523196935654,0.6834005117416382,2413,2579,-0.11983253806829453,0.03377293050289154,0.8397448062896729,3371,1598,-0.22532670199871063,0.025102918967604637,0.4764573276042938,2551,2523,-0.10669397562742233,0.036910708993673325,0.8428393602371216,3555,1611,-0.35128724575042725,0.023455949500203133,0.31552770733833313,2594,2803,-0.2010776400566101,0.020297549664974213,0.5553867220878601,1152,1132,859,1834,1312,611,None,None,None,None,32.48,32.48,34.34,nan,nan
True,/data/uabcvmsc/shared/newborn/30/27.08.24 (2)/HM20240827094053.jpeg,36.4,27.1,747,991,0.05964452400803566,0.9996397495269775,0.999897837638855,761,903,0.0912306010723114,0.9993237257003784,0.9997711777687073,777,878,0.09077026695013046,0.9990750551223755,0.9997691512107849,806,841,0.0908622145652771,0.9993382096290588,0.9996696710586548,722,1002,0.09616143256425858,0.999634861946106,0.9997451901435852,716,1028,0.09556906670331955,0.9996113181114197,0.9997825026512146,701,1064,0.09524041414260864,0.9997207522392273,0.9997519850730896,900,849,0.20222976803779602,0.9996428489685059,0.9998645782470703,757,1123,0.22608928382396698,0.9995719790458679,0.9998416900634766,859,976,0.1007445678114891,0.9993108510971069,0.9998207688331604,806,1071,0.10354692488908768,0.9992316961288452,0.9996492862701416,1302,871,0.21093858778476715,0.9991672039031982,0.9995558857917786,982,1404,0.27632343769073486,0.9986587762832642,0.9991559982299805,1442,576,0.3221863806247711,0.5287089347839355,0.9985945820808411,1211,1730,0.4453921914100647,0.362204909324646,0.9987636804580688,1187,717,0.5102419257164001,0.3232727348804474,0.9998146891593933,907,1639,0.6059584021568298,0.7834054827690125,0.9999580383300781,1136,725,0.541685163974762,0.29049453139305115,0.9991487264633179,849,1719,0.6232240200042725,0.7847465872764587,0.9998706579208374,1094,752,0.5404231548309326,0.2675880789756775,0.9992722868919373,840,1681,0.6156058311462402,0.7767522931098938,0.9998911619186401,1114,762,0.5166835784912109,0.25814953446388245,0.9996722936630249,870,1637,0.60416179895401,0.7485778331756592,0.9999547004699707,2027,1448,-0.022195113822817802,0.9994463324546814,0.9998927116394043,1754,1834,0.021834727376699448,0.9991853833198547,0.9998699426651001,2611,1328,-0.27073854207992554,0.6090875267982483,0.9842494130134583,1454,2405,-0.2511212229728699,0.37305694818496704,0.9804701209068298,3316,1767,-0.24036511778831482,0.1465291827917099,0.7420181632041931,2271,2544,-0.12973777949810028,0.06051706150174141,0.8599033355712891,3378,1884,-0.2383975237607956,0.12069015949964523,0.4810183644294739,2393,2400,-0.11514932662248611,0.09315697103738785,0.8494057655334473,3616,1826,-0.3370182514190674,0.06589286029338837,0.16841727495193481,2409,2812,-0.162931427359581,0.03213945031166077,0.3766668736934662,1142,1138,866,1669,None,None,None,None,None,None,35.45,35.45,nan,nan,nan
True,/data/uabcvmsc/shared/newborn/30/27.08.24 (2)/HM20240827094155.jpeg,36.0,26.9,974,708,0.09285350888967514,0.9998966455459595,0.9998315572738647,932,716,0.12436603009700775,0.9998034834861755,0.9996235370635986,932,728,0.12393241375684738,0.9997430443763733,0.9996789693832397,954,721,0.12390048801898956,0.9998489618301392,0.9996337890625,882,764,0.10425549000501633,0.9998981952667236,0.9994592070579529,888,780,0.10376406461000443,0.9998807907104492,0.9995108842849731,875,799,0.10351300984621048,0.999910831451416,0.9994019269943237,987,817,0.252078652381897,0.9999374151229858,0.9999003410339355,869,900,0.16347435116767883,0.9998773336410522,0.9995846152305603,1049,773,0.14347857236862183,0.9999396800994873,0.9999219179153442,983,834,0.11432943493127823,0.9999287128448486,0.9997970461845398,1357,881,0.2575347125530243,0.9999233484268188,0.9999619722366333,1034,1390,0.22355547547340393,0.9993759989738464,0.9994605183601379,1615,787,0.3213813006877899,0.819404661655426,0.999679446220398,1214,1777,0.2593275010585785,0.7236846685409546,0.9978218078613281,1354,631,0.2629920542240143,0.9515842199325562,0.999976396560669,935,1684,0.2331315279006958,0.9098809957504272,0.9998574256896973,1323,570,0.2512585520744324,0.944036066532135,0.9998822212219238,847,1702,0.2191055864095688,0.9209676384925842,0.9996249675750732,1270,610,0.23153036832809448,0.942386269569397,0.9999001026153564,843,1638,0.20600298047065735,0.9164616465568542,0.9997231364250183,1276,663,0.2544777989387512,0.9190574884414673,0.9999608993530273,895,1608,0.22597572207450867,0.8919035792350769,0.9998832941055298,2125,1492,-0.012714042328298092,0.9996881484985352,0.9998906850814819,1815,1869,0.012385581620037556,0.9992792010307312,0.9997883439064026,2765,1404,-0.3059619665145874,0.8695499897003174,0.9861190319061279,1533,2430,-0.2149074226617813,0.4191463887691498,0.9576985239982605,3345,2039,-0.2041289210319519,0.21544711291790009,0.6272539496421814,2304,2641,-0.043379995971918106,0.05783761292695999,0.7146236300468445,3381,2162,-0.19448807835578918,0.16293494403362274,0.35580676794052124,2421,2449,-0.024326525628566742,0.1055801510810852,0.7051417231559753,3602,2180,-0.2786577641963959,0.08828829228878021,0.14468921720981598,2358,2931,-0.05993291363120079,0.03127172961831093,0.2745628356933594,1196,1136,880,1658,1306,618,None,None,None,None,32.36,35.07,34.18,nan,nan
True,/data/uabcvmsc/shared/newborn/30/27.08.24 (2)/HM20240827094257.jpeg,36.1,27.1,745,1032,0.1601087599992752,0.9992650151252747,0.999944806098938,743,996,0.2006509155035019,0.9987159967422485,0.9998321533203125,759,966,0.2002757340669632,0.9982813596725464,0.9998475313186646,770,945,0.20032499730587006,0.9991094470024109,0.9998069405555725,725,1063,0.20056672394275665,0.9991115927696228,0.9997431635856628,724,1090,0.2001834511756897,0.9988345503807068,0.9997521042823792,720,1118,0.20005424320697784,0.9991711378097534,0.9996635913848877,867,905,0.33191707730293274,0.9990413784980774,0.9999006986618042,788,1174,0.33669543266296387,0.9971776008605957,0.9996405839920044,825,1017,0.2044275999069214,0.9993526339530945,0.9999537467956543,798,1108,0.20252886414527893,0.9987842440605164,0.9998550415039062,1238,853,0.30068275332450867,0.9998514652252197,0.9999189376831055,1006,1412,0.30260565876960754,0.99928879737854,0.9993385672569275,1511,659,0.07294504344463348,0.46092236042022705,0.9987718462944031,1224,1665,0.08497354388237,0.3489833474159241,0.9979104399681091,1253,731,-0.24705126881599426,0.6635733246803284,0.9999761581420898,892,1545,-0.166435107588768,0.7732720375061035,0.999944806098938,1209,700,-0.3009794056415558,0.672813892364502,0.9999279975891113,794,1561,-0.22350361943244934,0.7796774506568909,0.9998906850814819,1143,748,-0.29466843605041504,0.6411239504814148,0.9999573230743408,792,1508,-0.22162961959838867,0.7417071461677551,0.9999297857284546,1169,765,-0.2507779896259308,0.5328943729400635,0.9999812841415405,835,1486,-0.17560763657093048,0.6559403538703918,0.999971866607666,1898,1308,-0.004440088290721178,0.9997695088386536,0.9999775886535645,1716,1724,0.003817675169557333,0.9996402263641357,0.9999569654464722,2175,860,-0.29577481746673584,0.4869820177555084,0.9997783303260803,1562,2411,-0.2709319591522217,0.30385270714759827,0.9993632435798645,2619,1350,-0.41937559843063354,0.21279087662696838,0.9969933032989502,2298,2360,-0.3526551127433777,0.12208247184753418,0.9873409867286682,2651,1538,-0.440880686044693,0.3225049674510956,0.984014093875885,2474,2295,-0.3652631342411041,0.257677286863327,0.9721662998199463,2675,1212,-0.5928987860679626,0.1292756348848343,0.9403141140937805,2340,2685,-0.48486271500587463,0.07705924659967422,0.8728829622268677,1122,1132,826,1538,None,None,None,None,None,None,32.46,34.30,nan,nan,nan
False,/data/uabcvmsc/shared/newborn/30/27.08.24 (2)/HM20240827094359.jpeg,36.2,27.0
False,/data/uabcvmsc/shared/newborn/30/27.08.24 (2)/HM20240827094501.jpeg,39.2,26.9
True,/data/uabcvmsc/shared/newborn/30/27.08.24 (2)/HM20240827094603.jpeg,37.9,27.4,778,1000,-0.0743020549416542,0.999806821346283,0.9998488426208496,777,953,-0.04250635206699371,0.9996694326400757,0.9996053576469421,801,921,-0.04284300282597542,0.9994814991950989,0.9996122717857361,823,895,-0.04283534735441208,0.9996633529663086,0.9994497895240784,759,1014,-0.03515975922346115,0.9997991919517517,0.9995102882385254,758,1037,-0.03564830869436264,0.9997581839561462,0.9995601773262024,752,1066,-0.0359552763402462,0.9998316764831543,0.9994345307350159,943,852,0.09894774854183197,0.999714195728302,0.999599277973175,801,1123,0.1355229765176773,0.9996355772018433,0.9994383454322815,863,997,-0.022331733256578445,0.999756395816803,0.9998661279678345,850,1075,-0.014804059639573097,0.9996709823608398,0.9997007846832275,1334,878,0.12956000864505768,0.9995761513710022,0.9996111989021301,1035,1407,0.16785332560539246,0.9992411136627197,0.9992486834526062,1622,771,-0.04209689423441887,0.8466081023216248,0.9964304566383362,1267,1729,-0.06325415521860123,0.8718940019607544,0.9964640736579895,1377,692,-0.33001306653022766,0.9105093479156494,0.9998537302017212,934,1443,-0.3937101662158966,0.9721359610557556,0.999941349029541,1317,627,-0.3821796178817749,0.90456622838974,0.9994432330131531,821,1413,-0.46286940574645996,0.9649574756622314,0.9998666048049927,1265,667,-0.3883357048034668,0.8978087902069092,0.9996669292449951,823,1356,-0.4479927718639374,0.9574111700057983,0.9999164342880249,1290,720,-0.3379356563091278,0.860427737236023,0.9998555183410645,864,1354,-0.3988150358200073,0.9407099485397339,0.9999649524688721,2049,1439,-0.03020467422902584,0.9997254014015198,0.9998835325241089,1791,1816,0.029757751151919365,0.9996353387832642,0.9998936653137207,2532,1430,-0.42180731892585754,0.7547205090522766,0.993601381778717,1638,2433,-0.2551642060279846,0.49879977107048035,0.9912682771682739,3304,1740,-0.3372308611869812,0.36731454730033875,0.8373769521713257,2353,2533,-0.09725112468004227,0.1460772007703781,0.9332994818687439,3392,1824,-0.3348008990287781,0.25189492106437683,0.5884168148040771,2490,2377,-0.08271750062704086,0.1914232075214386,0.9183202981948853,3608,1809,-0.4750923812389374,0.19303065538406372,0.2390965074300766,2487,2843,-0.1635223776102066,0.08099106699228287,0.570175290107727,1184,1142,860,1392,1312,676,None,None,None,None,36.83,27.40,35.76,nan,nan
True,/data/uabcvmsc/shared/newborn/30/27.08.24 (2)/HM20240827094705.jpeg,37.2,27.4,1069,680,0.04351304471492767,0.9985370635986328,0.9981681108474731,1019,688,0.0747651681303978,0.9971727132797241,0.9969697594642639,1012,698,0.07444378733634949,0.9970169067382812,0.9976175427436829,1005,707,0.07441785931587219,0.9982326030731201,0.9975040555000305,1007,696,0.041461315006017685,0.9985389709472656,0.9954586029052734,1000,712,0.04104253277182579,0.9986366629600525,0.9959368705749512,977,743,0.04080383852124214,0.9989147186279297,0.9951748251914978,1007,800,0.21386300027370453,0.999327540397644,0.999175488948822,945,839,0.0650714784860611,0.9985612034797668,0.9961273074150085,1113,749,0.10012096911668777,0.9992389678955078,0.9992278814315796,1090,772,0.054024700075387955,0.9992132186889648,0.9984316229820251,1344,873,0.23375380039215088,0.9998438358306885,0.9998794794082642,1053,1396,0.074611596763134,0.9985077977180481,0.9980243444442749,1607,774,0.2397337555885315,0.6324389576911926,0.9992407560348511,1215,1789,-0.12323106080293655,0.8578134775161743,0.9871411323547363,1335,667,0.08897116035223007,0.9087116718292236,0.9999265670776367,941,1575,-0.3460739850997925,0.8714580535888672,0.9990082383155823,1280,623,0.06065419688820839,0.9104552865028381,0.9996720552444458,878,1574,-0.39710360765457153,0.8632506728172302,0.9978076815605164,1237,662,0.04204718396067619,0.9127240777015686,0.9997469782829285,894,1515,-0.38811278343200684,0.8512506484985352,0.9985952973365784,1260,696,0.07724595069885254,0.8830084800720215,0.9998922348022461,933,1511,-0.34837546944618225,0.7945253252983093,0.9993537068367004,2088,1412,0.017296861857175827,0.9990057349205017,0.9996676445007324,1784,1774,-0.017739033326506615,0.9968216419219971,0.9992468357086182,2689,1330,-0.37117230892181396,0.8376272916793823,0.9850620031356812,1768,2412,-0.16768251359462738,0.17454668879508972,0.9063298106193542,3008,2056,-0.32384344935417175,0.3659675419330597,0.8259565234184265,2276,2328,0.12721480429172516,0.01807519979774952,0.7908028960227966,3035,2160,-0.32088392972946167,0.2875620424747467,0.619184136390686,2378,2270,0.16034559905529022,0.04273083433508873,0.8401286602020264,3110,2295,-0.45762863755226135,0.2039133757352829,0.4943138659000397,2325,2484,0.12006663531064987,0.014023656025528908,0.7055491805076599,1198,1134,912,1544,1278,662,None,None,None,None,36.20,32.28,35.24,nan,nan
False,/data/uabcvmsc/shared/newborn/30/27.08.24 (2)/HM20240827094807.jpeg,36.3,27.4
True,/data/uabcvmsc/shared/newborn/30/27.08.24 (2)/HM20240827094909.jpeg,36.4,27.5,1043,721,-0.04947126284241676,0.9998847246170044,0.9997907280921936,986,716,-0.016780946403741837,0.9997300505638123,0.9994326233863831,984,724,-0.017143454402685165,0.9996585845947266,0.9995101690292358,982,730,-0.017160268500447273,0.9998008608818054,0.9993587136268616,945,755,-0.036247801035642624,0.9998687505722046,0.9991970658302307,907,810,-0.036671232432127,0.9998472929000854,0.9992536902427673,892,833,-0.03689834475517273,0.999893069267273,0.9990422129631042,1011,804,0.12587939202785492,0.9998929500579834,0.9997945427894592,881,935,0.04077987000346184,0.999796450138092,0.9992966651916504,1095,777,0.00694053340703249,0.9998657703399658,0.9998530149459839,1024,879,-0.020892933011054993,0.9998569488525391,0.9996699094772339,1363,890,0.15191762149333954,0.9998893737792969,0.9999455213546753,1062,1388,0.09883803874254227,0.9991233944892883,0.9993114471435547,1623,790,0.13455542922019958,0.7965030074119568,0.9996267557144165,1247,1783,0.08167203515768051,0.7400127053260803,0.9975220561027527,1343,677,-0.01766698993742466,0.9180575013160706,0.9999496936798096,961,1722,-0.008582287468016148,0.9077484011650085,0.9997949004173279,1284,653,-0.048840370029211044,0.9015641212463379,0.9997456669807434,857,1765,-0.0357363224029541,0.9176945090293884,0.9994335770606995,1232,695,-0.06187045946717262,0.8967596292495728,0.9998044371604919,842,1697,-0.05049842596054077,0.9148755073547363,0.9996001124382019,1251,725,-0.026776716113090515,0.8640549182891846,0.9999253749847412,891,1665,-0.018304547294974327,0.8902633786201477,0.9998325109481812,2045,1425,0.01423115748912096,0.9994490742683411,0.999862790107727,1781,1775,-0.014528893865644932,0.9985982775688171,0.9997562766075134,2696,1386,-0.26898592710494995,0.7884224057197571,0.9919523596763611,1890,2203,-0.1645735502243042,0.2038923054933548,0.9803208112716675,3127,2044,-0.21552973985671997,0.31868284940719604,0.8341864943504333,2402,2408,0.06457740813493729,0.04439723119139671,0.8095142841339111,3163,2167,-0.21341320872306824,0.24104031920433044,0.597143828868866,2522,2399,0.08861567825078964,0.06247653067111969,0.7968852519989014,3302,2213,-0.3317718207836151,0.17395204305648804,0.39407452940940857,2489,2592,0.037439100444316864,0.027691708877682686,0.5255289673805237,1212,1139,888,1712,1278,688,None,None,None,None,35.49,34.59,34.59,nan,nan
True,/data/uabcvmsc/shared/newborn/30/27.08.24 (2)/HM20240827095011.jpeg,36.6,27.8,981,734,0.05701204389333725,0.9997349381446838,0.9998754262924194,931,734,0.09303748607635498,0.9994630217552185,0.9997114539146423,933,739,0.09261071681976318,0.9992276430130005,0.999688982963562,972,719,0.09258554130792618,0.9994624257087708,0.9995772242546082,863,793,0.06542724370956421,0.9998421669006348,0.9997578263282776,875,805,0.06490123271942139,0.9998602867126465,0.999829888343811,885,812,0.0646548718214035,0.9999102354049683,0.9998243451118469,997,820,0.23935331404209137,0.999783456325531,0.9998377561569214,907,948,0.1139959916472435,0.9998891353607178,0.9998869895935059,1067,774,0.11363445222377777,0.9998040795326233,0.9998511075973511,1009,859,0.07446745038032532,0.9998786449432373,0.9998231530189514,1377,886,0.2824164032936096,0.999813973903656,0.9998879432678223,1056,1408,0.12106512486934662,0.9999228715896606,0.9999250173568726,1628,788,0.4262448251247406,0.35902416706085205,0.9997186064720154,1319,1762,0.1948118954896927,0.8795396685600281,0.9997285008430481,1322,664,0.4821242690086365,0.627842903137207,0.9999208450317383,1309,2179,0.21676549315452576,0.9832115769386292,0.9999688863754272,1277,628,0.4960576891899109,0.6697087287902832,0.9994949102401733,1307,2312,0.21613295376300812,0.9830559492111206,0.9997959733009338,1229,663,0.4724116623401642,0.6828187108039856,0.9994600415229797,1245,2309,0.16886025667190552,0.9845400452613831,0.9998047947883606,1240,697,0.47279122471809387,0.6478281617164612,0.9997794032096863,1256,2259,0.19788113236427307,0.9798546433448792,0.9999421834945679,2080,1417,0.04163055494427681,0.9999619722366333,0.999992847442627,1809,1790,-0.04193788766860962,0.9999654293060303,0.999993085861206,2729,1104,-0.1659642904996872,0.8901427984237671,0.9950839877128601,1722,2430,-0.22505497932434082,0.6759761571884155,0.9935829043388367,2774,1909,-0.04823873192071915,0.2428467869758606,0.994205892086029,2522,2410,-0.04554474353790283,0.20828919112682343,0.9597602486610413,2704,2112,-0.033458806574344635,0.3538564145565033,0.9866461753845215,2640,2312,-0.023828914389014244,0.21781128644943237,0.9545875191688538,3136,2039,-0.10184784978628159,0.17962248623371124,0.8915159702301025,2814,2572,-0.10644352436065674,0.1257355511188507,0.6963742971420288,1216,1147,1279,2265,None,None,None,None,None,None,35.70,nan,nan,nan,nan
False,/data/uabcvmsc/shared/newborn/30/27.08.24 (2)/HM20240827095113.jpeg,36.1,27.3
False,/data/uabcvmsc/shared/newborn/30/27.08.24 (2)/HM20240827095216.jpeg,36.3,27.4
False,/data/uabcvmsc/shared/newborn/30/27.08.24 (2)/HM20240827095318.jpeg,36.5,27.7
True,/data/uabcvmsc/shared/newborn/30/27.08.24 (2)/HM20240827095420.jpeg,36.4,27.5,892,823,0.09604872763156891,0.9995817542076111,0.999764621257782,834,810,0.12393802404403687,0.9993182420730591,0.9994619488716125,848,805,0.12349650263786316,0.9990788698196411,0.9995083808898926,907,772,0.1234956607222557,0.999437153339386,0.9994056224822998,835,823,0.11377096176147461,0.9996649026870728,0.9993011951446533,825,840,0.11322319507598877,0.9996395111083984,0.9994125366210938,814,857,0.11295896768569946,0.9997518658638,0.9993435740470886,962,809,0.24930822849273682,0.9997419714927673,0.9998076558113098,859,981,0.20626379549503326,0.9996464252471924,0.9995707869529724,974,857,0.14654429256916046,0.99973064661026,0.9998282194137573,935,910,0.13062436878681183,0.9997230172157288,0.9996310472488403,1344,876,0.2724609673023224,0.9996976852416992,0.9998729228973389,1044,1388,0.25460267066955566,0.9991937279701233,0.9993029832839966,1614,783,0.2936926782131195,0.5727072954177856,0.9993409514427185,1250,1756,0.32754749059677124,0.6034870147705078,0.9984408020973206,1299,623,0.2116510570049286,0.8349475860595703,0.9999464750289917,972,1752,0.32682302594184875,0.9419066309928894,0.9999439716339111,1260,586,0.19560928642749786,0.8403234481811523,0.9997528195381165,861,1793,0.3183341920375824,0.9554309248924255,0.9998424053192139,1213,626,0.17836128175258636,0.8360432386398315,0.9997926354408264,837,1723,0.2960664927959442,0.9544816613197327,0.9998780488967896,1224,663,0.20304790139198303,0.7863928079605103,0.999916672706604,892,1692,0.316567599773407,0.9352246522903442,0.9999511241912842,2113,1490,-0.006247073411941528,0.9998121857643127,0.9999665021896362,1829,1868,0.005838280543684959,0.9996829032897949,0.9999433755874634,2764,1216,-0.3796265721321106,0.9083703756332397,0.9927686452865601,1598,2435,-0.18083536624908447,0.4953935444355011,0.9791978597640991,3179,2083,-0.3702731132507324,0.33940672874450684,0.928081214427948,2558,2596,-0.0698385238647461,0.11168725043535233,0.8502069711685181,3167,2244,-0.3694530129432678,0.32562848925590515,0.7992305755615234,2728,2528,-0.05721417814493179,0.15597796440124512,0.8376025557518005,3527,2231,-0.48378148674964905,0.17202343046665192,0.4002809524536133,2692,2840,-0.13095851242542267,0.059770166873931885,0.4027928113937378,1194,1132,890,1740,1249,624,None,None,None,None,35.49,35.49,34.59,nan,nan
True,/data/uabcvmsc/shared/newborn/30/27.08.24 (2)/HM20240827095521.jpeg,36.6,27.7,771,904,-0.048665840178728104,0.9998593330383301,0.999845027923584,785,847,-0.016591863706707954,0.9997404217720032,0.9995439648628235,806,831,-0.016934135928750038,0.9995927214622498,0.9995796084403992,836,808,-0.01693621091544628,0.999784529209137,0.9994592070579529,746,923,-0.019852744415402412,0.9998451471328735,0.9993347525596619,738,961,-0.020306391641497612,0.9997863173484802,0.999370276927948,734,987,-0.02056993916630745,0.9998654127120972,0.9991820454597473,925,830,0.12446838617324829,0.9998387098312378,0.9997701048851013,796,1060,0.11265366524457932,0.9996893405914307,0.9993507266044617,884,904,0.004988015629351139,0.9998899698257446,0.9999186992645264,836,984,-0.0015799126122146845,0.9998587369918823,0.9997822642326355,1335,883,0.1715976893901825,0.9998663663864136,0.9999263286590576,1051,1393,0.16481317579746246,0.9993834495544434,0.9994799494743347,1610,774,0.1364976167678833,0.8415355086326599,0.9995993971824646,1207,1773,0.12159226834774017,0.6864987015724182,0.9984027743339539,1325,632,-0.043749578297138214,0.950188398361206,0.9999810457229614,972,1612,-0.0276007242500782,0.8647397756576538,0.9998904466629028,1277,592,-0.07632806152105331,0.9372770190238953,0.9998923540115356,876,1646,-0.0642271563410759,0.860143780708313,0.9996658563613892,1241,628,-0.09048938751220703,0.932525634765625,0.9999275207519531,884,1566,-0.06994258612394333,0.845831573009491,0.9997707009315491,1256,667,-0.051980432122945786,0.8972231149673462,0.9999741315841675,938,1538,-0.03501332178711891,0.806077241897583,0.999910831451416,2034,1437,-0.00399796711280942,0.9998124241828918,0.9999712705612183,1777,1788,0.0036671317648142576,0.9996626377105713,0.9999613761901855,2628,1188,-0.34642642736434937,0.6376123428344727,0.9930992126464844,1644,2406,-0.2529238760471344,0.3197556436061859,0.9863070845603943,3191,1744,-0.20987461507320404,0.11611784994602203,0.9137321710586548,2349,2495,-0.05812845379114151,0.05408197268843651,0.916438639163971,3226,1851,-0.19847087562084198,0.08986017853021622,0.7874251008033752,2477,2368,-0.03739511966705322,0.07491999119520187,0.9148256182670593,3452,1877,-0.31281778216362,0.05334591865539551,0.48553141951560974,2472,2732,-0.10862722992897034,0.02924627624452114,0.6253257989883423,1193,1138,918,1590,1275,630,None,None,None,None,35.69,33.01,34.79,nan,nan
True,/data/uabcvmsc/shared/newborn/30/27.08.24 (2)/HM20240827095623.jpeg,36.4,27.3,918,842,-0.033347636461257935,0.9999933242797852,0.9999966621398926,869,801,0.0028472100384533405,0.9999873638153076,0.9999899864196777,883,791,0.0025016095023602247,0.999980092048645,0.9999896287918091,928,766,0.0025544927921146154,0.9999867677688599,0.9999847412109375,815,888,-0.0061827185563743114,0.9999929666519165,0.9999868869781494,796,940,-0.006646138150244951,0.9999901056289673,0.9999866485595703,795,959,-0.006866812705993652,0.999993085861206,0.9999814033508301,1005,807,0.1546856015920639,0.9999864101409912,0.9999923706054688,838,1033,0.11496350169181824,0.9999843835830688,0.9999831914901733,1010,865,0.024645445868372917,0.9999803304672241,0.9999920129776001,959,940,0.009744950570166111,0.9999805688858032,0.9999819993972778,1366,876,0.19917911291122437,0.9998995065689087,0.9999712705612183,1051,1377,0.18580961227416992,0.9997380375862122,0.9998785257339478,1636,805,0.20453418791294098,0.7193485498428345,0.9997575879096985,1220,1738,0.26541754603385925,0.6810516119003296,0.9995088577270508,1358,632,0.10233219712972641,0.9123439788818359,0.9999879598617554,960,1642,0.2962278723716736,0.8961273431777954,0.9999792575836182,1304,593,0.08966977149248123,0.9023957848548889,0.9999339580535889,864,1661,0.2920179069042206,0.8913928270339966,0.9999324083328247,1249,635,0.07525165379047394,0.8973793387413025,0.9999507665634155,871,1584,0.28322625160217285,0.8853965401649475,0.9999507665634155,1261,673,0.09595295786857605,0.8576863408088684,0.9999818801879883,922,1558,0.29221034049987793,0.8573002815246582,0.9999804496765137,2029,1449,0.00010528814163990319,0.999686598777771,0.9999619722366333,1783,1807,-0.0003726340364664793,0.99951171875,0.9999521970748901,2588,1182,-0.3062564730644226,0.43158549070358276,0.9944372177124023,1580,2389,-0.2863663136959076,0.30232200026512146,0.9918727278709412,3247,1574,-0.2346196323633194,0.044711634516716,0.8578251600265503,2317,2498,-0.14247716963291168,0.03838004171848297,0.9310188293457031,3315,1665,-0.2291654497385025,0.04012104123830795,0.6700800061225891,2442,2399,-0.12659941613674164,0.05396930128335953,0.9215930104255676,3501,1638,-0.30661824345588684,0.0251857191324234,0.4029901325702667,2409,2708,-0.17049936950206757,0.02080170065164566,0.6684308052062988,1208,1126,904,1611,1293,633,None,None,None,None,32.72,32.72,34.54,nan,nan
True,/data/uabcvmsc/shared/newborn/30/27.08.24 (2)/HM20240827095725.jpeg,36.2,27.8,929,749,0.008480867370963097,0.999906063079834,0.9999154806137085,941,722,0.0424673855304718,0.9998266100883484,0.9998133778572083,943,729,0.042060960084199905,0.9997742772102356,0.9998170733451843,945,734,0.04203404113650322,0.9998387098312378,0.9997677206993103,892,771,0.025191476568579674,0.9999173879623413,0.9997686743736267,880,783,0.024718448519706726,0.9999109506607056,0.9997929930686951,866,802,0.024458223953843117,0.9999370574951172,0.9997554421424866,979,804,0.18061259388923645,0.9999104738235474,0.9999001026153564,868,940,0.10389406979084015,0.9999043941497803,0.999817430973053,1035,771,0.06204286962747574,0.9998925924301147,0.999919056892395,983,857,0.03638873249292374,0.9999111890792847,0.999847412109375,1345,884,0.20380058884620667,0.9998371601104736,0.9999253749847412,1036,1388,0.16019737720489502,0.9996604919433594,0.9997444748878479,1644,813,0.2925246059894562,0.7291865348815918,0.999671220779419,1246,1749,0.24876677989959717,0.7963745594024658,0.9992652535438538,1335,634,0.29031097888946533,0.8919801712036133,0.9999749660491943,991,1661,0.28735703229904175,0.9602252840995789,0.9999796152114868,1282,605,0.2947198748588562,0.8834871649742126,0.9998511075973511,890,1693,0.28422558307647705,0.9597553014755249,0.9999308586120605,1232,645,0.2751815915107727,0.8791744709014893,0.9998688697814941,894,1607,0.2743271291255951,0.9585834741592407,0.9999438524246216,1254,680,0.284239798784256,0.8504415154457092,0.9999518394470215,949,1582,0.2835962176322937,0.944451093673706,0.9999784231185913,2025,1471,0.002604053355753422,0.999738872051239,0.9999287128448486,1776,1833,-0.00279029062949121,0.9996538162231445,0.9999192953109741,2604,1186,-0.2870215177536011,0.6752690076828003,0.9710015654563904,1562,2424,-0.25340160727500916,0.5600813031196594,0.9699420928955078,3057,1671,-0.14494167268276215,0.04796251282095909,0.7932193279266357,2336,2474,-0.14156466722488403,0.09798645973205566,0.8614280819892883,3073,1738,-0.12844641506671906,0.04272603988647461,0.6321642398834229,2435,2369,-0.1263771802186966,0.11331028491258621,0.8580295443534851,3256,1844,-0.18495550751686096,0.024299805983901024,0.39466479420661926,2462,2649,-0.17642734944820404,0.044947657734155655,0.5075411200523376,1190,1136,931,1636,1276,641,None,None,None,None,35.34,35.34,34.52,nan,nan
False,/data/uabcvmsc/shared/newborn/30/27.08.24 (2)/HM20240827095826.jpeg,36.0,27.1
True,/data/uabcvmsc/shared/newborn/30/27.08.24 (2)/HM20240827095929.jpeg,36.0,27.3,917,713,0.0890020802617073,0.9978261590003967,0.9981492757797241,893,720,0.12003632634878159,0.9964969754219055,0.9965039491653442,926,701,0.11949049681425095,0.9959912896156311,0.9969795942306519,924,712,0.11946436017751694,0.9976381063461304,0.9967365860939026,878,752,0.09725166857242584,0.998259961605072,0.9952055215835571,870,773,0.09671860933303833,0.9983896017074585,0.9961549639701843,860,793,0.09643013775348663,0.9988264441490173,0.9960072636604309,955,807,0.24827498197555542,0.9992430210113525,0.9992104768753052,884,931,0.14984194934368134,0.9985218644142151,0.997621476650238,1034,743,0.1402125209569931,0.9991816878318787,0.9993658661842346,994,801,0.10832571238279343,0.9989784955978394,0.9982743263244629,1356,856,0.29339203238487244,0.9996843338012695,0.9998540878295898,1058,1368,0.1719377338886261,0.998754620552063,0.998767614364624,1630,788,0.4660272002220154,0.28704145550727844,0.9994750618934631,1289,1706,0.3212769329547882,0.4848947823047638,0.9975003600120544,1331,648,0.5217289328575134,0.6222599744796753,0.999935507774353,1018,1635,0.41867634654045105,0.9054569005966187,0.9999432563781738,1296,635,0.5327399969100952,0.7086474895477295,0.9996724128723145,905,1682,0.42276766896247864,0.9412053823471069,0.999847412109375,1238,671,0.5106543898582458,0.7166715264320374,0.9996912479400635,900,1606,0.39832594990730286,0.9433572292327881,0.9998663663864136,1258,709,0.5151615142822266,0.6596716046333313,0.9998691082000732,948,1576,0.4113996624946594,0.9184008240699768,0.999948263168335,2146,1466,0.0321115106344223,0.9997922778129578,0.9999628067016602,1837,1867,-0.03233860060572624,0.9996929168701172,0.9999358654022217,2768,1195,-0.2321477234363556,0.825283944606781,0.9835212230682373,1540,2406,-0.20069019496440887,0.5539556741714478,0.9663087129592896,2745,2056,-0.16475455462932587,0.17022018134593964,0.9829064011573792,2430,2571,-0.07344181835651398,0.15908727049827576,0.8803857564926147,2661,2238,-0.1528932899236679,0.24919968843460083,0.9610970616340637,2512,2425,-0.054870255291461945,0.17511311173439026,0.884330153465271,3100,2245,-0.22630593180656433,0.10962583124637604,0.7826188206672668,2645,2734,-0.12289126962423325,0.08412841707468033,0.478285551071167,1207,1112,943,1625,1267,653,None,None,None,None,32.52,34.23,34.23,nan,nan
False,/data/uabcvmsc/shared/newborn/30/27.08.24 (2)/HM20240827100031.jpeg,36.0,27.3
False,/data/uabcvmsc/shared/newborn/30/27.08.24 (2)/HM20240827100136.jpeg,36.0,27.4
True,/data/uabcvmsc/shared/newborn/30/27.08.24 (2)/HM20240827100238.jpeg,36.1,27.3,896,787,0.13411405682563782,0.9991232752799988,0.9996795654296875,861,766,0.17557401955127716,0.9987627267837524,0.9994503855705261,879,755,0.17512565851211548,0.9984543323516846,0.99946528673172,894,745,0.17511104047298431,0.9990984201431274,0.9993554949760437,812,843,0.15633997321128845,0.9993762373924255,0.9993213415145874,802,888,0.15574753284454346,0.999397873878479,0.9994140863418579,808,907,0.15544773638248444,0.9995700716972351,0.9993181228637695,968,794,0.3358127772808075,0.9994544386863708,0.9996680021286011,869,980,0.25255700945854187,0.9990817308425903,0.9993401169776917,1001,782,0.19442524015903473,0.9994710087776184,0.9997790455818176,941,881,0.1669526845216751,0.9992826581001282,0.9994909763336182,1362,818,0.3734208047389984,0.9997050166130066,0.9997703433036804,1014,1351,0.2619971036911011,0.9993459582328796,0.9992726445198059,1638,806,0.4801963269710541,0.4838264286518097,0.998969316482544,1241,1719,0.2248041331768036,0.6686453223228455,0.9970033764839172,1358,660,0.4291784167289734,0.8232321739196777,0.9999555349349976,987,1495,0.09500601142644882,0.9436116218566895,0.9999626874923706,1317,597,0.42402759194374084,0.8456302285194397,0.999790608882904,918,1514,0.06616003066301346,0.951738715171814,0.9998968839645386,1264,629,0.40379977226257324,0.8482380509376526,0.9998328685760498,914,1436,0.05763598158955574,0.948603630065918,0.9999206066131592,1279,666,0.42135125398635864,0.8136380910873413,0.9999319314956665,951,1433,0.0888529047369957,0.9263637065887451,0.9999693632125854,2084,1454,0.011436471715569496,0.9996901750564575,0.999895453453064,1771,1819,-0.011815827339887619,0.9995469450950623,0.9998514652252197,2673,1426,-0.3676706552505493,0.7572588324546814,0.9872101545333862,1500,2368,-0.2696804702281952,0.4065993130207062,0.9753445982933044,2720,2305,-0.33470597863197327,0.21453014016151428,0.9619510769844055,2410,2542,-0.11960197240114212,0.09891500324010849,0.8791096210479736,2667,2419,-0.3295697867870331,0.2906250059604645,0.9037008881568909,2479,2414,-0.100040003657341,0.1462463140487671,0.8758897185325623,3031,2541,-0.4236324429512024,0.12691399455070496,0.5908995270729065,2594,2810,-0.16108277440071106,0.053980011492967606,0.4630550444126129,1188,1084,942,1470,1304,638,None,None,None,None,32.55,32.55,34.34,nan,nan
True,/data/uabcvmsc/shared/newborn/30/27.08.24 (2)/HM20240827100339.jpeg,36.4,27.5,821,858,-0.038818359375,0.9999237060546875,0.9999483823776245,819,824,-0.008103074505925179,0.9998679161071777,0.9998767375946045,840,798,-0.008457193151116371,0.9998231530189514,0.9998764991760254,850,784,-0.008376548998057842,0.9998825788497925,0.9998339414596558,795,885,-0.010490459389984608,0.9999357461929321,0.999840259552002,794,907,-0.01100162137299776,0.9999285936355591,0.9998589754104614,784,939,-0.011252661235630512,0.9999462366104126,0.9998339414596558,945,778,0.13312861323356628,0.9999432563781738,0.9999264478683472,837,983,0.12759803235530853,0.9999350309371948,0.9998831748962402,921,846,0.016017165035009384,0.9999268054962158,0.9999345541000366,873,922,0.011491813696920872,0.9999181032180786,0.9998345375061035,1361,819,0.19851462543010712,0.9997478127479553,0.9998630285263062,1061,1314,0.18902625143527985,0.999438464641571,0.9996336698532104,1688,761,0.17213408648967743,0.8787761926651001,0.9988343119621277,1234,1680,0.33307743072509766,0.8460862040519714,0.999113142490387,1393,453,0.03236320987343788,0.9629095196723938,0.9999587535858154,965,1645,0.38560572266578674,0.9839174747467041,0.9999808073043823,1346,361,0.009551969356834888,0.9611734747886658,0.999789297580719,862,1665,0.38494616746902466,0.9844315648078918,0.9999356269836426,1281,389,-0.006727065425366163,0.9603617191314697,0.9998530149459839,853,1595,0.36333614587783813,0.9842021465301514,0.9999493360519409,1288,448,0.02281871624290943,0.943289041519165,0.9999434947967529,896,1581,0.37757420539855957,0.9783097505569458,0.9999806880950928,2018,1449,-0.0017048375448212028,0.9998065829277039,0.9999576807022095,1715,1756,0.0014227060601115227,0.9997476935386658,0.9999552965164185,2681,1177,-0.27719560265541077,0.9673097729682922,0.9918625354766846,1353,2293,-0.17063409090042114,0.8216520547866821,0.9908397793769836,2805,2103,-0.22933411598205566,0.6916343569755554,0.9888381958007812,2187,2520,-0.04753202199935913,0.3990193009376526,0.9625433087348938,2679,2179,-0.22237184643745422,0.6879891753196716,0.9703173637390137,2329,2486,-0.03172171488404274,0.41089311242103577,0.9615862369537354,2972,2309,-0.32120582461357117,0.5077639818191528,0.8271200060844421,2316,2750,-0.09876403212547302,0.2582394480705261,0.7313030958175659,1211,1066,894,1622,1327,413,None,None,None,None,35.49,35.49,nan,nan,nan
True,/data/uabcvmsc/shared/newborn/30/27.08.24 (2)/HM20240827100440.jpeg,36.3,27.1,801,875,0.01599988341331482,0.9993947744369507,0.9993915557861328,801,843,0.042111340910196304,0.9988479614257812,0.9986400008201599,809,831,0.04169132560491562,0.9986039996147156,0.9987976551055908,816,818,0.041735485196113586,0.9991956353187561,0.998598039150238,797,899,0.038599610328674316,0.9994064569473267,0.9981738328933716,796,928,0.03804349899291992,0.9993793964385986,0.9985001087188721,797,947,0.03774179890751839,0.9995600581169128,0.9984015822410583,914,805,0.1617465764284134,0.9996334314346313,0.9995074272155762,856,990,0.1535736471414566,0.9993962049484253,0.9989433884620667,890,860,0.06345260143280029,0.999760091304779,0.999769389629364,881,922,0.05797308683395386,0.9996591806411743,0.9992775321006775,1370,796,0.2160678505897522,0.9998109936714172,0.9998787641525269,1074,1314,0.2041325718164444,0.9991853833198547,0.9994114637374878,1707,747,0.21089425683021545,0.8138889074325562,0.9990629553794861,1257,1688,0.3442908823490143,0.663285493850708,0.9990347623825073,1406,456,0.05005557835102081,0.9543878436088562,0.9999730587005615,978,1660,0.35628193616867065,0.9520745277404785,0.9999570846557617,1346,358,0.02200866863131523,0.9555720686912537,0.99986732006073,874,1674,0.3464341461658478,0.9605487585067749,0.9998592138290405,1287,388,-0.000243215705268085,0.955878496170044,0.9999046325683594,859,1606,0.31731072068214417,0.9605209827423096,0.9998836517333984,1297,443,0.03804183378815651,0.9341195821762085,0.999962329864502,912,1584,0.344027578830719,0.946824848651886,0.999955415725708,2085,1469,-0.006698549259454012,0.9997474551200867,0.9999357461929321,1755,1769,0.006386162247508764,0.9996383190155029,0.9999268054962158,2759,1174,-0.3086383640766144,0.8917756676673889,0.9847975373268127,1351,2318,-0.17226067185401917,0.5337703227996826,0.9783358573913574,2847,2101,-0.25131773948669434,0.3361179828643799,0.9739418625831604,2143,2546,-0.0321681946516037,0.12867991626262665,0.9179193377494812,2699,2194,-0.2427976280450821,0.3630543649196625,0.9394146203994751,2268,2435,-0.014025519602000713,0.17734044790267944,0.9270946979522705,2982,2297,-0.3390733301639557,0.20097395777702332,0.7529372572898865,2251,2808,-0.068649061024189,0.08090025186538696,0.6421091556549072,1222,1055,906,1631,1334,411,None,None,None,None,32.58,34.46,nan,nan,nan
True,/data/uabcvmsc/shared/newborn/30/27.08.24 (2)/HM20240827100542.jpeg,36.2,27.3,858,869,0.043280892074108124,0.9999301433563232,0.9999754428863525,855,810,0.08296167850494385,0.9998800754547119,0.9999556541442871,862,802,0.08252269774675369,0.9998631477355957,0.9999537467956543,869,792,0.08259175717830658,0.9998939037322998,0.9999346733093262,823,907,0.0692591592669487,0.9999387264251709,0.9999377727508545,865,865,0.0687454342842102,0.9999409914016724,0.9999388456344604,850,890,0.06846127659082413,0.9999417066574097,0.9999179840087891,986,775,0.2475331872701645,0.9999587535858154,0.9999723434448242,904,1024,0.19006192684173584,0.9999383687973022,0.9999310970306396,1037,844,0.10729697346687317,0.9998346567153931,0.999913215637207,991,922,0.08743619918823242,0.9998201727867126,0.9997772574424744,1368,809,0.31920450925827026,0.9996101260185242,0.999809205532074,1070,1336,0.23926712572574615,0.9987726807594299,0.9989707469940186,1697,759,0.3858555555343628,0.6424111127853394,0.9985954165458679,1240,1692,0.4025196135044098,0.6043652296066284,0.9968858361244202,1403,457,0.35987526178359985,0.9134594798088074,0.9999377727508545,990,1647,0.5293340682983398,0.9365542531013489,0.9999309778213501,1355,341,0.3598610460758209,0.9238675236701965,0.9996812343597412,876,1675,0.5419628620147705,0.9477199912071228,0.9998016953468323,1282,386,0.3407127261161804,0.9263017177581787,0.9997528195381165,875,1590,0.5272679924964905,0.9481012225151062,0.9998502731323242,1288,448,0.3509659171104431,0.9045528769493103,0.9998985528945923,933,1554,0.526654839515686,0.9342666268348694,0.9999386072158813,2096,1457,0.010656510479748249,0.9995552897453308,0.9998733997344971,1773,1772,-0.010927069000899792,0.999222993850708,0.9997865557670593,2765,1171,-0.2923448085784912,0.9358022212982178,0.9884375929832458,1367,2318,-0.1810636669397354,0.5628825426101685,0.9738723039627075,2763,2039,-0.2650487422943115,0.5408039689064026,0.9749071598052979,2149,2520,-0.01384672150015831,0.1477123200893402,0.886794924736023,2686,2212,-0.2592337429523468,0.6282963156700134,0.9360615015029907,2299,2479,0.0073165809735655785,0.2588430643081665,0.9031227827072144,3084,2257,-0.343901127576828,0.35675692558288574,0.6774849891662598,2270,2825,-0.031442344188690186,0.09056742489337921,0.5086485147476196,1219,1072,918,1616,1332,408,None,None,None,None,32.61,35.29,nan,nan,nan
True,/data/uabcvmsc/shared/newborn/30/27.08.24 (2)/HM20240827100643.jpeg,36.4,27.2,805,870,0.05200665071606636,0.9997887015342712,0.9998445510864258,801,841,0.08395570516586304,0.9996015429496765,0.9997244477272034,807,824,0.08353881537914276,0.9995867609977722,0.9997510313987732,814,810,0.08362331241369247,0.9997120499610901,0.9997016787528992,793,900,0.0782879963517189,0.9997768998146057,0.9995947480201721,792,931,0.07777315378189087,0.9997897744178772,0.9996418952941895,791,957,0.07748795300722122,0.9998124241828918,0.9995883107185364,910,795,0.2234112024307251,0.999901533126831,0.9999059438705444,843,1016,0.20537324249744415,0.9998064637184143,0.9997177720069885,887,851,0.10708516836166382,0.9998809099197388,0.9998992681503296,874,921,0.09848793596029282,0.9998272061347961,0.999648928642273,1354,789,0.29144924879074097,0.9998410940170288,0.9999101161956787,1060,1325,0.27255669236183167,0.999276340007782,0.9994010925292969,1711,753,0.3007850646972656,0.8453660011291504,0.9988095760345459,1246,1688,0.4953811764717102,0.6169326305389404,0.9986042380332947,1407,460,0.17390549182891846,0.9675300121307373,0.9999784231185913,995,1665,0.6148269772529602,0.9403159022331238,0.999958872795105,1356,368,0.1515313982963562,0.967037558555603,0.9999064207077026,895,1691,0.6236993074417114,0.9512189626693726,0.9998868703842163,1291,387,0.13322506844997406,0.9677830338478088,0.9999338388442993,878,1615,0.5988580584526062,0.951604425907135,0.9999076128005981,1300,447,0.16390055418014526,0.9502331614494324,0.9999723434448242,928,1590,0.6077987551689148,0.936286449432373,0.9999616146087646,2108,1450,-0.0016574835171923041,0.9996364116668701,0.9998762607574463,1759,1779,0.001464448170736432,0.9994730353355408,0.9998188614845276,2773,1161,-0.31974172592163086,0.9211832880973816,0.9794665575027466,1383,2327,-0.19942620396614075,0.6738995313644409,0.9654154777526855,2767,2025,-0.25269651412963867,0.36166292428970337,0.960941731929779,2207,2565,-0.04450947791337967,0.15640510618686676,0.8283852338790894,2686,2200,-0.24278752505779266,0.44195717573165894,0.9180387854576111,2354,2530,-0.025189800187945366,0.22255918383598328,0.8574446439743042,3073,2272,-0.3448226749897003,0.23916715383529663,0.7057397961616516,2342,2828,-0.09307125955820084,0.10275261849164963,0.48580753803253174,1207,1057,924,1640,1338,416,None,None,None,None,32.72,34.56,nan,nan,nan
True,/data/uabcvmsc/shared/newborn/30/27.08.24 (2)/HM20240827100745.jpeg,36.3,27.4,822,865,0.04398077726364136,0.999817430973053,0.9998823404312134,813,827,0.07966192066669464,0.9996839761734009,0.9998000264167786,828,808,0.07922281324863434,0.9996672868728638,0.999809205532074,844,790,0.079294353723526,0.9997515082359314,0.9997554421424866,796,898,0.07308228313922882,0.9998262524604797,0.9997075200080872,795,932,0.07254580408334732,0.9998371601104736,0.9997320771217346,794,961,0.07222085446119308,0.9998476505279541,0.9996770620346069,925,789,0.2231164276599884,0.9999202489852905,0.9999189376831055,845,1026,0.1995329111814499,0.9998519420623779,0.9997770190238953,924,849,0.09924004971981049,0.9998262524604797,0.9998633861541748,883,925,0.08921993523836136,0.9997703433036804,0.9995680451393127,1361,797,0.29558902978897095,0.9996901750564575,0.9998225569725037,1051,1331,0.24700996279716492,0.9989614486694336,0.9989802241325378,1700,760,0.365918904542923,0.7404654622077942,0.9984191656112671,1230,1692,0.442315012216568,0.6525220274925232,0.9976453185081482,1399,468,0.3424113094806671,0.9371888637542725,0.9999501705169678,993,1663,0.5654295682907104,0.9433107972145081,0.9999337196350098,1353,368,0.34105420112609863,0.9413622617721558,0.9997639060020447,890,1693,0.5750294327735901,0.9518592357635498,0.9998120665550232,1291,388,0.31778794527053833,0.9431179761886597,0.9998227953910828,876,1615,0.5579400062561035,0.9523971080780029,0.9998464584350586,1300,449,0.3326653242111206,0.9224289655685425,0.999925971031189,928,1587,0.561183750629425,0.9401839375495911,0.999936580657959,2093,1464,0.005640885327011347,0.9995667338371277,0.9998220801353455,1766,1785,-0.005849875509738922,0.9993273019790649,0.9997218251228333,2744,1168,-0.3041920065879822,0.9416976571083069,0.9799460768699646,1390,2318,-0.1786041259765625,0.6494625806808472,0.9587664604187012,2776,2033,-0.262668639421463,0.5164819955825806,0.9614569544792175,2151,2509,-0.017005490139126778,0.16450707614421844,0.8179231286048889,2687,2191,-0.2553626298904419,0.5864983797073364,0.9096920490264893,2290,2469,0.003488547634333372,0.25128626823425293,0.8476980328559875,3104,2258,-0.35775983333587646,0.35279417037963867,0.6281228065490723,2291,2778,-0.05463790148496628,0.11058483272790909,0.4381524920463562,1206,1064,922,1640,1336,418,None,None,None,None,32.71,34.49,nan,nan,nan
True,/data/uabcvmsc/shared/newborn/30/27.08.24 (2)/HM20240827100847.jpeg,36.0,27.0,806,844,0.013245170935988426,0.9997226595878601,0.9997474551200867,810,823,0.045362990349531174,0.9995138645172119,0.9995088577270508,821,814,0.044930048286914825,0.9994431138038635,0.9995520710945129,830,805,0.04496794939041138,0.999639630317688,0.9994581341743469,794,880,0.037364061921834946,0.9997343420982361,0.9992697834968567,798,899,0.036821398884058,0.9997283816337585,0.9993478655815125,799,918,0.03653200343251228,0.9997767806053162,0.9992361068725586,917,811,0.1846417933702469,0.9998648166656494,0.999808132648468,846,978,0.15425290167331696,0.9997504353523254,0.9994599223136902,899,831,0.06757346540689468,0.9998144507408142,0.999800980091095,877,892,0.05572191998362541,0.9997565150260925,0.9994096755981445,1355,806,0.24270886182785034,0.9997599720954895,0.9998528957366943,1056,1334,0.20758037269115448,0.9989719390869141,0.9990750551223755,1701,757,0.26388898491859436,0.8254995942115784,0.9989978671073914,1241,1695,0.36305344104766846,0.7151188254356384,0.9980672001838684,1395,461,0.15211163461208344,0.9617694616317749,0.9999661445617676,1003,1665,0.4239346385002136,0.9547688961029053,0.999932050704956,1356,349,0.13375213742256165,0.9622612595558167,0.9998273253440857,900,1695,0.4237669110298157,0.9627050161361694,0.9997949004173279,1283,389,0.11173567920923233,0.9623669385910034,0.9998694658279419,885,1623,0.4001982510089874,0.9627345204353333,0.9998325109481812,1295,446,0.14069892466068268,0.9455183744430542,0.9999486207962036,936,1596,0.41547006368637085,0.9517450928688049,0.9999332427978516,2070,1461,0.0010433141142129898,0.9997150301933289,0.9999058246612549,1757,1769,-0.0013323808088898659,0.999535322189331,0.9998592138290405,2770,1167,-0.2809164822101593,0.9455545544624329,0.9807595610618591,1382,2313,-0.1576269567012787,0.6753641963005066,0.9672020077705383,2841,2071,-0.21794737875461578,0.5054327845573425,0.9707214832305908,2165,2513,-0.0067564039491117,0.21110114455223083,0.8848612904548645,2679,2187,-0.2084018439054489,0.5291264057159424,0.9314141273498535,2307,2471,0.01276925764977932,0.27785056829452515,0.8969498872756958,3017,2277,-0.3012499511241913,0.319306880235672,0.707095205783844,2296,2768,-0.04099871963262558,0.13001514971256256,0.5383649468421936,1206,1070,931,1645,1332,411,None,None,None,None,32.36,34.20,nan,nan,nan
True,/data/uabcvmsc/shared/newborn/30/27.08.24 (2)/HM20240827100949.jpeg,36.3,27.5,795,860,0.02987799048423767,0.9997767806053162,0.9997989535331726,793,831,0.06063047796487808,0.9996271133422852,0.9996100068092346,808,815,0.06022556498646736,0.9995788931846619,0.9996449947357178,819,802,0.06029599905014038,0.9997206330299377,0.9995778203010559,768,883,0.05833934247493744,0.9997950196266174,0.9994271993637085,768,915,0.05782005190849304,0.9997877478599548,0.9994989633560181,762,942,0.05754683166742325,0.9998286962509155,0.9994389414787292,911,793,0.19080431759357452,0.9998981952667236,0.9998641014099121,805,1004,0.18698586523532867,0.9998261332511902,0.9996638298034668,874,857,0.08031050860881805,0.9998891353607178,0.9998863935470581,845,924,0.07608013600111008,0.9998565912246704,0.999640941619873,1337,795,0.2440558224916458,0.9997976422309875,0.9998860359191895,1043,1335,0.244110107421875,0.9993176460266113,0.999437153339386,1698,760,0.223483607172966,0.8278679847717285,0.9986671209335327,1231,1694,0.44294825196266174,0.7639096975326538,0.9987747073173523,1405,454,0.08119349926710129,0.9617573022842407,0.999970555305481,976,1658,0.5544835329055786,0.9682300686836243,0.9999713897705078,1361,368,0.05778558552265167,0.9643967151641846,0.9998633861541748,873,1690,0.5623752474784851,0.9714490175247192,0.9999138116836548,1297,386,0.041123855859041214,0.9638711214065552,0.9999030828475952,867,1611,0.5416168570518494,0.9710023999214172,0.9999297857284546,1306,447,0.07174555212259293,0.9445440173149109,0.999961256980896,907,1590,0.5484017729759216,0.9615662693977356,0.9999719858169556,2038,1457,-0.00483162235468626,0.9997876286506653,0.9999356269836426,1732,1770,0.004581147339195013,0.999710738658905,0.9999175071716309,2751,1170,-0.29118669033050537,0.9571709632873535,0.985797107219696,1380,2312,-0.16066822409629822,0.7959267497062683,0.9811772108078003,2838,2070,-0.20933566987514496,0.5334766507148743,0.9797032475471497,2190,2502,-0.02454126626253128,0.3228382170200348,0.9210058450698853,2692,2179,-0.1976388841867447,0.5459079742431641,0.9507431983947754,2331,2461,-0.006626061163842678,0.3579433560371399,0.9253082871437073,3010,2287,-0.2973133325576782,0.35703882575035095,0.768363356590271,2326,2733,-0.07441378384828568,0.20439378917217255,0.6007949709892273,1190,1065,906,1637,1342,414,None,None,None,None,32.78,34.54,nan,nan,nan
True,/data/uabcvmsc/shared/newborn/30/27.08.24 (2)/HM20240827101051.jpeg,36.3,27.2,795,867,0.008483348414301872,0.9998469352722168,0.9998842477798462,794,838,0.04154771938920021,0.9997519850730896,0.9998084902763367,812,815,0.04114757478237152,0.9997155070304871,0.9998218417167664,825,801,0.0411723293364048,0.9998084902763367,0.999783456325531,775,896,0.03570987284183502,0.9998617172241211,0.9997208714485168,783,924,0.03516172990202904,0.9998631477355957,0.9997488856315613,784,947,0.03488137573003769,0.999883770942688,0.9997052550315857,915,803,0.18578822910785675,0.9999321699142456,0.9999114274978638,832,1006,0.16422836482524872,0.9998736381530762,0.9997746348381042,892,848,0.06437211483716965,0.9998917579650879,0.9998928308486938,857,937,0.055108554661273956,0.9998610019683838,0.9996936321258545,1347,808,0.24719801545143127,0.9998340606689453,0.9999018907546997,1051,1341,0.22070668637752533,0.999461829662323,0.99951171875,1696,766,0.2719898521900177,0.9213781356811523,0.9991089701652527,1239,1699,0.34535330533981323,0.8915696740150452,0.9983190894126892,1402,474,0.1704266369342804,0.9882750511169434,0.9999784231185913,991,1658,0.3618925213813782,0.9904493689537048,0.9999722242355347,1359,373,0.15331301093101501,0.9884336590766907,0.99989914894104,893,1684,0.3559434711933136,0.99177086353302,0.9999254941940308,1294,396,0.13090726733207703,0.988606870174408,0.9999222755432129,876,1607,0.33644765615463257,0.9916518330574036,0.9999369382858276,1305,455,0.15908104181289673,0.9840922355651855,0.9999690055847168,925,1580,0.35383090376853943,0.9886819124221802,0.9999744892120361,2063,1450,-0.0035653342492878437,0.9997789263725281,0.9999001026153564,1742,1764,0.0033633385319262743,0.9996649026870728,0.999852180480957,2744,1191,-0.3139384090900421,0.9626027941703796,0.9820299744606018,1393,2326,-0.16820594668388367,0.7658063173294067,0.9734125137329102,2876,2088,-0.21433214843273163,0.6544685959815979,0.9746042490005493,2187,2545,-0.019717836752533913,0.36956965923309326,0.8996188044548035,2717,2227,-0.201907679438591,0.6897005438804626,0.9386969208717346,2336,2502,-0.0016831796383485198,0.4440353214740753,0.907209038734436,3097,2267,-0.29447242617607117,0.4388898015022278,0.6728641390800476,2322,2826,-0.06645816564559937,0.22685441374778748,0.5060531497001648,1199,1074,921,1632,1340,424,None,None,None,None,32.62,34.44,nan,nan,nan
True,/data/uabcvmsc/shared/newborn/30/27.08.24 (2)/HM20240827101153.jpeg,36.1,27.4,804,842,-0.010773664340376854,0.9998301267623901,0.9998598098754883,800,813,0.022594714537262917,0.9996826648712158,0.9997319579124451,814,799,0.022175997495651245,0.999646782875061,0.9997462630271912,833,778,0.02221100963652134,0.9997522234916687,0.9996793270111084,785,867,0.015439582988619804,0.9998345375061035,0.9996241331100464,789,901,0.014906204305589199,0.9998400211334229,0.9996634721755981,792,923,0.014612391591072083,0.9998598098754883,0.9995993971824646,920,795,0.16563542187213898,0.9999176263809204,0.9998884201049805,846,987,0.13881535828113556,0.9998615980148315,0.9997283816337585,900,836,0.04481876268982887,0.9998538494110107,0.9998561143875122,872,901,0.034096792340278625,0.9998175501823425,0.9995916485786438,1342,811,0.22885265946388245,0.9997307658195496,0.9998242259025574,1063,1338,0.19964811205863953,0.999160885810852,0.9991716146469116,1687,754,0.2667055130004883,0.8357632160186768,0.9986708164215088,1242,1699,0.351793497800827,0.7918047904968262,0.9979261159896851,1411,461,0.20033572614192963,0.9533291459083557,0.9999462366104126,990,1661,0.4155040383338928,0.9678726196289062,0.9999469518661499,1359,367,0.18853378295898438,0.9515514969825745,0.9997410178184509,881,1694,0.41727542877197266,0.9715065360069275,0.9998466968536377,1292,393,0.16630591452121735,0.9518419504165649,0.9998062252998352,869,1614,0.39785438776016235,0.971398651599884,0.9998797178268433,1305,449,0.18949174880981445,0.9334418773651123,0.9999213218688965,918,1589,0.40874186158180237,0.9620538949966431,0.9999507665634155,2049,1447,-0.0025119734928011894,0.9997219443321228,0.9998968839645386,1735,1752,0.002312073716893792,0.9995738863945007,0.9998502731323242,2737,1192,-0.31179964542388916,0.9609244465827942,0.9884011745452881,1399,2309,-0.16162265837192535,0.7040433287620544,0.9810125827789307,2751,2049,-0.23112064599990845,0.625103235244751,0.980726420879364,2193,2529,-0.0007633629720658064,0.28054341673851013,0.9077435731887817,2699,2218,-0.22067099809646606,0.6618071794509888,0.9522054195404053,2337,2491,0.018307389691472054,0.3431354761123657,0.9151418805122375,3043,2283,-0.3186701536178589,0.43097031116485596,0.7594209909439087,2320,2799,-0.047957729548215866,0.17542648315429688,0.5842440128326416,1202,1074,914,1640,1342,418,None,None,None,None,32.59,34.33,nan,nan,nan
True,/data/uabcvmsc/shared/newborn/30/27.08.24 (2)/HM20240827101255.jpeg,36.0,27.2,793,861,0.0035439704079180956,0.9995587468147278,0.999586284160614,798,835,0.03440612554550171,0.999200165271759,0.9991714954376221,815,814,0.03396160528063774,0.999078631401062,0.9992485642433167,825,801,0.033976439386606216,0.9994211196899414,0.9991011619567871,783,885,0.028398126363754272,0.9995689988136292,0.9987964630126953,785,902,0.027848821133375168,0.9995699524879456,0.998943030834198,794,932,0.027545951306819916,0.9996556043624878,0.998788058757782,910,808,0.17260444164276123,0.9997846484184265,0.999663233757019,832,977,0.15132221579551697,0.9995926022529602,0.9991474151611328,887,846,0.05793404579162598,0.9997466206550598,0.9997485280036926,852,916,0.04862663149833679,0.9996625185012817,0.9992626309394836,1359,805,0.23276731371879578,0.999757707118988,0.9998403787612915,1059,1332,0.21049241721630096,0.9990133047103882,0.9991006851196289,1705,756,0.25028878450393677,0.877112627029419,0.9989619255065918,1248,1692,0.3501240313053131,0.7359815835952759,0.9980431795120239,1406,459,0.12563541531562805,0.9736948609352112,0.999970555305481,994,1657,0.37331172823905945,0.9697619676589966,0.9999487400054932,1360,348,0.1045641154050827,0.9720442891120911,0.9998518228530884,894,1685,0.367415189743042,0.9745405316352844,0.9998530149459839,1288,390,0.08198171854019165,0.9720491170883179,0.9998890161514282,876,1611,0.3415888845920563,0.9744870662689209,0.9998794794082642,1298,453,0.11391822248697281,0.9586824178695679,0.9999566078186035,927,1585,0.36285290122032166,0.9655269384384155,0.9999520778656006,2109,1455,-0.0033900942653417587,0.9997463822364807,0.9999104738235474,1763,1778,0.0031247904989868402,0.999592125415802,0.9998711347579956,2774,1174,-0.3092774450778961,0.9455043077468872,0.985625684261322,1377,2322,-0.18038086593151093,0.6942815184593201,0.9791672229766846,2797,2034,-0.1948092132806778,0.49571213126182556,0.9749568700790405,2186,2533,-0.01641961559653282,0.2450757920742035,0.9121447205543518,2694,2205,-0.18058224022388458,0.5191399455070496,0.941998302936554,2340,2491,0.0036623976193368435,0.30873292684555054,0.9193450212478638,3072,2260,-0.27056044340133667,0.30723485350608826,0.7485539317131042,2300,2813,-0.05481911078095436,0.14811697602272034,0.5941566228866577,1209,1068,923,1634,1338,412,None,None,None,None,32.45,34.24,nan,nan,nan
True,/data/uabcvmsc/shared/newborn/30/27.08.24 (2)/HM20240827101357.jpeg,36.0,27.0,808,868,0.019397679716348648,0.9998218417167664,0.9998880624771118,806,837,0.05296703055500984,0.999717652797699,0.9998190999031067,824,816,0.052552416920661926,0.9996850490570068,0.9998327493667603,837,803,0.052602168172597885,0.9997867941856384,0.9997950196266174,788,903,0.048352424055337906,0.9998302459716797,0.999711811542511,789,929,0.047808580100536346,0.9998273253440857,0.9997275471687317,785,965,0.047522544860839844,0.9998465776443481,0.9996671676635742,905,812,0.19626139104366302,0.999923825263977,0.9999227523803711,836,1019,0.1808432787656784,0.9998304843902588,0.999745786190033,911,854,0.07499034702777863,0.9998581409454346,0.999881386756897,869,943,0.06743033230304718,0.9998012185096741,0.9996156692504883,1350,806,0.25814759731292725,0.9997850060462952,0.9998704195022583,1064,1337,0.24391618371009827,0.999101996421814,0.999115526676178,1701,764,0.2774498164653778,0.8683749437332153,0.9987180233001709,1238,1698,0.4184408485889435,0.7667520046234131,0.9975444674491882,1399,480,0.18531860411167145,0.9754721522331238,0.9999710321426392,988,1659,0.5017262697219849,0.9686689376831055,0.9999459981918335,1360,373,0.17020006477832794,0.9752802848815918,0.9998620748519897,886,1682,0.5075376033782959,0.9729474782943726,0.9998507499694824,1290,400,0.15057946741580963,0.9753865599632263,0.9998986721038818,872,1611,0.48784342408180237,0.972639799118042,0.9998750686645508,1299,455,0.1754414141178131,0.9643698930740356,0.9999592304229736,921,1582,0.49528637528419495,0.9646715521812439,0.9999489784240723,2074,1451,-0.005119786132127047,0.9996721744537354,0.9998654127120972,1754,1768,0.004892053082585335,0.9994469285011292,0.999774158000946,2750,1180,-0.33081310987472534,0.9428759813308716,0.9808295965194702,1386,2317,-0.16190657019615173,0.6461192965507507,0.9635292291641235,2875,2091,-0.2597336173057556,0.568732500076294,0.9673975706100464,2154,2522,-0.004064016044139862,0.21919620037078857,0.860448956489563,2721,2226,-0.24986784160137177,0.6289315819740295,0.9217709898948669,2296,2479,0.01512912381440401,0.307425856590271,0.8786435723304749,3098,2258,-0.3511374592781067,0.3722306489944458,0.6504425406455994,2294,2787,-0.047703228890895844,0.13547953963279724,0.49577978253364563,1207,1072,917,1634,1337,427,None,None,None,None,32.36,34.20,nan,nan,nan
True,/data/uabcvmsc/shared/newborn/30/27.08.24 (2)/HM20240827101458.jpeg,36.1,27.0,858,855,0.18226167559623718,0.9999932050704956,0.9999986886978149,840,849,0.22796982526779175,0.9999889135360718,0.9999973773956299,848,822,0.2276514619588852,0.9999895095825195,0.9999973773956299,849,814,0.2276102602481842,0.9999911785125732,0.9999970197677612,819,885,0.21682991087436676,0.9999922513961792,0.9999958276748657,817,894,0.21651418507099152,0.9999922513961792,0.9999951124191284,803,920,0.21630801260471344,0.9999912977218628,0.999992847442627,897,826,0.3831380307674408,0.9999936819076538,0.9999984502792358,833,993,0.33156445622444153,0.9999853372573853,0.9999912977218628,928,859,0.23509149253368378,0.9999834299087524,0.9999966621398926,890,938,0.21747179329395294,0.9999768733978271,0.999991774559021,1268,792,0.36840274930000305,0.9999829530715942,0.9999890327453613,992,1313,0.31362733244895935,0.9999338388442993,0.9999104738235474,1641,730,0.2820272445678711,0.8524729013442993,0.9997599720954895,1149,1583,0.1711108386516571,0.9366843700408936,0.9990660548210144,1451,392,0.1519903540611267,0.9750757813453674,0.999996542930603,877,1342,0.07364633679389954,0.9691053628921509,0.9999717473983765,1460,253,0.13729286193847656,0.9713894128799438,0.9999901056289673,830,1258,0.04260537028312683,0.956879198551178,0.999944806098938,1382,246,0.11434513330459595,0.970255434513092,0.9999912977218628,814,1225,0.0622379407286644,0.950977087020874,0.9999557733535767,1379,312,0.13937672972679138,0.9670172929763794,0.9999964237213135,840,1258,0.07531414926052094,0.947327196598053,0.9999786615371704,1775,1125,-0.0061032152734696865,0.9993112087249756,0.9996860027313232,1687,1454,0.005366801284253597,0.9992932081222534,0.9994538426399231,1715,1088,-0.1477891206741333,0.8137266039848328,0.9996435642242432,1545,1733,-0.2593839466571808,0.9072641730308533,0.9996071457862854,2262,1393,-0.38425084948539734,0.4357907772064209,0.9959728121757507,2113,1636,-0.48912864923477173,0.48395371437072754,0.9959734082221985,2401,1458,-0.41483110189437866,0.767663836479187,0.9844820499420166,2272,1597,-0.5139337182044983,0.8605550527572632,0.9924134612083435,2269,1493,-0.5605342984199524,0.74882972240448,0.9648668169975281,2112,1695,-0.6353583335876465,0.8267289400100708,0.962541401386261,1130,1052,None,None,1418,301,2192,1646,2335,1476,32.46,nan,nan,35.17,34.28
True,/data/uabcvmsc/shared/newborn/30/27.08.24 (2)/HM20240827101600.jpeg,36.2,27.0,841,873,0.08309082686901093,0.9999309778213501,0.9999567270278931,818,852,0.1252443492412567,0.9998289346694946,0.9999052286148071,820,840,0.12494030594825745,0.9998425245285034,0.9999094009399414,840,815,0.12485700845718384,0.9998683929443359,0.9998990297317505,813,904,0.12012653797864914,0.9998928308486938,0.9998469352722168,810,934,0.11979791522026062,0.99989914894104,0.999829888343811,809,949,0.11950089037418365,0.9998860359191895,0.9997549653053284,893,803,0.2729950249195099,0.9999103546142578,0.9999498128890991,846,1020,0.2512829601764679,0.9998401403427124,0.9997485280036926,902,842,0.13402782380580902,0.9998003840446472,0.9999349117279053,886,928,0.12516678869724274,0.999715268611908,0.9998262524604797,1263,796,0.25873565673828125,0.9999265670776367,0.9999032020568848,1017,1318,0.27732768654823303,0.9995821118354797,0.9991878867149353,1631,715,0.17208510637283325,0.8769024014472961,0.999284565448761,1215,1618,0.13815702497959137,0.8896060585975647,0.9968216419219971,1451,393,0.05397508665919304,0.9662636518478394,0.999982476234436,953,1459,0.007044659927487373,0.9211428165435791,0.9998906850814819,1479,257,0.03563791140913963,0.9578680396080017,0.9999480247497559,885,1361,-0.02755192667245865,0.8920851945877075,0.9998069405555725,1395,254,0.010940051637589931,0.9580970406532288,0.9999548196792603,867,1327,-0.011454085819423199,0.8741361498832703,0.9998502731323242,1394,320,0.04018571227788925,0.9561597108840942,0.9999809265136719,900,1349,0.006147760897874832,0.8681156039237976,0.9999268054962158,1758,1181,-0.05116525664925575,0.9982545971870422,0.9986324906349182,1648,1479,0.050512585788965225,0.9981151819229126,0.998132050037384,1640,1403,-0.22037535905838013,0.7139458656311035,0.9994156360626221,1503,1961,-0.13786399364471436,0.6230221390724182,0.9985419511795044,2255,1714,-0.3658619821071625,0.4119493067264557,0.9846493601799011,2103,2107,-0.3314337730407715,0.3315296173095703,0.9759701490402222,2411,1762,-0.388234943151474,0.6868376731872559,0.9339576959609985,2288,2062,-0.3562617003917694,0.7684429287910461,0.9605221748352051,2275,1868,-0.5241616368293762,0.6254440546035767,0.8652334809303284,2086,2375,-0.47673362493515015,0.5997134447097778,0.830197274684906,1140,1057,901,1374,1430,306,None,None,None,None,32.52,34.32,nan,nan,nan
True,/data/uabcvmsc/shared/newborn/30/27.08.24 (2)/HM20240827101702.jpeg,36.2,27.2,932,775,0.11539556831121445,0.9999983310699463,0.9999988079071045,887,783,0.16462254524230957,0.9999971389770508,0.9999982118606567,907,755,0.16426050662994385,0.9999978542327881,0.9999983310699463,910,750,0.16416987776756287,0.9999978542327881,0.9999980926513672,883,807,0.14908042550086975,0.9999980926513672,0.9999967813491821,877,833,0.14874210953712463,0.9999982118606567,0.9999959468841553,869,859,0.14852997660636902,0.9999973773956299,0.9999936819076538,963,778,0.33078452944755554,0.9999991655349731,0.9999991655349731,915,994,0.2634492814540863,0.9999980926513672,0.9999929666519165,1011,789,0.17357137799263,0.9999940395355225,0.9999936819076538,985,866,0.15126648545265198,0.9999911785125732,0.9999810457229614,1329,795,0.3138510584831238,0.9999715089797974,0.9999781847000122,1104,1346,0.29603004455566406,0.999779999256134,0.9997245669364929,1648,726,0.26748842000961304,0.9628129601478577,0.9997003078460693,1265,1648,0.318339467048645,0.9835635423660278,0.9989185333251953,1457,389,0.20354345440864563,0.9956668615341187,0.9999957084655762,971,1466,0.4261803925037384,0.9905595183372498,0.9999712705612183,1474,244,0.19663898646831512,0.9945886135101318,0.9999862909317017,923,1395,0.43033310770988464,0.9869166612625122,0.9999423027038574,1402,243,0.16979338228702545,0.9945906400680542,0.9999867677688599,904,1360,0.44143080711364746,0.9847336411476135,0.9999507665634155,1399,319,0.18944333493709564,0.9943759441375732,0.9999946355819702,937,1381,0.4304158389568329,0.9841790795326233,0.9999774694442749,1918,1189,-0.043310776352882385,0.998953104019165,0.9980118274688721,1807,1512,0.04271240159869194,0.9986967444419861,0.9961554408073425,1827,1378,-0.20676159858703613,0.9900864958763123,0.9993715882301331,1542,2060,-0.05919874086976051,0.9573565721511841,0.9975222945213318,2293,1836,-0.4029184877872467,0.8521047234535217,0.9847384691238403,2129,2144,-0.29229655861854553,0.680395245552063,0.9586772322654724,2433,1906,-0.42568421363830566,0.9511444568634033,0.927679717540741,2323,2089,-0.31838691234588623,0.9342249631881714,0.9347450733184814,2234,2007,-0.517948567867279,0.9395906329154968,0.852637529373169,2058,2397,-0.3928186297416687,0.8764612674713135,0.7689311504364014,1216,1070,934,1400,1433,299,None,None,None,None,32.60,34.40,nan,nan,nan
True,/data/uabcvmsc/shared/newborn/30/27.08.24 (2)/HM20240827101804.jpeg,36.3,27.3,848,836,0.1316843032836914,0.9999885559082031,0.9999927282333374,841,812,0.1795157492160797,0.9999731779098511,0.9999821186065674,846,803,0.17917123436927795,0.9999737739562988,0.9999823570251465,859,779,0.179049551486969,0.9999780654907227,0.9999792575836182,828,866,0.17304083704948425,0.9999858140945435,0.9999738931655884,826,905,0.1726418137550354,0.9999867677688599,0.9999727010726929,827,924,0.1723620891571045,0.9999852180480957,0.999961256980896,907,760,0.3443576991558075,0.9999860525131226,0.9999885559082031,878,1006,0.3167254626750946,0.9999785423278809,0.9999573230743408,929,837,0.18701878190040588,0.9999716281890869,0.9999849796295166,917,901,0.17657889425754547,0.9999626874923706,0.9999657869338989,1307,769,0.31351760029792786,0.9999672174453735,0.9999668598175049,1085,1317,0.32487234473228455,0.9998356103897095,0.9997944235801697,1651,724,0.22002871334552765,0.9633035063743591,0.9996910095214844,1273,1652,0.12462540715932846,0.9803732633590698,0.9987496137619019,1463,391,0.0661768764257431,0.992883563041687,0.9999879598617554,973,1481,-0.09285830706357956,0.9930670261383057,0.9999591112136841,1478,249,0.04124046117067337,0.990764856338501,0.9999654293060303,916,1396,-0.14192183315753937,0.9902713298797607,0.9999269247055054,1409,244,0.011854303069412708,0.9909177422523499,0.9999690055847168,892,1356,-0.12892010807991028,0.9887592792510986,0.9999451637268066,1403,312,0.049452897161245346,0.9909937977790833,0.9999866485595703,923,1376,-0.09703392535448074,0.9866329431533813,0.9999746084213257,1907,1140,-0.054738570004701614,0.9980560541152954,0.9971972703933716,1823,1463,0.05388448014855385,0.9982059001922607,0.9963263869285583,1782,1473,-0.22400495409965515,0.9693046808242798,0.998788058757782,1577,1992,-0.09324777126312256,0.871032178401947,0.9966542720794678,2318,1853,-0.4277659058570862,0.7359904050827026,0.9354334473609924,2166,2185,-0.3431747853755951,0.4704810678958893,0.8822481036186218,2484,1905,-0.4543551504611969,0.9017066955566406,0.7370492219924927,2362,2142,-0.37319377064704895,0.8621941208839417,0.80851811170578,2265,2021,-0.5763437151908875,0.8638802170753479,0.6058006882667542,2113,2469,-0.4787515103816986,0.7476882934570312,0.5459315776824951,1196,1043,926,1402,1438,299,None,None,None,None,32.66,34.50,nan,nan,nan
True,/data/uabcvmsc/shared/newborn/30/27.08.24 (2)/HM20240827101905.jpeg,36.3,27.4,851,841,0.12548750638961792,0.9999924898147583,0.9999948740005493,829,819,0.1731383353471756,0.9999834299087524,0.9999891519546509,834,809,0.17278586328029633,0.9999853372573853,0.99998939037323,853,797,0.1726835072040558,0.9999871253967285,0.9999878406524658,815,890,0.16211757063865662,0.9999903440475464,0.9999827146530151,816,907,0.16176120936870575,0.9999910593032837,0.9999806880950928,814,945,0.1615118384361267,0.9999891519546509,0.999971866607666,906,784,0.33497586846351624,0.9999933242797852,0.9999946355819702,865,1029,0.28719666600227356,0.9999884366989136,0.9999727010726929,918,835,0.18121318519115448,0.9999809265136719,0.9999879598617554,908,894,0.16470050811767578,0.9999750852584839,0.9999701976776123,1306,784,0.3165549337863922,0.9999701976776123,0.9999690055847168,1095,1355,0.3042445778846741,0.9998621940612793,0.9997931122779846,1642,726,0.2327776551246643,0.9326368570327759,0.9996585845947266,1270,1657,0.22726556658744812,0.9758839011192322,0.9989333748817444,1458,397,0.09557139128446579,0.9895508885383606,0.9999908208847046,971,1499,0.17584839463233948,0.9914683103561401,0.999976396560669,1474,255,0.07381986826658249,0.9869591593742371,0.999970555305481,924,1432,0.15209850668907166,0.9875726699829102,0.9999524354934692,1405,254,0.045490194112062454,0.9868919253349304,0.9999740123748779,901,1379,0.162991464138031,0.9855087399482727,0.9999634027481079,1400,322,0.07909023761749268,0.9863793849945068,0.9999895095825195,926,1389,0.17558808624744415,0.983519971370697,0.9999834299087524,1888,1140,-0.03771700710058212,0.9982948899269104,0.9974824786186218,1775,1479,0.037037670612335205,0.9982008934020996,0.9961780309677124,1953,1351,-0.20856048166751862,0.9294947385787964,0.9978253841400146,1626,1996,-0.13107769191265106,0.8308154940605164,0.995650589466095,2469,1696,-0.371335506439209,0.48853540420532227,0.9371289014816284,2226,2097,-0.3500094711780548,0.2917307913303375,0.8924493193626404,2618,1753,-0.39321771264076233,0.8157987594604492,0.7654058933258057,2418,2043,-0.3760679066181183,0.7569342255592346,0.828423023223877,2450,1831,-0.5072213411331177,0.7405414581298828,0.6665352582931519,2199,2337,-0.47667616605758667,0.6161016821861267,0.5754790306091309,1200,1070,930,1425,1434,307,None,None,2618,1753,32.71,32.71,nan,nan,31.83
True,/data/uabcvmsc/shared/newborn/30/27.08.24 (2)/HM20240827102007.jpeg,36.0,27.1,860,803,-0.01677202247083187,0.9999964237213135,0.9999974966049194,852,807,0.027888597920536995,0.9999942779541016,0.9999957084655762,857,802,0.027558868750929832,0.9999939203262329,0.9999957084655762,876,771,0.02755848318338394,0.9999954700469971,0.9999946355819702,837,855,0.017501866444945335,0.9999967813491821,0.9999927282333374,831,892,0.017067182809114456,0.9999959468841553,0.9999920129776001,825,876,0.016824308782815933,0.9999959468841553,0.9999877214431763,934,752,0.19397474825382233,0.9999969005584717,0.9999974966049194,846,959,0.15204806625843048,0.9999951124191284,0.9999877214431763,945,818,0.044111430644989014,0.9999872446060181,0.9999884366989136,953,892,0.0290574599057436,0.9999825954437256,0.9999665021896362,1332,795,0.21272985637187958,0.999889612197876,0.999943733215332,1093,1346,0.2234419286251068,0.9995079040527344,0.9996830224990845,1638,711,0.1855536252260208,0.7730804085731506,0.9991394281387329,1280,1662,0.2939904034137726,0.9147682785987854,0.9984392523765564,1459,391,0.09323176741600037,0.9530121088027954,0.9999786615371704,977,1483,0.3741573691368103,0.9188459515571594,0.9999496936798096,1480,252,0.08025280386209488,0.9446669220924377,0.9999246597290039,932,1396,0.3794558048248291,0.8654420971870422,0.9998841285705566,1404,250,0.054033420979976654,0.9491884112358093,0.9999370574951172,916,1374,0.3853597342967987,0.8556913733482361,0.9999020099639893,1395,314,0.07940935343503952,0.9378873705863953,0.9999738931655884,939,1391,0.37716227769851685,0.83452969789505,0.9999562501907349,1933,1321,-0.051640067249536514,0.9980770349502563,0.9978773593902588,1731,1632,0.05132829397916794,0.9978126287460327,0.9976389408111572,2124,1588,-0.2813415229320526,0.6477067470550537,0.9941154718399048,1449,2252,-0.08483725041151047,0.3706841766834259,0.9908778071403503,2410,1940,-0.2907772958278656,0.16793103516101837,0.8869786858558655,2128,2289,-0.1410205215215683,0.10888326168060303,0.8569113612174988,2481,1971,-0.29276591539382935,0.22246676683425903,0.6921446919441223,2294,2251,-0.14735734462738037,0.23997032642364502,0.8118544816970825,2379,2121,-0.38410770893096924,0.14545482397079468,0.6933112144470215,2095,2538,-0.22086118161678314,0.09856578707695007,0.6238096356391907,1212,1070,941,1411,1434,302,None,None,None,None,32.41,34.19,nan,nan,nan
True,/data/uabcvmsc/shared/newborn/30/27.08.24 (2)/HM20240827102109.jpeg,36.0,27.2,845,825,0.018126236274838448,0.9999871253967285,0.999995231628418,832,824,0.06215604022145271,0.9999790191650391,0.9999915361404419,835,815,0.06181977316737175,0.9999781847000122,0.9999916553497314,851,786,0.06182080879807472,0.9999842643737793,0.9999895095825195,827,873,0.04839206486940384,0.9999865293502808,0.9999861717224121,831,887,0.04797401279211044,0.9999839067459106,0.9999850988388062,810,894,0.047737542539834976,0.9999841451644897,0.9999778270721436,894,778,0.2139616310596466,0.9999902248382568,0.9999955892562866,833,975,0.1558050662279129,0.9999815225601196,0.9999790191650391,926,823,0.07283271104097366,0.9999550580978394,0.9999784231185913,916,872,0.05318800359964371,0.9999334812164307,0.9999382495880127,1286,803,0.23918120563030243,0.9998735189437866,0.9999278783798218,1052,1355,0.19329018890857697,0.9994868040084839,0.9995593428611755,1631,717,0.23920020461082458,0.39839687943458557,0.9991549253463745,1243,1681,0.26810023188591003,0.859443187713623,0.9985264539718628,1469,396,0.20422020554542542,0.817099928855896,0.9999774694442749,951,1470,0.3886304199695587,0.9062580466270447,0.9999711513519287,1479,260,0.20606663823127747,0.8134436011314392,0.9999231100082397,906,1392,0.39706727862358093,0.8425853848457336,0.9999308586120605,1405,266,0.17798148095607758,0.8247370719909668,0.9999337196350098,899,1358,0.40617722272872925,0.8299534916877747,0.9999417066574097,1399,334,0.1913258284330368,0.8014355301856995,0.9999723434448242,921,1365,0.3934442102909088,0.797436535358429,0.9999743700027466,1852,1251,-0.022478368133306503,0.9971688389778137,0.997787356376648,1707,1538,0.022151349112391472,0.9969059824943542,0.9970777034759521,1956,1413,-0.16689497232437134,0.2695503532886505,0.9968223571777344,1590,2061,-0.12743327021598816,0.19622568786144257,0.9946584105491638,2365,1837,-0.2996813952922821,0.15650585293769836,0.9627671837806702,2156,2216,-0.24638214707374573,0.07382087409496307,0.9126848578453064,2458,1901,-0.3164914548397064,0.2510272264480591,0.8594420552253723,2312,2182,-0.25969287753105164,0.19493812322616577,0.8734812140464783,2375,1962,-0.4280095398426056,0.14891119301319122,0.8240023851394653,2151,2453,-0.34853771328926086,0.07371638715267181,0.7308287620544434,1169,1079,919,1396,1438,314,None,None,None,None,32.45,34.24,nan,nan,nan
True,/data/uabcvmsc/shared/newborn/30/27.08.24 (2)/HM20240827102211.jpeg,36.2,27.0,847,825,-0.07682701200246811,0.9997507929801941,0.9999046325683594,825,814,-0.04199482128024101,0.9995104074478149,0.9997062087059021,845,785,-0.042313069105148315,0.999220609664917,0.9997329115867615,852,774,-0.042325880378484726,0.9996296167373657,0.9996776580810547,805,865,-0.05288141965866089,0.9997319579124451,0.999618411064148,804,878,-0.053322773426771164,0.9995936751365662,0.9996515512466431,795,907,-0.0535794235765934,0.9997668862342834,0.999550998210907,898,773,0.10646937787532806,0.9993846416473389,0.9998301267623901,833,980,0.05998295173048973,0.9992978572845459,0.9995515942573547,915,831,-0.022162210196256638,0.9997057318687439,0.9999336004257202,890,881,-0.03827303275465965,0.9996125102043152,0.9998399019241333,1314,811,0.14688867330551147,0.9998751878738403,0.9999223947525024,1067,1330,0.09676696360111237,0.9995805621147156,0.999722421169281,1653,725,0.05134238302707672,0.4516884684562683,0.9993896484375,1240,1689,-0.036605868488550186,0.641588568687439,0.9985499978065491,1468,393,-0.202090784907341,0.7872417569160461,0.9999856948852539,922,1487,-0.23951616883277893,0.763106107711792,0.9999685287475586,1481,262,-0.2447609007358551,0.7653693556785583,0.9999481439590454,913,1395,-0.28766748309135437,0.674527645111084,0.9999293088912964,1406,246,-0.27160900831222534,0.7678768038749695,0.9999626874923706,900,1355,-0.28650110960006714,0.645891010761261,0.9999508857727051,1401,313,-0.21953347325325012,0.7030110359191895,0.9999855756759644,924,1379,-0.24612697958946228,0.5597118139266968,0.9999796152114868,1904,1348,-0.016068561002612114,0.9990577101707458,0.999883770942688,1704,1651,0.015611428767442703,0.9989109039306641,0.9998767375946045,2143,1384,-0.19376438856124878,0.032651785761117935,0.9986892342567444,1391,2330,-0.1875912845134735,0.02621636539697647,0.9984691739082336,2633,1740,-0.16937993466854095,0.021083256229758263,0.9803262948989868,2157,2346,-0.12873689830303192,0.011586184613406658,0.9877347350120544,2725,1827,-0.1732930988073349,0.03128662332892418,0.9372371435165405,2323,2306,-0.12530545890331268,0.027204914018511772,0.982939600944519,2720,1758,-0.30272310972213745,0.017940668389201164,0.909004807472229,2186,2565,-0.22861365973949432,0.010641485452651978,0.9425214529037476,1190,1070,922,1487,1439,304,None,None,None,None,32.52,35.26,nan,nan,nan
True,/data/uabcvmsc/shared/newborn/30/27.08.24 (2)/HM20240827102312.jpeg,36.3,27.4,839,839,0.0011389346327632666,0.9999350309371948,0.9999337196350098,821,818,0.04174735024571419,0.999883770942688,0.9998691082000732,827,807,0.04143238440155983,0.9998759031295776,0.999880313873291,832,796,0.0414106622338295,0.9999175071716309,0.999864935874939,805,868,0.030767647549510002,0.999921441078186,0.999792754650116,799,899,0.030333029106259346,0.9999030828475952,0.9997889399528503,796,914,0.0300445593893528,0.9999134540557861,0.999715268611908,890,792,0.1846219152212143,0.9999402761459351,0.9999420642852783,837,992,0.13761866092681885,0.999901533126831,0.9997597336769104,920,826,0.052052438259124756,0.9998701810836792,0.9998778104782104,892,900,0.03553493320941925,0.9998037219047546,0.9996907711029053,1311,814,0.19339604675769806,0.9997532963752747,0.9997484087944031,1038,1329,0.18243496119976044,0.9990900754928589,0.9987731575965881,1648,730,0.14207422733306885,0.4688156843185425,0.9976295232772827,1157,1637,0.21521317958831787,0.8108353018760681,0.9961967468261719,1453,392,0.0410279743373394,0.8244534730911255,0.9999489784240723,935,1471,0.28146418929100037,0.7317370772361755,0.9997403025627136,1474,255,0.0283669326454401,0.8207215666770935,0.999855637550354,910,1389,0.28009048104286194,0.608002245426178,0.9994101524353027,1406,251,-0.0008469876484014094,0.836675226688385,0.9998737573623657,904,1359,0.2878095209598541,0.5935806035995483,0.9995036125183105,1400,316,0.025899942964315414,0.8124973773956299,0.9999442100524902,928,1368,0.2838163673877716,0.5697367787361145,0.9997650980949402,1835,1280,-0.04511455073952675,0.9948450326919556,0.9932168126106262,1688,1557,0.04466547816991806,0.9947054982185364,0.9923787117004395,1806,1605,-0.2235455960035324,0.14615023136138916,0.9949479103088379,1485,2216,-0.14154133200645447,0.13246944546699524,0.9892804026603699,2347,1896,-0.3521377742290497,0.10226162523031235,0.8887057304382324,2145,2281,-0.2671142518520355,0.06116132065653801,0.8448963165283203,2468,1924,-0.3696463406085968,0.13096608221530914,0.6615058779716492,2305,2243,-0.2821322977542877,0.1628253012895584,0.7938899397850037,2369,2050,-0.4940279722213745,0.10042335838079453,0.6271642446517944,2135,2551,-0.3801402449607849,0.06251885741949081,0.5903560519218445,1174,1072,935,1471,1433,304,None,None,None,None,32.71,35.39,nan,nan,nan
True,/data/uabcvmsc/shared/newborn/30/27.08.24 (2)/HM20240827102414.jpeg,36.0,27.2,835,823,-0.0032628625631332397,0.9998736381530762,0.9998866319656372,828,798,0.036606792360544205,0.9997286200523376,0.9997336268424988,835,789,0.036285124719142914,0.9996947050094604,0.9997617602348328,841,780,0.03627186641097069,0.9998065829277039,0.9997230172157288,806,849,0.023853646591305733,0.9998571872711182,0.9996161460876465,798,882,0.02340417355298996,0.9998346567153931,0.9996352195739746,794,867,0.023114774376153946,0.9998656511306763,0.9995137453079224,882,773,0.18640628457069397,0.9998520612716675,0.9998890161514282,839,971,0.13273437321186066,0.9998098015785217,0.9995977282524109,918,807,0.051669422537088394,0.9998373985290527,0.9998944997787476,883,879,0.033310431987047195,0.9997833371162415,0.9997294545173645,1299,803,0.20442995429039001,0.9998207688331604,0.9998527765274048,1059,1326,0.18420743942260742,0.9992151260375977,0.9992208480834961,1635,717,0.1744675189256668,0.6863640546798706,0.9985223412513733,1241,1683,0.14743296802043915,0.8767933249473572,0.9963986873626709,1469,394,0.04082668572664261,0.9171059727668762,0.9999486207962036,931,1475,0.0837455689907074,0.9115129113197327,0.9999065399169922,1484,274,0.021601559594273567,0.9021221399307251,0.9998396635055542,904,1400,0.06347942352294922,0.8600383996963501,0.9998194575309753,1415,248,-0.008283726871013641,0.9092316031455994,0.9998685121536255,902,1365,0.0697082132101059,0.8476937413215637,0.999859094619751,1404,313,0.024943947792053223,0.8905395269393921,0.9999440908432007,925,1382,0.08327548205852509,0.8094176650047302,0.9999345541000366,1894,1310,-0.04113926738500595,0.9964575171470642,0.9968671202659607,1692,1596,0.040727920830249786,0.9953990578651428,0.9964866638183594,2161,1595,-0.27623221278190613,0.41020455956459045,0.9922837615013123,1454,2281,-0.161436066031456,0.17943449318408966,0.9877974390983582,2609,1918,-0.29188641905784607,0.1739959865808487,0.7852007150650024,2157,2309,-0.17013771831989288,0.057175517082214355,0.8346989154815674,2708,1961,-0.29806047677993774,0.19289930164813995,0.4933818280696869,2325,2266,-0.17309117317199707,0.1354062557220459,0.7829188108444214,2628,2053,-0.42438068985939026,0.12864893674850464,0.48146167397499084,2138,2579,-0.26493415236473083,0.052261702716350555,0.5718228220939636,1179,1064,916,1406,1443,307,None,None,None,None,32.45,34.24,nan,nan,nan
True,/data/uabcvmsc/shared/newborn/30/27.08.24 (2)/HM20240827102516.jpeg,36.1,27.2,841,824,0.10268289595842361,0.9999938011169434,0.9999949932098389,834,806,0.14833964407444,0.9999865293502808,0.9999902248382568,841,795,0.14798809587955475,0.9999889135360718,0.9999904632568359,847,783,0.14794521033763885,0.9999898672103882,0.9999895095825195,811,862,0.13643768429756165,0.9999912977218628,0.9999837875366211,810,881,0.13606618344783783,0.999991774559021,0.9999819993972778,821,921,0.13583345711231232,0.9999896287918091,0.9999747276306152,897,777,0.30123284459114075,0.9999953508377075,0.9999957084655762,872,1009,0.2502806782722473,0.9999915361404419,0.9999765157699585,924,825,0.15595263242721558,0.9999836683273315,0.9999864101409912,895,876,0.13839185237884521,0.9999767541885376,0.999962329864502,1306,793,0.29838940501213074,0.9999513626098633,0.9999619722366333,1066,1305,0.2746160924434662,0.9997739195823669,0.9997034668922424,1634,726,0.2690201699733734,0.9279535412788391,0.9997193217277527,1208,1666,0.3238183856010437,0.9741297364234924,0.9993398785591125,1459,399,0.19338582456111908,0.9912580847740173,0.9999953508377075,935,1499,0.4206531345844269,0.9883506298065186,0.9999810457229614,1486,271,0.18420535326004028,0.9901672601699829,0.9999842643737793,911,1415,0.4201063811779022,0.9835309386253357,0.9999563694000244,1420,252,0.1511571705341339,0.9905761480331421,0.9999855756759644,908,1379,0.4254891574382782,0.9816672801971436,0.9999632835388184,1413,319,0.1768634170293808,0.9897639751434326,0.999994158744812,923,1395,0.42231863737106323,0.9801526665687561,0.9999834299087524,1861,1196,-0.034100815653800964,0.9985566735267639,0.998223602771759,1741,1514,0.03353920206427574,0.998293936252594,0.9971917271614075,1865,1324,-0.1938154697418213,0.9421468377113342,0.9988100528717041,1566,2086,-0.09357848763465881,0.8376461267471313,0.9963024854660034,2425,1790,-0.36893847584724426,0.6475964188575745,0.9758151769638062,2180,2193,-0.2527783215045929,0.3983619809150696,0.9409241676330566,2561,1866,-0.3908667266368866,0.82989501953125,0.8937058448791504,2360,2143,-0.2714254558086395,0.7788999676704407,0.9144198894500732,2418,1942,-0.5054447054862976,0.7852071523666382,0.7977343797683716,2140,2444,-0.3575557768344879,0.6215628385543823,0.7429530024528503,1186,1049,919,1422,1444,310,None,None,None,None,32.51,34.29,nan,nan,nan
True,/data/uabcvmsc/shared/newborn/30/27.08.24 (2)/HM20240827102617.jpeg,36.4,27.3,840,836,-0.03870781138539314,0.9999300241470337,0.9999796152114868,824,837,-0.0024065603502094746,0.9998645782470703,0.9999371767044067,840,810,-0.0027130453381687403,0.9997885823249817,0.9999372959136963,844,804,-0.0027008168399333954,0.9998836517333984,0.9999231100082397,808,877,-0.013069948181509972,0.9999406337738037,0.9999328851699829,809,886,-0.013499198481440544,0.9999234676361084,0.9999418258666992,802,894,-0.01373148150742054,0.9999502897262573,0.9999299049377441,899,784,0.1498832106590271,0.9998306035995483,0.9999477863311768,831,966,0.10320968180894852,0.9998763799667358,0.9999289512634277,906,844,0.015976697206497192,0.9999250173568726,0.9999855756759644,886,888,2.515106461942196e-05,0.99991774559021,0.9999732971191406,1340,804,0.1723930686712265,0.9999412298202515,0.999970555305481,1062,1336,0.12500454485416412,0.9998772144317627,0.9999579191207886,1664,734,0.054434601217508316,0.6135469079017639,0.9994373917579651,1247,1689,-0.09450887143611908,0.7049154043197632,0.9993926286697388,1472,394,-0.21294881403446198,0.8954225182533264,0.9999909400939941,925,1486,-0.3938137888908386,0.935143768787384,0.9999940395355225,1485,251,-0.25563088059425354,0.8992164731025696,0.999969482421875,906,1400,-0.45614397525787354,0.9215683341026306,0.9999876022338867,1408,249,-0.282115638256073,0.9041026830673218,0.9999775886535645,905,1358,-0.4487817585468292,0.9108642339706421,0.9999922513961792,1401,321,-0.23030374944210052,0.8791977763175964,0.9999910593032837,930,1377,-0.40057170391082764,0.8783955574035645,0.9999967813491821,1920,1331,-0.023267757147550583,0.999550998210907,0.9999551773071289,1711,1646,0.022757655009627342,0.9995817542076111,0.9999678134918213,2162,1376,-0.17808903753757477,0.10747851431369781,0.9990146160125732,1397,2332,-0.1733672171831131,0.07180923968553543,0.9993197917938232,2522,1820,-0.13326607644557953,0.06819307804107666,0.9937093257904053,2151,2329,-0.13550113141536713,0.043523844331502914,0.9974566102027893,2604,1901,-0.13371224701404572,0.09025661647319794,0.9812676906585693,2321,2280,-0.1335577517747879,0.08607890456914902,0.9962628483772278,2560,1917,-0.2550489008426666,0.06626921147108078,0.9689043164253235,2193,2564,-0.2370864450931549,0.04109543561935425,0.9809258580207825,1201,1070,916,1405,1442,304,None,None,None,None,32.72,34.54,nan,nan,nan
True,/data/uabcvmsc/shared/newborn/30/27.08.24 (2)/HM20240827102719.jpeg,36.5,27.4,951,741,-0.11692581325769424,0.9998846054077148,0.9999068975448608,906,738,-0.07900089025497437,0.9998002648353577,0.9997789263725281,907,742,-0.07933251559734344,0.9997127652168274,0.9997941851615906,941,673,-0.07933763414621353,0.9998375177383423,0.9997333884239197,864,792,-0.09383043646812439,0.9998977184295654,0.9997013211250305,841,835,-0.09429094940423965,0.9998579025268555,0.9997108578681946,868,813,-0.09456167370080948,0.999906063079834,0.9995946288108826,984,712,0.08339033275842667,0.9997546076774597,0.999824583530426,873,935,0.01955852285027504,0.9997559189796448,0.9995162487030029,1010,757,-0.05642620101571083,0.9997454285621643,0.9998437166213989,995,839,-0.07774058729410172,0.999715268611908,0.9996509552001953,1355,805,0.10675530135631561,0.9996744394302368,0.9996888637542725,1079,1331,0.0693640187382698,0.9988321661949158,0.9989801049232483,1660,736,-0.0018278876086696982,0.5168513059616089,0.997811496257782,1253,1701,-0.052655547857284546,0.7634572386741638,0.9948546886444092,1461,376,-0.26837390661239624,0.7531701326370239,0.9997490048408508,965,1494,-0.24268603324890137,0.746719241142273,0.9996870756149292,1476,246,-0.31479623913764954,0.7570726275444031,0.998903751373291,926,1418,-0.2850625514984131,0.6712346076965332,0.9991587400436401,1403,243,-0.339603453874588,0.7674145102500916,0.9992141723632812,930,1382,-0.2876584827899933,0.65472412109375,0.9994303584098816,1398,306,-0.2862844467163086,0.7274157404899597,0.9996910095214844,952,1395,-0.24993963539600372,0.595335066318512,0.999763548374176,1983,1366,-0.02312786504626274,0.9982971549034119,0.999560534954071,1709,1716,0.022709041833877563,0.9976966977119446,0.9995599389076233,2379,1502,-0.2328469455242157,0.12040962278842926,0.9865013957023621,1411,2332,-0.17872144281864166,0.07614471763372421,0.9863265752792358,2777,1875,-0.18743528425693512,0.04894116520881653,0.815448522567749,2135,2335,-0.08392394334077835,0.020136920735239983,0.9397412538528442,2845,1947,-0.186677485704422,0.0618039108812809,0.6108620762825012,2294,2279,-0.07388848811388016,0.048850610852241516,0.9309857487678528,2861,1976,-0.2942269444465637,0.031706348061561584,0.5188897252082825,2190,2544,-0.13915780186653137,0.015444356016814709,0.7648688554763794,1217,1068,965,1494,1434,293,None,None,None,None,32.86,35.57,nan,nan,nan
True,/data/uabcvmsc/shared/newborn/30/27.08.24 (2)/HM20240827102820.jpeg,36.3,27.5,849,819,-0.10085779428482056,0.9999637603759766,0.9999610185623169,821,815,-0.06241399422287941,0.9999397993087769,0.9999065399169922,827,803,-0.06273649632930756,0.9999130964279175,0.9999169111251831,842,777,-0.06272213906049728,0.999954104423523,0.9998983144760132,803,868,-0.07260045409202576,0.9999654293060303,0.9998575448989868,797,896,-0.07307446748018265,0.9999488592147827,0.9998602867126465,794,912,-0.0733456239104271,0.9999645948410034,0.9998059868812561,902,771,0.10026801377534866,0.9999477863311768,0.999953031539917,862,1000,0.0573667548596859,0.9999234676361084,0.9998076558113098,919,820,-0.040141511708498,0.9999570846557617,0.9999626874923706,898,872,-0.055389538407325745,0.999936580657959,0.9998893737792969,1338,810,0.1461418718099594,0.999884843826294,0.9999266862869263,1075,1347,0.1174202412366867,0.9993240833282471,0.9995415210723877,1672,731,0.07639659196138382,0.8415526747703552,0.9992527365684509,1256,1695,0.06763037294149399,0.8595261573791504,0.9973580241203308,1475,385,-0.1540888100862503,0.9590510725975037,0.9999747276306152,932,1490,-0.05283639580011368,0.8530254364013672,0.9998689889907837,1488,253,-0.1944480836391449,0.9471555352210999,0.9998955726623535,919,1409,-0.08609684556722641,0.7761724591255188,0.9996943473815918,1407,246,-0.22228558361530304,0.948883593082428,0.9999252557754517,920,1369,-0.08608187735080719,0.7572802901268005,0.9997701048851013,1399,314,-0.17153498530387878,0.9292662143707275,0.9999706745147705,938,1385,-0.05733031779527664,0.7110273241996765,0.9999010562896729,1986,1375,-0.021376686170697212,0.9988941550254822,0.9996086955070496,1740,1682,0.021058812737464905,0.9983360171318054,0.9995253086090088,2445,1522,-0.287763774394989,0.3615647852420807,0.9922359585762024,1416,2348,-0.21819575130939484,0.17595621943473816,0.9888161420822144,2899,1911,-0.1808626800775528,0.12057889252901077,0.8352621793746948,2204,2363,-0.045784834772348404,0.030469870194792747,0.9235671758651733,2971,1983,-0.17379315197467804,0.11716757714748383,0.6224927306175232,2357,2314,-0.028962554410099983,0.055687617510557175,0.9112092852592468,3004,2001,-0.3072536289691925,0.07820211350917816,0.5329328775405884,2289,2568,-0.11863388866186142,0.025134392082691193,0.7502315640449524,1206,1078,927,1413,1442,300,None,None,None,None,32.78,34.54,nan,nan,nan
True,/data/uabcvmsc/shared/newborn/30/27.08.24 (2)/HM20240827102922.jpeg,36.4,27.3,921,768,-0.09961836040019989,0.999984622001648,0.9999935626983643,911,774,-0.05702368915081024,0.9999761581420898,0.9999852180480957,914,774,-0.05730974301695824,0.9999624490737915,0.9999855756759644,943,740,-0.057284992188215256,0.9999797344207764,0.9999799728393555,880,818,-0.07151909917593002,0.9999874830245972,0.9999785423278809,861,856,-0.07195065170526505,0.999980092048645,0.9999772310256958,868,848,-0.0721818059682846,0.9999865293502808,0.9999639987945557,1004,721,0.11881356686353683,0.9999603033065796,0.9999858140945435,880,940,0.055988192558288574,0.9999576807022095,0.9999525547027588,1007,802,-0.0348522923886776,0.9999330043792725,0.9999760389328003,1001,875,-0.05578451231122017,0.9999159574508667,0.9999418258666992,1358,826,0.14541944861412048,0.9998151659965515,0.9999033212661743,1065,1324,0.10217940807342529,0.9991174340248108,0.9995750784873962,1675,738,0.046424441039562225,0.5433257222175598,0.999230146408081,1244,1692,-0.010549762286245823,0.6848843097686768,0.9972796440124512,1456,382,-0.19297966361045837,0.7902084589004517,0.9999431371688843,936,1484,-0.1540360301733017,0.5213868021965027,0.9997556805610657,1479,257,-0.23229190707206726,0.7773171663284302,0.9997190833091736,920,1405,-0.18804897367954254,0.4102773070335388,0.9993358254432678,1418,249,-0.2547926902770996,0.7835356593132019,0.9997958540916443,918,1378,-0.1855216920375824,0.3805578052997589,0.999523401260376,1401,317,-0.2092602699995041,0.7430481314659119,0.9999240636825562,931,1385,-0.15835735201835632,0.3431287407875061,0.9998045563697815,1959,1383,-0.02259279415011406,0.9991844296455383,0.9998786449432373,1702,1707,0.0222107395529747,0.998845100402832,0.9998775720596313,2264,1555,-0.2502850592136383,0.13041850924491882,0.9973624348640442,1396,2333,-0.19654248654842377,0.08810046315193176,0.9967368245124817,2590,1956,-0.19521145522594452,0.05125340074300766,0.9519927501678467,2091,2383,-0.09355395287275314,0.02500789426267147,0.9800832271575928,2655,2025,-0.1930793970823288,0.06402476131916046,0.8624528646469116,2250,2336,-0.08289843052625656,0.05979778990149498,0.9741795063018799,2637,2082,-0.2981390058994293,0.036419548094272614,0.8019989728927612,2134,2612,-0.1508892923593521,0.019744643941521645,0.8954898715019226,1212,1075,None,None,1438,301,None,None,None,None,32.72,nan,nan,nan,nan
True,/data/uabcvmsc/shared/newborn/30/27.08.24 (2)/HM20240827103023.jpeg,36.2,27.2,861,811,-0.0494447723031044,0.9999696016311646,0.9999635219573975,836,812,-0.011375172063708305,0.9999538660049438,0.9999309778213501,842,807,-0.011702865362167358,0.9999450445175171,0.99993896484375,857,784,-0.011741649359464645,0.9999676942825317,0.9999305009841919,821,848,-0.023893387988209724,0.9999700784683228,0.9998854398727417,821,860,-0.024327971041202545,0.9999591112136841,0.999882698059082,811,889,-0.024576984345912933,0.9999667406082153,0.9998353719711304,914,770,0.13816262781620026,0.9999758005142212,0.9999663829803467,854,965,0.08481055498123169,0.9999500513076782,0.9998316764831543,935,820,0.00505879707634449,0.9999516010284424,0.9999452829360962,916,857,-0.013129901140928268,0.9999200105667114,0.9998407363891602,1315,816,0.158662810921669,0.9998999834060669,0.999930739402771,1062,1341,0.12762832641601562,0.9993507266044617,0.9994768500328064,1647,732,0.10604193806648254,0.7836660742759705,0.9992515444755554,1238,1677,0.10718779265880585,0.852094829082489,0.9968615770339966,1469,406,-0.04826539754867554,0.9449861645698547,0.9999793767929077,945,1498,0.07427845895290375,0.8050814270973206,0.9998244643211365,1477,269,-0.07131841778755188,0.9364166855812073,0.9999227523803711,921,1423,0.058501217514276505,0.7252027988433838,0.9996114373207092,1405,262,-0.09946901351213455,0.9403693675994873,0.9999363422393799,924,1388,0.05732322856783867,0.7102084159851074,0.9996764659881592,1399,336,-0.0640769749879837,0.9300885200500488,0.9999746084213257,939,1403,0.0710960403084755,0.6897506713867188,0.9998561143875122,1893,1327,-0.02614675462245941,0.9987659454345703,0.9991719722747803,1713,1615,0.025784464552998543,0.9984707236289978,0.9989619255065918,2018,1509,-0.1270439177751541,0.34229910373687744,0.996536135673523,1450,2277,-0.13963234424591064,0.3751649558544159,0.994770348072052,2343,1928,-0.1383001208305359,0.1689610332250595,0.9597551226615906,2098,2269,-0.1750534027814865,0.12858431041240692,0.9484579563140869,2420,1992,-0.1422218382358551,0.17798808217048645,0.8700783252716064,2243,2230,-0.1781739592552185,0.2335873544216156,0.9276919364929199,2351,2051,-0.23235812783241272,0.13804249465465546,0.8203082084655762,2093,2484,-0.24841727316379547,0.110786072909832,0.780448317527771,1188,1078,930,1436,1438,318,None,None,None,None,32.60,34.40,nan,nan,nan
True,/data/uabcvmsc/shared/newborn/30/27.08.24 (2)/HM20240827103125.jpeg,36.1,27.1,858,819,-0.028041871264576912,0.9999974966049194,0.9999978542327881,839,811,0.01615535095334053,0.9999963045120239,0.999996542930603,855,785,0.015849554911255836,0.9999961853027344,0.999996542930603,862,774,0.015850871801376343,0.9999970197677612,0.9999958276748657,824,857,0.005268788430839777,0.9999974966049194,0.9999939203262329,816,888,0.004861287772655487,0.9999969005584717,0.999993085861206,814,902,0.004607402719557285,0.9999966621398926,0.9999890327453613,916,761,0.18085019290447235,0.9999979734420776,0.9999978542327881,858,978,0.13497181236743927,0.9999959468841553,0.9999876022338867,931,823,0.03127391263842583,0.9999908208847046,0.9999891519546509,912,865,0.01523533370345831,0.9999842643737793,0.9999673366546631,1302,810,0.19843655824661255,0.999924898147583,0.9999479055404663,1066,1345,0.18850134313106537,0.9995092153549194,0.9996010661125183,1652,734,0.14170034229755402,0.8185878396034241,0.9990552067756653,1239,1678,0.20226255059242249,0.9121145606040955,0.9976874589920044,1464,408,0.027700111269950867,0.9519078731536865,0.9999852180480957,957,1487,0.2440885454416275,0.828615128993988,0.999843955039978,1485,286,0.013221610337495804,0.9432700276374817,0.9999502897262573,928,1430,0.24259230494499207,0.7301684021949768,0.999642014503479,1415,260,-0.00979262962937355,0.9460572004318237,0.999958872795105,933,1394,0.2512899935245514,0.7063655257225037,0.9996961355209351,1402,331,0.014858542010188103,0.937947154045105,0.9999829530715942,949,1403,0.24669696390628815,0.7028544545173645,0.9998621940612793,1858,1306,-0.04361625015735626,0.9985321760177612,0.9985039234161377,1693,1593,0.0432438962161541,0.9981749057769775,0.99811851978302,1873,1565,-0.23088078200817108,0.7505514025688171,0.9978633522987366,1444,2285,-0.08916137367486954,0.5471143126487732,0.9929982423782349,2269,2012,-0.3478354811668396,0.46032777428627014,0.9578022956848145,2087,2291,-0.1495354324579239,0.18687428534030914,0.9177867770195007,2370,2065,-0.362283319234848,0.52353435754776,0.8396826982498169,2239,2251,-0.1562032401561737,0.4195922017097473,0.8921615481376648,2247,2199,-0.47088801860809326,0.4383755922317505,0.7537034749984741,2072,2528,-0.2272280901670456,0.19212493300437927,0.7251806855201721,1184,1078,942,1428,1442,321,None,None,None,None,32.46,34.30,nan,nan,nan
True,/data/uabcvmsc/shared/newborn/30/27.08.24 (2)/HM20240827103227.jpeg,36.2,27.3,857,868,0.07438213378190994,0.9999774694442749,0.9999884366989136,831,838,0.11313051730394363,0.9999516010284424,0.9999794960021973,832,828,0.11274404078722,0.9999635219573975,0.9999799728393555,863,790,0.11263728886842728,0.9999622106552124,0.999976396560669,823,885,0.10388409346342087,0.9999691247940063,0.999970555305481,818,917,0.10354688763618469,0.9999762773513794,0.9999686479568481,819,909,0.10335832834243774,0.9999701976776123,0.9999585151672363,910,798,0.24368391931056976,0.9999847412109375,0.9999898672103882,854,988,0.20349769294261932,0.9999642372131348,0.9999645948410034,924,838,0.11958017945289612,0.9999411106109619,0.9999805688858032,910,907,0.10527198761701584,0.9999366998672485,0.9999567270278931,1251,813,0.22245796024799347,0.9999761581420898,0.9999756813049316,1082,1297,0.2296348214149475,0.9999457597732544,0.999881386756897,1609,721,0.17887602746486664,0.8933872580528259,0.9994508624076843,1253,1653,0.24468135833740234,0.9570896029472351,0.9986559152603149,1449,379,0.09973591566085815,0.9773682355880737,0.999907374382019,932,1672,0.2566545009613037,0.9965049028396606,0.9999790191650391,1473,250,0.08747965842485428,0.9747977256774902,0.9997588992118835,854,1619,0.24812369048595428,0.9965189695358276,0.9999575614929199,1410,239,0.05900675430893898,0.9753427505493164,0.9997617602348328,837,1602,0.23549774289131165,0.996525228023529,0.9999638795852661,1400,299,0.08456997573375702,0.9773589968681335,0.9998874664306641,875,1607,0.24812471866607666,0.9959782361984253,0.9999823570251465,1787,1069,-0.019564591348171234,0.9950020909309387,0.9918102622032166,1724,1397,0.01878642849624157,0.9958142638206482,0.9863907098770142,1581,812,-0.05505353584885597,0.6236265301704407,0.9885955452919006,1584,1709,-0.024622434750199318,0.702870786190033,0.9897096753120422,1829,1219,-0.11729013919830322,0.06663618236780167,0.9716928601264954,1930,1803,-0.15597353875637054,0.1997116506099701,0.8147516250610352,1927,1317,-0.12626834213733673,0.43580734729766846,0.9301685690879822,2069,1778,-0.16951830685138702,0.6370078325271606,0.7656310200691223,1774,1255,-0.17849110066890717,0.26565805077552795,0.9127568602561951,1874,1932,-0.23088864982128143,0.5026736259460449,0.6492129564285278,1166,1055,874,1625,1433,292,None,None,None,None,32.61,35.29,nan,nan,nan
True,/data/uabcvmsc/shared/newborn/30/27.08.24 (2)/HM20240827103329.jpeg,36.4,27.4,848,835,0.2284606397151947,0.9999973773956299,0.9999998807907104,831,812,0.2806612551212311,0.9999936819076538,0.9999997615814209,839,800,0.2804025411605835,0.9999916553497314,0.9999997615814209,855,774,0.28035902976989746,0.9999936819076538,0.9999996423721313,813,871,0.2713557779788971,0.9999974966049194,0.9999997615814209,814,891,0.27097269892692566,0.9999971389770508,0.9999997615814209,810,924,0.27077358961105347,0.9999974966049194,0.9999996423721313,926,765,0.4482482671737671,0.9999916553497314,0.9999998807907104,873,1005,0.4078180193901062,0.9999936819076538,0.9999996423721313,946,825,0.28460466861724854,0.9999849796295166,0.9999996423721313,924,898,0.2704727053642273,0.9999849796295166,0.9999990463256836,1314,800,0.43161144852638245,0.9999741315841675,0.9999943971633911,1108,1337,0.3780483305454254,0.999951958656311,0.9999819993972778,1646,716,0.296583890914917,0.6791821718215942,0.9998250603675842,1274,1691,0.21204319596290588,0.938835859298706,0.9998421669006348,1459,411,0.1042407676577568,0.8880800604820251,0.9999898672103882,922,1661,0.07224567979574203,0.9851694107055664,0.9999954700469971,1484,306,0.07881785184144974,0.9332395792007446,0.9999736547470093,872,1596,0.03515151888132095,0.9851380586624146,0.9999914169311523,1409,290,0.06620477885007858,0.9321869611740112,0.9999809265136719,861,1553,0.04525957629084587,0.9830365777015686,0.9999934434890747,1410,355,0.09290945529937744,0.9411530494689941,0.9999911785125732,887,1564,0.06845100224018097,0.9774124622344971,0.9999970197677612,1844,1176,-0.0072836000472307205,0.9995273351669312,0.9999772310256958,1729,1506,0.006703248247504234,0.9996612071990967,0.9999755620956421,2016,1343,-0.18075771629810333,0.5661629438400269,0.999876856803894,1779,1923,-0.24876509606838226,0.37016525864601135,0.9997946619987488,2462,1690,-0.2858164310455322,0.26382020115852356,0.9941693544387817,2322,2043,-0.23450802266597748,0.07588215172290802,0.9940422177314758,2581,1779,-0.3037621080875397,0.7586869597434998,0.9769551753997803,2461,2028,-0.23675666749477386,0.5132147073745728,0.9932877421379089,2505,1719,-0.4378877282142639,0.5823633074760437,0.9593148827552795,2369,2142,-0.34489163756370544,0.26395195722579956,0.9843473434448242,1211,1068,886,1594,1440,340,None,None,2581,1779,35.48,34.60,nan,nan,31.88
False,/data/uabcvmsc/shared/newborn/30/27.08.24 (2)/HM20240827103431.jpeg,36.4,27.3
True,/data/uabcvmsc/shared/newborn/30/27.08.24 (2)/HM20240827103533.jpeg,36.5,27.0,834,823,-0.10078799724578857,0.9999805688858032,0.9999781847000122,820,801,-0.0660063773393631,0.9999622106552124,0.9999426603317261,830,786,-0.06628690659999847,0.9999514818191528,0.9999431371688843,844,766,-0.06621905416250229,0.9999706745147705,0.9999271631240845,811,862,-0.06836146116256714,0.9999798536300659,0.9999222755432129,812,896,-0.0688309520483017,0.9999735355377197,0.9999245405197144,816,926,-0.06910330802202225,0.9999812841415405,0.9999032020568848,925,775,0.07964647561311722,0.9999656677246094,0.999957799911499,868,993,0.07331899553537369,0.9999650716781616,0.9999098777770996,924,818,-0.046253692358732224,0.9999735355377197,0.9999755620956421,905,885,-0.051092490553855896,0.9999628067016602,0.9999345541000366,1375,794,0.1136435940861702,0.9999074935913086,0.9999409914016724,1097,1332,0.1581352800130844,0.9997335076332092,0.9998773336410522,1693,729,0.030514894053339958,0.8613319993019104,0.9992192983627319,1209,1677,0.23401950299739838,0.8412832021713257,0.9995816349983215,1386,527,-0.16795630753040314,0.9779572486877441,0.9999926090240479,913,1613,0.2230565994977951,0.958496630191803,0.9999896287918091,1338,436,-0.2019384801387787,0.9748368859291077,0.9999661445617676,897,1542,0.2095162272453308,0.9394153356552124,0.9999642372131348,1278,467,-0.21436375379562378,0.9751518368721008,0.999977707862854,896,1493,0.20512554049491882,0.9336487650871277,0.9999722242355347,1293,519,-0.17634418606758118,0.963065505027771,0.9999916553497314,917,1502,0.21982434391975403,0.9182060360908508,0.9999897480010986,1925,1436,-0.04115138575434685,0.9988331198692322,0.9996376037597656,1693,1717,0.040905971080064774,0.9988952875137329,0.9997809529304504,2212,1681,-0.22017674148082733,0.12329679727554321,0.9830752611160278,1435,2352,-0.14541080594062805,0.14779996871948242,0.9836574196815491,2440,2121,-0.11759310215711594,0.03641364723443985,0.8751143217086792,2109,2428,-0.030348962172865868,0.026127981022000313,0.9316645860671997,2491,2157,-0.10743007063865662,0.046041641384363174,0.7454987168312073,2239,2388,-0.01694704033434391,0.05269232019782066,0.9306280612945557,2427,2343,-0.19235540926456451,0.03205598518252373,0.7279730439186096,2182,2639,-0.07670394331216812,0.02076019160449505,0.8111627697944641,1236,1063,906,1538,1324,487,None,None,None,None,35.53,34.60,36.02,nan,nan
True,/data/uabcvmsc/shared/newborn/30/27.08.24 (2)/HM20240827103634.jpeg,36.2,27.3,825,899,-0.0356641486287117,0.9999022483825684,0.9998961687088013,815,854,-0.00922488234937191,0.9997941851615906,0.9998124241828918,825,838,-0.00952786486595869,0.9998154044151306,0.9998205304145813,849,808,-0.00945138931274414,0.9997900128364563,0.9997605681419373,805,919,-0.0020182165317237377,0.999923825263977,0.9997884631156921,800,949,-0.00250920164398849,0.9999462366104126,0.9998362064361572,797,969,-0.002940807491540909,0.999941349029541,0.9998241066932678,924,796,0.1118113100528717,0.9999415874481201,0.9999246597290039,840,1016,0.15179556608200073,0.999962568283081,0.9999090433120728,914,864,0.012045321986079216,0.9999068975448608,0.9999407529830933,894,949,0.02048604004085064,0.9998935461044312,0.9998339414596558,1334,785,0.1723436713218689,0.999736487865448,0.9998904466629028,1113,1279,0.2243882566690445,0.9994483590126038,0.9997890591621399,1644,735,0.23196592926979065,0.9728116989135742,0.9986580610275269,1311,1618,0.3427833616733551,0.8884647488594055,0.999138355255127,1455,381,0.2367306500673294,0.9824197292327881,0.9998965263366699,1029,1663,0.3513309359550476,0.9805541038513184,0.9999547004699707,1463,272,0.23958724737167358,0.9763017296791077,0.9996095299720764,915,1695,0.34737101197242737,0.9777880311012268,0.999902606010437,1386,254,0.20397040247917175,0.9801027178764343,0.999660849571228,905,1626,0.3302180767059326,0.9788784980773926,0.9999032020568848,1378,309,0.22226208448410034,0.9783573150634766,0.9998331069946289,955,1610,0.34302467107772827,0.9755293130874634,0.999954342842102,1984,1407,-0.047683075070381165,0.9993618130683899,0.9994516968727112,1694,1698,0.04758286476135254,0.9993299245834351,0.9996132254600525,2364,1564,-0.42196160554885864,0.9953247308731079,0.9851959943771362,1375,2303,-0.12339723855257034,0.9234049916267395,0.9638475179672241,2619,2310,-0.3508896231651306,0.9004485011100769,0.8355125784873962,2182,2486,0.011933829635381699,0.4364634156227112,0.7475638389587402,2635,2345,-0.34276801347732544,0.8669437766075134,0.6364192962646484,2333,2448,0.026568826287984848,0.5133714079856873,0.7783834934234619,2759,2602,-0.47587236762046814,0.8242781758308411,0.3746609389781952,2271,2760,-0.06306678056716919,0.34936049580574036,0.3850595951080322,1224,1032,951,1648,1420,304,None,None,2619,2310,32.61,32.61,nan,nan,nan
True,/data/uabcvmsc/shared/newborn/30/27.08.24 (2)/HM20240827103735.jpeg,36.2,26.9,877,828,-0.03203621506690979,0.9999632835388184,0.9999772310256958,856,797,-0.0015277736820280552,0.9999269247055054,0.9999520778656006,884,770,-0.001879822346381843,0.9999240636825562,0.9999494552612305,898,756,-0.001805964158847928,0.9999295473098755,0.9999289512634277,831,859,-0.002858573803678155,0.9999724626541138,0.9999438524246216,824,895,-0.0033742489758878946,0.9999771118164062,0.9999526739120483,820,917,-0.003710235236212611,0.9999773502349854,0.9999452829360962,987,760,0.13671663403511047,0.999975323677063,0.9999698400497437,861,974,0.13837997615337372,0.9999828338623047,0.9999659061431885,978,822,0.022468436509370804,0.9999456405639648,0.9999575614929199,934,913,0.019996831193566322,0.999948263168335,0.9999040365219116,1392,796,0.19237469136714935,0.9997826218605042,0.9999040365219116,1117,1308,0.20177441835403442,0.9995531439781189,0.999841570854187,1685,737,0.21848897635936737,0.933485209941864,0.9990730285644531,1308,1655,0.36546969413757324,0.8842054009437561,0.9995026588439941,1466,391,0.15987341105937958,0.9728067517280579,0.9999334812164307,1048,1679,0.4398031532764435,0.9862756729125977,0.9999861717224121,1470,274,0.1511450707912445,0.9707100987434387,0.9997102618217468,931,1730,0.44610461592674255,0.9869201183319092,0.9999598264694214,1403,267,0.12320799380540848,0.9736995697021484,0.9997658133506775,922,1648,0.4238877594470978,0.9873762130737305,0.999964714050293,1386,336,0.14670516550540924,0.9683297872543335,0.9998986721038818,968,1620,0.4326312243938446,0.9843899607658386,0.9999856948852539,2084,1451,-0.02747195027768612,0.999554455280304,0.9998213648796082,1741,1750,0.027309253811836243,0.9994537234306335,0.9998728036880493,2737,1411,-0.34956657886505127,0.991536021232605,0.9826360940933228,1379,2266,-0.09851078689098358,0.8221503496170044,0.9763177633285522,2662,2272,-0.31453415751457214,0.8168003559112549,0.966092586517334,2096,2501,0.0616469532251358,0.26040664315223694,0.9137587547302246,2536,2320,-0.3071921467781067,0.8197382092475891,0.9176836013793945,2243,2466,0.08256106078624725,0.36427050828933716,0.9272673726081848,2666,2571,-0.4092552363872528,0.6811102628707886,0.767545759677887,2184,2757,0.03858260437846184,0.18492908775806427,0.7055761218070984,1254,1052,967,1669,1431,317,None,None,2599,2296,32.48,35.25,nan,nan,nan
True,/data/uabcvmsc/shared/newborn/30/27.08.24 (2)/HM20240827103837.jpeg,36.1,26.9,854,819,-0.0135798966512084,0.9996336698532104,0.999649167060852,848,804,0.014069969765841961,0.9993224143981934,0.9992172718048096,862,775,0.01366861816495657,0.9992407560348511,0.9992467164993286,870,765,0.013724535703659058,0.9994392991065979,0.9990447163581848,829,857,0.010811664164066315,0.9996920824050903,0.9990069270133972,830,873,0.010270223021507263,0.999701201915741,0.9991697072982788,822,907,0.009944391436874866,0.9997621178627014,0.9990864992141724,948,774,0.1420716941356659,0.999769389629364,0.9996364116668701,875,957,0.13418355584144592,0.9997778534889221,0.9994505047798157,970,824,0.037411417812108994,0.9997124075889587,0.9997101426124573,919,896,0.03203769773244858,0.999693751335144,0.9992934465408325,1401,803,0.18630093336105347,0.9996318817138672,0.99977046251297,1106,1308,0.19653645157814026,0.9990692734718323,0.9993637204170227,1699,750,0.18004228174686432,0.7962816953659058,0.9984556436538696,1302,1656,0.3838041424751282,0.7337011098861694,0.9989701509475708,1449,406,0.05680416524410248,0.9359299540519714,0.9999208450317383,1022,1701,0.47654518485069275,0.96906977891922,0.9999681711196899,1440,278,0.03739182651042938,0.9420264363288879,0.9996237754821777,916,1729,0.48311474919319153,0.9740709066390991,0.9998973608016968,1370,282,0.01281142421066761,0.9436386823654175,0.9997007846832275,907,1660,0.4536095857620239,0.9744393229484558,0.9999096393585205,1356,352,0.044018812477588654,0.9257681965827942,0.9998816251754761,948,1637,0.4662669897079468,0.9676103591918945,0.999964714050293,2113,1459,-0.018798580393195152,0.9995452761650085,0.9998520612716675,1772,1785,0.01851797290146351,0.9994039535522461,0.9998639822006226,2781,1250,-0.28895607590675354,0.9496595859527588,0.9714609384536743,1418,2333,-0.1057201623916626,0.6904395222663879,0.9609848856925964,2709,2096,-0.24017873406410217,0.5267899036407471,0.9578948616981506,2210,2540,0.054383285343647,0.20183531939983368,0.8827850222587585,2602,2219,-0.231694757938385,0.5081493854522705,0.9012513756752014,2354,2495,0.07599432021379471,0.2834719121456146,0.8960853219032288,2904,2397,-0.3254440724849701,0.33707496523857117,0.6958428621292114,2313,2791,0.03440023213624954,0.12094756960868835,0.5905582904815674,1254,1056,948,1682,1404,330,None,None,None,None,32.42,35.16,nan,nan,nan
True,/data/uabcvmsc/shared/newborn/30/27.08.24 (2)/HM20240827103942.jpeg,36.1,26.8,872,844,-0.006191940046846867,0.9999324083328247,0.999937891960144,857,812,0.02509579062461853,0.999869704246521,0.9998801946640015,864,795,0.024703146889805794,0.9998687505722046,0.9998857975006104,872,781,0.0248127318918705,0.9998873472213745,0.9998526573181152,843,876,0.024342861026525497,0.9999380111694336,0.999840259552002,844,904,0.02384641394019127,0.9999452829360962,0.9998633861541748,844,933,0.02353435941040516,0.9999475479125977,0.9998413324356079,967,762,0.16937680542469025,0.9999599456787109,0.9999445676803589,896,1000,0.17451848089694977,0.9999531507492065,0.9998892545700073,971,830,0.0506121851503849,0.9999409914016724,0.999940037727356,946,895,0.04866083711385727,0.9999279975891113,0.9998146891593933,1394,787,0.23157624900341034,0.9998290538787842,0.9999146461486816,1115,1308,0.25655943155288696,0.9994581341743469,0.9997001886367798,1697,745,0.22912846505641937,0.9158591628074646,0.9990445971488953,1307,1654,0.47483786940574646,0.780786395072937,0.9993306398391724,1459,399,0.10000239312648773,0.9759061336517334,0.9999569654464722,1035,1700,0.571172297000885,0.9765893816947937,0.99997878074646,1446,267,0.07740161567926407,0.9752092957496643,0.9997979998588562,924,1734,0.5797758102416992,0.9793196320533752,0.9999366998672485,1370,290,0.05484765022993088,0.976574718952179,0.9998421669006348,916,1662,0.5478420257568359,0.9799600839614868,0.9999446868896484,1367,356,0.08790025860071182,0.9679839611053467,0.9999343156814575,957,1638,0.5607019066810608,0.9747330546379089,0.999977707862854,2110,1464,-0.024027764797210693,0.9996863603591919,0.9998751878738403,1777,1787,0.023807458579540253,0.9996351003646851,0.999880313873291,2794,1234,-0.3091215491294861,0.9807448387145996,0.9750862121582031,1405,2334,-0.15548408031463623,0.9086219072341919,0.9653183817863464,2696,2103,-0.2601548433303833,0.6485970616340637,0.9568418860435486,2268,2579,-0.0326908640563488,0.3957000970840454,0.8494780659675598,2623,2237,-0.2512706518173218,0.667757511138916,0.9080337882041931,2422,2537,-0.015076180920004845,0.4937187135219574,0.8708851337432861,2912,2365,-0.3428412079811096,0.49059584736824036,0.6889833211898804,2374,2838,-0.07011174410581589,0.27403369545936584,0.4819749891757965,1254,1048,958,1684,1410,328,None,None,None,None,32.38,35.15,nan,nan,nan
True,/data/uabcvmsc/shared/newborn/30/27.08.24 (2)/HM20240827104044.jpeg,36.2,26.8,832,846,0.011167793534696102,0.999758780002594,0.9997450709342957,820,814,0.039393868297338486,0.9995251893997192,0.9994962215423584,830,801,0.03900282829999924,0.999517560005188,0.999536395072937,834,786,0.0390758216381073,0.9996306896209717,0.9994297623634338,805,878,0.03899819776415825,0.9997827410697937,0.9993243217468262,802,915,0.038539644330739975,0.9998080134391785,0.9994489550590515,801,946,0.03821754828095436,0.9998262524604797,0.9993991851806641,923,769,0.1656748652458191,0.9999045133590698,0.9998353719711304,860,1017,0.1724431812763214,0.9998632669448853,0.9996547698974609,917,827,0.06126642972230911,0.9998959302902222,0.99988853931427,890,906,0.059970006346702576,0.9998573064804077,0.9996240139007568,1386,776,0.23340162634849548,0.9998242259025574,0.9999061822891235,1117,1306,0.2393694519996643,0.9992720484733582,0.9995511174201965,1748,756,0.2574904263019562,0.9375950694084167,0.9985268115997314,1324,1664,0.4200778603553772,0.6755384206771851,0.9988020658493042,1417,472,0.18239203095436096,0.9810819625854492,0.9999809265136719,1043,1694,0.4914335608482361,0.9672191739082336,0.9999741315841675,1380,381,0.1702544093132019,0.9775809049606323,0.9999257326126099,924,1734,0.4939832091331482,0.9733704924583435,0.9999384880065918,1316,411,0.15211544930934906,0.9779404401779175,0.999947190284729,911,1657,0.4703686833381653,0.9734749794006348,0.9999485015869141,1317,467,0.17442893981933594,0.9666774272918701,0.9999771118164062,962,1631,0.4833624064922333,0.9651642441749573,0.9999785423278809,2097,1444,-0.013695009984076023,0.9997454285621643,0.9999070167541504,1755,1756,0.01357128843665123,0.9996681213378906,0.9999024868011475,2797,1269,-0.29364579916000366,0.9864867925643921,0.9885936975479126,1428,2324,-0.15901581943035126,0.8873788714408875,0.9810214042663574,2717,2088,-0.21238762140274048,0.7272554636001587,0.9804216027259827,2247,2599,-0.014354242011904716,0.41826003789901733,0.9095308780670166,2636,2246,-0.20145346224308014,0.719531774520874,0.9536275863647461,2406,2565,0.0036921678110957146,0.4772506654262543,0.9187248349189758,2960,2325,-0.3043188154697418,0.5598359107971191,0.8062059283256531,2326,2884,-0.0659075677394867,0.2886514365673065,0.5896093845367432,1252,1041,960,1679,1358,433,None,None,2676,2167,32.44,35.24,35.72,nan,nan
True,/data/uabcvmsc/shared/newborn/30/27.08.24 (2)/HM20240827104146.jpeg,36.1,26.8,838,835,-0.014295917935669422,0.9996981620788574,0.9996445178985596,828,805,0.01579020731151104,0.9994385838508606,0.9992057681083679,841,787,0.015400604344904423,0.999314546585083,0.999254047870636,850,774,0.015429243445396423,0.9995558857917786,0.9990882873535156,808,864,0.01324793603271246,0.9997476935386658,0.9989882111549377,807,893,0.012735478579998016,0.9997473359107971,0.9991806149482727,805,922,0.012440062128007412,0.9998098015785217,0.9991194605827332,937,765,0.15178750455379486,0.9998476505279541,0.9996793270111084,843,990,0.14674179255962372,0.9997987151145935,0.9994569420814514,923,826,0.03864630311727524,0.9998806715011597,0.9998539686203003,893,897,0.03425808250904083,0.999846339225769,0.9995802044868469,1398,770,0.21545560657978058,0.9997854828834534,0.9998800754547119,1113,1323,0.20854422450065613,0.9993264675140381,0.9995781779289246,1737,755,0.2395297884941101,0.9154103398323059,0.9990400671958923,1317,1685,0.33165502548217773,0.7666284441947937,0.9989996552467346,1434,473,0.13087864220142365,0.9783914685249329,0.9999765157699585,1041,1695,0.3174431324005127,0.9789735674858093,0.9999706745147705,1387,416,0.11152558028697968,0.9760752320289612,0.9998865127563477,932,1730,0.304188072681427,0.9834554195404053,0.9999170303344727,1329,426,0.0901695266366005,0.9759922027587891,0.9999198913574219,916,1658,0.27843552827835083,0.9834586381912231,0.9999339580535889,1336,471,0.12064800411462784,0.9645044803619385,0.9999682903289795,964,1633,0.30584418773651123,0.9771295189857483,0.9999736547470093,2098,1450,-0.008284343406558037,0.9998082518577576,0.999944806098938,1751,1759,0.008088530041277409,0.9997597336769104,0.9999494552612305,2790,1259,-0.27934616804122925,0.9740949869155884,0.9880621433258057,1426,2317,-0.17287153005599976,0.8527853488922119,0.9859997630119324,2713,2090,-0.15652024745941162,0.6073467135429382,0.9838331341743469,2257,2605,-0.01645711064338684,0.4406825006008148,0.9418439865112305,2625,2221,-0.14143981039524078,0.5720240473747253,0.962590754032135,2408,2571,0.0027624431531876326,0.43250930309295654,0.9437386393547058,2910,2375,-0.23616935312747955,0.4070368707180023,0.8093405365943909,2360,2880,-0.06980425119400024,0.2721725404262543,0.6488385796546936,1256,1046,963,1679,1372,446,None,None,None,None,32.38,35.15,35.63,nan,nan
True,/data/uabcvmsc/shared/newborn/30/27.08.24 (2)/HM20240827104248.jpeg,36.2,26.8,835,826,-0.058217260986566544,0.9995148181915283,0.999163031578064,817,802,-0.028152499347925186,0.9988806843757629,0.9975493550300598,826,790,-0.028504744172096252,0.9985553622245789,0.9977560639381409,837,772,-0.028481362387537956,0.9991446733474731,0.9972424507141113,807,856,-0.033090341836214066,0.9995883107185364,0.9972844123840332,808,884,-0.033563561737537384,0.9995869994163513,0.9979433417320251,807,919,-0.03386056795716286,0.9997221827507019,0.9978068470954895,919,771,0.10628364980220795,0.9995167255401611,0.9988486766815186,853,986,0.09105066955089569,0.9995710253715515,0.998481810092926,914,818,-0.007441230118274689,0.9998316764831543,0.999823272228241,893,887,-0.01443859189748764,0.9997900128364563,0.999561607837677,1410,783,0.14937365055084229,0.9998737573623657,0.9999152421951294,1133,1313,0.1281988024711609,0.9994484782218933,0.9997628331184387,1728,742,0.09132411330938339,0.9051448106765747,0.9991206526756287,1334,1679,0.06732319295406342,0.62909996509552,0.9991433620452881,1447,487,-0.14970427751541138,0.9783832430839539,0.9999736547470093,1045,1683,-0.15925131738185883,0.9746456146240234,0.9999710321426392,1402,398,-0.19183216989040375,0.9787014722824097,0.9998853206634521,933,1729,-0.20912402868270874,0.982403039932251,0.9999254941940308,1337,418,-0.21519175171852112,0.9790650606155396,0.9999203681945801,916,1662,-0.23149310052394867,0.9815590977668762,0.9999470710754395,1340,478,-0.1643042117357254,0.9702456593513489,0.9999691247940063,962,1630,-0.17528261244297028,0.9750524163246155,0.999980092048645,2122,1431,-0.012897485867142677,0.9997158646583557,0.9999394416809082,1757,1724,0.012528123334050179,0.9995954632759094,0.9999567270278931,2754,1299,-0.30028632283210754,0.9254576563835144,0.9822335839271545,1434,2336,-0.16480162739753723,0.4743896722793579,0.9789866805076599,2766,2167,-0.17236444354057312,0.44527608156204224,0.9669551849365234,2172,2546,0.015750886872410774,0.128618985414505,0.9434716105461121,2648,2227,-0.15838024020195007,0.41132935881614685,0.9219380021095276,2321,2510,0.03718918561935425,0.1763284057378769,0.9449304938316345,2799,2436,-0.2610039710998535,0.27534908056259155,0.8040663599967957,2243,2820,-0.023265425115823746,0.08358865976333618,0.7485788464546204,1272,1048,964,1676,1382,445,None,None,None,None,32.44,35.24,35.72,nan,nan
True,/data/uabcvmsc/shared/newborn/30/27.08.24 (2)/HM20240827104350.jpeg,36.2,26.9,836,845,0.004974984563887119,0.9996823072433472,0.9995707869529724,824,817,0.0310052540153265,0.9992940425872803,0.9991428852081299,837,800,0.030608927831053734,0.9993345141410828,0.9992365837097168,845,787,0.030688075348734856,0.9994738698005676,0.9990917444229126,813,879,0.028666088357567787,0.9996728897094727,0.9988501071929932,813,916,0.028202654793858528,0.9997281432151794,0.9990835189819336,813,946,0.02787403017282486,0.9997485280036926,0.9990354776382446,930,780,0.14959342777729034,0.9998730421066284,0.9997746348381042,863,995,0.1483079046010971,0.999813973903656,0.9994974136352539,917,830,0.05306486785411835,0.999871015548706,0.9998515844345093,899,902,0.04933079332113266,0.9998227953910828,0.9994795918464661,1400,773,0.2202538400888443,0.9998421669006348,0.9999161958694458,1119,1316,0.2172773778438568,0.9992826581001282,0.9995712637901306,1737,754,0.2671338617801666,0.9016956686973572,0.9986284971237183,1319,1655,0.43943876028060913,0.6247110962867737,0.9990139007568359,1453,474,0.20841148495674133,0.9657265543937683,0.9999719858169556,1036,1693,0.56097811460495,0.9452363848686218,0.9999712705612183,1414,388,0.19885563850402832,0.9629716873168945,0.9998917579650879,927,1734,0.5703708529472351,0.9560536742210388,0.9999301433563232,1341,416,0.17848902940750122,0.9643266201019287,0.9999198913574219,912,1663,0.5455015301704407,0.956669270992279,0.99993896484375,1346,471,0.19994676113128662,0.9479075074195862,0.9999642372131348,959,1635,0.5539667010307312,0.9440882205963135,0.9999738931655884,2103,1451,-0.010532418265938759,0.9996131062507629,0.9998519420623779,1762,1769,0.010440601035952568,0.9995055198669434,0.9998507499694824,2804,1253,-0.28894755244255066,0.9717522859573364,0.9778605699539185,1433,2320,-0.14061927795410156,0.8135223984718323,0.9637072682380676,2704,2091,-0.2082112580537796,0.5117918848991394,0.9654560089111328,2220,2628,0.014649000018835068,0.2542617917060852,0.8298435807228088,2609,2246,-0.1968638002872467,0.5242043137550354,0.9259485006332397,2365,2602,0.034225624054670334,0.31221887469291687,0.8583717346191406,2870,2375,-0.29958444833755493,0.36003217101097107,0.7707551717758179,2298,2889,-0.03345729410648346,0.16702507436275482,0.5159457325935364,1260,1044,958,1681,1388,437,None,None,None,None,32.48,35.25,35.73,nan,nan
True,/data/uabcvmsc/shared/newborn/30/27.08.24 (2)/HM20240827104451.jpeg,36.1,26.9,897,801,-0.02442304417490959,0.9990777969360352,0.9993053674697876,905,776,0.011557621881365776,0.998422384262085,0.9984095692634583,941,751,0.011115710251033306,0.9978659749031067,0.9982743263244629,960,737,0.011141989380121231,0.9983715415000916,0.9976480603218079,860,840,-1.0288696103089023e-05,0.9994705319404602,0.998629093170166,855,868,-0.0006301418179646134,0.9995224475860596,0.9990166425704956,851,892,-0.0009507951908744872,0.9996747970581055,0.9990183115005493,1059,752,0.16327999532222748,0.9990559220314026,0.9982693195343018,909,977,0.11530588567256927,0.9995911717414856,0.9991711378097534,1038,801,0.031798653304576874,0.9991890788078308,0.9991633892059326,948,903,0.014773855917155743,0.999377429485321,0.9987668991088867,1429,789,0.18609623610973358,0.99909508228302,0.9989625215530396,1127,1324,0.12811987102031708,0.9993583559989929,0.9994481205940247,1722,770,0.155860036611557,0.7279621958732605,0.996624231338501,1337,1662,0.1860457807779312,0.8626883625984192,0.9991108775138855,1495,410,0.01667245849967003,0.8823292851448059,0.9996706247329712,1130,1957,0.15506978332996368,0.992192804813385,0.999950647354126,1495,296,0.004335370380431414,0.8953139185905457,0.9982970356941223,1056,2074,0.15105366706848145,0.9919235110282898,0.9997316002845764,1433,291,-0.018810398876667023,0.8982132077217102,0.9982714653015137,1014,2037,0.09841420501470566,0.9923474788665771,0.9997127652168274,1426,349,0.0032801576890051365,0.8927252292633057,0.9992896318435669,1047,1991,0.1319829523563385,0.9912596344947815,0.9999120235443115,2188,1495,0.003385006682947278,0.999909520149231,0.9999619722366333,1820,1836,-0.003971784375607967,0.9999305009841919,0.9999792575836182,2815,1217,-0.22809438407421112,0.9849507808685303,0.9840283989906311,1396,2295,-0.18680903315544128,0.9435859322547913,0.9906057715415955,2637,2052,-0.16691811382770538,0.8517207503318787,0.9942854046821594,2298,2471,-0.10559356957674026,0.7754454016685486,0.9875396490097046,2517,2166,-0.15502603352069855,0.7963038682937622,0.9858381152153015,2335,2333,-0.08990517258644104,0.7023556232452393,0.9856643676757812,2854,2386,-0.22892360389232635,0.7205326557159424,0.8492547273635864,2537,2740,-0.1483897864818573,0.5923346281051636,0.7699812054634094,1278,1056,1062,2015,1462,336,None,None,2669,2201,32.42,26.90,nan,nan,nan
True,/data/uabcvmsc/shared/newborn/30/27.08.24 (2)/HM20240827104553.jpeg,36.4,27.1,1044,637,-0.0021680742502212524,0.9992740750312805,0.9992522597312927,1007,643,0.036515120416879654,0.9986492991447449,0.9984204769134521,1031,633,0.03610461577773094,0.9982051849365234,0.9984982013702393,1033,639,0.03612043708562851,0.9987847208976746,0.998143196105957,997,656,0.006714589428156614,0.999510645866394,0.9983452558517456,985,685,0.00615680729970336,0.9995173215866089,0.9987357258796692,971,706,0.005878488067537546,0.9996544122695923,0.998643696308136,1076,713,0.19758673012256622,0.9994127750396729,0.9992389678955078,957,809,0.06634964793920517,0.9995641112327576,0.9989914298057556,1112,703,0.058719635009765625,0.9994662404060364,0.9995156526565552,1068,744,0.017686838284134865,0.999534010887146,0.9991346001625061,1435,798,0.23443931341171265,0.9996949434280396,0.999769389629364,1121,1316,0.08314456045627594,0.9991462230682373,0.9993481040000916,1732,766,0.25425854325294495,0.526665985584259,0.998749852180481,1358,1682,0.10869598388671875,0.625243067741394,0.9978241920471191,1489,422,0.1058095395565033,0.8055967688560486,0.9998095631599426,1139,1983,0.07552283257246017,0.9129858613014221,0.99962317943573,1497,288,0.0909438282251358,0.8309364914894104,0.9989774227142334,1064,2093,0.06577673554420471,0.9242064356803894,0.9983874559402466,1429,312,0.0621529258787632,0.838237464427948,0.9989897608757019,1013,2045,0.018704654648900032,0.9276626110076904,0.9984663724899292,1418,373,0.08881188184022903,0.816387951374054,0.9995788931846619,1035,2004,0.054607316851615906,0.9159162640571594,0.9994625449180603,2144,1449,0.025774579495191574,0.9998773336410522,0.9999698400497437,1821,1789,-0.026323949918150902,0.9998183846473694,0.9999676942825317,2759,1093,-0.2556694746017456,0.9635785222053528,0.9896301627159119,1380,2295,-0.2034328281879425,0.7035892009735107,0.9806159734725952,2874,2029,-0.2361011505126953,0.6771032214164734,0.990211546421051,2197,2455,-0.04648072272539139,0.28987276554107666,0.973774790763855,2692,2104,-0.23022626340389252,0.6140121221542358,0.9751580357551575,2321,2398,-0.024393627420067787,0.32032427191734314,0.974705159664154,3053,2314,-0.32283341884613037,0.5024634599685669,0.8176549077033997,2393,2710,-0.07097162306308746,0.17919299006462097,0.751332700252533,1278,1057,1063,2031,1458,349,None,None,None,None,32.68,27.10,nan,nan,nan
True,/data/uabcvmsc/shared/newborn/30/27.08.24 (2)/HM20240827104654.jpeg,36.1,26.9,1027,695,-0.054207660257816315,0.9998688697814941,0.999872088432312,996,679,-0.013095402158796787,0.9997614026069641,0.9997338652610779,1019,664,-0.01354640070348978,0.9996826648712158,0.9997212290763855,1020,663,-0.013534377329051495,0.9997500777244568,0.9996086955070496,945,745,-0.03749314323067665,0.999908447265625,0.9997321963310242,937,776,-0.0380660817027092,0.9999114274978638,0.9997830986976624,908,833,-0.038356997072696686,0.9999262094497681,0.9997451901435852,1073,705,0.1645127683877945,0.9998959302902222,0.9998195767402649,948,934,0.05646154284477234,0.9999163150787354,0.999764621257782,1127,714,0.013207665644586086,0.9998050332069397,0.9997497200965881,1086,802,-0.02118212729692459,0.9998204112052917,0.9995282888412476,1430,788,0.2231433093547821,0.9996768236160278,0.9996986389160156,1125,1313,0.10231709480285645,0.9993546605110168,0.9993032217025757,1726,779,0.30491456389427185,0.6721398830413818,0.9981206059455872,1337,1652,0.20487673580646515,0.7372344136238098,0.997370719909668,1494,439,0.2752630114555359,0.871419370174408,0.9997625946998596,1145,1976,0.24835816025733948,0.9575816988945007,0.9997615218162537,1499,299,0.27936819195747375,0.8791319131851196,0.998687207698822,1068,2093,0.2553872764110565,0.9602112174034119,0.9988852143287659,1430,308,0.25373002886772156,0.886148989200592,0.9987021684646606,1020,2048,0.20576630532741547,0.9636863470077515,0.9989218711853027,1407,379,0.26285430788993835,0.8747884631156921,0.9994505047798157,1046,2004,0.2284175306558609,0.9597947597503662,0.9996336698532104,2140,1436,0.028777332976460457,0.9997866749763489,0.999907374382019,1803,1788,-0.02916494756937027,0.9997338652610779,0.9998898506164551,2751,1104,-0.18064023554325104,0.9570366144180298,0.9837876558303833,1397,2293,-0.19085273146629333,0.7796441912651062,0.9716717004776001,2797,1944,-0.14697100222110748,0.7203838229179382,0.983151912689209,2251,2491,-0.021193111315369606,0.37144339084625244,0.9384866952896118,2706,2081,-0.14000174403190613,0.7058635354042053,0.9576000571250916,2373,2440,0.0009351219050586224,0.370027095079422,0.9383558034896851,3175,2113,-0.2168578952550888,0.5511749386787415,0.6509894132614136,2481,2749,-0.051786597818136215,0.2145957350730896,0.5244081616401672,1278,1050,1070,2030,1458,356,None,None,2752,2012,32.42,26.90,nan,nan,34.26
True,/data/uabcvmsc/shared/newborn/30/27.08.24 (2)/HM20240827104757.jpeg,36.3,27.1,1012,689,-0.03108156844973564,0.9997482895851135,0.9997511506080627,976,682,0.00860986951738596,0.9995655417442322,0.9994726777076721,983,682,0.00818601343780756,0.9993963241577148,0.9994795918464661,1006,665,0.008204229176044464,0.9995676875114441,0.999309778213501,925,741,-0.014017840847373009,0.9998316764831543,0.9994176626205444,918,764,-0.01458212174475193,0.9998294115066528,0.9995375871658325,891,812,-0.014856728725135326,0.9998713731765747,0.9994681477546692,1064,726,0.1782805621623993,0.999771773815155,0.9996639490127563,928,906,0.07807747274637222,0.9998146891593933,0.9995470643043518,1084,745,0.03259631618857384,0.9997125267982483,0.9997215867042542,1057,809,0.0005941971321590245,0.9997403025627136,0.9994884729385376,1425,798,0.22522860765457153,0.9996694326400757,0.99977046251297,1125,1315,0.10414770990610123,0.9991809725761414,0.9993898868560791,1737,778,0.24419957399368286,0.6720950603485107,0.9988375306129456,1359,1673,0.13620880246162415,0.6291916966438293,0.9975529313087463,1510,412,0.10295429080724716,0.8636929988861084,0.9997813105583191,1133,1971,0.0929005965590477,0.9218655824661255,0.9996671676635742,1528,286,0.088204525411129,0.8792123198509216,0.9987859129905701,1061,2089,0.08307579904794693,0.9337420463562012,0.998664140701294,1464,295,0.059429947286844254,0.8846625089645386,0.9987995624542236,1009,2044,0.03444923087954521,0.937146782875061,0.9987196922302246,1446,355,0.08629678189754486,0.8703908920288086,0.9995065927505493,1032,2003,0.07093536108732224,0.9304227828979492,0.9995424747467041,2138,1469,0.024914119392633438,0.999901294708252,0.9999741315841675,1819,1795,-0.02543921396136284,0.9998588562011719,0.9999710321426392,2780,1118,-0.21388763189315796,0.9768478870391846,0.9913454055786133,1382,2289,-0.197553351521492,0.8364890217781067,0.985670268535614,2873,2045,-0.17548514902591705,0.7829973697662354,0.9907519817352295,2217,2486,-0.05408574640750885,0.4877229332923889,0.9716164469718933,2701,2110,-0.16834622621536255,0.7293922901153564,0.9747586250305176,2349,2434,-0.03403687849640846,0.47998183965682983,0.9693642854690552,3086,2281,-0.25550729036331177,0.6091738343238831,0.782362699508667,2407,2739,-0.08797799050807953,0.3038327395915985,0.6903561949729919,1275,1056,1059,2027,1487,337,None,None,2787,2078,32.58,34.46,nan,nan,34.46
True,/data/uabcvmsc/shared/newborn/30/27.08.24 (2)/HM20240827104859.jpeg,36.4,27.1,944,748,-0.05119907483458519,0.9995917677879333,0.9996030926704407,933,728,-0.010658908635377884,0.9992998838424683,0.9990965127944946,951,720,-0.011094015091657639,0.9989670515060425,0.9990800619125366,986,695,-0.011082414537668228,0.9992533326148987,0.998691976070404,880,793,-0.02762806974351406,0.9997368454933167,0.9990401864051819,864,832,-0.028188718482851982,0.9997304081916809,0.9992490410804749,860,854,-0.028483092784881592,0.9998070597648621,0.9991185069084167,1073,719,0.1621973067522049,0.999537467956543,0.9992486834526062,900,939,0.08742516487836838,0.999670147895813,0.9991908669471741,1044,777,0.012669660151004791,0.9993584752082825,0.9994089603424072,974,852,-0.011852432042360306,0.9994220733642578,0.9989462494850159,1452,820,0.20816347002983093,0.9993070363998413,0.9994361996650696,1128,1334,0.09995050728321075,0.998681366443634,0.998852014541626,1728,778,0.20386631786823273,0.5949929356575012,0.9978590607643127,1364,1697,0.08546366542577744,0.5287648439407349,0.9964675903320312,1510,411,0.058452580124139786,0.7557834386825562,0.9994206428527832,1125,1962,-0.0118664326146245,0.9020054936408997,0.9995470643043518,1527,284,0.04327341914176941,0.7881087064743042,0.9968271851539612,1057,2081,-0.03003978729248047,0.922266960144043,0.9982049465179443,1462,293,0.016800319775938988,0.7943307757377625,0.9969452023506165,1005,2027,-0.07742395997047424,0.9256250858306885,0.9982932209968567,1446,352,0.0425921268761158,0.7843557000160217,0.998752236366272,1029,1978,-0.03523126617074013,0.9200183749198914,0.9994044303894043,2128,1499,0.02508467622101307,0.9999105930328369,0.99997878074646,1811,1825,-0.025619132444262505,0.9998805522918701,0.9999780654907227,2776,1132,-0.2030966728925705,0.9727718830108643,0.9906432032585144,1388,2309,-0.18327440321445465,0.8329460620880127,0.9861838221549988,2767,1987,-0.1511593610048294,0.747322678565979,0.9900493621826172,2195,2516,-0.042137838900089264,0.4770110249519348,0.9648723602294922,2678,2104,-0.14282584190368652,0.7166107296943665,0.9719213247299194,2303,2391,-0.022151852026581764,0.4752040505409241,0.9602392911911011,3055,2251,-0.22605767846107483,0.54545658826828,0.7413254976272583,2376,2757,-0.07847964763641357,0.28129929304122925,0.6263613104820251,1290,1077,1054,2012,1486,335,None,None,2722,2046,32.68,34.54,nan,nan,34.54
True,/data/uabcvmsc/shared/newborn/30/27.08.24 (2)/HM20240827105001.jpeg,36.0,27.0,1016,658,-0.020428594201803207,0.9994407296180725,0.9994321465492249,978,666,0.01757150888442993,0.99898761510849,0.9987044334411621,979,668,0.017105156555771828,0.9985709190368652,0.9987254738807678,981,666,0.017106162384152412,0.9990110397338867,0.9983224272727966,941,724,-0.00902319885790348,0.9996272325515747,0.9987195730209351,908,773,-0.009593287482857704,0.9996284246444702,0.9990491271018982,907,797,-0.009884748607873917,0.9997374415397644,0.998965859413147,1054,713,0.17895255982875824,0.9995046854019165,0.9992781281471252,943,895,0.06174658611416817,0.9996297359466553,0.9991406202316284,1076,710,0.040269989520311356,0.9995148181915283,0.999504804611206,1065,778,0.0034017954021692276,0.9995371103286743,0.9990701079368591,1439,803,0.23337048292160034,0.9996097683906555,0.9996820688247681,1127,1315,0.07315023243427277,0.9992015957832336,0.9991875290870667,1726,779,0.2849999666213989,0.475372850894928,0.9983028173446655,1380,1672,0.1154797151684761,0.5909376740455627,0.9971950054168701,1507,423,0.18467073142528534,0.7464427351951599,0.9997492432594299,1144,1956,0.09406701475381851,0.9271010756492615,0.9997208714485168,1528,299,0.1774827539920807,0.7821906208992004,0.9987267851829529,1063,2081,0.08621779829263687,0.9404051899909973,0.9988264441490173,1469,294,0.1485334038734436,0.7900887131690979,0.9987432360649109,1013,2030,0.03443276509642601,0.9437918663024902,0.9988771080970764,1450,353,0.16894330084323883,0.7694295048713684,0.9994749426841736,1042,1978,0.07149583101272583,0.9351099133491516,0.9996179342269897,2135,1469,0.038271334022283554,0.9998754262924194,0.999964714050293,1802,1812,-0.0387670174241066,0.9998383522033691,0.999957799911499,2780,1133,-0.14410823583602905,0.942820131778717,0.989520788192749,1394,2278,-0.18551845848560333,0.7049722671508789,0.980303943157196,2773,1979,-0.15208585560321808,0.6449364423751831,0.9878774881362915,2220,2485,-0.05672498792409897,0.312305212020874,0.9486446976661682,2687,2097,-0.15025965869426727,0.6452250480651855,0.9655646085739136,2308,2377,-0.03855185955762863,0.3342917263507843,0.9429726004600525,3150,2179,-0.23211248219013214,0.45458218455314636,0.693087637424469,2414,2726,-0.09139910340309143,0.17692536115646362,0.54680997133255,1283,1059,1066,2011,1488,342,None,None,None,None,32.36,27.00,nan,nan,nan
True,/data/uabcvmsc/shared/newborn/30/27.08.24 (2)/HM20240827105103.jpeg,36.5,27.0,1026,637,0.010720400139689445,0.9996875524520874,0.9997444748878479,984,640,0.05182281881570816,0.9993599057197571,0.9995211362838745,989,643,0.05135805159807205,0.9992341995239258,0.9995434880256653,994,644,0.05135224759578705,0.9994338154792786,0.9994114637374878,946,693,0.022976640611886978,0.9997381567955017,0.9994439482688904,916,746,0.022384783253073692,0.999760091304779,0.9995445609092712,933,724,0.02209549956023693,0.9997920393943787,0.9994683861732483,1068,700,0.21776679158210754,0.9997972846031189,0.9997960925102234,939,893,0.08969864249229431,0.999774158000946,0.9996005892753601,1103,690,0.0740627646446228,0.9995978474617004,0.9996837377548218,1065,739,0.033890824764966965,0.9996005892753601,0.9993435740470886,1431,782,0.27246302366256714,0.9997010231018066,0.9997797608375549,1116,1311,0.1122087761759758,0.999174177646637,0.9991666078567505,1740,772,0.3806895315647125,0.5643272995948792,0.998772919178009,1355,1665,0.1979910433292389,0.6086691617965698,0.9964828491210938,1510,414,0.36748799681663513,0.7868209481239319,0.9997724890708923,1143,1969,0.25144848227500916,0.8777405023574829,0.9995096921920776,1533,286,0.37394577264785767,0.8071796298027039,0.9987413287162781,1067,2073,0.25684893131256104,0.8912013173103333,0.9981462955474854,1477,288,0.34148454666137695,0.8201752305030823,0.9987494945526123,1016,2030,0.21287277340888977,0.8980844616889954,0.9982268214225769,1458,342,0.3515072166919708,0.8080997467041016,0.9994531273841858,1044,1990,0.23361703753471375,0.8886493444442749,0.9993301630020142,2143,1471,0.033978331834077835,0.9998278617858887,0.9999434947967529,1821,1802,-0.03438761457800865,0.9997146725654602,0.9999078512191772,2797,1177,-0.25515317916870117,0.9488331079483032,0.9911555051803589,1405,2329,-0.18324680626392365,0.5938026309013367,0.9786332249641418,2789,2040,-0.16815313696861267,0.5668778419494629,0.9848856329917908,2189,2558,0.03445112332701683,0.2022835910320282,0.9280112981796265,2728,2171,-0.1560356765985489,0.6142446398735046,0.9617471694946289,2323,2521,0.060418080538511276,0.24579063057899475,0.9311157464981079,3164,2164,-0.23029784858226776,0.39673057198524475,0.7358518242835999,2362,2843,0.014206022024154663,0.1152665913105011,0.5824175477027893,1274,1046,1068,2016,1494,332,None,None,None,None,32.70,27.00,nan,nan,nan
True,/data/uabcvmsc/shared/newborn/30/27.08.24 (2)/HM20240827105204.jpeg,36.4,27.2,965,687,-0.017153339460492134,0.9995707869529724,0.9996033310890198,942,680,0.021961048245429993,0.9990239143371582,0.9990717172622681,950,675,0.0215336661785841,0.9987661838531494,0.9991130232810974,957,670,0.021550355479121208,0.9991258978843689,0.9988552331924438,900,742,-0.002888880204409361,0.9996371269226074,0.9989845156669617,897,768,-0.0034758923575282097,0.9996528625488281,0.9992117881774902,881,813,-0.0037719360552728176,0.9997299313545227,0.9991231560707092,1024,704,0.18105866014957428,0.9995800852775574,0.9995637536048889,924,909,0.07301720231771469,0.9996539354324341,0.9993501305580139,1052,730,0.043003447353839874,0.9995575547218323,0.9996562004089355,1006,794,0.00868726335465908,0.9995792508125305,0.9993054866790771,1423,797,0.2324220985174179,0.9996715784072876,0.9997542500495911,1122,1311,0.09177194535732269,0.9991495609283447,0.9993267059326172,1727,766,0.2852858304977417,0.596145510673523,0.9988910555839539,1357,1668,0.1581488847732544,0.6425683498382568,0.9982336759567261,1491,407,0.18267786502838135,0.811457633972168,0.999795138835907,1136,1974,0.165578231215477,0.8976684808731079,0.9997015595436096,1503,284,0.17354319989681244,0.832207977771759,0.9988840222358704,1060,2073,0.16060703992843628,0.9044066071510315,0.9987799525260925,1447,290,0.13924601674079895,0.8438434600830078,0.998943030834198,1014,2039,0.1127302423119545,0.909609317779541,0.9988195300102234,1435,346,0.1642056703567505,0.8265045285224915,0.9995461106300354,1043,2007,0.14506259560585022,0.8985152840614319,0.9995648264884949,2149,1484,0.026040086522698402,0.9997578263282776,0.9999282360076904,1821,1799,-0.0265274029225111,0.9996403455734253,0.99991774559021,2801,1194,-0.26187366247177124,0.9107531905174255,0.9829047918319702,1400,2325,-0.1792362928390503,0.4549740254878998,0.9676726460456848,2815,2041,-0.19827502965927124,0.378374844789505,0.9718050956726074,2158,2600,0.028108840808272362,0.10612056404352188,0.9026608467102051,2714,2169,-0.1894504427909851,0.39823800325393677,0.9306779503822327,2290,2566,0.05312628298997879,0.14234183728694916,0.9086692929267883,3102,2235,-0.2782789170742035,0.23974449932575226,0.699819803237915,2298,2875,0.006662455853074789,0.062384653836488724,0.5856085419654846,1272,1054,1063,2023,1469,332,None,None,None,None,32.72,27.20,nan,nan,nan
True,/data/uabcvmsc/shared/newborn/30/27.08.24 (2)/HM20240827105306.jpeg,36.4,26.9,915,740,0.10399840027093887,0.9995842576026917,0.9996644258499146,905,730,0.1369827538728714,0.999284565448761,0.9995123147964478,916,722,0.13650967180728912,0.9993419051170349,0.9995517134666443,927,713,0.1365254670381546,0.999468982219696,0.9994736313819885,870,794,0.12338972091674805,0.9996522665023804,0.9993636012077332,869,817,0.12282560020685196,0.9997324347496033,0.9994852542877197,856,859,0.12249479442834854,0.9997419714927673,0.9994605183601379,1008,739,0.268184632062912,0.9998553991317749,0.9998407363891602,916,937,0.21312716603279114,0.9997811913490295,0.9996626377105713,1003,758,0.15581464767456055,0.9997099041938782,0.9997658133506775,966,833,0.13642962276935577,0.9996638298034668,0.999369204044342,1422,795,0.32722538709640503,0.9997249245643616,0.9998794794082642,1108,1287,0.24550502002239227,0.9991293549537659,0.9993767142295837,1735,768,0.47902607917785645,0.7828280329704285,0.9989668130874634,1272,1690,0.4536203145980835,0.7857592701911926,0.9980185031890869,1519,420,0.522885262966156,0.9518175721168518,0.9999547004699707,1057,1568,0.6025498509407043,0.9777480363845825,0.9999727010726929,1532,296,0.5341103672981262,0.9631476998329163,0.9998019337654114,943,1583,0.617664098739624,0.9839388728141785,0.9999316930770874,1470,294,0.5072036981582642,0.9667065739631653,0.9998204112052917,952,1496,0.5999777317047119,0.9846140146255493,0.9999377727508545,1455,349,0.5132061839103699,0.9611642360687256,0.9999197721481323,1012,1475,0.5996747016906738,0.9808345437049866,0.9999736547470093,2171,1491,0.005213502794504166,0.9996065497398376,0.9998224377632141,1802,1812,-0.005350584629923105,0.9994483590126038,0.9997373223304749,2866,1375,-0.27426254749298096,0.9496856927871704,0.9485349655151367,1424,2285,-0.12312504649162292,0.6407804489135742,0.8920311331748962,2726,2228,-0.25109419226646423,0.46838757395744324,0.9364290237426758,2273,2508,0.04829249158501625,0.15308122336864471,0.7630212306976318,2596,2337,-0.24300096929073334,0.583342432975769,0.8654041290283203,2378,2383,0.0724293515086174,0.25368422269821167,0.8123936057090759,2972,2508,-0.32154181599617004,0.3044709861278534,0.47829869389533997,2436,2768,0.04031411185860634,0.0868844985961914,0.3140021562576294,1265,1041,991,1530,1494,340,None,None,None,None,32.60,34.50,nan,nan,nan
True,/data/uabcvmsc/shared/newborn/30/27.08.24 (2)/HM20240827105407.jpeg,36.4,27.1,924,770,0.04972367361187935,0.9999738931655884,0.999984860420227,953,701,0.08643448352813721,0.999957799911499,0.9999758005142212,962,700,0.0860179141163826,0.9999560117721558,0.9999752044677734,972,695,0.08607245981693268,0.9999614953994751,0.999967098236084,895,768,0.07389913499355316,0.9999810457229614,0.9999692440032959,873,815,0.07339570671319962,0.9999840259552002,0.9999734163284302,874,830,0.07313569635152817,0.9999841451644897,0.9999688863754272,1055,703,0.23905149102210999,0.9999879598617554,0.9999877214431763,911,922,0.18707586824893951,0.9999858140945435,0.9999781847000122,1060,764,0.10879155248403549,0.999962329864502,0.9999698400497437,990,833,0.09061691164970398,0.9999639987945557,0.9999294281005859,1432,813,0.30382463335990906,0.9998189806938171,0.9999383687973022,1104,1298,0.23467551171779633,0.9995660185813904,0.9997681975364685,1730,807,0.40358230471611023,0.853813648223877,0.9994117021560669,1285,1702,0.425398051738739,0.8527250289916992,0.9989646673202515,1518,438,0.4061472415924072,0.9635337591171265,0.9999644756317139,1037,1586,0.5567004680633545,0.9831444025039673,0.9999845027923584,1533,324,0.40925610065460205,0.9673358798027039,0.9998238682746887,931,1602,0.5708981156349182,0.9863881468772888,0.999955415725708,1477,306,0.3872840404510498,0.9698666930198669,0.9998488426208496,931,1528,0.5540754199028015,0.9870302081108093,0.9999630451202393,1455,367,0.39685165882110596,0.9633710980415344,0.9999361038208008,985,1504,0.5536863207817078,0.9837178587913513,0.9999849796295166,2128,1505,0.009690708480775356,0.9998005032539368,0.9999420642852783,1769,1801,-0.009797610342502594,0.9997418522834778,0.9999244213104248,2861,1360,-0.23778672516345978,0.9776302576065063,0.9773585796356201,1400,2289,-0.13192309439182281,0.8259041905403137,0.9623212218284607,2775,2247,-0.20372848212718964,0.6036804914474487,0.9728223085403442,2289,2501,0.0201349388808012,0.27633076906204224,0.8893575668334961,2560,2300,-0.19474242627620697,0.6872140765190125,0.9415408968925476,2374,2377,0.04176076129078865,0.3507798910140991,0.9091350436210632,2928,2493,-0.27205294370651245,0.4435727298259735,0.6859729886054993,2474,2728,-0.0037430603988468647,0.1695413440465927,0.5008911490440369,1268,1056,971,1555,1496,359,None,None,None,None,32.68,34.54,nan,nan,nan
True,/data/uabcvmsc/shared/newborn/30/27.08.24 (2)/HM20240827105508.jpeg,36.4,27.0,1077,629,0.09199169278144836,0.9999531507492065,0.9999719858169556,1026,633,0.13323906064033508,0.9999197721481323,0.9999551773071289,1050,617,0.13280051946640015,0.9999158382415771,0.9999556541442871,1083,590,0.13282741606235504,0.9999310970306396,0.9999412298202515,992,691,0.10789300501346588,0.9999651908874512,0.9999445676803589,1000,697,0.1073683649301529,0.9999701976776123,0.999951958656311,983,720,0.10712571442127228,0.9999710321426392,0.9999425411224365,1089,693,0.29510727524757385,0.9999758005142212,0.9999784231185913,966,823,0.18555046617984772,0.999971866607666,0.999953031539917,1178,680,0.15467344224452972,0.9999176263809204,0.9999262094497681,1090,757,0.11988132447004318,0.9999170303344727,0.9998317956924438,1454,778,0.3432982861995697,0.9997928738594055,0.9999285936355591,1111,1293,0.2040957510471344,0.9993036985397339,0.9995700716972351,1720,779,0.4397710859775543,0.6582368016242981,0.9993687272071838,1275,1688,0.35319289565086365,0.8624617457389832,0.9983536005020142,1522,434,0.4068387746810913,0.9367808103561401,0.9999321699142456,1036,1603,0.48051199316978455,0.9843265414237976,0.9999639987945557,1543,310,0.4054339826107025,0.9579340219497681,0.999665379524231,919,1631,0.4920361638069153,0.9893357157707214,0.9998970031738281,1473,308,0.381805419921875,0.9616886377334595,0.9996898174285889,912,1554,0.47204962372779846,0.9896599650382996,0.9999111890792847,1451,377,0.39472657442092896,0.9577853679656982,0.9998681545257568,970,1531,0.4762011170387268,0.9870272278785706,0.9999642372131348,2177,1490,0.023166518658399582,0.9997132420539856,0.9998917579650879,1800,1809,-0.02340371534228325,0.9995155334472656,0.999813973903656,2872,1388,-0.2592935860157013,0.9615435600280762,0.9668052792549133,1413,2280,-0.09636567533016205,0.552092969417572,0.9079233407974243,2700,2214,-0.2759382128715515,0.5694182515144348,0.9434374570846558,2166,2469,0.08453359454870224,0.10672936588525772,0.7646500468254089,2590,2320,-0.27197036147117615,0.7082703709602356,0.8599749207496643,2302,2430,0.10959453880786896,0.20889291167259216,0.7989509701728821,2937,2482,-0.3389184772968292,0.37125974893569946,0.44623854756355286,2314,2699,0.09544666111469269,0.05891658738255501,0.3184815049171448,1282,1036,959,1580,1497,357,None,None,2590,2320,32.64,35.44,nan,nan,nan
True,/data/uabcvmsc/shared/newborn/30/27.08.24 (2)/HM20240827105612.jpeg,36.7,27.1,973,681,0.13521826267242432,0.9999336004257202,0.9999674558639526,961,683,0.17400380969047546,0.9998948574066162,0.9999463558197021,986,652,0.1735212206840515,0.9998977184295654,0.9999479055404663,985,655,0.17357535660266876,0.9999123811721802,0.999933123588562,918,734,0.15450452268123627,0.9999507665634155,0.9999294281005859,921,749,0.15397058427333832,0.9999598264694214,0.9999395608901978,930,744,0.15368439257144928,0.9999598264694214,0.9999303817749023,1049,707,0.3152284026145935,0.999974250793457,0.9999812841415405,936,833,0.2320244461297989,0.9999648332595825,0.9999537467956543,1106,706,0.18930940330028534,0.9999202489852905,0.9999475479125977,1053,790,0.1620372235774994,0.9999141693115234,0.999866247177124,1450,796,0.37172648310661316,0.999804675579071,0.9999415874481201,1111,1294,0.23266366124153137,0.9994456171989441,0.9996340274810791,1713,774,0.5220711827278137,0.5783986449241638,0.9995517134666443,1279,1689,0.43334054946899414,0.8002827763557434,0.9987245202064514,1513,425,0.5812940001487732,0.894806981086731,0.9999619722366333,1042,1598,0.6224969029426575,0.9739177823066711,0.9999750852584839,1533,317,0.5974631309509277,0.9233617186546326,0.9998043179512024,927,1622,0.6430065035820007,0.9801244735717773,0.9999253749847412,1467,300,0.5725982189178467,0.9308411478996277,0.9998205304145813,919,1554,0.6267790198326111,0.981355607509613,0.9999347925186157,1435,366,0.571841835975647,0.9201025366783142,0.9999216794967651,982,1526,0.6211874485015869,0.9770827293395996,0.9999740123748779,2160,1529,0.031119858846068382,0.9997636675834656,0.9999310970306396,1785,1812,-0.0313752144575119,0.9996128678321838,0.9998670816421509,2861,1386,-0.21605873107910156,0.9661056995391846,0.9787757396697998,1412,2289,-0.09638509899377823,0.6359692215919495,0.9236249923706055,2719,2189,-0.25405851006507874,0.5580669045448303,0.9631836414337158,2214,2404,0.10429944843053818,0.08895803987979889,0.8064446449279785,2608,2331,-0.2513751685619354,0.7034430503845215,0.9081933498382568,2330,2359,0.13278433680534363,0.16871041059494019,0.8468598127365112,2939,2435,-0.33284658193588257,0.42839938402175903,0.5690476298332214,2421,2584,0.11162430047988892,0.06377465277910233,0.4166121780872345,1280,1045,968,1575,1487,352,None,None,2608,2331,32.82,34.74,nan,nan,nan
True,/data/uabcvmsc/shared/newborn/30/27.08.24 (2)/HM20240827105715.jpeg,36.1,26.6,939,720,-0.02681245468556881,0.9999792575836182,0.9999852180480957,971,663,0.011915872804820538,0.9999712705612183,0.9999704360961914,988,645,0.011496996507048607,0.9999622106552124,0.9999710321426392,1012,656,0.011495551094412804,0.9999738931655884,0.9999606609344482,880,766,0.0012046927586197853,0.9999872446060181,0.9999568462371826,874,793,0.0006809518672525883,0.9999856948852539,0.9999593496322632,858,827,0.000411640532547608,0.9999878406524658,0.9999452829360962,1072,705,0.17211401462554932,0.9999829530715942,0.9999805688858032,910,900,0.12610803544521332,0.9999750852584839,0.9999456405639648,1079,748,0.03299350291490555,0.9999574422836304,0.999969482421875,958,838,0.016767043620347977,0.9999474287033081,0.9999203681945801,1473,807,0.20511172711849213,0.9998179078102112,0.9999425411224365,1111,1319,0.15779411792755127,0.9990377426147461,0.9995545744895935,1693,783,0.2411658763885498,0.8658104538917542,0.999721348285675,1303,1689,0.18214286863803864,0.6346273422241211,0.9981812238693237,1498,403,0.15861213207244873,0.9475110173225403,0.999951958656311,1045,1747,0.12686724960803986,0.854019284248352,0.9997126460075378,1515,281,0.14884832501411438,0.946205735206604,0.9996232986450195,923,1805,0.11487126350402832,0.8770756721496582,0.9989041090011597,1455,282,0.12195213884115219,0.9500875473022461,0.9996728897094727,911,1722,0.08240020275115967,0.8823695778846741,0.9990496039390564,1441,345,0.1448574662208557,0.9450122117996216,0.9998811483383179,962,1694,0.11045867949724197,0.8803797960281372,0.999651312828064,2117,1519,-0.00023705036437604576,0.9998891353607178,0.9999786615371704,1753,1821,-0.000110705426777713,0.9997871518135071,0.9999663829803467,2605,1500,-0.30724722146987915,0.9564648270606995,0.9945716261863708,1412,2296,-0.15826667845249176,0.6419176459312439,0.9793664813041687,2640,2386,-0.2941531538963318,0.6000882983207703,0.975963830947876,2263,2407,-0.004017007537186146,0.17456859350204468,0.9393684267997742,2532,2399,-0.28945961594581604,0.6107232570648193,0.9284725189208984,2404,2355,0.01675146259367466,0.2538241446018219,0.9385167360305786,2752,2639,-0.3780473470687866,0.4298788607120514,0.6478291153907776,2431,2607,-0.024139555171132088,0.11065339297056198,0.6343600153923035,1292,1063,960,1742,1477,328,None,None,None,None,35.13,34.20,nan,nan,nan
True,/data/uabcvmsc/shared/newborn/30/27.08.24 (2)/HM20240827105817.jpeg,36.2,26.8,996,706,-0.025427548214793205,0.9999457597732544,0.99997878074646,966,699,0.012941285036504269,0.9999210834503174,0.9999516010284424,999,676,0.012499486096203327,0.9998822212219238,0.9999464750289917,994,678,0.012539634481072426,0.9999147653579712,0.9999165534973145,932,759,-0.004239063709974289,0.9999703168869019,0.9999492168426514,899,809,-0.0048214285634458065,0.9999682903289795,0.9999567270278931,897,826,-0.005086440593004227,0.9999758005142212,0.9999445676803589,1068,708,0.1789337694644928,0.9999486207962036,0.9999507665634155,924,852,0.10305576026439667,0.9999608993530273,0.9999468326568604,1127,734,0.03794294223189354,0.9998488426208496,0.9999077320098877,1071,821,0.013095470145344734,0.9998611211776733,0.9998270869255066,1479,800,0.22565224766731262,0.9995287656784058,0.9998119473457336,1112,1283,0.12175332009792328,0.9991931319236755,0.9996346235275269,1710,761,0.2606886923313141,0.6199436187744141,0.9989925026893616,1312,1668,0.16768795251846313,0.6571959257125854,0.9985483288764954,1487,417,0.21076801419258118,0.7878080010414124,0.9998226761817932,1063,1886,0.1732337325811386,0.9183717966079712,0.9998241066932678,1477,296,0.21208178997039795,0.8185932636260986,0.9988139867782593,954,1982,0.17636364698410034,0.9329190254211426,0.9991434812545776,1397,309,0.19511352479457855,0.8253152966499329,0.9989261031150818,924,1927,0.1361500471830368,0.9365025162696838,0.9992203712463379,1392,378,0.20135685801506042,0.820639967918396,0.9995755553245544,968,1880,0.15608610212802887,0.9362116456031799,0.99974125623703,2157,1497,0.024266429245471954,0.9999308586120605,0.9999902248382568,1789,1807,-0.024711597710847855,0.9999059438705444,0.9999899864196777,2879,1364,-0.1711978316307068,0.9526453018188477,0.9933544397354126,1435,2316,-0.1478584110736847,0.7399474382400513,0.9897847771644592,2698,2183,-0.14697004854679108,0.6323142647743225,0.9916929602622986,2287,2432,0.024635840207338333,0.27252963185310364,0.9774454832077026,2571,2277,-0.1393452286720276,0.6741815805435181,0.9772219657897949,2377,2302,0.049470312893390656,0.3299233615398407,0.9762189984321594,2958,2421,-0.18722203373908997,0.4650244116783142,0.7923616170883179,2484,2634,0.034989193081855774,0.16215933859348297,0.7591040730476379,1296,1042,977,1919,1438,350,None,None,None,None,32.44,34.28,nan,nan,nan
True,/data/uabcvmsc/shared/newborn/30/27.08.24 (2)/HM20240827105919.jpeg,36.2,26.7,974,748,0.04599030688405037,0.9999716281890869,0.9999749660491943,962,694,0.08360003679990768,0.9999635219573975,0.9999477863311768,979,678,0.08317423611879349,0.9999517202377319,0.9999481439590454,998,662,0.0831555724143982,0.9999692440032959,0.9999333620071411,867,780,0.07200954854488373,0.9999821186065674,0.9999266862869263,852,816,0.07148176431655884,0.9999809265136719,0.9999322891235352,851,830,0.07124221324920654,0.999984622001648,0.999914288520813,1030,727,0.24372296035289764,0.999985933303833,0.999967098236084,888,909,0.19369782507419586,0.9999760389328003,0.9999231100082397,1064,781,0.1065576821565628,0.9999721050262451,0.9999599456787109,1001,849,0.0892939418554306,0.9999674558639526,0.9999047517776489,1427,802,0.2879568040370941,0.999876856803894,0.9999464750289917,1093,1319,0.21989139914512634,0.9994937181472778,0.9996540546417236,1720,749,0.34844639897346497,0.9000592231750488,0.9997636675834656,1229,1728,0.22988227009773254,0.9048179388046265,0.9986273050308228,1471,414,0.2711014449596405,0.9820327162742615,0.9999825954437256,1006,1505,0.13661307096481323,0.9858157634735107,0.999962329864502,1447,316,0.2604421377182007,0.9809886813163757,0.9998717308044434,914,1522,0.11750215291976929,0.9869182705879211,0.9998661279678345,1372,323,0.24274702370166779,0.9811103343963623,0.9998973608016968,924,1449,0.10535406321287155,0.9866189360618591,0.9998980760574341,1370,387,0.262501060962677,0.9766795635223389,0.9999639987945557,970,1434,0.1296166479587555,0.9828636050224304,0.9999626874923706,2112,1515,0.004443592391908169,0.9999281167984009,0.9999815225601196,1770,1810,-0.00485583208501339,0.9998810291290283,0.9999725818634033,2841,1431,-0.2619350254535675,0.9830709099769592,0.9830865859985352,1435,2354,-0.13447782397270203,0.8694959878921509,0.9601988196372986,2673,2266,-0.23824568092823029,0.6817439198493958,0.9757590293884277,2250,2404,0.013845457695424557,0.2744988799095154,0.9376257061958313,2575,2340,-0.22948214411735535,0.6776898503303528,0.9417545199394226,2357,2288,0.03744422644376755,0.3399864435195923,0.9473495483398438,2801,2495,-0.30371129512786865,0.48975300788879395,0.662564218044281,2464,2576,0.009999015368521214,0.1691744029521942,0.6262796521186829,1260,1060,954,1478,1415,360,None,None,None,None,32.36,34.30,nan,nan,nan
True,/data/uabcvmsc/shared/newborn/30/27.08.24 (2)/HM20240827110021.jpeg,36.0,26.7,924,821,0.34098321199417114,1.0,1.0,901,783,0.40063387155532837,1.0,1.0,907,765,0.40047523379325867,1.0,1.0,915,747,0.4004010260105133,1.0,1.0,883,845,0.38629019260406494,1.0,1.0,878,869,0.3858587443828583,1.0,1.0,872,892,0.3857392966747284,1.0,1.0,964,757,0.5947009921073914,1.0,1.0,906,958,0.5285406708717346,1.0,1.0,1000,818,0.40491414070129395,0.9999998807907104,1.0,978,893,0.38407835364341736,0.9999998807907104,1.0,1336,751,0.575308084487915,0.9999994039535522,0.9999997615814209,1133,1263,0.4950489401817322,0.9999980926513672,0.9999990463256836,1682,703,0.48212653398513794,0.8482367992401123,0.9999414682388306,1320,1602,0.23368635773658752,0.9534096121788025,0.9999033212661743,1441,409,0.3238004446029663,0.9558470249176025,0.9999984502792358,1015,1509,0.01888439431786537,0.9834603667259216,0.9999927282333374,1408,280,0.30767035484313965,0.9374402165412903,0.9999957084655762,945,1523,-0.02446950227022171,0.9699867367744446,0.9999860525131226,1348,300,0.29329589009284973,0.9317854046821594,0.9999960660934448,935,1472,0.002949589164927602,0.9599238038063049,0.9999897480010986,1354,362,0.31253930926322937,0.9181707501411438,0.9999983310699463,973,1453,0.021454593166708946,0.949939489364624,0.9999953508377075,1931,1115,-0.01858365163207054,0.9999806880950928,0.9999969005584717,1787,1433,0.017730941995978355,0.9999806880950928,0.9999958276748657,2114,1363,-0.578119695186615,0.9999252557754517,0.9999880790710449,1649,1794,-0.2780245244503021,0.9907628893852234,0.9999570846557617,2473,2013,-0.8966441750526428,0.962303876876831,0.9995092153549194,2122,2123,-0.5550156235694885,0.4995628893375397,0.9975977540016174,2570,2093,-0.9343456029891968,0.9986901879310608,0.996960461139679,2279,2128,-0.5903662443161011,0.9649537205696106,0.9952812790870667,2494,2325,-1.1262335777282715,0.9984914064407349,0.9889814853668213,2146,2329,-0.7547287940979004,0.979800283908844,0.9702544212341309,1234,1007,967,1489,1388,338,2212,2228,None,None,32.28,35.05,nan,nan,nan
True,/data/uabcvmsc/shared/newborn/30/27.08.24 (2)/HM20240827110123.jpeg,36.4,27.0,935,696,-0.01709710620343685,0.9998112320899963,0.9998695850372314,958,655,0.009352934546768665,0.9997546076774597,0.9997534155845642,961,658,0.00889243371784687,0.9997027516365051,0.9997655749320984,969,659,0.008930706419050694,0.9997894167900085,0.9997037053108215,877,753,0.00033368574804626405,0.9998891353607178,0.9996763467788696,876,775,-0.00028231387841515243,0.9998902082443237,0.9997273087501526,861,818,-0.0005923985736444592,0.999910831451416,0.9996919631958008,1049,697,0.13123004138469696,0.9999022483825684,0.9998776912689209,914,874,0.09401112049818039,0.999895453453064,0.9997732043266296,1043,715,0.03121977485716343,0.9997761845588684,0.9998226761817932,961,809,0.017528893426060677,0.9997544884681702,0.9995865225791931,1453,776,0.16527432203292847,0.9995918869972229,0.9998621940612793,1129,1265,0.11375182867050171,0.9985505938529968,0.9994726777076721,1712,739,0.2203264683485031,0.7616829872131348,0.9993976354598999,1362,1623,0.2351432889699936,0.6592668294906616,0.9986767172813416,1491,398,0.18811127543449402,0.8584906458854675,0.9999178647994995,1094,1679,0.32310646772384644,0.8728471994400024,0.9998363256454468,1500,280,0.19033299386501312,0.8820542693138123,0.9994513392448425,981,1730,0.3337206244468689,0.8930593132972717,0.9993718266487122,1441,278,0.16289451718330383,0.8896651268005371,0.9994744658470154,954,1646,0.3018960654735565,0.8997936844825745,0.9993653893470764,1428,331,0.17560598254203796,0.887227475643158,0.9997888207435608,1002,1624,0.3110847771167755,0.8991079330444336,0.9997627139091492,2183,1502,0.006258327513933182,0.9999139308929443,0.9999861717224121,1789,1775,-0.006656380835920572,0.9998685121536255,0.9999840259552002,2869,1449,-0.24440328776836395,0.9767406582832336,0.990190863609314,1388,2289,-0.08800864219665527,0.8026585578918457,0.9829588532447815,2707,2292,-0.2133500725030899,0.7575709223747253,0.9896090030670166,2237,2364,0.06043291836977005,0.3433768153190613,0.980201780796051,2516,2317,-0.2032490372657776,0.7229400277137756,0.9736211895942688,2348,2275,0.08356117457151413,0.35882923007011414,0.9814499616622925,2764,2581,-0.27636104822158813,0.6118879318237305,0.8405081033706665,2460,2536,0.057070791721343994,0.22880728542804718,0.8288894891738892,1291,1020,1008,1670,1465,322,None,None,2612,2304,32.64,34.48,nan,nan,nan
False,/data/uabcvmsc/shared/newborn/30/27.08.24 (2)/HM20240827110225.jpeg,36.2,26.8
True,/data/uabcvmsc/shared/newborn/30/27.08.24 (2)/HM20240827110329.jpeg,36.0,26.5,851,824,0.03825601190328598,0.9999799728393555,0.9999880790710449,887,743,0.07249581068754196,0.9999651908874512,0.999974250793457,899,723,0.07215044647455215,0.9999634027481079,0.9999737739562988,913,705,0.0722222775220871,0.9999656677246094,0.999963641166687,822,857,0.07375364750623703,0.9999855756759644,0.9999687671661377,822,875,0.07325620949268341,0.9999864101409912,0.999971866607666,820,889,0.07292506843805313,0.9999872446060181,0.9999651908874512,993,737,0.19607865810394287,0.9999806880950928,0.9999833106994629,865,943,0.20571814477443695,0.999987006187439,0.9999773502349854,958,809,0.08424713462591171,0.9999500513076782,0.9999750852584839,897,901,0.08400413393974304,0.9999444484710693,0.9999446868896484,1407,770,0.19947656989097595,0.9996722936630249,0.9999011754989624,1115,1272,0.24606481194496155,0.9993589520454407,0.9998123049736023,1684,731,0.18343320488929749,0.7550764679908752,0.9988172054290771,1330,1600,0.3537081480026245,0.739334225654602,0.9991858601570129,1480,392,0.1123814508318901,0.887855052947998,0.9998688697814941,1016,1615,0.41516393423080444,0.9227301478385925,0.9999340772628784,1500,283,0.10423470288515091,0.9039445519447327,0.9994956254959106,911,1666,0.41656994819641113,0.9206445217132568,0.9998459815979004,1439,266,0.07457657158374786,0.9143115282058716,0.9995859265327454,884,1643,0.40099239349365234,0.9225416779518127,0.999850869178772,1427,324,0.0977281779050827,0.9099506139755249,0.9998053908348083,923,1616,0.40732479095458984,0.9205613732337952,0.9999299049377441,2002,1406,-0.04183081537485123,0.9990940093994141,0.9996106028556824,1721,1697,0.04154167324304581,0.9988805651664734,0.9997010231018066,2337,1745,-0.26093247532844543,0.8290969133377075,0.991908073425293,1407,2288,-0.04095049574971199,0.5208303928375244,0.9890391826629639,2617,2165,-0.13094642758369446,0.3555837571620941,0.8191640973091125,2105,2369,0.12864969670772552,0.10825459659099579,0.9088838696479797,2676,2205,-0.11714592576026917,0.33733564615249634,0.6010780334472656,2249,2324,0.14798501133918762,0.20379036664962769,0.9065178632736206,2617,2399,-0.21351537108421326,0.27882441878318787,0.5536400675773621,2160,2593,0.0980784073472023,0.08976413309574127,0.7484731078147888,1261,1021,934,1635,1462,316,None,None,None,None,32.20,34.10,nan,nan,nan
True,/data/uabcvmsc/shared/newborn/30/27.08.24 (2)/HM20240827110435.jpeg,36.2,26.7,1062,642,0.03786367550492287,0.9994773268699646,0.9996819496154785,1020,655,0.07473462074995041,0.9991089701652527,0.9993882179260254,1017,662,0.07426562160253525,0.9989098310470581,0.9994176626205444,1061,609,0.07430829107761383,0.9992091059684753,0.9992648959159851,973,705,0.05884494632482529,0.9995611310005188,0.9991567134857178,992,716,0.058324601501226425,0.9995521903038025,0.9992491602897644,980,738,0.05802813172340393,0.9996188879013062,0.9991149306297302,1091,694,0.22359317541122437,0.9997207522392273,0.9997530579566956,955,888,0.15675534307956696,0.9995656609535217,0.9993064403533936,1124,689,0.09484799206256866,0.9994028806686401,0.9995803236961365,1102,775,0.07174511253833771,0.9993389248847961,0.9988653659820557,1435,763,0.2703920304775238,0.999528169631958,0.9996964931488037,1141,1247,0.20784537494182587,0.9980431795120239,0.9977487921714783,1700,675,0.4001150131225586,0.42933258414268494,0.9985563158988953,1352,1581,0.40173643827438354,0.28059449791908264,0.9949647188186646,1360,477,0.4937278926372528,0.7461916208267212,0.9999040365219116,1090,1752,0.5841913819313049,0.7865298390388489,0.9998383522033691,1290,479,0.5144174695014954,0.7699220776557922,0.9995505213737488,1004,1855,0.6120300889015198,0.8372310400009155,0.9995461106300354,1242,526,0.5033336281776428,0.7716957926750183,0.999556839466095,972,1842,0.5796396136283875,0.8421465754508972,0.9995655417442322,1263,547,0.49276506900787354,0.7330561876296997,0.9998016953468323,1023,1793,0.5757468342781067,0.8153916001319885,0.9998279809951782,2150,1450,0.014860812574625015,0.9995143413543701,0.9998500347137451,1804,1776,-0.015316016040742397,0.9991899132728577,0.9997559189796448,2669,1026,-0.23746052384376526,0.9218508005142212,0.9854643940925598,1377,2235,-0.15632854402065277,0.6194384098052979,0.9504757523536682,2789,1898,-0.2928910255432129,0.5367805361747742,0.9830974340438843,2106,2574,-0.09740754961967468,0.26336100697517395,0.8774482607841492,2738,2048,-0.2953214645385742,0.4851057529449463,0.9499408006668091,2233,2543,-0.08655340224504471,0.294266939163208,0.8839795589447021,3117,2196,-0.38477176427841187,0.3493950068950653,0.6447275280952454,2229,2858,-0.139264777302742,0.14153650403022766,0.4102667272090912,1288,1005,1022,1810,1289,507,None,None,None,None,32.36,34.30,35.72,nan,nan
True,/data/uabcvmsc/shared/newborn/30/27.08.24 (2)/HM20240827110537.jpeg,36.1,26.6,875,831,-0.0537475049495697,0.9975885152816772,0.9986541271209717,880,785,-0.029367605224251747,0.9958714842796326,0.9971938133239746,884,771,-0.029759502038359642,0.9947273135185242,0.9974362254142761,890,759,-0.029706105589866638,0.9966534972190857,0.9967910647392273,858,852,-0.029112957417964935,0.9977739453315735,0.9956921935081482,852,893,-0.029676014557480812,0.9975294470787048,0.9962377548217773,851,910,-0.03000355325639248,0.9981990456581116,0.9957211017608643,990,757,0.09278776496648788,0.9987654685974121,0.9988728165626526,904,956,0.09983109682798386,0.9980328679084778,0.9972295165061951,968,837,-0.004287461284548044,0.9983684420585632,0.9989257454872131,947,904,-0.005445234011858702,0.997885525226593,0.9967979788780212,1401,769,0.156061053276062,0.9992306232452393,0.9995200634002686,1138,1264,0.16376259922981262,0.9970740079879761,0.9977065324783325,1672,661,0.17651328444480896,0.695959210395813,0.9982481002807617,1364,1593,0.3836519718170166,0.324074923992157,0.9972437620162964,1361,482,0.12704169750213623,0.8394807577133179,0.9998652935028076,1106,1753,0.5343872904777527,0.7959308624267578,0.9998049139976501,1300,466,0.12141736596822739,0.8480523228645325,0.9992595314979553,1019,1849,0.5543711185455322,0.8411113023757935,0.9993711113929749,1243,512,0.1113729253411293,0.8460797071456909,0.9993951320648193,990,1837,0.5158531069755554,0.8447895050048828,0.9993448853492737,1255,540,0.12353091686964035,0.7969014048576355,0.9997453093528748,1030,1790,0.5220898389816284,0.8251526355743408,0.9997518658638,2098,1463,0.005873280577361584,0.9995656609535217,0.9999086856842041,1777,1766,-0.006216985639184713,0.9993341565132141,0.9998911619186401,2737,1118,-0.26153403520584106,0.9038389325141907,0.9654638171195984,1392,2288,-0.17974276840686798,0.7016807794570923,0.9411438703536987,2774,2009,-0.21860402822494507,0.4527161717414856,0.9774652719497681,2215,2583,-0.027515972033143044,0.25744083523750305,0.8756096959114075,2695,2118,-0.21092291176319122,0.38931962847709656,0.9468412399291992,2329,2551,-0.006775187328457832,0.23916508257389069,0.8877747654914856,3045,2315,-0.31210657954216003,0.2701111435890198,0.7144061326980591,2393,2817,-0.06780850887298584,0.13430598378181458,0.49442625045776367,1270,1016,1036,1807,1290,500,None,None,None,None,32.30,34.20,35.62,nan,nan
False,/data/uabcvmsc/shared/newborn/30/27.08.24 (2)/HM20240827110639.jpeg,35.9,26.8
False,/data/uabcvmsc/shared/newborn/30/27.08.24 (2)/HM20240827110741.jpeg,36.2,26.8
False,/data/uabcvmsc/shared/newborn/30/27.08.24 (2)/HM20240827110843.jpeg,35.9,26.6
False,/data/uabcvmsc/shared/newborn/30/27.08.24 (2)/HM20240827110945.jpeg,41.2,27.7
False,/data/uabcvmsc/shared/newborn/30/27.08.24 (2)/HM20240827111046.jpeg,39.9,27.9
False,/data/uabcvmsc/shared/newborn/30/27.08.24 (2)/HM20240827111148.jpeg,39.6,28.9
False,/data/uabcvmsc/shared/newborn/30/27.08.24 (2)/HM20240827111251.jpeg,38.6,26.6
True,/data/uabcvmsc/shared/newborn/30/27.08.24 (2)/HM20240827111352.jpeg,41.4,29.3,493,913,-0.16692709922790527,0.9830508828163147,0.9932748079299927,436,803,-0.11316146701574326,0.9595980048179626,0.982748806476593,454,756,-0.11360369622707367,0.9423545002937317,0.9803784489631653,464,732,-0.11353859305381775,0.9585734009742737,0.9686634540557861,391,888,-0.11657334119081497,0.9761249423027039,0.9834260940551758,343,917,-0.11715339124202728,0.9772112369537354,0.9849269390106201,325,941,-0.11754737794399261,0.9846617579460144,0.9808972477912903,569,693,0.11025292426347733,0.9650870561599731,0.9631056785583496,370,1048,0.09414853900671005,0.9669244289398193,0.9813923239707947,595,911,-0.08425550907850266,0.9601112604141235,0.989506185054779,548,1028,-0.09355875849723816,0.9676957726478577,0.9876333475112915,1019,673,0.1485348343849182,0.9971492886543274,0.9815257787704468,666,1487,0.12852905690670013,0.9986016154289246,0.9933362007141113,1584,549,-0.15968264639377594,0.14028942584991455,0.8675946593284607,973,1855,-0.17824429273605347,0.5051903128623962,0.9669674634933472,1318,803,-0.579922080039978,0.07361782342195511,0.9831846356391907,821,1405,-0.561100959777832,0.6749410033226013,0.9989649057388306,1305,900,-0.6628870964050293,0.09355813264846802,0.9606255888938904,905,1288,-0.658385157585144,0.6315830945968628,0.9970353841781616,1140,966,-0.6431803703308105,0.08696344494819641,0.9801921844482422,816,1183,-0.6178492307662964,0.6024264097213745,0.9985595345497131,1180,888,-0.5792818069458008,0.06952739506959915,0.9887928366661072,822,1203,-0.5558921694755554,0.5036296248435974,0.9992863535881042,1764,1185,-0.004186616279184818,0.9924375414848328,0.9889673590660095,1565,1656,0.003400944173336029,0.9935808181762695,0.992881178855896,2175,1055,-0.2764395773410797,0.02470218576490879,0.9089761972427368,1825,2147,-0.3404059410095215,0.027922814711928368,0.9661790728569031,3034,1368,-0.14920710027217865,0.024048475548624992,0.6690783500671387,2487,2516,-0.2879803478717804,0.029955079779028893,0.5788464546203613,3156,1453,-0.14658775925636292,0.039891842752695084,0.4501931667327881,2647,2502,-0.28668785095214844,0.0410776361823082,0.5237695574760437,3358,1435,-0.3410695493221283,0.014610225334763527,0.2678458094596863,2637,2833,-0.47453778982162476,0.01596677675843239,0.199229896068573,842,1080,None,None,None,None,None,None,None,None,35.33,nan,nan,nan,nan
True,/data/uabcvmsc/shared/newborn/30/27.08.24 (2)/HM20240827111454.jpeg,36.2,27.2,1181,1078,-1.7084932327270508,0.9977571368217468,0.999193012714386,868,1026,-1.7139402627944946,0.9983483552932739,0.9996039271354675,803,912,-1.7154231071472168,0.9984726309776306,0.99970942735672,756,819,-1.7153505086898804,0.9988471269607544,0.9996402263641357,904,1255,-1.7562265396118164,0.9980944991111755,0.9990447163581848,892,1369,-1.757684588432312,0.9979760050773621,0.9988269209861755,878,1481,-1.7585221529006958,0.9976576566696167,0.9978262782096863,515,696,-1.3998327255249023,0.999534010887146,0.999842643737793,623,1910,-1.5877045392990112,0.9967345595359802,0.9973223805427551,1217,1081,-1.5415282249450684,0.988857090473175,0.9967020153999329,1234,1313,-1.6038552522659302,0.9789984822273254,0.985126793384552,556,534,-1.1478517055511475,0.9998929500579834,0.9999150037765503,808,2394,-1.1551989316940308,0.9940192699432373,0.9841222763061523,1296,879,-0.6901699304580688,0.7597975730895996,0.9979912042617798,1829,2813,-0.9677493572235107,0.28752097487449646,0.7102680206298828,1969,660,-0.34281817078590393,0.7754248976707458,0.9962998032569885,2258,2847,-0.7619554400444031,0.06161041557788849,0.5015114545822144,2191,453,-0.33670637011528015,0.7513784170150757,0.9912972450256348,2313,2944,-0.7899352312088013,0.06253162026405334,0.4356316328048706,2159,486,-0.3935602903366089,0.80668044090271,0.9891030788421631,2165,2903,-0.8230199217796326,0.08451730012893677,0.41151532530784607,2095,613,-0.3541971743106842,0.8155178427696228,0.9929936528205872,2113,2785,-0.7790953516960144,0.08124596625566483,0.5563915967941284,1672,1222,0.05843140929937363,0.9959885478019714,0.9988724589347839,1915,2031,-0.059758178889751434,0.9925198554992676,0.9953191876411438,2138,1111,1.061945915222168,0.02525218389928341,0.9902756214141846,2334,1918,0.9434204697608948,0.045551903545856476,0.955502986907959,2210,1412,1.7968465089797974,0.01424967497587204,0.9755411148071289,2512,1888,1.7090753316879272,0.029332786798477173,0.8588741421699524,2205,1463,1.8832241296768188,0.039412595331668854,0.9548361301422119,2504,1873,1.8060458898544312,0.05623764544725418,0.8818659782409668,2296,1591,1.91275954246521,0.02919439785182476,0.9203822016716003,2675,1803,1.835479736328125,0.03504195436835289,0.7182687520980835,682,1464,None,None,2104,553,None,None,None,None,35.74,nan,34.40,nan,nan
True,/data/uabcvmsc/shared/newborn/30/27.08.24 (2)/HM20240827111555.jpeg,36.7,28.1,231,731,-0.3271827697753906,0.9983086585998535,0.9985639452934265,162,659,-0.2931477725505829,0.9965841770172119,0.9959149956703186,174,660,-0.2937111556529999,0.9958836436271667,0.9956731200218201,197,624,-0.29378536343574524,0.9967447519302368,0.9934113621711731,65,859,-0.2939894497394562,0.9979962706565857,0.9957535266876221,48,889,-0.29460427165031433,0.9982089996337891,0.9966905117034912,30,918,-0.29503223299980164,0.9988102912902832,0.9961193799972534,200,744,-0.11625953763723373,0.9968246221542358,0.9939653277397156,78,1020,-0.12460232526063919,0.9971922039985657,0.9962615370750427,326,827,-0.25873908400535583,0.995829164981842,0.9977397918701172,208,969,-0.26459819078445435,0.9966008067131042,0.9971572160720825,723,826,-0.07071298360824585,0.9993584752082825,0.9993593096733093,434,1449,-0.009050775319337845,0.9996190071105957,0.9992891550064087,1316,895,0.021541520953178406,0.46028658747673035,0.9984700083732605,856,1635,0.0442805290222168,0.5833975672721863,0.999197781085968,1736,850,0.02781999111175537,0.38565775752067566,0.9947016835212708,844,1970,-0.058085568249225616,0.9650326371192932,0.999911904335022,1859,797,0.03277547284960747,0.3750919699668884,0.9716149568557739,834,2101,-0.07244842499494553,0.9640972018241882,0.9995129108428955,1853,789,-0.017042439430952072,0.39992135763168335,0.9660624265670776,802,2111,-0.1299051195383072,0.9678947329521179,0.9994903802871704,1809,841,0.010564636439085007,0.42425021529197693,0.9868780970573425,817,2065,-0.08540289849042892,0.9630190134048462,0.9998455047607422,1530,1277,-0.01291802991181612,0.9997366070747375,0.9999423027038574,1444,1700,0.012420827522873878,0.9998171925544739,0.9999487400054932,1902,1043,-0.20833022892475128,0.37954801321029663,0.9757046699523926,1745,2232,-0.24776065349578857,0.6532444953918457,0.990429162979126,2131,1173,-0.06427235901355743,0.1671474128961563,0.9487227201461792,2307,1838,-0.047134462743997574,0.21370625495910645,0.9635842442512512,2150,1218,-0.04955430328845978,0.2194339781999588,0.9117090106010437,2355,1743,-0.02143019437789917,0.18655835092067719,0.9621165990829468,2312,1199,-0.12617993354797363,0.14686280488967896,0.7428864240646362,2611,1818,-0.10388950258493423,0.12284063547849655,0.815287709236145,578,1138,824,2062,None,None,None,None,None,None,36.70,35.82,nan,nan,nan
False,/data/uabcvmsc/shared/newborn/30/27.08.24 (2)/HM20240827111657.jpeg,36.3,23.9
True,/data/uabcvmsc/shared/newborn/30/27.08.24 (2)/HM20240827111758.jpeg,36.3,24.5,745,908,0.13017813861370087,0.9999984502792358,0.9999995231628418,750,900,0.16692407429218292,0.9999964237213135,0.999998927116394,771,844,0.16670027375221252,0.9999959468841553,0.9999986886978149,780,837,0.166731059551239,0.9999961853027344,0.9999982118606567,749,959,0.17268924415111542,0.999998927116394,0.9999990463256836,747,979,0.1722947359085083,0.9999991655349731,0.9999990463256836,745,999,0.1721116602420807,0.9999991655349731,0.999998927116394,866,806,0.3051055073738098,0.999996542930603,0.9999980926513672,811,1082,0.331990510225296,0.9999979734420776,0.999998927116394,840,904,0.1786201298236847,0.9999973773956299,0.9999992847442627,844,994,0.18315178155899048,0.9999978542327881,0.9999990463256836,1116,687,0.25552693009376526,0.999993085861206,0.9999949932098389,1068,1253,0.39244693517684937,0.9999923706054688,0.9999974966049194,1392,511,0.07387123256921768,0.9658846855163574,0.9997885823249817,1326,1505,0.29165545105934143,0.7981016635894775,0.99996018409729,1040,591,-0.18362638354301453,0.9781613349914551,0.9999920129776001,1398,1820,0.07649731636047363,0.9749394059181213,0.999991774559021,968,601,-0.23058155179023743,0.9737069606781006,0.9999712705612183,1414,1952,0.0406561903655529,0.974850594997406,0.9999657869338989,960,642,-0.23326081037521362,0.9716340899467468,0.9999772310256958,1369,1964,0.009856242686510086,0.9722050428390503,0.999970555305481,995,655,-0.18957525491714478,0.9672131538391113,0.9999902248382568,1376,1901,0.055256132036447525,0.9716130495071411,0.9999886751174927,1739,869,-0.0667339339852333,0.9999688863754272,0.9999866485595703,1692,1300,0.06600775569677353,0.9999760389328003,0.9999946355819702,2002,1119,-0.40034186840057373,0.9924741387367249,0.9998921155929565,2097,1612,-0.22901354730129242,0.9566439390182495,0.9999053478240967,2512,1684,-0.5912769436836243,0.9235994815826416,0.9988343119621277,2760,1787,-0.43054667115211487,0.8545317053794861,0.9978591799736023,2667,1727,-0.6170274615287781,0.9458176493644714,0.9950172305107117,2907,1741,-0.4553672671318054,0.92815762758255,0.9960428476333618,2632,2178,-0.7792242169380188,0.9663869738578796,0.9762707948684692,2878,2041,-0.5939846038818359,0.9332777857780457,0.9676199555397034,1092,970,1389,1909,991,622,2848,1856,2604,1863,35.70,35.10,30.38,nan,35.10
True,/data/uabcvmsc/shared/newborn/30/27.08.24 (2)/HM20240827111900.jpeg,36.3,24.0,770,1095,0.11945269256830215,0.9999948740005493,0.9999983310699463,772,966,0.15191668272018433,0.9999898672103882,0.9999967813491821,785,917,0.15168850123882294,0.9999887943267822,0.9999963045120239,793,912,0.1517157256603241,0.9999908208847046,0.9999949932098389,757,1098,0.159234419465065,0.9999963045120239,0.9999963045120239,760,1103,0.15885959565639496,0.9999967813491821,0.9999964237213135,763,1108,0.1587010771036148,0.9999969005584717,0.9999954700469971,872,853,0.27617397904396057,0.9999934434890747,0.9999957084655762,825,1091,0.31300225853919983,0.9999935626983643,0.9999954700469971,870,979,0.16383375227451324,0.9999945163726807,0.9999982118606567,869,1124,0.17130126059055328,0.9999945163726807,0.9999967813491821,1113,700,0.2408069223165512,0.9999914169311523,0.9999924898147583,1076,1278,0.36508098244667053,0.9999812841415405,0.9999914169311523,1373,496,0.05840672552585602,0.9663140177726746,0.9997156262397766,1350,1522,0.27010679244995117,0.7788974642753601,0.9998915195465088,1112,601,-0.21765492856502533,0.9865650534629822,0.999992847442627,1397,1843,0.06116199493408203,0.9722728729248047,0.9999791383743286,1060,603,-0.2681816816329956,0.9845571517944336,0.9999727010726929,1416,1973,0.02442171797156334,0.9736719131469727,0.9999183416366577,1040,648,-0.27172133326530457,0.9834264516830444,0.9999804496765137,1362,1975,-0.007576266303658485,0.9711710214614868,0.9999332427978516,1061,659,-0.22451861202716827,0.9789597392082214,0.999991774559021,1367,1922,0.03945730999112129,0.969779908657074,0.9999749660491943,1741,842,-0.05738313868641853,0.999941349029541,0.9999741315841675,1687,1281,0.05671846494078636,0.9999464750289917,0.9999872446060181,2019,904,-0.409517765045166,0.992382824420929,0.9998244643211365,2075,1603,-0.25376829504966736,0.9554550647735596,0.9998170733451843,2521,1643,-0.5495017170906067,0.9216324090957642,0.9991183876991272,2782,1800,-0.380744993686676,0.8593173623085022,0.996721088886261,2645,1667,-0.5694469213485718,0.936983048915863,0.9965357780456543,2928,1747,-0.3965108394622803,0.9243058562278748,0.9945835471153259,2617,2105,-0.7225451469421387,0.956214189529419,0.981056272983551,2925,2097,-0.5166899561882019,0.9219163060188293,0.9535343647003174,1094,989,1386,1928,1068,628,2878,1881,2594,1805,35.67,35.05,33.79,nan,33.79
True,/data/uabcvmsc/shared/newborn/30/27.08.24 (2)/HM20240827112001.jpeg,36.2,24.2,777,824,0.09860656410455704,0.9999986886978149,0.9999995231628418,761,792,0.1397087574005127,0.9999958276748657,0.9999984502792358,776,762,0.13946861028671265,0.9999951124191284,0.9999982118606567,787,739,0.13948825001716614,0.9999953508377075,0.9999973773956299,740,878,0.1304074376821518,0.9999988079071045,0.9999985694885254,740,909,0.1300601065158844,0.9999990463256836,0.9999986886978149,741,960,0.1298985630273819,0.9999990463256836,0.9999983310699463,870,747,0.2973673641681671,0.9999961853027344,0.9999979734420776,799,1037,0.2555635869503021,0.9999982118606567,0.9999983310699463,858,808,0.1555343121290207,0.9999970197677612,0.999998927116394,838,898,0.14023123681545258,0.999997615814209,0.9999986886978149,1099,685,0.24160242080688477,0.9999932050704956,0.9999946355819702,1078,1293,0.3275519013404846,0.9999887943267822,0.9999966621398926,1382,516,0.052038006484508514,0.9590964913368225,0.9997634291648865,1354,1536,0.22463400661945343,0.892281711101532,0.9999618530273438,1127,671,-0.2040482759475708,0.966501772403717,0.9999887943267822,1398,1857,0.055891554802656174,0.9814412593841553,0.9999897480010986,1072,704,-0.2509022355079651,0.9579101800918579,0.999961256980896,1408,1975,0.02652578614652157,0.9811127185821533,0.9999544620513916,1042,727,-0.2469935119152069,0.9548743963241577,0.999969482421875,1364,1991,0.0010975354816764593,0.9789391756057739,0.999962329864502,1066,726,-0.20824897289276123,0.9487168192863464,0.9999861717224121,1369,1945,0.03878597170114517,0.9782733917236328,0.9999856948852539,1778,856,-0.06140042841434479,0.9999479055404663,0.9999830722808838,1718,1299,0.06069980934262276,0.9999563694000244,0.9999939203262329,2123,1271,-0.3264126181602478,0.9842514991760254,0.9998905658721924,2129,1712,-0.18623220920562744,0.9080989956855774,0.9998962879180908,2643,1682,-0.46944332122802734,0.8649842739105225,0.997750461101532,2773,1886,-0.3132258653640747,0.7323023080825806,0.9981208443641663,2792,1699,-0.4897368848323822,0.9074991345405579,0.9903653860092163,2919,1833,-0.3307473361492157,0.8709118366241455,0.9967374205589294,2777,2137,-0.6208992600440979,0.9450852870941162,0.9603425860404968,2842,2165,-0.4415286183357239,0.8787847757339478,0.9708274006843567,1088,989,1385,1942,1077,707,2845,1961,2737,1839,35.59,34.98,35.59,nan,33.80
True,/data/uabcvmsc/shared/newborn/30/27.08.24 (2)/HM20240827112103.jpeg,36.2,23.8,788,814,0.2722126543521881,0.9999998807907104,1.0,759,796,0.32076209783554077,0.9999995231628418,1.0,765,774,0.32051676511764526,0.9999995231628418,1.0,769,756,0.3205612301826477,0.9999996423721313,1.0,751,877,0.3155795633792877,0.9999997615814209,1.0,753,910,0.31532934308052063,0.9999997615814209,1.0,751,907,0.3153533339500427,0.9999997615814209,0.9999998807907104,842,748,0.47807377576828003,0.9999996423721313,1.0,827,1034,0.45810574293136597,0.9999991655349731,0.9999998807907104,858,787,0.3252946138381958,0.9999994039535522,1.0,859,881,0.3161674737930298,0.9999991655349731,0.9999998807907104,1119,659,0.3834109306335449,0.9999991655349731,0.9999996423721313,1097,1264,0.5057727098464966,0.9999879598617554,0.9999955892562866,1426,480,0.11679660528898239,0.9061685800552368,0.9998812675476074,1329,1549,0.39871567487716675,0.2696138918399811,0.999901294708252,1150,633,-0.19040682911872864,0.9161986112594604,0.9999983310699463,1039,1840,0.3076830506324768,0.6148422956466675,0.9999638795852661,1081,698,-0.24144655466079712,0.893650233745575,0.9999945163726807,969,1956,0.2903956472873688,0.6774541735649109,0.9998986721038818,1054,703,-0.2215408980846405,0.8728688955307007,0.9999964237213135,929,1954,0.2825816571712494,0.6350944638252258,0.999935507774353,1079,695,-0.18854880332946777,0.826284646987915,0.9999983310699463,953,1915,0.2973047196865082,0.6393342018127441,0.9999722242355347,1745,833,-0.05142384022474289,0.9999688863754272,0.9999974966049194,1692,1261,0.050631023943424225,0.999963641166687,0.9999964237213135,1983,949,-0.41873669624328613,0.9876113533973694,0.9999945163726807,2073,1545,-0.3137742280960083,0.8793639540672302,0.9999885559082031,2524,1603,-0.7208034992218018,0.7608674168586731,0.9998350143432617,2901,1921,-0.6752492785453796,0.7373976707458496,0.999067485332489,2716,1683,-0.7583968639373779,0.958267867565155,0.9990267753601074,3116,1886,-0.7195661664009094,0.9508452415466309,0.9973492622375488,2471,1998,-0.9018118977546692,0.9327021837234497,0.9942375421524048,2991,2302,-0.8698919415473938,0.9218732714653015,0.9652738571166992,1108,962,None,None,1091,682,3003,2036,2570,1761,35.57,nan,35.57,nan,33.67
True,/data/uabcvmsc/shared/newborn/30/27.08.24 (2)/HM20240827112205.jpeg,36.3,23.4,809,1273,0.26575276255607605,0.9999988079071045,0.9999998807907104,777,1226,0.2984349727630615,0.9999979734420776,0.9999998807907104,779,1196,0.29817092418670654,0.9999979734420776,0.9999998807907104,757,1116,0.29824018478393555,0.9999983310699463,0.9999997615814209,785,1252,0.32169219851493835,0.9999988079071045,0.9999997615814209,791,1247,0.3212912380695343,0.999998927116394,0.9999997615814209,800,1242,0.32121050357818604,0.9999988079071045,0.9999996423721313,805,1013,0.3821928799152374,0.999998927116394,0.9999998807907104,882,1150,0.4977206885814667,0.9999971389770508,0.9999996423721313,883,1227,0.29171982407569885,0.999997615814209,0.9999997615814209,912,1260,0.3217378854751587,0.9999959468841553,0.9999992847442627,1122,683,0.28798049688339233,0.9999963045120239,0.9999983310699463,1116,1282,0.4899013936519623,0.9999828338623047,0.9999938011169434,1383,493,-0.00983288325369358,0.7674071788787842,0.9995952248573303,1310,1585,0.3630189299583435,0.324507474899292,0.999901533126831,1130,653,-0.321566641330719,0.8298201560974121,0.9999812841415405,1079,1883,0.20163656771183014,0.7581875920295715,0.9999406337738037,1064,698,-0.37377679347991943,0.8427110910415649,0.9999387264251709,1020,1987,0.17205409705638885,0.7774391174316406,0.9998131394386292,1029,730,-0.35976120829582214,0.820103645324707,0.999963641166687,967,1969,0.16731072962284088,0.7431517839431763,0.9998711347579956,1060,722,-0.321086049079895,0.769249439239502,0.9999827146530151,990,1922,0.18965815007686615,0.7369998693466187,0.9999456405639648,1775,874,-0.058971505612134933,0.999961256980896,0.999987006187439,1724,1305,0.058298010379076004,0.9999690055847168,0.9999899864196777,2080,844,-0.47489649057388306,0.9678301811218262,0.9998728036880493,2109,1630,-0.30347514152526855,0.9012500047683716,0.999932050704956,2372,1498,-0.5512649416923523,0.30824583768844604,0.9982168078422546,2623,2006,-0.6518354415893555,0.6994217038154602,0.9848445057868958,2452,1576,-0.5615675449371338,0.6102477312088013,0.9919773936271667,2839,2016,-0.6887170672416687,0.8966519832611084,0.9652907252311707,2398,1803,-0.646032989025116,0.34555304050445557,0.981363832950592,2686,2456,-0.7918763756752014,0.7775940895080566,0.830249547958374,1119,982,1014,1940,1071,701,2762,2236,None,None,35.64,33.72,31.14,nan,nan
True,/data/uabcvmsc/shared/newborn/30/27.08.24 (2)/HM20240827112307.jpeg,36.3,23.0,792,825,0.07825151830911636,0.9999997615814209,0.9999998807907104,768,806,0.1264045685529709,0.9999996423721313,0.9999998807907104,783,766,0.12612371146678925,0.9999995231628418,0.9999997615814209,789,749,0.1261715143918991,0.9999996423721313,0.9999997615814209,758,907,0.11998233944177628,0.9999998807907104,0.9999997615814209,761,948,0.11965218186378479,0.9999998807907104,0.9999997615814209,762,978,0.11955734342336655,0.9999998807907104,0.9999996423721313,868,764,0.29722851514816284,0.9999995231628418,0.9999997615814209,843,1078,0.27243268489837646,0.9999995231628418,0.9999995231628418,866,810,0.13784857094287872,0.9999990463256836,0.9999997615814209,859,909,0.12734349071979523,0.999998927116394,0.9999994039535522,1136,675,0.24238274991512299,0.9999922513961792,0.9999970197677612,1117,1293,0.3317253887653351,0.999962329864502,0.9999921321868896,1382,488,0.047162480652332306,0.9220860600471497,0.9997770190238953,1311,1562,0.23977918922901154,0.7772900462150574,0.9999220371246338,1177,636,-0.20367331802845,0.9331558346748352,0.999988317489624,1116,1864,0.12958507239818573,0.9352558255195618,0.999976396560669,1117,687,-0.24592939019203186,0.9260239005088806,0.9999560117721558,1064,1988,0.10985119640827179,0.9428008198738098,0.9999098777770996,1082,722,-0.23965537548065186,0.9171879887580872,0.9999667406082153,1002,1962,0.09363620728254318,0.9339292645454407,0.9999314546585083,1105,710,-0.20675286650657654,0.9132717847824097,0.999985933303833,1021,1909,0.11647304147481918,0.9380977749824524,0.9999738931655884,1815,831,-0.055567335337400436,0.9999648332595825,0.9999939203262329,1786,1267,0.054855845868587494,0.9999632835388184,0.9999967813491821,2064,974,-0.35714027285575867,0.9927391409873962,0.9999653100967407,2107,1642,-0.17576666176319122,0.9351673126220703,0.999962329864502,2570,1623,-0.5844038724899292,0.9274156093597412,0.9996800422668457,2703,1822,-0.39354121685028076,0.8477932214736938,0.9993483424186707,2709,1663,-0.6120641231536865,0.9631738066673279,0.9983313679695129,2859,1761,-0.41846978664398193,0.9376686811447144,0.9986275434494019,2564,2080,-0.7339365482330322,0.9719565510749817,0.9892487525939941,2674,2174,-0.513286828994751,0.9356993436813354,0.9831959009170532,1126,984,1051,1931,1120,689,2745,1919,2614,1789,35.62,33.64,35.62,30.93,33.64
True,/data/uabcvmsc/shared/newborn/30/27.08.24 (2)/HM20240827112409.jpeg,36.1,22.7,788,855,0.21454958617687225,0.9999964237213135,0.9999984502792358,781,811,0.2595449984073639,0.9999877214431763,0.999994158744812,795,789,0.25931188464164734,0.999985933303833,0.9999939203262329,811,762,0.25930652022361755,0.9999885559082031,0.999991774559021,758,896,0.25144144892692566,0.9999958276748657,0.9999934434890747,761,944,0.25115668773651123,0.9999961853027344,0.9999936819076538,765,969,0.2510436177253723,0.9999961853027344,0.9999916553497314,893,757,0.420240581035614,0.9999914169311523,0.9999970197677612,828,1038,0.3852284550666809,0.9999921321868896,0.9999935626983643,870,834,0.2708812355995178,0.9999942779541016,0.9999985694885254,840,948,0.25767388939857483,0.999993085861206,0.9999972581863403,1125,698,0.34300899505615234,0.9999926090240479,0.999996542930603,1092,1292,0.43009239435195923,0.9999557733535767,0.9999818801879883,1388,486,0.11467798054218292,0.7784683108329773,0.9996234178543091,1307,1566,0.26206788420677185,0.53537917137146,0.999866247177124,1188,705,-0.1841769516468048,0.7630397081375122,0.9999833106994629,1068,1829,0.07901841402053833,0.8187597393989563,0.9998950958251953,1159,788,-0.2358459085226059,0.7455810904502869,0.9999483823776245,999,1938,0.040344301611185074,0.8591402173042297,0.9996492862701416,1115,801,-0.22525465488433838,0.7195339798927307,0.9999642372131348,939,1898,0.03649076074361801,0.8327088356018066,0.9997819066047668,1129,786,-0.18641874194145203,0.6549091339111328,0.9999831914901733,956,1858,0.0684610977768898,0.8208441138267517,0.9999122619628906,1825,871,-0.06307675689458847,0.9999712705612183,0.9999970197677612,1814,1279,0.062282197177410126,0.9999736547470093,0.9999978542327881,2061,1175,-0.3996456265449524,0.9862985014915466,0.9999821186065674,2230,1769,-0.22123268246650696,0.895128607749939,0.9999480247497559,2634,1489,-0.603373110294342,0.8017467260360718,0.9986312985420227,2848,1743,-0.4584520757198334,0.5819893479347229,0.9984583854675293,2792,1493,-0.6293553113937378,0.9363396763801575,0.9919203519821167,3005,1654,-0.4884701073169708,0.9008812308311462,0.9964879751205444,2759,1892,-0.7790055871009827,0.9299452900886536,0.954787015914917,2972,2012,-0.6302757859230042,0.8404364585876465,0.9471606612205505,1108,995,990,1881,1154,765,2988,1833,2728,1625,35.42,33.42,35.42,nan,33.42
True,/data/uabcvmsc/shared/newborn/30/27.08.24 (2)/HM20240827112511.jpeg,36.2,22.6,795,910,0.18272443115711212,0.9999972581863403,0.9999990463256836,782,870,0.22437958419322968,0.999990701675415,0.9999959468841553,802,809,0.22416242957115173,0.9999881982803345,0.9999953508377075,813,794,0.224195197224617,0.9999901056289673,0.9999929666519165,777,988,0.2257278710603714,0.9999971389770508,0.9999961853027344,787,1055,0.22539758682250977,0.9999973773956299,0.999996542930603,787,1040,0.2252272367477417,0.9999974966049194,0.9999957084655762,904,781,0.3698536455631256,0.9999918937683105,0.9999964237213135,856,1106,0.3780958354473114,0.9999951124191284,0.9999969005584717,889,892,0.23271769285202026,0.9999936819076538,0.9999985694885254,869,1000,0.2320825606584549,0.9999926090240479,0.9999974966049194,1139,707,0.2930077314376831,0.9999814033508301,0.9999912977218628,1113,1300,0.4242275655269623,0.9999556541442871,0.9999898672103882,1378,480,0.06941527873277664,0.730658233165741,0.9992295503616333,1296,1574,0.2627187967300415,0.5736380219459534,0.9999270439147949,1199,728,-0.18423715233802795,0.5612685680389404,0.9998934268951416,1103,1879,0.057732079178094864,0.8567464351654053,0.9999359846115112,1158,808,-0.23133613169193268,0.5783162117004395,0.999708354473114,1067,2005,0.01786014437675476,0.8989639282226562,0.9997887015342712,1180,824,-0.2217443436384201,0.5521539449691772,0.9997994303703308,1003,1974,0.008096549659967422,0.8803133368492126,0.999854564666748,1200,814,-0.18586555123329163,0.5181564688682556,0.9998966455459595,1011,1917,0.04381636530160904,0.8797955513000488,0.9999395608901978,1822,886,-0.07561339437961578,0.9999673366546631,0.9999957084655762,1815,1287,0.07483164221048355,0.9999781847000122,0.9999984502792358,2087,1288,-0.3406425714492798,0.9825981259346008,0.9999833106994629,2220,1762,-0.19071072340011597,0.928400993347168,0.9999828338623047,2647,1517,-0.5650838017463684,0.9089743494987488,0.9991438388824463,2897,1826,-0.4376533627510071,0.8446069359779358,0.9994215965270996,2855,1533,-0.5949965715408325,0.9532746076583862,0.995010495185852,3063,1744,-0.4693423807621002,0.9501205682754517,0.9985448122024536,2747,1926,-0.7510194778442383,0.9658498764038086,0.9664651155471802,3024,2124,-0.6127405166625977,0.9404863715171814,0.9756202101707458,1126,1004,1046,1944,None,None,2995,1898,2750,1659,35.51,33.48,nan,nan,33.48
True,/data/uabcvmsc/shared/newborn/30/27.08.24 (2)/HM20240827112612.jpeg,36.4,23.7,789,882,0.06374169886112213,0.9999818801879883,0.9999775886535645,781,831,0.10540058463811874,0.9999388456344604,0.999913215637207,791,818,0.10517565160989761,0.9999253749847412,0.9998949766159058,807,768,0.10518132150173187,0.999923825263977,0.9998379945755005,769,940,0.10982363671064377,0.9999831914901733,0.9999350309371948,773,991,0.10943128913640976,0.9999871253967285,0.9999504089355469,772,1017,0.10918358713388443,0.9999885559082031,0.9999476671218872,897,802,0.26623067259788513,0.9999452829360962,0.9998762607574463,846,1094,0.28767937421798706,0.9999823570251465,0.9999653100967407,871,845,0.11997119337320328,0.9999585151672363,0.9999668598175049,874,1001,0.12301429361104965,0.9999649524688721,0.9999638795852661,1159,715,0.20697544515132904,0.9998395442962646,0.999839186668396,1128,1290,0.3699062466621399,0.999911904335022,0.9999635219573975,1266,404,-0.014828342013061047,0.8758569955825806,0.9965834021568298,1336,1548,0.2594729959964752,0.8725491166114807,0.9998459815979004,1110,736,-0.2593662738800049,0.7563701868057251,0.9990211725234985,1279,1901,0.06860894709825516,0.9792068004608154,0.9999403953552246,1103,814,-0.31204941868782043,0.7496146559715271,0.9973393082618713,1267,2017,0.032492414116859436,0.9833946228027344,0.9997846484184265,1119,820,-0.3043047785758972,0.729220986366272,0.9978693723678589,1219,2022,0.006912765093147755,0.9809767603874207,0.9998273849487305,1138,812,-0.2623980939388275,0.7291169762611389,0.9989007711410522,1228,1979,0.049432653933763504,0.9812745451927185,0.9999270439147949,1912,878,-0.08926946669816971,0.9998756647109985,0.999914288520813,1915,1269,0.0884372666478157,0.9999454021453857,0.999984622001648,1765,1317,-0.365561842918396,0.9913384914398193,0.9997850060462952,2273,1757,-0.10592193901538849,0.9808979630470276,0.9998418092727661,2453,1583,-0.5682109594345093,0.968718945980072,0.9957700371742249,3088,1829,-0.2960427403450012,0.9685227274894714,0.9931668639183044,2609,1568,-0.5963887572288513,0.9690515398979187,0.9801746606826782,3222,1755,-0.32131922245025635,0.977687656879425,0.9862448573112488,2500,2046,-0.7565374970436096,0.9878351092338562,0.8681694865226746,3199,2126,-0.4677519202232361,0.982455313205719,0.8508581519126892,1144,1002,1248,1980,1118,796,3170,1903,2521,1732,35.75,33.86,35.75,nan,33.86
True,/data/uabcvmsc/shared/newborn/30/27.08.24 (2)/HM20240827112714.jpeg,37.0,27.4,2044,2144,-0.7618306279182434,0.9999569654464722,0.9999657869338989,2211,2243,-0.7440663576126099,0.9999357461929321,0.9999402761459351,2191,2265,-0.7448137402534485,0.9999167919158936,0.9999380111694336,2182,2307,-0.7448747158050537,0.9999374151229858,0.9998952150344849,2237,2096,-0.7828088402748108,0.9999614953994751,0.9999250173568726,2283,2022,-0.7834568619728088,0.9999580383300781,0.9999138116836548,2295,1986,-0.7837219834327698,0.999962329864502,0.9998619556427002,2249,2272,-0.5104226469993591,0.9999711513519287,0.9999109506607056,2410,1813,-0.6901177763938904,0.9999154806137085,0.9998251795768738,1976,2110,-0.6532261371612549,0.9997177720069885,0.999823272228241,2036,1981,-0.7098153829574585,0.9998130202293396,0.9997292160987854,2076,2204,-0.35700708627700806,0.999936580657959,0.9999551773071289,2376,1238,-0.488246887922287,0.9997918009757996,0.9996628761291504,1441,2335,-0.4130551815032959,0.5551193356513977,0.9947056174278259,1877,919,-0.6637676954269409,0.6300271153450012,0.974864661693573,1714,2147,-0.603705644607544,0.37654373049736023,0.9967111349105835,1956,787,-0.9282414317131042,0.6436434984207153,0.9683360457420349,1706,2171,-0.6513161659240723,0.34012770652770996,0.9919242262840271,1969,798,-0.9967765808105469,0.6480296850204468,0.9189292192459106,1895,2142,-0.6474526524543762,0.34849321842193604,0.9935006499290466,2081,838,-1.004932165145874,0.6932967901229858,0.9472408890724182,1890,2089,-0.6062706112861633,0.33638161420822144,0.996227502822876,2067,888,-0.9417188167572021,0.6465998888015747,0.9729802012443542,1304,1751,0.07020747661590576,0.9994200468063354,0.9997826218605042,1320,1246,-0.07063353806734085,0.9992210865020752,0.9995006322860718,640,2284,0.13628678023815155,0.46086713671684265,0.9884312152862549,689,1683,-0.04518590122461319,0.35320597887039185,0.9863751530647278,381,2124,0.3956563472747803,0.09460828453302383,0.9593902230262756,378,1676,0.3518159091472626,0.08581248670816422,0.9379931688308716,371,2038,0.4239763915538788,0.12728485465049744,0.9365413188934326,362,1640,0.4003329873085022,0.06506608426570892,0.9414488077163696,105,2155,0.4230853021144867,0.0998459905385971,0.8019386529922485,88,1809,0.408021479845047,0.057770248502492905,0.7360724806785583,2226,1721,None,None,None,None,None,None,None,None,36.02,nan,nan,nan,nan
True,/data/uabcvmsc/shared/newborn/30/27.08.24 (2)/HM20240827112815.jpeg,36.0,21.9,2564,1684,-0.40714606642723083,0.9999713897705078,0.9999963045120239,2664,1718,-0.37996336817741394,0.9999380111694336,0.9999868869781494,2663,1747,-0.3805008828639984,0.9999101161956787,0.9999850988388062,2659,1777,-0.38040417432785034,0.9999191761016846,0.9999721050262451,2676,1626,-0.4044235646724701,0.9999721050262451,0.9999885559082031,2681,1585,-0.4050997793674469,0.9999740123748779,0.99998939037323,2688,1544,-0.405280739068985,0.9999773502349854,0.9999840259552002,2614,1738,-0.21973897516727448,0.9999488592147827,0.9999817609786987,2655,1420,-0.3354375958442688,0.999966025352478,0.9999880790710449,2460,1687,-0.33846399188041687,0.9992895126342773,0.9999279975891113,2476,1567,-0.375448614358902,0.9995224475860596,0.9999256134033203,2258,1569,-0.14623427391052246,0.9995539784431458,0.9998693466186523,2277,1073,-0.22051000595092773,0.9995495676994324,0.9998601675033569,1930,1853,-0.035602401942014694,0.03111479990184307,0.9921809434890747,1781,1141,-0.18980653584003448,0.25610923767089844,0.9934300780296326,2140,1965,0.13463419675827026,0.03362239897251129,0.990601658821106,2174,732,-0.10796372592449188,0.8944277763366699,0.9998464584350586,2223,1979,0.16543470323085785,0.054908886551856995,0.9825230836868286,2259,610,-0.1091894581913948,0.9310259222984314,0.99970942735672,2274,1979,0.15281590819358826,0.059548623859882355,0.98223477602005,2378,705,-0.11823660135269165,0.935580849647522,0.9997555613517761,2281,1908,0.1324906051158905,0.08257351815700531,0.9889216423034668,2347,781,-0.11401483416557312,0.9121211767196655,0.9998762607574463,1311,1366,0.008508985862135887,0.9987805485725403,0.999919056892395,1326,1257,-0.009309879504144192,0.9987491369247437,0.9999244213104248,1143,1226,0.3799717128276825,0.01874607987701893,0.999830961227417,1344,1036,0.2661307454109192,0.011738541536033154,0.9999356269836426,828,1183,0.5371880531311035,0.03659551590681076,0.9993246793746948,1195,747,0.40912264585494995,0.03392961248755455,0.9994359612464905,744,1170,0.5545561909675598,0.1513848453760147,0.9978553652763367,1114,732,0.4276665449142456,0.12710188329219818,0.9991193413734436,767,1205,0.597078800201416,0.08398984372615814,0.9967032074928284,1213,634,0.4677554666996002,0.06455884128808975,0.9974978566169739,2268,1321,2290,707,None,None,None,None,None,None,30.36,33.18,nan,nan,nan
True,/data/uabcvmsc/shared/newborn/30/27.08.24 (2)/HM20240827112916.jpeg,36.3,27.2,2656,1642,-0.2887280583381653,0.9999866485595703,0.9999710321426392,2706,1657,-0.29346635937690735,0.9999903440475464,0.99992835521698,2706,1661,-0.29385796189308167,0.999987006187439,0.9999419450759888,2703,1665,-0.2938444912433624,0.9999921321868896,0.9999196529388428,2704,1643,-0.3023360073566437,0.9999914169311523,0.9998558759689331,2702,1633,-0.302830308675766,0.9999873638153076,0.9998587369918823,2700,1623,-0.3029893636703491,0.9999911785125732,0.9997779726982117,2634,1614,-0.2621665298938751,0.9999938011169434,0.9999788999557495,2632,1577,-0.3033830225467682,0.999984622001648,0.9998663663864136,2572,1619,-0.26512610912323,0.9999622106552124,0.9999740123748779,2576,1583,-0.28022676706314087,0.9999542236328125,0.9999245405197144,2306,1204,-0.22489725053310394,0.9999706745147705,0.9999911785125732,2107,1698,-0.20887541770935059,0.9998028874397278,0.9997249245643616,1944,824,-0.1281183660030365,0.1281091272830963,0.9992907047271729,1660,1607,-0.07973834872245789,0.018134986981749535,0.980198323726654,2134,677,0.009480591863393784,0.1302405297756195,0.9995718598365784,1861,1587,0.10222343355417252,0.03630819544196129,0.9814339280128479,2178,570,0.00439418014138937,0.2277759462594986,0.9990572333335876,1908,1605,0.1044899970293045,0.07207562029361725,0.9700186848640442,2266,654,0.005379025824368,0.22793327271938324,0.99898761510849,1976,1573,0.09453023970127106,0.06915424764156342,0.9724544286727905,2251,694,0.014723279513418674,0.20726332068443298,0.9994392991065979,1965,1552,0.09954675287008286,0.0576133131980896,0.9861283302307129,1490,1070,0.014297709800302982,0.9999676942825317,0.9999978542327881,1369,1325,-0.014820536598563194,0.9999784231185913,0.999996542930603,1350,964,0.3412705659866333,0.012306088581681252,0.9998819828033447,921,1182,0.21797816455364227,0.11127694696187973,0.9998347759246826,1011,926,0.5487118363380432,0.08227285742759705,0.9997181296348572,573,980,0.3455158472061157,0.4702364504337311,0.9964871406555176,948,927,0.5727373361587524,0.29315289855003357,0.9990801811218262,512,927,0.3631013333797455,0.5144398808479309,0.9929445385932922,889,906,0.6405665278434753,0.12812048196792603,0.9986304044723511,407,983,0.37583720684051514,0.4191219210624695,0.9868897199630737,2206,1451,None,None,None,None,None,None,None,None,32.62,nan,nan,nan,nan
True,/data/uabcvmsc/shared/newborn/30/27.08.24 (2)/HM20240827113018.jpeg,36.2,27.5,2497,1835,-0.6412416100502014,0.9999988079071045,0.9999998807907104,2613,1877,-0.588182270526886,0.9999988079071045,0.9999996423721313,2610,1926,-0.5888204574584961,0.9999982118606567,0.9999995231628418,2605,1974,-0.5887298583984375,0.9999978542327881,0.9999988079071045,2634,1730,-0.6263121962547302,0.9999995231628418,0.9999997615814209,2645,1665,-0.6269699931144714,0.9999994039535522,0.9999997615814209,2657,1601,-0.6272944211959839,0.9999994039535522,0.9999995231628418,2564,1926,-0.3064403831958771,0.9999983310699463,0.9999985694885254,2636,1406,-0.48508352041244507,0.9999992847442627,0.9999992847442627,2365,1827,-0.5281164050102234,0.9998815059661865,0.999966025352478,2376,1641,-0.5834488272666931,0.9999442100524902,0.999971866607666,2205,1737,-0.16443057358264923,0.9975486397743225,0.9995124340057373,2297,954,-0.35470184683799744,0.9994753003120422,0.9997802376747131,1995,1743,0.0518069826066494,0.019254688173532486,0.9873369336128235,1865,798,-0.3626411259174347,0.8842485547065735,0.9901082515716553,2127,1951,0.34693679213523865,0.022249294444918633,0.95247483253479,2235,745,-0.2530478239059448,0.9758152961730957,0.999778687953949,2104,2033,0.40635815262794495,0.03933146595954895,0.9008965492248535,2368,629,-0.2572038173675537,0.9757505059242249,0.9995150566101074,2136,2056,0.3761228919029236,0.04243280366063118,0.88057941198349,2448,688,-0.24271579086780548,0.9767482280731201,0.9996277093887329,2114,2005,0.34056317806243896,0.06377536803483963,0.9234290719032288,2404,755,-0.248990997672081,0.9675389528274536,0.9998195767402649,1262,1399,0.05539602041244507,0.9992720484733582,0.9999306201934814,1267,1015,-0.055726949125528336,0.9996034502983093,0.9999573230743408,1057,1502,0.5151858925819397,0.22387726604938507,0.9994407296180725,846,802,0.26645275950431824,0.6743229627609253,0.9998283386230469,922,1391,0.8615740537643433,0.36379796266555786,0.9992398023605347,457,872,0.591981828212738,0.8098271489143372,0.9988527297973633,923,1339,0.8968883156776428,0.5017057657241821,0.9980190992355347,440,904,0.6294509768486023,0.7684695720672607,0.9983136653900146,727,1426,0.9400173425674438,0.4516656994819641,0.9932798743247986,281,888,0.6312249898910522,0.7104990482330322,0.983802318572998,2251,1346,2364,704,None,None,393,888,None,None,32.69,31.83,nan,nan,nan
True,/data/uabcvmsc/shared/newborn/30/27.08.24 (2)/HM20240827113120.jpeg,36.3,27.7,2515,1720,-0.36935120820999146,0.9999531507492065,0.9999971389770508,2712,1791,-0.30583456158638,0.9999440908432007,0.9999951124191284,2724,1877,-0.30654245615005493,0.9999276399612427,0.9999939203262329,2744,1933,-0.30629050731658936,0.9999262094497681,0.9999885559082031,2702,1578,-0.34585562348365784,0.9999692440032959,0.9999957084655762,2679,1521,-0.34672436118125916,0.9999725818634033,0.9999957084655762,2682,1444,-0.3470012843608856,0.9999737739562988,0.9999929666519165,2739,1835,-0.02439050003886223,0.9999291896820068,0.9999849796295166,2603,1061,-0.20164033770561218,0.9999611377716064,0.9999887943267822,2336,1765,-0.2584102749824524,0.9983874559402466,0.9998500347137451,2345,1602,-0.3146388530731201,0.9986703395843506,0.9997723698616028,2157,1891,0.03633264824748039,0.9973978996276855,0.9990516304969788,2341,805,-0.13015490770339966,0.9980888962745667,0.9992311000823975,1719,1909,0.038873620331287384,0.026638858020305634,0.9296374917030334,1851,552,-0.2034500539302826,0.7596971392631531,0.9774453639984131,1699,2121,0.096490778028965,0.03717684745788574,0.9344590306282043,2364,697,-0.12338928133249283,0.9493227601051331,0.9997970461845398,1697,2177,0.12638060748577118,0.08653353154659271,0.9152648448944092,2590,605,-0.12319465726613998,0.9621618390083313,0.9996228218078613,1775,2196,0.11065799742937088,0.10096777975559235,0.9263956546783447,2618,722,-0.09347750246524811,0.9640403985977173,0.999724805355072,1769,2131,0.09103497117757797,0.14374330639839172,0.9456285834312439,2543,788,-0.11294706910848618,0.9542140960693359,0.9998573064804077,1122,1362,0.024644410237669945,0.9950830936431885,0.9991239905357361,1228,903,-0.025303542613983154,0.9960305094718933,0.99943608045578,738,1203,0.39496320486068726,0.11638233810663223,0.999284565448761,1001,675,0.1883583515882492,0.19511453807353973,0.9998301267623901,519,937,0.49506351351737976,0.3638570010662079,0.9984560012817383,740,524,0.36954590678215027,0.43664759397506714,0.9988732933998108,475,884,0.5051997303962708,0.5534319877624512,0.9959847927093506,651,536,0.3963473439216614,0.5504525303840637,0.9984729886054993,220,878,0.5232123732566833,0.4993238151073456,0.9870858788490295,577,432,0.43702349066734314,0.49991440773010254,0.988617479801178,2249,1348,2529,703,None,None,None,None,None,None,35.42,32.86,nan,nan,nan
True,/data/uabcvmsc/shared/newborn/30/27.08.24 (2)/HM20240827113221.jpeg,36.3,21.0,2150,1903,-0.5781306624412537,0.9998458623886108,0.9999924898147583,2309,1941,-0.5464473962783813,0.9997968077659607,0.9999864101409912,2334,1964,-0.5471590161323547,0.9996888637542725,0.9999834299087524,2356,1996,-0.547007143497467,0.9997316002845764,0.9999691247940063,2259,1823,-0.5847031474113464,0.9999054670333862,0.9999896287918091,2303,1753,-0.5854029059410095,0.9999129772186279,0.9999902248382568,2317,1695,-0.5856656432151794,0.999934196472168,0.9999854564666748,2434,1936,-0.32468998432159424,0.9997110962867737,0.9999661445617676,2368,1489,-0.49634483456611633,0.9998612403869629,0.9999809265136719,2101,1874,-0.48052433133125305,0.9962732791900635,0.9997938275337219,2093,1774,-0.5342657566070557,0.9978249073028564,0.9997860789299011,2216,1834,-0.2338877022266388,0.9988517761230469,0.9997089505195618,2214,983,-0.3334144651889801,0.9994012117385864,0.9997811913490295,1951,1807,-0.02522723563015461,0.02881910465657711,0.9944690465927124,1721,676,-0.35431358218193054,0.9418193697929382,0.9944186210632324,1894,1844,0.19565345346927643,0.038540493696928024,0.9922856092453003,1960,810,-0.331754595041275,0.9890381097793579,0.9999505281448364,1899,1856,0.2243925780057907,0.058389171957969666,0.9817826151847839,2027,799,-0.3479572534561157,0.9856942296028137,0.9998652935028076,1933,1848,0.21073511242866516,0.0642639622092247,0.9809007048606873,2173,880,-0.33585596084594727,0.9868916869163513,0.9999058246612549,1924,1813,0.19628506898880005,0.07729192078113556,0.9889583587646484,2132,926,-0.32896360754966736,0.9767200350761414,0.9999585151672363,1243,1377,0.019961083307862282,0.999238133430481,0.9999731779098511,1344,971,-0.020558135583996773,0.9993560910224915,0.999980092048645,987,1451,0.3549221158027649,0.13015399873256683,0.9998559951782227,1351,730,0.301469087600708,0.1989787518978119,0.9999474287033081,870,1195,0.6514496207237244,0.20612862706184387,0.9997918009757996,1271,759,0.6561257243156433,0.34721532464027405,0.9998602867126465,848,1112,0.6844068765640259,0.30643969774246216,0.9995094537734985,1101,732,0.7008877396583557,0.4530234932899475,0.9998542070388794,583,1153,0.7255063652992249,0.29567641019821167,0.9982165694236755,1132,662,0.7559133172035217,0.3549058735370636,0.9983892440795898,2215,1408,2073,854,None,None,None,None,None,None,30.18,34.74,nan,nan,nan
False,/data/uabcvmsc/shared/newborn/30/27.08.24 (2)/HM20240827113327.jpeg,36.0,19.9,2628,1925,-0.4324871301651001,0.9999808073043823,0.9999755620956421,2722,1935,-0.40960127115249634,0.9999793767929077,0.9999563694000244,2724,1949,-0.40999463200569153,0.9999727010726929,0.9999614953994751,2722,1963,-0.40993863344192505,0.9999814033508301,0.9999431371688843,2724,1875,-0.44385379552841187,0.9999871253967285,0.9999397993087769,2727,1842,-0.4444134533405304,0.9999836683273315,0.9999420642852783,2731,1808,-0.444518119096756,0.9999876022338867,0.9999052286148071,2676,1852,-0.2772313356399536,0.9999847412109375,0.9999793767929077,2687,1652,-0.4333554804325104,0.9999762773513794,0.9999336004257202,2525,1877,-0.37159639596939087,0.9997599720954895,0.9998480081558228,2535,1790,-0.4208897650241852,0.9997715353965759,0.9996991157531738,2339,1399,-0.23225121200084686,0.9995790123939514,0.9998443126678467,2161,1483,-0.2949884533882141,0.9980106949806213,0.9984524250030518,1958,1465,-0.11551767587661743,0.004546517506241798,0.969576358795166,1718,1202,-0.2341979593038559,0.030522610992193222,0.8620443344116211,2051,1634,0.037883296608924866,0.002728766528889537,0.8818778991699219,1787,1109,-0.06453270465135574,0.010049792006611824,0.7020845413208008,2124,1654,0.0416305810213089,0.007862180471420288,0.8441945314407349,1826,1092,-0.06220284476876259,0.0180522408336401,0.5995009541511536,2154,1679,0.03171231970191002,0.008784757927060127,0.8233124017715454,1888,1076,-0.07453246414661407,0.019125377759337425,0.6197553873062134,2112,1682,0.03505546227097511,0.011387151665985584,0.8607315421104431,1877,1077,-0.07122167199850082,0.020480019971728325,0.7289571762084961,1448,1139,0.01082284189760685,0.9993358254432678,0.9999629259109497,1307,1239,-0.01163262128829956,0.9995217323303223,0.9999610185623169,1441,947,0.351108580827713,0.026507437229156494,0.9998188614845276,938,1141,0.25170037150382996,0.07235785573720932,0.9997983574867249,1006,817,0.5155648589134216,0.12334223836660385,0.9996271133422852,642,1071,0.4549807608127594,0.38246652483940125,0.9988158941268921,919,803,0.5346578359603882,0.2953474223613739,0.9988644123077393,571,1042,0.48181214928627014,0.5338483452796936,0.9980948567390442,903,728,0.5703653693199158,0.25774917006492615,0.9982190728187561,449,1089,0.5007277727127075,0.4302717447280884,0.9944884777069092
True,/data/uabcvmsc/shared/newborn/30/27.08.24 (2)/HM20240827113428.jpeg,36.2,19.0,2425,1870,-0.628993570804596,0.9999991655349731,0.9999998807907104,2636,1878,-0.5763778686523438,0.999998927116394,0.9999998807907104,2669,1920,-0.5770258903503418,0.9999983310699463,0.9999997615814209,2693,1946,-0.5768364667892456,0.9999984502792358,0.9999996423721313,2563,1688,-0.6185441613197327,0.9999994039535522,0.9999998807907104,2541,1618,-0.6191776990890503,0.9999992847442627,0.9999998807907104,2582,1554,-0.6193506121635437,0.9999994039535522,0.9999997615814209,2669,1853,-0.30294495820999146,0.9999979734420776,0.9999995231628418,2542,1321,-0.4918309152126312,0.9999985694885254,0.9999994039535522,2329,1896,-0.5178709030151367,0.9999412298202515,0.9999924898147583,2251,1726,-0.5766812562942505,0.9999475479125977,0.9999878406524658,2180,1825,-0.2170068621635437,0.9997778534889221,0.9999501705169678,2164,925,-0.33312350511550903,0.9996738433837891,0.9998888969421387,1814,1730,-0.06703922152519226,0.05314646288752556,0.9974949359893799,1780,704,-0.312619686126709,0.915389358997345,0.997676432132721,1651,1669,0.10561780631542206,0.10124063491821289,0.9977737069129944,1966,616,-0.20755571126937866,0.9808179140090942,0.9999169111251831,1595,1717,0.13042137026786804,0.15187637507915497,0.9949325919151306,2065,492,-0.21268786489963531,0.9797976613044739,0.9997302889823914,1629,1706,0.11379370838403702,0.1681957095861435,0.9947779178619385,2187,596,-0.21284595131874084,0.9819991588592529,0.9997970461845398,1637,1667,0.10357771068811417,0.20259198546409607,0.9970067143440247,2138,660,-0.20928281545639038,0.9746861457824707,0.9999182224273682,1316,1378,0.035425540059804916,0.9990465044975281,0.9999560117721558,1320,990,-0.03589716553688049,0.999176561832428,0.9999606609344482,985,1284,0.414406418800354,0.09779869765043259,0.9998568296432495,1052,819,0.19135180115699768,0.24195818603038788,0.9999327659606934,727,1130,0.6285495758056641,0.21522845327854156,0.9997716546058655,983,471,0.5399376153945923,0.36622560024261475,0.9997878670692444,688,1067,0.6522858142852783,0.30947771668434143,0.9993917942047119,807,590,0.5838095545768738,0.4270903468132019,0.9997487664222717,452,1105,0.7025446891784668,0.34341034293174744,0.9980731010437012,684,572,0.6440699100494385,0.4013742208480835,0.9974585175514221,2172,1375,2089,591,None,None,None,None,None,None,29.25,32.76,nan,nan,nan
True,/data/uabcvmsc/shared/newborn/30/27.08.24 (2)/HM20240827113529.jpeg,36.4,27.4,2359,1835,-0.8675021529197693,0.9999996423721313,1.0,2534,1898,-0.8176903128623962,0.9999996423721313,0.9999998807907104,2570,1941,-0.8182924389839172,0.9999995231628418,0.9999998807907104,2583,1970,-0.8180552124977112,0.9999992847442627,0.9999996423721313,2543,1745,-0.85224848985672,0.9999998807907104,0.9999998807907104,2556,1673,-0.8529797196388245,0.9999998807907104,0.9999998807907104,2570,1600,-0.8533251285552979,0.9999997615814209,0.9999998807907104,2591,1930,-0.5045569539070129,0.9999994039535522,0.9999996423721313,2587,1407,-0.6679897308349609,0.9999997615814209,0.9999997615814209,2265,1839,-0.7377943396568298,0.9999309778213501,0.9999754428863525,2251,1678,-0.7889537215232849,0.9999628067016602,0.9999715089797974,2185,1886,-0.32509657740592957,0.9990248680114746,0.99965500831604,2263,968,-0.45245200395584106,0.9993042945861816,0.9996968507766724,1877,1973,-0.06188926473259926,0.06612566113471985,0.9825422763824463,1946,652,-0.3215056359767914,0.7745139002799988,0.991256594657898,1722,2078,0.29172980785369873,0.01814298704266548,0.9091966152191162,2025,194,-0.09963396191596985,0.7797749042510986,0.996857762336731,1681,2125,0.36168113350868225,0.02206302061676979,0.8004371523857117,2118,64,-0.07584570348262787,0.7155472040176392,0.9885253310203552,1713,2135,0.32233428955078125,0.025961408391594887,0.7610626220703125,2190,54,-0.09143415838479996,0.7514234781265259,0.9882655143737793,1721,2092,0.28375211358070374,0.0417286679148674,0.8405044674873352,2138,102,-0.10507534444332123,0.7479033470153809,0.9950153231620789,1334,1485,0.04012672230601311,0.9986346364021301,0.9998155236244202,1379,1028,-0.0403636172413826,0.9988730549812317,0.9998706579208374,1072,1720,0.38569003343582153,0.2813785970211029,0.9956576824188232,1177,615,0.20718403160572052,0.4054480493068695,0.9982251524925232,790,1506,0.7074263095855713,0.2710261940956116,0.9943227767944336,922,816,0.5826168060302734,0.29800498485565186,0.9967502355575562,742,1442,0.7425471544265747,0.4003477394580841,0.9875802993774414,891,871,0.6268721222877502,0.3511391580104828,0.9965667724609375,574,1461,0.7441611886024475,0.2896212935447693,0.961164653301239,726,841,0.6181503534317017,0.2370794266462326,0.9751336574554443,2224,1427,2118,104,None,None,None,None,None,None,35.48,nan,nan,nan,nan
True,/data/uabcvmsc/shared/newborn/30/27.08.24 (2)/HM20240827113631.jpeg,36.4,24.9,2354,1267,-0.5997971296310425,0.9999998807907104,1.0,2469,1391,-0.5766303539276123,0.9999998807907104,1.0,2468,1446,-0.5771565437316895,0.9999997615814209,1.0,2464,1500,-0.5769425630569458,0.9999997615814209,1.0,2497,1249,-0.5740617513656616,0.9999998807907104,1.0,2519,1192,-0.5748450756072998,0.9999998807907104,1.0,2538,1139,-0.5751609206199646,0.9999998807907104,1.0,2439,1600,-0.3952355980873108,0.9999997615814209,0.9999998807907104,2507,1140,-0.3893054127693176,0.9999997615814209,0.9999998807907104,2248,1374,-0.5211178660392761,0.999976396560669,0.9999973773956299,2270,1206,-0.5227068066596985,0.9999758005142212,0.9999954700469971,2157,1582,-0.2115786075592041,0.9995219707489014,0.9999382495880127,2354,1070,-0.29398906230926514,0.9997705817222595,0.999931812286377,1913,1671,-0.0056957341730594635,0.19680167734622955,0.9964809417724609,2009,873,-0.24810762703418732,0.6428070068359375,0.994196891784668,2039,1841,0.3169589936733246,0.21591615676879883,0.9947590231895447,2387,792,-0.1568361222743988,0.9092847108840942,0.9995811581611633,2070,1875,0.3751424252986908,0.2912755310535431,0.9887980818748474,2509,798,-0.1634785234928131,0.9216107726097107,0.999129593372345,2121,1907,0.3425794541835785,0.3307303190231323,0.9883679747581482,2621,774,-0.15456712245941162,0.9299558401107788,0.9991503953933716,2103,1877,0.31192129850387573,0.41547268629074097,0.9923635721206665,2560,813,-0.15710335969924927,0.9263539910316467,0.9995655417442322,1373,1261,0.040480438619852066,0.9990888833999634,0.9999078512191772,1399,1070,-0.040962569415569305,0.9993501305580139,0.9999247789382935,1192,1188,0.496517539024353,0.046073514968156815,0.9997759461402893,1191,1075,0.29231563210487366,0.1891193836927414,0.9999127388000488,1002,1037,0.6568899750709534,0.18203423917293549,0.9995930790901184,988,1047,0.4939034879207611,0.3517778515815735,0.9987444877624512,960,974,0.6728769540786743,0.4720097780227661,0.9987494945526123,949,1021,0.5196374654769897,0.514769434928894,0.9981100559234619,754,1060,0.6898345947265625,0.3683054745197296,0.9960682392120361,815,1122,0.5340079069137573,0.46783149242401123,0.9935985803604126,2256,1326,2519,794,None,None,None,None,None,None,31.75,34.10,nan,nan,nan
True,/data/uabcvmsc/shared/newborn/30/27.08.24 (2)/HM20240827113734.jpeg,36.7,19.8,2441,1730,-0.7234008312225342,1.0,1.0,2680,1753,-0.6675122380256653,0.9999998807907104,1.0,2703,1815,-0.6682528257369995,1.0,1.0,2720,1851,-0.6679231524467468,0.9999998807907104,1.0,2593,1511,-0.7016975283622742,0.9999998807907104,1.0,2574,1440,-0.7023610472679138,1.0,1.0,2634,1394,-0.7024527192115784,0.9999998807907104,1.0,2759,1798,-0.36706894636154175,1.0,1.0,2590,1194,-0.5182040333747864,0.9999998807907104,0.9999998807907104,2349,1794,-0.6004915833473206,0.9999878406524658,0.9999994039535522,2300,1593,-0.6487424969673157,0.9999790191650391,0.9999979734420776,2323,1756,-0.2585626244544983,0.999967098236084,0.9999936819076538,2094,868,-0.3678674101829529,0.999609649181366,0.9998341798782349,1944,1767,-0.14453952014446259,0.36084842681884766,0.9996082186698914,1676,728,-0.46850621700286865,0.8979003429412842,0.9812296628952026,1817,1964,0.003968336153775454,0.9097612500190735,0.9997634291648865,2089,836,-0.4257773160934448,0.7537199854850769,0.9931021928787231,1743,1991,0.02577543444931507,0.9389954805374146,0.9994032382965088,2067,821,-0.4474196434020996,0.7913359999656677,0.9900413155555725,1724,1977,0.010098547674715519,0.9427542090415955,0.9994181394577026,2254,811,-0.4283486306667328,0.8106304407119751,0.992382824420929,1815,1946,0.0018798444652929902,0.9361059069633484,0.9996459484100342,2233,843,-0.42399898171424866,0.7610611915588379,0.9957175850868225,1396,1305,0.049621447920799255,0.9996664524078369,0.9999822378158569,1257,1002,-0.050301212817430496,0.9994935989379883,0.9999579191207886,1175,1167,0.5843725800514221,0.2953166961669922,0.9999490976333618,1132,959,0.38457509875297546,0.6877062916755676,0.999923586845398,1040,1064,0.8059359788894653,0.5996273756027222,0.9999573230743408,1033,904,0.7318880558013916,0.8314250111579895,0.9999090433120728,1047,1019,0.8323732018470764,0.8086881637573242,0.9998984336853027,1026,900,0.7777437567710876,0.9261681437492371,0.9998929500579834,949,1080,0.9160865545272827,0.8220910429954529,0.9997910857200623,828,894,0.8730606436729431,0.872440755367279,0.9989410042762756,2208,1312,2161,828,1775,1970,None,None,998,1050,34.98,34.98,33.32,nan,28.22
True,/data/uabcvmsc/shared/newborn/30/27.08.24 (2)/HM20240827113835.jpeg,36.1,21.8,2476,1882,-0.9905878901481628,0.9999830722808838,0.9999909400939941,2687,1913,-0.9424465894699097,0.9999841451644897,0.9999853372573853,2708,1948,-0.9431512355804443,0.9999752044677734,0.9999798536300659,2729,1981,-0.9429912567138672,0.9999752044677734,0.9999583959579468,2640,1744,-0.9888688325881958,0.9999923706054688,0.9999889135360718,2628,1673,-0.9896544814109802,0.9999923706054688,0.9999891519546509,2617,1611,-0.9900331497192383,0.9999936819076538,0.9999833106994629,2768,1872,-0.6197282671928406,0.9999756813049316,0.9999483823776245,2644,1376,-0.8305149078369141,0.9999879598617554,0.9999743700027466,2377,1893,-0.8534272909164429,0.9993647933006287,0.9996310472488403,2355,1769,-0.9192076921463013,0.9996485710144043,0.9995895028114319,2361,1886,-0.4070987403392792,0.9978933930397034,0.9987097978591919,2323,907,-0.5907700061798096,0.9986925721168518,0.9988765120506287,1819,1925,-0.15180860459804535,0.024466319009661674,0.9358178973197937,1775,728,-0.5463780760765076,0.8985639214515686,0.9708864092826843,1653,2048,0.0512005016207695,0.037044625729322433,0.8836157321929932,2158,474,-0.497868150472641,0.9885789155960083,0.999114453792572,1620,2096,0.0882243663072586,0.05559873953461647,0.7940310835838318,2375,275,-0.5241578221321106,0.9862500429153442,0.9973574280738831,1657,2104,0.038057196885347366,0.0640009418129921,0.7826804518699646,2480,371,-0.5302870273590088,0.9882551431655884,0.9980574250221252,1659,2049,0.03641640767455101,0.08469388633966446,0.8617562651634216,2413,465,-0.5042600631713867,0.9814691543579102,0.9991389513015747,1439,1563,0.052937690168619156,0.9910111427307129,0.9977980852127075,1324,1112,-0.05337982624769211,0.9947003126144409,0.9987779259681702,1416,1965,0.34738028049468994,0.09220430254936218,0.977057695388794,981,954,0.13715201616287231,0.2726028859615326,0.9923077821731567,1030,1510,0.6399309039115906,0.11652935296297073,0.9861540794372559,779,1044,0.48490795493125916,0.27565476298332214,0.9858561754226685,966,1396,0.6724144816398621,0.18927817046642303,0.9747148156166077,741,1086,0.5303226709365845,0.3163001835346222,0.986968994140625,814,1447,0.6881154775619507,0.1338329017162323,0.946428656578064,688,1089,0.537023663520813,0.19433920085430145,0.9215614199638367,2342,1396,2356,396,None,None,None,None,None,None,30.38,nan,nan,nan,nan
True,/data/uabcvmsc/shared/newborn/30/27.08.24 (2)/HM20240827113937.jpeg,36.0,22.9,1009,670,0.16941125690937042,0.999998927116394,0.9999998807907104,1003,617,0.21080763638019562,0.9999983310699463,0.9999997615814209,1003,627,0.21053370833396912,0.9999986886978149,0.9999997615814209,989,640,0.21065443754196167,0.9999980926513672,0.9999996423721313,925,751,0.20640969276428223,0.9999990463256836,0.9999996423721313,912,775,0.20599067211151123,0.9999992847442627,0.9999996423721313,863,892,0.20569685101509094,0.9999988079071045,0.9999995231628418,1049,680,0.36168569326400757,0.9999995231628418,0.9999998807907104,923,905,0.34310847520828247,0.9999990463256836,0.9999997615814209,1080,734,0.22554203867912292,0.9999940395355225,0.999998927116394,989,844,0.21613842248916626,0.999994158744812,0.9999973773956299,1318,687,0.3940871059894562,0.9999396800994873,0.9999842643737793,1099,1191,0.4288024306297302,0.9998863935470581,0.9999157190322876,1587,690,0.5904378890991211,0.6493200659751892,0.9992275238037109,1255,1510,0.5508459210395813,0.7739323377609253,0.9982004165649414,1325,542,0.8665570020675659,0.6560052633285522,0.9999899864196777,979,1468,0.7186336517333984,0.8759687542915344,0.9999663829803467,1296,462,0.9251561164855957,0.7046814560890198,0.9999752044677734,912,1521,0.752985954284668,0.8998351693153381,0.9999496936798096,1260,485,0.9156927466392517,0.7006941437721252,0.9999791383743286,908,1471,0.7608195543289185,0.895074725151062,0.999964714050293,1264,534,0.8716863393783569,0.6519126296043396,0.9999895095825195,942,1439,0.7240526080131531,0.8889454007148743,0.9999819993972778,2053,1067,-0.03164355084300041,0.9999412298202515,0.99998939037323,1881,1498,0.031491175293922424,0.9999014139175415,0.9999730587005615,2441,724,-0.3832113444805145,0.9995952248573303,0.9997643828392029,1865,2154,-0.23846335709095,0.993553638458252,0.9990634322166443,3178,1157,-0.3728775382041931,0.9883630871772766,0.9934553503990173,2647,2028,-0.15255288779735565,0.9054932594299316,0.9858818054199219,3214,1290,-0.3737161159515381,0.9867933392524719,0.9763026237487793,2816,1942,-0.14470382034778595,0.9393142461776733,0.982495903968811,3559,1177,-0.48276010155677795,0.982946515083313,0.8302878141403198,2842,2397,-0.22475866973400116,0.8991038203239441,0.8037595748901367,1208,939,935,1475,None,None,None,None,3317,1208,35.33,33.38,nan,nan,nan
True,/data/uabcvmsc/shared/newborn/30/27.08.24 (2)/HM20240827114039.jpeg,36.1,22.7,1102,603,0.0125461770221591,0.9999886751174927,0.9999912977218628,1061,589,0.042680773884058,0.9999814033508301,0.999980092048645,1080,575,0.04237252101302147,0.9999767541885376,0.9999785423278809,1084,575,0.04236238822340965,0.9999837875366211,0.9999713897705078,1018,624,0.03432077541947365,0.9999911785125732,0.9999785423278809,961,694,0.03393052518367767,0.9999898672103882,0.9999809265136719,946,713,0.03374280035495758,0.9999924898147583,0.9999767541885376,1076,660,0.17951346933841705,0.9999926090240479,0.9999865293502808,937,792,0.14100541174411774,0.9999923706054688,0.9999868869781494,1132,705,0.06645205616950989,0.9999866485595703,0.9999834299087524,1073,751,0.05225193500518799,0.999990701675415,0.999977707862854,1343,721,0.18634147942066193,0.9999157190322876,0.9999582767486572,1093,1191,0.23711489140987396,0.9999319314956665,0.9999401569366455,1594,683,0.25264015793800354,0.7505390644073486,0.9993127584457397,1154,1544,0.27659085392951965,0.9149435758590698,0.9994799494743347,1340,565,0.2912682890892029,0.904424786567688,0.9999816417694092,922,1412,0.2659691572189331,0.9726951122283936,0.9999864101409912,1311,490,0.29422518610954285,0.8945274949073792,0.9999350309371948,871,1395,0.2613123059272766,0.9700026512145996,0.9999638795852661,1268,524,0.2809465229511261,0.8822481632232666,0.9999382495880127,879,1343,0.26379916071891785,0.965552568435669,0.9999743700027466,1278,561,0.28857603669166565,0.8417229056358337,0.9999760389328003,914,1334,0.26577773690223694,0.9529058337211609,0.9999892711639404,2004,1090,-0.03416750580072403,0.9999216794967651,0.9999797344207764,1858,1481,0.03400915116071701,0.9999532699584961,0.9999858140945435,2390,729,-0.25234976410865784,0.9641163945198059,0.9989105463027954,1907,2147,-0.20558415353298187,0.97124844789505,0.9994812607765198,2557,1169,-0.07756663113832474,0.47264450788497925,0.9966365098953247,2662,2013,-0.1514151692390442,0.8721437454223633,0.9931775331497192,2568,1245,-0.058675192296504974,0.3863654136657715,0.9924390316009521,2821,1922,-0.1442391723394394,0.8351954817771912,0.9893546104431152,2612,1293,-0.10599488765001297,0.32615798711776733,0.972068727016449,2772,2348,-0.22370338439941406,0.6964739561080933,0.9045663475990295,1218,956,896,1371,1299,535,2742,1968,None,None,35.42,33.42,34.73,33.42,nan
True,/data/uabcvmsc/shared/newborn/30/27.08.24 (2)/HM20240827114141.jpeg,36.2,22.6,1012,710,0.007180454675108194,0.9999988079071045,0.9999995231628418,987,670,0.039667531847953796,0.9999966621398926,0.9999978542327881,996,655,0.039479874074459076,0.9999951124191284,0.9999973773956299,1006,641,0.03952180966734886,0.9999964237213135,0.9999957084655762,958,721,0.029410241171717644,0.9999988079071045,0.9999984502792358,948,740,0.029070643708109856,0.9999985694885254,0.9999988079071045,937,760,0.02892358787357807,0.9999990463256836,0.9999985694885254,1066,676,0.18195627629756927,0.9999951124191284,0.9999969005584717,930,837,0.13569344580173492,0.9999978542327881,0.999998927116394,1080,731,0.06117717921733856,0.9999971389770508,0.9999986886978149,1046,790,0.04507329687476158,0.9999980926513672,0.9999986886978149,1350,730,0.21089719235897064,0.999976634979248,0.9999910593032837,1098,1208,0.18830542266368866,0.9999927282333374,0.9999957084655762,1627,697,0.1580323427915573,0.6341001987457275,0.9996753931045532,1091,1569,0.06960208714008331,0.9647416472434998,0.9999399185180664,1353,563,0.007619088515639305,0.8860992193222046,0.9999961853027344,936,1421,-0.11096062511205673,0.9908066391944885,0.9999985694885254,1318,504,-0.015642210841178894,0.8571446537971497,0.9999909400939941,851,1420,-0.14949193596839905,0.9853309392929077,0.9999959468841553,1284,521,-0.02558225579559803,0.8393608927726746,0.9999936819076538,865,1339,-0.1463288962841034,0.9822089076042175,0.9999977350234985,1292,561,0.0017432037275284529,0.7689293026924133,0.9999972581863403,920,1323,-0.11582514643669128,0.9706672430038452,0.9999990463256836,1884,1107,-0.006927522365003824,0.9998223185539246,0.999982476234436,1794,1468,0.006561174523085356,0.9999337196350098,0.9999926090240479,2067,854,-0.18649598956108093,0.6645985245704651,0.9999040365219116,2038,2101,-0.2593001127243042,0.8924654126167297,0.9999531507492065,2458,1140,-0.3017583191394806,0.47362494468688965,0.9981972575187683,2792,2157,-0.3002203702926636,0.6735824346542358,0.997313916683197,2552,1231,-0.3217298090457916,0.4467163681983948,0.9926660656929016,2956,2148,-0.30796629190444946,0.6677688956260681,0.9932008385658264,2471,1120,-0.4500826597213745,0.47548314929008484,0.9805887341499329,2772,2369,-0.4346100091934204,0.562869668006897,0.9655876159667969,1224,969,893,1376,1312,537,None,None,None,None,35.51,33.48,34.81,nan,nan
True,/data/uabcvmsc/shared/newborn/30/27.08.24 (2)/HM20240827114242.jpeg,36.2,23.3,863,891,-0.021368155255913734,0.9999302625656128,0.9999691247940063,928,751,0.003572102403268218,0.999855637550354,0.9999257326126099,945,722,0.003275142051279545,0.9997890591621399,0.9999167919158936,966,705,0.0033195915166288614,0.999854326248169,0.9998774528503418,852,885,0.009966435842216015,0.9999167919158936,0.9999294281005859,860,888,0.009420894086360931,0.999897837638855,0.99993896484375,866,890,0.009134378284215927,0.9999344348907471,0.9999301433563232,1030,710,0.10478045791387558,0.9998506307601929,0.9999055862426758,930,885,0.13515405356884003,0.9998698234558105,0.9999428987503052,960,889,0.016906647011637688,0.9998666048049927,0.9999468326568604,925,948,0.022297870367765427,0.9998869895935059,0.9999220371246338,1316,689,0.11800079047679901,0.9997586607933044,0.9997773766517639,1107,1194,0.2140851765871048,0.9998655319213867,0.9998844861984253,1613,693,0.12083286046981812,0.632973313331604,0.9983329176902771,1018,1534,0.25989973545074463,0.9437776207923889,0.9997021555900574,1381,541,0.10808974504470825,0.7744215130805969,0.9999549388885498,910,1296,0.26911798119544983,0.9754505157470703,0.9999926090240479,1357,481,0.10772907733917236,0.7539637684822083,0.9998465776443481,896,1233,0.26480358839035034,0.9531065225601196,0.9999711513519287,1306,506,0.0970773696899414,0.7322033047676086,0.9998741149902344,881,1192,0.27347469329833984,0.9466353058815002,0.99997878074646,1314,546,0.10699129104614258,0.6637428402900696,0.9999438524246216,898,1201,0.2709144353866577,0.9326819777488708,0.9999912977218628,2001,1128,-0.04441874101758003,0.9992285966873169,0.9996703863143921,1797,1500,0.04402140527963638,0.999459445476532,0.9998210072517395,2400,994,-0.322074294090271,0.5817608833312988,0.9926043748855591,1642,2098,-0.2602408528327942,0.5563843250274658,0.9972835779190063,3083,1141,-0.33352893590927124,0.24901777505874634,0.9130207300186157,2254,2237,-0.2487645447254181,0.22623559832572937,0.9677844047546387,3175,1192,-0.3396925926208496,0.14449821412563324,0.7839649319648743,2441,2209,-0.2492852360010147,0.2350710928440094,0.9579813480377197,3290,1192,-0.4454435706138611,0.1546720415353775,0.5647262334823608,2364,2571,-0.3216884136199951,0.13610240817070007,0.7544887661933899,1212,942,896,1230,1348,509,None,None,None,None,35.54,33.62,33.62,nan,nan
True,/data/uabcvmsc/shared/newborn/30/27.08.24 (2)/HM20240827114344.jpeg,36.4,23.5,880,873,0.05219515785574913,0.9999306201934814,0.9999873638153076,882,819,0.08541812747716904,0.9999126195907593,0.9999686479568481,904,790,0.08515443652868271,0.9998519420623779,0.9999668598175049,911,798,0.08522793650627136,0.9999202489852905,0.9999567270278931,861,866,0.08872593194246292,0.9999526739120483,0.9999610185623169,860,881,0.08832821249961853,0.9999402761459351,0.9999642372131348,858,904,0.08815771341323853,0.9999611377716064,0.9999566078186035,1020,737,0.22004738450050354,0.9999462366104126,0.9999703168869019,907,941,0.23620423674583435,0.999920129776001,0.9999662637710571,962,884,0.10104037076234818,0.9999414682388306,0.9999867677688599,926,937,0.10307987034320831,0.9999405145645142,0.9999755620956421,1332,764,0.242827907204628,0.9998492002487183,0.9999600648880005,1096,1222,0.2686209976673126,0.9997841715812683,0.9999122619628906,1597,668,0.17725640535354614,0.7936255931854248,0.9993821382522583,1144,1533,0.1431727409362793,0.8417397141456604,0.9989989399909973,1283,564,0.040809571743011475,0.9564284086227417,0.999992847442627,984,1403,-0.060806840658187866,0.9830335974693298,0.9999939203262329,1216,589,0.015225573442876339,0.9556484818458557,0.9999740123748779,912,1406,-0.09897094964981079,0.982731282711029,0.9999871253967285,1174,600,0.01604042388498783,0.948552668094635,0.9999815225601196,932,1330,-0.08864979445934296,0.9781201481819153,0.9999916553497314,1196,610,0.04020460322499275,0.916296660900116,0.9999926090240479,972,1320,-0.062344372272491455,0.9691782593727112,0.9999966621398926,1976,1125,-0.024656595662236214,0.9999909400939941,0.9999996423721313,1771,1465,0.024096379056572914,0.9999878406524658,0.9999996423721313,2330,779,-0.30409398674964905,0.9941005110740662,0.9999771118164062,1668,2099,-0.21662700176239014,0.9710427522659302,0.999971866607666,2705,1458,-0.2507338225841522,0.9885045886039734,0.9999741315841675,2271,1910,-0.13537873327732086,0.965347945690155,0.9999643564224243,2708,1585,-0.24797114729881287,0.9613386988639832,0.9998856782913208,2405,1815,-0.12568911910057068,0.9551034569740295,0.9999430179595947,3057,1612,-0.38616690039634705,0.9706953167915344,0.9972485899925232,2377,2236,-0.2201114147901535,0.9357331395149231,0.997717022895813,1214,993,950,1365,1217,591,2351,1987,2823,1552,35.74,35.08,33.82,31.24,nan
True,/data/uabcvmsc/shared/newborn/30/27.08.24 (2)/HM20240827114446.jpeg,36.3,24.6,1002,685,-0.017830271273851395,0.999992847442627,0.9999964237213135,1031,602,0.008918550796806812,0.9999899864196777,0.9999905824661255,1029,609,0.008603161200881004,0.9999852180480957,0.9999909400939941,1009,606,0.008659194223582745,0.9999903440475464,0.9999876022338867,949,682,0.0056051225401461124,0.9999938011169434,0.9999873638153076,937,700,0.0052501363679766655,0.9999911785125732,0.9999871253967285,924,717,0.00515080476179719,0.9999936819076538,0.9999819993972778,1068,640,0.12540535628795624,0.9999840259552002,0.9999914169311523,946,814,0.11441858857870102,0.9999821186065674,0.9999774694442749,1044,736,0.02669573947787285,0.9999716281890869,0.9999902248382568,969,822,0.02045908384025097,0.9999674558639526,0.9999780654907227,1326,671,0.09774713963270187,0.9999301433563232,0.9999818801879883,1092,1175,0.16761036217212677,0.9997372031211853,0.9999121427536011,1588,677,-0.04126349091529846,0.2804386019706726,0.9997386336326599,1255,1487,0.14219044148921967,0.5414603352546692,0.9997166991233826,1636,595,-0.31827449798583984,0.5134584307670593,0.9999030828475952,1027,1550,0.06039576604962349,0.8193697929382324,0.999953031539917,1753,553,-0.36821669340133667,0.607722818851471,0.9994975328445435,948,1613,0.037742532789707184,0.8335940837860107,0.9998095631599426,1697,654,-0.39200395345687866,0.6168984770774841,0.9996054768562317,925,1562,0.010757816024124622,0.8325703740119934,0.9998602867126465,1662,692,-0.3348486125469208,0.5674880146980286,0.9998488426208496,960,1529,0.044418275356292725,0.8078715801239014,0.99994957447052,1916,1175,-0.04241729900240898,0.9999109506607056,0.9999946355819702,1733,1522,0.041902050375938416,0.9998706579208374,0.9999940395355225,2235,1083,-0.26478835940361023,0.44558990001678467,0.9996354579925537,1617,2124,-0.08426288515329361,0.3022848963737488,0.9994623064994812,2659,1325,-0.2553319036960602,0.18368284404277802,0.9929742813110352,2216,1982,-0.029712483286857605,0.10311297327280045,0.9982830286026001,2730,1380,-0.25686442852020264,0.14331792294979095,0.9759892225265503,2357,1895,-0.02243148721754551,0.18201076984405518,0.9976904392242432,2753,1419,-0.3295045495033264,0.13438858091831207,0.9365700483322144,2270,2180,-0.04807435721158981,0.07724468410015106,0.9798972010612488,1209,923,965,1564,None,None,None,None,None,None,31.57,33.96,nan,nan,nan
True,/data/uabcvmsc/shared/newborn/30/27.08.24 (2)/HM20240827114548.jpeg,36.3,24.1,866,855,-0.08321280032396317,0.9998117089271545,0.999829888343811,879,777,-0.05999578908085823,0.9997434020042419,0.9995928406715393,899,758,-0.06036124378442764,0.9996048808097839,0.9996377229690552,907,742,-0.06031419709324837,0.9997451901435852,0.9995133876800537,851,832,-0.048977673053741455,0.9998071789741516,0.9993730187416077,848,853,-0.04945027455687523,0.9997382760047913,0.9993937015533447,847,868,-0.049714844673871994,0.9998220801353455,0.9991999268531799,1043,680,0.05092881992459297,0.9997269511222839,0.9997069239616394,913,877,0.10650503635406494,0.9995545744895935,0.9992214441299438,954,856,-0.040547728538513184,0.9995119571685791,0.9997997879981995,917,910,-0.027600137516856194,0.999329686164856,0.9994022846221924,1366,692,0.07681599259376526,0.9994491934776306,0.9998277425765991,1101,1187,0.15599726140499115,0.9976962208747864,0.9989442229270935,1642,577,-0.048134561628103256,0.3886892795562744,0.999148964881897,1249,1504,0.12313439697027206,0.44770732522010803,0.9982309937477112,1609,483,-0.30455178022384644,0.5615233778953552,0.9995893836021423,1012,1567,-0.01331459078937769,0.8325241208076477,0.9997848868370056,1701,430,-0.3505614399909973,0.6378831267356873,0.9979497790336609,922,1612,-0.048167768865823746,0.8526233434677124,0.9993909597396851,1617,513,-0.37693560123443604,0.6387675404548645,0.998467743396759,904,1555,-0.07109367847442627,0.8485504984855652,0.9995298385620117,1589,549,-0.3213464319705963,0.5966163873672485,0.9993857145309448,946,1528,-0.029840821400284767,0.8285983800888062,0.999811589717865,2012,1203,-0.039430614560842514,0.9998793601989746,0.9999878406524658,1773,1561,0.038913559168577194,0.9997419714927673,0.9999849796295166,2471,1042,-0.34503889083862305,0.8513111472129822,0.9987817406654358,1605,2143,-0.13325490057468414,0.5654574036598206,0.9974615573883057,3179,1443,-0.33009111881256104,0.6310796737670898,0.9716166853904724,2129,1944,-0.02767155133187771,0.20703288912773132,0.9934533834457397,3206,1513,-0.33297446370124817,0.3516923487186432,0.8893673419952393,2319,1957,-0.014997127465903759,0.29172056913375854,0.9927009344100952,3472,1584,-0.4429180920124054,0.3446451723575592,0.5823577046394348,2234,2256,-0.037851374596357346,0.12396179884672165,0.9179965257644653,1234,940,946,1566,None,None,None,None,None,None,31.42,33.86,nan,nan,nan
True,/data/uabcvmsc/shared/newborn/30/27.08.24 (2)/HM20240827114650.jpeg,36.6,24.2,839,1113,-0.005367257632315159,0.9999973773956299,0.9999998807907104,789,1060,0.04998846352100372,0.9999927282333374,0.9999995231628418,789,1014,0.049738820642232895,0.9999922513961792,0.9999995231628418,795,967,0.04986812546849251,0.9999934434890747,0.9999991655349731,813,1157,0.055612962692976,0.9999936819076538,0.9999991655349731,829,1185,0.055120524019002914,0.999992847442627,0.9999991655349731,848,1217,0.05498673766851425,0.999991774559021,0.9999984502792358,871,869,0.23781342804431915,0.9999881982803345,0.9999990463256836,943,1253,0.2675665318965912,0.9999566078186035,0.9999970197677612,915,1029,0.05966551601886749,0.9999599456787109,0.9999967813491821,947,1159,0.06423546373844147,0.9999262094497681,0.9999912977218628,1193,646,0.2362355887889862,0.9998737573623657,0.9999252557754517,1314,1312,0.2764025330543518,0.9995917677879333,0.9992021918296814,1530,490,0.015247195027768612,0.5958387851715088,0.9960485100746155,1525,1563,0.0341990627348423,0.23722150921821594,0.9886500835418701,1783,479,-0.3013403117656708,0.25962671637535095,0.997660756111145,1408,1663,-0.23073513805866241,0.12562361359596252,0.9888529777526855,1913,429,-0.3567673861980438,0.32813718914985657,0.995058536529541,1384,1701,-0.2881731390953064,0.1513877660036087,0.9827411770820618,1906,501,-0.3782331943511963,0.3708203136920929,0.9967656135559082,1326,1663,-0.29865503311157227,0.15121033787727356,0.9895617365837097,1833,541,-0.31544262170791626,0.3556499779224396,0.9980635046958923,1334,1638,-0.24587127566337585,0.1621779352426529,0.9939897060394287,1883,688,0.0021218296606093645,0.9954207539558411,0.9984306693077087,2014,1108,-0.003062343457713723,0.9959059953689575,0.9974658489227295,1867,499,-0.6759717464447021,0.7407753467559814,0.9986238479614258,2393,1348,-0.4984322190284729,0.8149735927581787,0.997490406036377,2370,197,-1.368241310119629,0.6438223123550415,0.9920735955238342,3314,1314,-0.6306954622268677,0.8639352917671204,0.9261108040809631,2640,204,-1.4543834924697876,0.9241524934768677,0.9690561890602112,3617,1232,-0.6549389362335205,0.6859579682350159,0.8738867044448853,2285,114,-1.738369107246399,0.8991317749023438,0.9470255374908447,3717,1445,-0.8977124691009521,0.7461926341056824,0.7071995139122009,1254,979,None,None,None,None,3516,1380,2462,159,35.97,nan,nan,nan,nan
False,/data/uabcvmsc/shared/newborn/30/27.08.24 (2)/HM20240827114752.jpeg,36.2,23.1
True,/data/uabcvmsc/shared/newborn/30/27.08.24 (2)/HM20240827114854.jpeg,36.0,23.1,786,716,-0.09355555474758148,0.999998927116394,1.0,782,699,-0.04340822994709015,0.9999984502792358,0.9999998807907104,801,667,-0.04374156892299652,0.9999974966049194,0.9999998807907104,818,640,-0.04363717511296272,0.9999983310699463,0.9999997615814209,768,803,-0.047827985137701035,0.9999990463256836,0.9999997615814209,781,852,-0.04823509231209755,0.9999985694885254,0.9999997615814209,795,900,-0.04833118990063667,0.9999988079071045,0.9999996423721313,905,617,0.14655214548110962,0.9999957084655762,0.9999997615814209,876,983,0.1316097527742386,0.9999924898147583,0.9999994039535522,915,670,-0.027334561571478844,0.9999871253967285,0.9999996423721313,920,802,-0.03436332195997238,0.9999796152114868,0.9999990463256836,1265,519,0.17565613985061646,0.9999796152114868,0.9999979734420776,1185,1123,0.1677437126636505,0.9998841285705566,0.9999850988388062,1684,421,0.11293741315603256,0.048998814076185226,0.9998551607131958,1580,1272,0.08751612901687622,0.04316755384206772,0.9998014569282532,2050,403,-0.0287136472761631,0.04106801375746727,0.9999138116836548,1800,1441,-0.012264897115528584,0.03150562942028046,0.9998486042022705,2152,358,-0.047590501606464386,0.066866934299469,0.9997580647468567,1872,1505,-0.032198093831539154,0.053633928298950195,0.999640703201294,2112,396,-0.08779642730951309,0.06751944124698639,0.9997748732566833,1867,1472,-0.06499358266592026,0.05104726552963257,0.9997034668922424,2101,437,-0.04710174724459648,0.06776657700538635,0.9999045133590698,1857,1425,-0.028840715065598488,0.05473265051841736,0.9998745918273926,1914,763,-0.023561693727970123,0.9999537467956543,0.9999984502792358,1838,1121,0.022731482982635498,0.9999200105667114,0.9999978542327881,1826,395,-0.42642125487327576,0.8941417336463928,0.999996542930603,1560,1499,-0.29422736167907715,0.5727100372314453,0.9999951124191284,2268,573,-0.849199116230011,0.9159069061279297,0.9999600648880005,2035,1428,-0.5770820379257202,0.663934588432312,0.9999457597732544,2430,675,-0.9029420018196106,0.9162574410438538,0.999666690826416,2237,1355,-0.6111586093902588,0.8055330514907837,0.9998342990875244,2261,474,-1.087568998336792,0.9331710934638977,0.9983648657798767,1974,1635,-0.7281606793403625,0.7497896552085876,0.9989094734191895,1225,821,None,None,None,None,2106,1495,2320,574,35.34,nan,nan,33.42,33.42
True,/data/uabcvmsc/shared/newborn/30/27.08.24 (2)/HM20240827114955.jpeg,36.7,20.0,781,1172,0.13790637254714966,0.9999487400054932,0.9999841451644897,762,1091,0.17907842993736267,0.9999189376831055,0.9999722242355347,775,1048,0.17876718938350677,0.9998736381530762,0.9999643564224243,790,1008,0.17885971069335938,0.9999039173126221,0.9999374151229858,763,1170,0.1947668492794037,0.9999607801437378,0.9999765157699585,770,1192,0.19426311552524567,0.9999570846557617,0.999980092048645,776,1216,0.19397962093353271,0.9999724626541138,0.999976396560669,880,927,0.323162704706192,0.9998855590820312,0.9999278783798218,858,1220,0.3922973871231079,0.9999176263809204,0.9999778270721436,886,1129,0.18902114033699036,0.9998301267623901,0.9999347925186157,879,1218,0.20507721602916718,0.9998595714569092,0.9999198913574219,1226,712,0.30672121047973633,0.9985376596450806,0.9985418319702148,1209,1365,0.45000186562538147,0.9995768666267395,0.999470055103302,1491,567,0.23820114135742188,0.3020201325416565,0.9754399657249451,1439,1579,0.43522021174430847,0.44649049639701843,0.996944010257721,1227,810,0.16442659497261047,0.28938448429107666,0.9990942478179932,1307,1827,0.3152239918708801,0.8004283905029297,0.9996610879898071,1217,832,0.1523180902004242,0.32239609956741333,0.9975080490112305,1258,1940,0.29380208253860474,0.7954705953598022,0.9988479614257812,1153,852,0.15422984957695007,0.3063407838344574,0.998263418674469,1174,1905,0.28577834367752075,0.7890578508377075,0.9991888403892517,1177,854,0.16692078113555908,0.2528041899204254,0.9991441965103149,1198,1851,0.304576575756073,0.7786293029785156,0.9996670484542847,1996,692,-0.03763942793011665,0.9992897510528564,0.9996551275253296,2075,1175,0.037271786481142044,0.9995748400688171,0.999818742275238,2339,345,-0.4295559525489807,0.47020840644836426,0.9844282269477844,2423,1596,-0.3956974148750305,0.4846099019050598,0.9928293824195862,3080,297,-0.34058457612991333,0.11170544475317001,0.8166489005088806,3172,1210,-0.3208104372024536,0.17393028736114502,0.8761929273605347,3205,298,-0.33624589443206787,0.1080508679151535,0.6207785606384277,3235,1061,-0.31569036841392517,0.20325958728790283,0.8352019190788269,3396,161,-0.4784414768218994,0.06473981589078903,0.2891758978366852,3552,1361,-0.4512995779514313,0.08399083465337753,0.3640810549259186,1218,1038,1234,1881,None,None,None,None,None,None,35.85,28.32,nan,nan,nan
True,/data/uabcvmsc/shared/newborn/30/27.08.24 (2)/HM20240827115101.jpeg,36.5,18.7,877,1348,-0.004212009720504284,0.999933123588562,0.9999480247497559,828,1270,0.007384422235190868,0.9998846054077148,0.9999171495437622,825,1239,0.007082575000822544,0.9998440742492676,0.9999169111251831,828,1214,0.0071781533770263195,0.9998887777328491,0.9998831748962402,835,1297,0.035873401910066605,0.9999167919158936,0.9999097585678101,839,1296,0.035371553152799606,0.9999144077301025,0.9999264478683472,845,1304,0.03514907881617546,0.9999362230300903,0.999916672706604,893,1056,0.08590838313102722,0.9999181032180786,0.999900221824646,885,1226,0.21480774879455566,0.9998698234558105,0.999925971031189,949,1313,0.02768786810338497,0.9999500513076782,0.9999635219573975,953,1339,0.06153608858585358,0.9999344348907471,0.9999288320541382,1235,746,0.10292608290910721,0.9998499155044556,0.9998818635940552,1206,1401,0.28310877084732056,0.9998471736907959,0.9998408555984497,1622,599,-0.11627420037984848,0.8885069489479065,0.9965094923973083,1414,1664,0.17264273762702942,0.6662384867668152,0.9985652565956116,1396,599,-0.4667484164237976,0.9463267922401428,0.9998959302902222,1310,2041,-0.14420750737190247,0.893113911151886,0.9991752505302429,1317,606,-0.5335939526557922,0.9400731325149536,0.9997199177742004,1313,2199,-0.20370440185070038,0.8808855414390564,0.9974915981292725,1262,637,-0.5476131439208984,0.9372729659080505,0.9998130202293396,1261,2182,-0.23377099633216858,0.8811994194984436,0.9982017278671265,1301,660,-0.47885662317276,0.8929899334907532,0.999903678894043,1265,2118,-0.17068791389465332,0.8766524195671082,0.9992306232452393,1990,737,-0.028153033927083015,0.999627947807312,0.9997860789299011,2042,1175,0.027800340205430984,0.9997344613075256,0.9998527765274048,2419,297,-0.3491921126842499,0.5827758312225342,0.9842884540557861,2434,1621,-0.3855801820755005,0.7531449198722839,0.9909274578094482,3150,211,-0.1752563714981079,0.24252009391784668,0.8727214336395264,3242,1287,-0.2645131051540375,0.3416593670845032,0.8975597023963928,3258,256,-0.16755999624729156,0.15476354956626892,0.7452073693275452,3277,1196,-0.25821539759635925,0.28232139348983765,0.8745416402816772,3420,100,-0.35554251074790955,0.16421069204807281,0.5457873344421387,3660,1412,-0.4343295693397522,0.21963676810264587,0.566572904586792,1220,1074,1287,2135,1319,626,None,None,None,None,35.59,34.69,29.38,nan,nan
True,/data/uabcvmsc/shared/newborn/30/27.08.24 (2)/HM20240827115202.jpeg,36.6,19.1,889,1327,-0.001399155706167221,0.9999897480010986,0.9999929666519165,845,1241,0.023319954052567482,0.9999841451644897,0.9999891519546509,850,1210,0.02304641343653202,0.9999783039093018,0.9999874830245972,856,1163,0.023142443969845772,0.9999812841415405,0.9999798536300659,847,1295,0.048018768429756165,0.9999890327453613,0.9999886751174927,852,1307,0.04747684672474861,0.9999881982803345,0.9999899864196777,854,1317,0.04720054194331169,0.9999904632568359,0.9999874830245972,922,1032,0.14681664109230042,0.999983549118042,0.9999793767929077,908,1268,0.2569878101348877,0.9999812841415405,0.9999881982803345,972,1297,0.046167559921741486,0.9999755620956421,0.9999803304672241,969,1341,0.07449636608362198,0.9999738931655884,0.9999679327011108,1233,772,0.18165425956249237,0.9996817111968994,0.9998132586479187,1215,1411,0.3472197949886322,0.9998389482498169,0.9998575448989868,1582,647,0.04838287830352783,0.7988989353179932,0.9953302145004272,1429,1676,0.31651151180267334,0.7486286759376526,0.9985927939414978,1394,581,-0.17516450583934784,0.9092370271682739,0.9998353719711304,1326,2058,0.13177283108234406,0.9075329303741455,0.999314546585083,1321,517,-0.21072492003440857,0.8984826803207397,0.999563992023468,1338,2195,0.10226065665483475,0.8829944729804993,0.9978711605072021,1262,547,-0.22996655106544495,0.8930158615112305,0.999656081199646,1280,2194,0.07672200351953506,0.881092369556427,0.9982996582984924,1279,592,-0.18625904619693756,0.8458786606788635,0.9998291730880737,1277,2140,0.11126509308815002,0.8830695748329163,0.9992757439613342,2028,766,-0.03524056449532509,0.999664306640625,0.9997490048408508,2098,1195,0.03491102159023285,0.9998124241828918,0.9998615980148315,2251,389,-0.40537580847740173,0.8868553042411804,0.9925837516784668,2422,1628,-0.3953735828399658,0.9572038054466248,0.9966174960136414,2925,152,-0.27992478013038635,0.605974018573761,0.9067835807800293,3223,1316,-0.33325400948524475,0.796248197555542,0.9289551377296448,3035,170,-0.27537548542022705,0.4133968651294708,0.7853677272796631,3286,1192,-0.33190691471099854,0.6839060187339783,0.8968454599380493,3127,111,-0.4357677102088928,0.44981518387794495,0.5095422267913818,3616,1476,-0.49065348505973816,0.6045535206794739,0.5180107951164246,1224,1092,1305,2147,1314,559,3223,1316,None,None,35.71,nan,29.60,nan,nan
True,/data/uabcvmsc/shared/newborn/30/27.08.24 (2)/HM20240827115304.jpeg,36.9,20.7,873,1337,0.11958935856819153,0.9999959468841553,0.9999984502792358,826,1256,0.14655117690563202,0.9999955892562866,0.9999984502792358,823,1214,0.1461487114429474,0.999995231628418,0.9999985694885254,827,1184,0.1462276726961136,0.9999959468841553,0.9999982118606567,842,1310,0.17108500003814697,0.999995231628418,0.9999971389770508,849,1316,0.17053073644638062,0.9999946355819702,0.9999971389770508,845,1322,0.17028620839118958,0.9999939203262329,0.9999959468841553,896,1045,0.2541757822036743,0.9999984502792358,0.9999991655349731,887,1275,0.3643932640552521,0.9999935626983643,0.9999967813491821,941,1292,0.15971004962921143,0.9999915361404419,0.9999960660934448,946,1340,0.18825340270996094,0.9999853372573853,0.9999852180480957,1225,776,0.2778483033180237,0.9998548030853271,0.9999682903289795,1213,1402,0.4333913326263428,0.9996285438537598,0.9996694326400757,1552,639,0.30967578291893005,0.8484500050544739,0.9991014003753662,1402,1654,0.5464880466461182,0.7083764672279358,0.9959129691123962,1492,380,0.31475579738616943,0.9366430640220642,0.9998148083686829,1248,2032,0.5561599731445312,0.7926419973373413,0.9973305463790894,1539,256,0.3193947374820709,0.9391663074493408,0.9994294047355652,1234,2183,0.5593692064285278,0.8034163117408752,0.9948887228965759,1467,258,0.27931249141693115,0.9434105157852173,0.9994639754295349,1174,2176,0.5347648859024048,0.8193209767341614,0.9951275587081909,1452,321,0.29974475502967834,0.930600106716156,0.9997116923332214,1181,2122,0.5400646328926086,0.8453739881515503,0.9974825978279114,2026,756,-0.030558917671442032,0.9994038343429565,0.9995941519737244,2084,1203,0.030360054224729538,0.9994319081306458,0.9993540644645691,2274,184,-0.30897048115730286,0.9409201741218567,0.9879675507545471,2429,1636,-0.3770715594291687,0.9775354266166687,0.9866834282875061,2982,98,-0.15574249625205994,0.7058561444282532,0.9293633103370667,3193,1291,-0.24731040000915527,0.8330211639404297,0.8742551803588867,3074,145,-0.14552025496959686,0.5889622569084167,0.8520424365997314,3247,1168,-0.23607179522514343,0.7590187191963196,0.8594948649406433,3260,-43,-0.2972491383552551,0.6046316027641296,0.5266404151916504,3604,1374,-0.38020971417427063,0.7132854461669922,0.41427746415138245,1219,1089,1209,2128,1488,304,3220,1230,None,None,36.07,33.60,nan,nan,nan
True,/data/uabcvmsc/shared/newborn/30/27.08.24 (2)/HM20240827115406.jpeg,37.0,23.0,790,1326,-0.06929684430360794,0.9999971389770508,0.9999983310699463,734,1235,-0.03773796930909157,0.9999955892562866,0.999996542930603,757,1085,-0.038070015609264374,0.999993085861206,0.999996542930603,757,1056,-0.03799401596188545,0.9999958276748657,0.9999948740005493,756,1302,-0.02618572674691677,0.9999964237213135,0.9999942779541016,763,1302,-0.026630928739905357,0.9999945163726807,0.9999939203262329,776,1325,-0.026763655245304108,0.9999957084655762,0.9999904632568359,822,984,0.10451812297105789,0.9999949932098389,0.9999963045120239,836,1238,0.16049721837043762,0.9999862909317017,0.9999880790710449,871,1266,-0.015595034696161747,0.9999889135360718,0.9999934434890747,885,1323,-0.0028299707919359207,0.9999816417694092,0.9999784231185913,1176,733,0.11811638623476028,0.9998124241828918,0.9999394416809082,1172,1366,0.22175124287605286,0.9994292855262756,0.9996501207351685,1521,576,-0.07446674257516861,0.6116904020309448,0.9985511898994446,1339,1661,0.14199280738830566,0.5317174792289734,0.9983270764350891,1549,441,-0.3980746865272522,0.5237716436386108,0.9990002512931824,1195,2065,-0.038652706891298294,0.45833566784858704,0.995029628276825,1629,389,-0.4608669579029083,0.5706913471221924,0.996182382106781,1176,2192,-0.08113259077072144,0.4802917242050171,0.9829941987991333,1517,464,-0.4877055287361145,0.5864347815513611,0.9973823428153992,1122,2194,-0.11198800802230835,0.4876628816127777,0.9879733324050903,1500,508,-0.417577862739563,0.5199027061462402,0.9987273812294006,1134,2149,-0.062056977301836014,0.5108515024185181,0.9950101375579834,2020,731,-0.02394973486661911,0.9996848106384277,0.9999343156814575,2058,1187,0.0235394649207592,0.9996917247772217,0.9999333620071411,2447,311,-0.37338927388191223,0.4042729139328003,0.9954501986503601,2458,1636,-0.34680524468421936,0.5018501877784729,0.9966189861297607,3201,303,-0.2672460675239563,0.12302876263856888,0.9281891584396362,3246,1287,-0.2693110704421997,0.23661592602729797,0.9376417398452759,3319,358,-0.2654650807380676,0.12022669613361359,0.8197878003120422,3350,1118,-0.26690369844436646,0.2389557957649231,0.9037900567054749,3464,195,-0.4172796308994293,0.08716302365064621,0.5894005298614502,3657,1412,-0.40663012862205505,0.14201641082763672,0.5763489007949829,1174,1050,None,None,None,None,None,None,None,None,36.29,nan,nan,nan,nan
True,/data/uabcvmsc/shared/newborn/30/27.08.24 (2)/HM20240827115508.jpeg,36.0,21.7,765,1243,0.022372670471668243,0.9999634027481079,0.9999884366989136,727,1156,0.05006290599703789,0.9999492168426514,0.9999759197235107,735,1130,0.049739666283130646,0.9999303817749023,0.999971866607666,748,1086,0.04982985928654671,0.9999443292617798,0.9999570846557617,721,1215,0.06785339117050171,0.9999717473983765,0.9999754428863525,721,1228,0.06740196794271469,0.9999696016311646,0.9999779462814331,721,1241,0.0672246441245079,0.9999765157699585,0.9999730587005615,821,998,0.15390239655971527,0.9999469518661499,0.9999555349349976,763,1219,0.2351168543100357,0.99994957447052,0.9999762773513794,846,1227,0.059296317398548126,0.999896764755249,0.9999628067016602,838,1286,0.07920948415994644,0.9999158382415771,0.9999505281448364,1149,854,0.12946458160877228,0.9988921284675598,0.9996141195297241,1132,1393,0.2975856065750122,0.9995556473731995,0.9997788071632385,1437,701,-0.02821599319577217,0.15581393241882324,0.9776049256324768,1255,1720,0.2297719120979309,0.27201181650161743,0.9974913597106934,1232,723,-0.21076489984989166,0.30621278285980225,0.9993420243263245,1067,2051,0.10181055217981339,0.6620169878005981,0.9996252059936523,1170,728,-0.23699286580085754,0.42020678520202637,0.9990041851997375,1030,2198,0.08374223113059998,0.7198532223701477,0.9992325305938721,1126,743,-0.2546118497848511,0.40414959192276,0.9991400241851807,1009,2188,0.06749611347913742,0.7163582444190979,0.9994586110115051,1166,768,-0.22005116939544678,0.32228028774261475,0.9995331764221191,1025,2133,0.087324358522892,0.7138514518737793,0.9997426867485046,1916,844,-0.05226197466254234,0.9994869232177734,0.9997777342796326,1973,1241,0.05163399130105972,0.9996453523635864,0.9998821020126343,1861,484,-0.4497153162956238,0.8641778230667114,0.9991105198860168,1980,1701,-0.3178025484085083,0.8192142248153687,0.9997871518135071,2406,468,-0.5226441025733948,0.626589298248291,0.9953633546829224,2520,1426,-0.5953198671340942,0.8501381278038025,0.9971892237663269,2526,485,-0.5378639698028564,0.5356684327125549,0.9819746613502502,2705,1289,-0.6282427906990051,0.8670763373374939,0.9930036664009094,2448,493,-0.6884451508522034,0.5672000050544739,0.9665803909301758,2659,1692,-0.7771067023277283,0.7919057607650757,0.9541556239128113,1140,1124,1021,2173,None,None,2628,1469,None,None,35.27,nan,nan,33.14,nan
True,/data/uabcvmsc/shared/newborn/30/27.08.24 (2)/HM20240827115610.jpeg,35.9,18.1,784,1216,0.22464755177497864,1.0,1.0,740,1181,0.2754049599170685,1.0,1.0,739,1156,0.2751765549182892,1.0,1.0,739,1131,0.275236576795578,1.0,1.0,748,1254,0.27031785249710083,1.0,1.0,752,1279,0.27015283703804016,1.0,1.0,755,1305,0.270102322101593,1.0,1.0,798,1095,0.4324437081813812,1.0,1.0,816,1339,0.4133065342903137,1.0,1.0,866,1167,0.2781081199645996,1.0,1.0,874,1254,0.26983392238616943,0.9999998807907104,1.0,1062,960,0.3880377411842346,0.9999951124191284,0.9999998807907104,1133,1464,0.40258103609085083,0.999984622001648,0.9999988079071045,1348,699,0.1343059241771698,0.29845091700553894,0.9998792409896851,1155,1813,0.2854609489440918,0.6754398941993713,0.9999701976776123,1012,777,-0.10703011602163315,0.862689733505249,0.9999978542327881,1036,2170,0.28575268387794495,0.7971320748329163,0.9998719692230225,928,750,-0.1462898999452591,0.9369529485702515,0.9999959468841553,1006,2284,0.27461040019989014,0.8908579349517822,0.9996699094772339,916,791,-0.14085052907466888,0.9347415566444397,0.9999974966049194,1007,2275,0.2762269973754883,0.8863812685012817,0.9997076392173767,947,813,-0.1125018298625946,0.9390892386436462,0.9999988079071045,1023,2232,0.27944809198379517,0.8846787810325623,0.9998776912689209,1703,999,-0.021100269630551338,0.999613344669342,0.999993085861206,1737,1286,0.020380094647407532,0.9994983673095703,0.9999868869781494,1871,927,-0.3390747010707855,0.23577222228050232,0.9999854564666748,1866,1579,-0.15612377226352692,0.02807687595486641,0.9999390840530396,2378,787,-0.5085970163345337,0.005153862293809652,0.9978261590003967,2249,1500,-0.2871173322200775,0.003605439094826579,0.9952728152275085,2533,780,-0.5319305658340454,0.2298087775707245,0.9862651228904724,2387,1411,-0.307827889919281,0.1356600970029831,0.9918243288993835,2383,739,-0.6545657515525818,0.06164463609457016,0.9832905530929565,2227,1677,-0.4012935161590576,0.0378536731004715,0.9809668064117432,1098,1212,1018,2240,951,783,None,None,None,None,34.99,nan,34.99,nan,nan
True,/data/uabcvmsc/shared/newborn/30/27.08.24 (2)/HM20240827115712.jpeg,36.0,15.6,751,1379,0.17068123817443848,0.9999935626983643,0.9999979734420776,722,1303,0.20775559544563293,0.999988317489624,0.9999961853027344,726,1284,0.20747686922550201,0.9999836683273315,0.9999963045120239,735,1176,0.20758552849292755,0.9999902248382568,0.9999947547912598,729,1352,0.2064933329820633,0.999991774559021,0.9999939203262329,735,1367,0.20605647563934326,0.9999890327453613,0.9999938011169434,745,1367,0.20594534277915955,0.999990701675415,0.9999910593032837,810,1095,0.3484969437122345,0.9999911785125732,0.9999971389770508,802,1317,0.34033873677253723,0.999970555305481,0.9999911785125732,845,1306,0.22212816774845123,0.9999865293502808,0.9999955892562866,848,1372,0.21623621881008148,0.9999796152114868,0.9999876022338867,1187,904,0.38114580512046814,0.9999160766601562,0.9999767541885376,1114,1458,0.3337255120277405,0.9997512698173523,0.9997184872627258,1456,653,0.2607152760028839,0.6990224123001099,0.9988231062889099,1247,1758,0.2957547903060913,0.2749740779399872,0.9959980249404907,1224,807,0.033391352742910385,0.7910524606704712,0.9999508857727051,1223,2006,0.23986899852752686,0.1929571032524109,0.9943271279335022,1154,824,0.0006908726645633578,0.7855813503265381,0.9998626708984375,1181,2093,0.22149395942687988,0.2312789112329483,0.9861474633216858,1116,845,-0.00206965790130198,0.7770044803619385,0.9999055862426758,1166,2095,0.2038910835981369,0.22969050705432892,0.989186704158783,1151,837,0.0283496156334877,0.7064731121063232,0.9999514818191528,1179,2044,0.22658109664916992,0.24040374159812927,0.9949941039085388,1977,821,0.05888687074184418,0.9994966983795166,0.9998772144317627,2013,1276,-0.059210460633039474,0.9993603825569153,0.9997238516807556,2295,306,-0.27646294236183167,0.5264196991920471,0.9963886737823486,2462,1437,-0.45845016837120056,0.6638346910476685,0.9909391403198242,3147,328,-0.36490169167518616,0.23167107999324799,0.9193185567855835,3235,1305,-0.46064385771751404,0.24109163880348206,0.7218586802482605,3257,414,-0.3832509219646454,0.2838912308216095,0.7535197138786316,3467,1240,-0.466433048248291,0.16065338253974915,0.5919095277786255,3348,82,-0.5829660892486572,0.21097058057785034,0.4189828336238861,3613,1246,-0.6523399949073792,0.1513102948665619,0.2534320056438446,1150,1181,None,None,1161,828,None,None,None,None,34.96,nan,34.96,nan,nan
True,/data/uabcvmsc/shared/newborn/30/27.08.24 (2)/HM20240827115814.jpeg,35.3,16.0,731,1313,-0.03603431582450867,0.9999806880950928,0.9999890327453613,705,1218,-0.0064155422151088715,0.9999771118164062,0.9999731779098511,712,1192,-0.006779154296964407,0.9999604225158691,0.9999750852584839,720,1169,-0.00668793311342597,0.9999778270721436,0.9999653100967407,706,1262,0.0053823888301849365,0.9999792575836182,0.9999521970748901,710,1277,0.004859270062297583,0.9999659061431885,0.9999476671218872,704,1282,0.0046494510024785995,0.9999738931655884,0.9999209642410278,811,1061,0.11594811081886292,0.9999805688858032,0.9999790191650391,759,1257,0.16783462464809418,0.9999244213104248,0.9999252557754517,810,1313,0.008344324305653572,0.9999603033065796,0.99997878074646,807,1340,0.019829371944069862,0.9999405145645142,0.9999382495880127,1187,874,0.12017683684825897,0.9997103810310364,0.9999409914016724,1077,1460,0.2320351004600525,0.9986364245414734,0.9995686411857605,1534,653,-0.041373416781425476,0.7074191570281982,0.9965510368347168,1160,1818,0.13904181122779846,0.14739182591438293,0.9959551095962524,1263,754,-0.2531513571739197,0.7408232092857361,0.9998962879180908,1041,2138,0.0008494185749441385,0.12286266684532166,0.9894578456878662,1210,758,-0.28279709815979004,0.7426288723945618,0.9997535347938538,981,2279,-0.022187046706676483,0.14697371423244476,0.9750438928604126,1167,768,-0.30079060792922974,0.7262349724769592,0.9997979998588562,975,2279,-0.03661885857582092,0.14246365427970886,0.9813550114631653,1201,775,-0.26326480507850647,0.6305572986602783,0.999902606010437,1010,2214,-0.013798967935144901,0.17403097450733185,0.9911659359931946,1965,905,-0.03125912323594093,0.9998570680618286,0.9999624490737915,1947,1325,0.03059360198676586,0.9997058510780334,0.9999450445175171,2301,469,-0.4244856834411621,0.9451003670692444,0.999195396900177,1831,1819,-0.3823706805706024,0.7696412801742554,0.9994288086891174,3053,191,-0.5465353727340698,0.8243521451950073,0.9689781069755554,2296,1530,-0.6159396767616272,0.6116628050804138,0.996254563331604,3195,204,-0.5671302080154419,0.693939208984375,0.864005982875824,2489,1415,-0.6436672806739807,0.7780993580818176,0.9918396472930908,3236,59,-0.7318518161773682,0.6868694424629211,0.6816405653953552,2301,1836,-0.7571073174476624,0.600947380065918,0.9303871989250183,1132,1167,None,None,1213,760,2489,1415,3053,191,34.32,nan,34.32,33.33,nan
False,/data/uabcvmsc/shared/newborn/30/27.08.24 (2)/HM20240827115915.jpeg,33.2,16.2
False,/data/uabcvmsc/shared/newborn/30/27.08.24 (2)/HM20240827120017.jpeg,32.8,16.0
False,/data/uabcvmsc/shared/newborn/30/27.08.24 (2)/HM20240827120119.jpeg,33.2,16.6
False,/data/uabcvmsc/shared/newborn/30/27.08.24 (2)/HM20240827120221.jpeg,33.3,17.0
False,/data/uabcvmsc/shared/newborn/30/27.08.24 (2)/HM20240827120323.jpeg,33.1,17.6
False,/data/uabcvmsc/shared/newborn/30/27.08.24 (2)/HM20240827120428.jpeg,33.3,18.4
False,/data/uabcvmsc/shared/newborn/30/27.08.24 (2)/HM20240827120531.jpeg,33.0,19.5
True,/data/uabcvmsc/shared/newborn/30/27.08.24 (2)/HM20240827120633.jpeg,37.1,21.6,748,579,0.1963910013437271,1.0,1.0,754,517,0.2555137276649475,1.0,1.0,769,501,0.25542476773262024,1.0,1.0,798,484,0.2554519474506378,1.0,1.0,705,600,0.24403390288352966,1.0,1.0,697,624,0.2436947375535965,1.0,1.0,681,659,0.24373027682304382,1.0,1.0,866,505,0.47555479407310486,1.0,1.0,708,732,0.4211919605731964,1.0,1.0,840,584,0.27425020933151245,1.0,1.0,765,683,0.2557055950164795,1.0,1.0,1119,505,0.47349879145622253,0.9999974966049194,0.9999996423721313,987,1087,0.4703471064567566,0.9999980926513672,0.9999994039535522,1427,363,0.26695317029953003,0.9311339259147644,0.9998739957809448,1094,1375,0.28721874952316284,0.9788000583648682,0.9999401569366455,1171,379,-0.0476873554289341,0.9811159372329712,0.9999991655349731,831,1406,0.12409577518701553,0.9799684286117554,0.9999903440475464,1098,391,-0.09833817183971405,0.9782105088233948,0.9999982118606567,762,1419,0.09049136936664581,0.9728035926818848,0.9999809265136719,1057,418,-0.0872226133942604,0.9715853929519653,0.9999988079071045,749,1351,0.10640918463468552,0.9626544117927551,0.9999877214431763,1085,433,-0.04995080083608627,0.9500297904014587,0.9999994039535522,780,1336,0.12380483746528625,0.9573180675506592,0.9999942779541016,1772,641,-0.016330068930983543,0.9999778270721436,0.9999985694885254,1821,1068,0.015530066564679146,0.9999855756759644,0.9999988079071045,1983,318,-0.5910701751708984,0.9995502829551697,0.9999983310699463,2087,1569,-0.5295778512954712,0.9993894100189209,0.999997615814209,2474,108,-0.9274223446846008,0.98401939868927,0.9998990297317505,2863,1424,-0.6104419827461243,0.9725440740585327,0.9999428987503052,2637,123,-0.9742258191108704,0.9954073429107666,0.9994341731071472,3010,1321,-0.6267862915992737,0.9928500652313232,0.9998340606689453,2468,28,-1.2073709964752197,0.9979618787765503,0.9953867793083191,3003,1720,-0.8044573068618774,0.9939153790473938,0.9976085424423218,1053,796,780,1378,1103,405,2959,1488,2526,86,36.31,33.94,nan,nan,nan
True,/data/uabcvmsc/shared/newborn/30/27.08.24 (2)/HM20240827120737.jpeg,36.8,22.3,736,610,0.27000439167022705,1.0,1.0,749,545,0.330138623714447,1.0,1.0,767,526,0.3300362825393677,1.0,1.0,782,507,0.3301233947277069,1.0,1.0,692,620,0.32263967394828796,1.0,1.0,685,643,0.32228684425354004,1.0,1.0,678,674,0.32227474451065063,1.0,1.0,846,518,0.5372506380081177,1.0,1.0,714,742,0.49923643469810486,1.0,1.0,828,606,0.34188127517700195,1.0,1.0,760,701,0.3279629051685333,1.0,1.0,1126,499,0.521787703037262,0.9999912977218628,0.9999977350234985,994,1082,0.5330479741096497,0.9999980926513672,0.9999991655349731,1437,366,0.371760755777359,0.8920937180519104,0.9995614886283875,1092,1390,0.3915572762489319,0.987297773361206,0.999946117401123,1171,392,0.17022903263568878,0.9729247689247131,0.9999979734420776,811,1423,0.2810869812965393,0.9939163327217102,0.9999958276748657,1087,411,0.14470498263835907,0.9677859544754028,0.9999954700469971,759,1421,0.2600582540035248,0.9895666837692261,0.9999884366989136,1060,426,0.1578703075647354,0.9548300504684448,0.9999970197677612,753,1370,0.28637802600860596,0.98506098985672,0.9999924898147583,1091,433,0.1727796494960785,0.92848801612854,0.9999986886978149,774,1359,0.2863798141479492,0.9824401140213013,0.9999969005584717,1766,643,-0.013326606713235378,0.9999332427978516,0.999991774559021,1792,1048,0.012613363564014435,0.9999700784683228,0.9999958276748657,2076,235,-0.4403294622898102,0.9979459643363953,0.9999542236328125,2097,1566,-0.46775367856025696,0.9984704852104187,0.999976396560669,2577,15,-0.6034057140350342,0.9350771307945251,0.9964002370834351,2870,1406,-0.4731477200984955,0.9428203105926514,0.9987248778343201,2725,27,-0.6294369101524353,0.9738211035728455,0.9843759536743164,3023,1299,-0.4796755313873291,0.9746701717376709,0.9966689944267273,2619,-71,-0.820016086101532,0.9776515364646912,0.9017708897590637,3066,1689,-0.6414725184440613,0.9645276665687561,0.9561672210693359,1060,790,774,1393,1102,416,2986,1465,2640,-10,36.06,32.42,nan,nan,nan
True,/data/uabcvmsc/shared/newborn/30/27.08.24 (2)/HM20240827120838.jpeg,36.9,23.0,746,614,0.17147570848464966,1.0,1.0,760,552,0.22605691850185394,1.0,1.0,777,532,0.22600676119327545,1.0,1.0,788,519,0.22606424987316132,1.0,1.0,706,615,0.2142610102891922,1.0,1.0,694,645,0.21391421556472778,1.0,1.0,689,664,0.21394462883472443,1.0,1.0,844,531,0.4371495842933655,1.0,1.0,714,740,0.38105884194374084,1.0,1.0,842,617,0.2488921731710434,1.0,1.0,779,690,0.229792982339859,1.0,1.0,1125,528,0.4539678394794464,0.9999942779541016,0.9999994039535522,1003,1075,0.4436306357383728,0.9999986886978149,0.9999997615814209,1449,373,0.2778533697128296,0.8379762172698975,0.9998511075973511,1095,1373,0.31632721424102783,0.9766913056373596,0.9999837875366211,1189,396,0.030511366203427315,0.9230613708496094,0.9999988079071045,855,1401,0.22923582792282104,0.9801139235496521,0.9999972581863403,1119,390,-0.00650739623233676,0.9109006524085999,0.999997615814209,789,1428,0.20931771397590637,0.9694283604621887,0.999993085861206,1070,407,0.004183713812381029,0.8849229216575623,0.9999983310699463,777,1385,0.22804103791713715,0.9567633271217346,0.9999954700469971,1095,430,0.029569724574685097,0.8191747069358826,0.9999991655349731,806,1369,0.23234117031097412,0.9466351270675659,0.9999980926513672,1770,651,-0.01266595721244812,0.9999796152114868,0.9999994039535522,1787,1060,0.012039986439049244,0.9999909400939941,0.9999996423721313,2061,358,-0.5493181943893433,0.9982847571372986,0.9999982118606567,2110,1562,-0.45876094698905945,0.9978691339492798,0.9999986886978149,2486,2,-0.7518554925918579,0.8821077942848206,0.9998290538787842,2885,1416,-0.4638160169124603,0.9103860855102539,0.9999212026596069,2636,-1,-0.7821781635284424,0.9765639305114746,0.9992033839225769,3026,1312,-0.47251012921333313,0.9593327641487122,0.9997835755348206,2465,-142,-0.9561399817466736,0.9828123450279236,0.9957914352416992,2989,1618,-0.630525529384613,0.9640586376190186,0.9978566765785217,1064,802,807,1396,1118,406,2967,1449,2529,-47,36.19,32.70,nan,nan,nan
True,/data/uabcvmsc/shared/newborn/30/27.08.24 (2)/HM20240827120939.jpeg,36.8,23.1,739,613,0.19962282478809357,1.0,1.0,750,562,0.2508450150489807,1.0,1.0,768,535,0.2507282495498657,0.9999998807907104,1.0,779,523,0.2508178651332855,0.9999998807907104,1.0,703,617,0.2388686239719391,1.0,1.0,697,630,0.23852229118347168,1.0,1.0,687,662,0.2385326325893402,1.0,1.0,833,537,0.4397609829902649,0.9999998807907104,1.0,711,738,0.38246724009513855,0.9999998807907104,1.0,828,619,0.2674298584461212,0.9999998807907104,1.0,771,698,0.24795930087566376,0.9999998807907104,1.0,1135,530,0.43491291999816895,0.9999920129776001,0.999998927116394,1015,1080,0.4244076907634735,0.9999972581863403,0.9999992847442627,1454,370,0.2598576843738556,0.8121315836906433,0.9997870326042175,1093,1379,0.2838461399078369,0.9678677916526794,0.9999570846557617,1169,388,-0.006606933195143938,0.9496214389801025,0.9999983310699463,856,1401,0.15457527339458466,0.9857251644134521,0.9999964237213135,1083,403,-0.0447135753929615,0.9438685178756714,0.9999966621398926,769,1431,0.12720398604869843,0.9789470434188843,0.9999916553497314,1055,414,-0.035330019891262054,0.9271795749664307,0.9999977350234985,769,1389,0.1444186568260193,0.9714975357055664,0.9999948740005493,1085,425,-0.007525336463004351,0.8756252527236938,0.999998927116394,802,1372,0.1560162752866745,0.9612055420875549,0.9999977350234985,1794,664,-0.007509531453251839,0.9999589920043945,0.9999969005584717,1827,1068,0.006951667834073305,0.9999779462814331,0.9999980926513672,2088,258,-0.3903730511665344,0.9946131110191345,0.9999889135360718,2103,1565,-0.4884360730648041,0.996095597743988,0.999993085861206,2617,-56,-0.5172613263130188,0.9375658631324768,0.9983975291252136,2877,1417,-0.4600435197353363,0.9148248434066772,0.9995062351226807,2765,-53,-0.5402387976646423,0.9436051249504089,0.9921735525131226,3033,1314,-0.4632680416107178,0.9255532026290894,0.9984941482543945,2660,-206,-0.7262130379676819,0.9579447507858276,0.9599394798278809,3015,1655,-0.6223453879356384,0.9008540511131287,0.9827930927276611,1075,805,799,1398,1098,408,2975,1462,2681,-105,36.10,32.66,nan,nan,nan
True,/data/uabcvmsc/shared/newborn/30/27.08.24 (2)/HM20240827121041.jpeg,36.8,23.4,723,616,0.21020253002643585,0.9999998807907104,1.0,733,545,0.2639252245426178,0.9999997615814209,0.9999998807907104,749,529,0.263756662607193,0.9999996423721313,0.9999998807907104,765,507,0.26382139325141907,0.9999996423721313,0.9999998807907104,686,625,0.2553013861179352,0.9999998807907104,0.9999998807907104,678,664,0.25491371750831604,0.9999997615814209,0.9999998807907104,673,689,0.25484633445739746,0.9999998807907104,0.9999998807907104,839,528,0.45019111037254333,0.9999996423721313,0.9999998807907104,718,786,0.40921086072921753,0.9999996423721313,0.9999998807907104,812,625,0.27549493312835693,0.9999994039535522,0.9999997615814209,761,700,0.2604026794433594,0.9999995231628418,0.9999997615814209,1138,523,0.42985033988952637,0.999970555305481,0.9999915361404419,1004,1092,0.46091896295547485,0.9999803304672241,0.9999877214431763,1437,372,0.28908586502075195,0.6989120841026306,0.9992755055427551,1087,1378,0.38444462418556213,0.9124094843864441,0.9997032284736633,1190,373,0.06706349551677704,0.9153172373771667,0.9999891519546509,849,1436,0.30735552310943604,0.9586585164070129,0.9999630451202393,1123,348,0.03707508370280266,0.9075828790664673,0.9999740123748779,779,1457,0.2911827862262726,0.9439392685890198,0.9999070167541504,1077,388,0.040650222450494766,0.8912495374679565,0.9999808073043823,763,1392,0.30271878838539124,0.9315640926361084,0.9999376535415649,1104,414,0.06503346562385559,0.8324440121650696,0.9999914169311523,798,1378,0.30734777450561523,0.9207924604415894,0.9999725818634033,1816,668,-0.023099856451153755,0.999776303768158,0.9999344348907471,1826,1085,0.02253703586757183,0.9998648166656494,0.9999493360519409,2062,308,-0.39281660318374634,0.9749193787574768,0.9996939897537231,2099,1569,-0.4491194784641266,0.9834403991699219,0.9997538924217224,2619,49,-0.5377079248428345,0.8004523515701294,0.973071277141571,2897,1481,-0.46823611855506897,0.8306414484977722,0.9859015941619873,2756,44,-0.5606592893600464,0.7562416791915894,0.8939197063446045,3066,1378,-0.4744725823402405,0.8331367373466492,0.9645419716835022,2710,-30,-0.7281660437583923,0.7963476181030273,0.6496791839599609,3099,1811,-0.6147818565368652,0.7444213628768921,0.7201647162437439,1071,808,797,1416,1124,381,3021,1557,2688,46,36.12,32.75,nan,nan,nan
True,/data/uabcvmsc/shared/newborn/30/27.08.24 (2)/HM20240827121143.jpeg,36.6,23.8,714,626,0.06454842537641525,0.9999747276306152,0.9999939203262329,716,571,0.11160425841808319,0.9999594688415527,0.9999836683273315,751,551,0.11130405962467194,0.9999333620071411,0.9999825954437256,767,527,0.11136269569396973,0.9999502897262573,0.999975323677063,682,627,0.09754681587219238,0.9999709129333496,0.9999804496765137,673,654,0.09716993570327759,0.9999594688415527,0.999981164932251,667,671,0.09707257151603699,0.999969482421875,0.9999748468399048,831,549,0.29923462867736816,0.9999701976776123,0.999988317489624,693,740,0.23305204510688782,0.9999594688415527,0.9999810457229614,804,632,0.13213224709033966,0.9999587535858154,0.9999856948852539,748,694,0.10983007401227951,0.9999622106552124,0.9999779462814331,1123,568,0.31336286664009094,0.9997528195381165,0.9999215602874756,1031,1079,0.3071180284023285,0.9997861981391907,0.9997875094413757,1479,426,0.1833074539899826,0.24970881640911102,0.995536208152771,1092,1405,0.3035890460014343,0.6576789617538452,0.9976698756217957,1247,358,-0.035072654485702515,0.75022953748703,0.9999454021453857,825,1672,0.3024912476539612,0.9498655200004578,0.9998489618301392,1211,323,-0.0618714801967144,0.7771679759025574,0.9999029636383057,729,1758,0.3035499155521393,0.9582855105400085,0.999671220779419,1154,343,-0.06950627267360687,0.738069474697113,0.9999107122421265,700,1730,0.2970612645149231,0.9527845978736877,0.9997720122337341,1167,372,-0.04276300221681595,0.6360257267951965,0.9999580383300781,728,1702,0.29780274629592896,0.9370014667510986,0.9999029636383057,1830,691,-0.006491285748779774,0.9999661445617676,0.999994158744812,1815,1070,0.005784128326922655,0.9999674558639526,0.9999924898147583,1698,54,-0.3798357844352722,0.9952890872955322,0.9999188184738159,1764,1646,-0.3299962282180786,0.9938632249832153,0.9999192953109741,2405,95,-0.40588465332984924,0.9677566885948181,0.9995586276054382,2356,1386,-0.40616220235824585,0.9792860150337219,0.999291181564331,2504,177,-0.41115763783454895,0.955121636390686,0.9980565905570984,2490,1262,-0.4155420660972595,0.9728329181671143,0.9985039234161377,2704,-18,-0.5261089205741882,0.9348549842834473,0.9682500958442688,2561,1669,-0.5342475771903992,0.9514087438583374,0.9545637369155884,1077,824,746,1716,1204,341,None,None,2538,85,35.29,34.04,nan,nan,nan
True,/data/uabcvmsc/shared/newborn/30/27.08.24 (2)/HM20240827121245.jpeg,36.4,23.9,730,615,0.22575856745243073,0.9999966621398926,0.9999994039535522,744,547,0.27357712388038635,0.9999938011169434,0.999998927116394,758,534,0.27333739399909973,0.9999902248382568,0.999998927116394,770,516,0.27334508299827576,0.9999933242797852,0.9999984502792358,693,605,0.2622906565666199,0.9999960660934448,0.9999985694885254,684,629,0.2619362473487854,0.9999945163726807,0.9999986886978149,678,643,0.2619195878505707,0.9999958276748657,0.9999979734420776,836,534,0.45035603642463684,0.9999967813491821,0.9999991655349731,713,688,0.39723074436187744,0.999994158744812,0.9999985694885254,823,625,0.28859224915504456,0.9999955892562866,0.9999984502792358,757,697,0.26997432112693787,0.9999960660934448,0.9999978542327881,1126,544,0.42800185084342957,0.999971866607666,0.9999850988388062,1018,1064,0.44720911979675293,0.9999772310256958,0.9999706745147705,1498,385,0.2739061713218689,0.6590410470962524,0.9985083937644958,1097,1374,0.4030976891517639,0.8207443356513977,0.9989826083183289,1235,353,0.03640523925423622,0.8914662003517151,0.9999599456787109,826,1465,0.3658258020877838,0.9306686520576477,0.999910831451416,1179,320,-1.1032835573132616e-05,0.8634430170059204,0.9999181032180786,756,1480,0.3577718138694763,0.9123557806015015,0.9998328685760498,1131,345,0.0015125181525945663,0.8336992263793945,0.9999358654022217,761,1431,0.3690012991428375,0.8918532133102417,0.9998916387557983,1151,374,0.03226359933614731,0.7322791814804077,0.9999703168869019,784,1415,0.36783096194267273,0.8450228571891785,0.9999481439590454,1848,638,-0.00678731594234705,0.9999130964279175,0.999953031539917,1851,1028,0.006271286401897669,0.999947190284729,0.9999469518661499,1794,18,-0.29492366313934326,0.9857127666473389,0.9992945194244385,1959,1632,-0.40460437536239624,0.9956620335578918,0.9998255372047424,2364,172,-0.18980735540390015,0.5488015413284302,0.9909065961837769,2740,1687,-0.5544167160987854,0.9491222500801086,0.9573455452919006,2501,254,-0.18249385058879852,0.7057724595069885,0.9716224074363708,2907,1598,-0.5732724666595459,0.9445939064025879,0.8903089761734009,2553,49,-0.2841644287109375,0.4022168815135956,0.8734441995620728,2889,1936,-0.7375256419181824,0.8795779347419739,0.4047418236732483,1072,804,782,1448,1174,348,2824,1642,None,None,31.40,33.90,nan,nan,nan
True,/data/uabcvmsc/shared/newborn/30/27.08.24 (2)/HM20240827121347.jpeg,36.4,24.1,731,637,0.2664663791656494,0.9999995231628418,1.0,729,578,0.31350085139274597,0.9999991655349731,0.9999998807907104,761,557,0.3132795989513397,0.9999985694885254,0.9999998807907104,776,532,0.3132854700088501,0.999998927116394,0.9999998807907104,694,636,0.29795289039611816,0.9999994039535522,0.9999998807907104,688,652,0.2976025938987732,0.9999991655349731,0.9999998807907104,675,676,0.2975810766220093,0.9999994039535522,0.9999998807907104,836,554,0.48759812116622925,0.9999994039535522,1.0,714,718,0.4137851595878601,0.9999990463256836,0.9999998807907104,847,625,0.32965704798698425,0.9999988079071045,0.9999998807907104,759,715,0.30542048811912537,0.999998927116394,0.9999997615814209,1110,561,0.49292904138565063,0.9999850988388062,0.9999961853027344,1012,1070,0.452519029378891,0.9999866485595703,0.9999880790710449,1463,429,0.49296095967292786,0.5293559432029724,0.9996657371520996,1082,1381,0.3873038589954376,0.8905245661735535,0.9993116855621338,1293,306,0.42451632022857666,0.898859977722168,0.9999899864196777,823,1474,0.3349266052246094,0.9572207927703857,0.9999544620513916,1261,235,0.41858646273612976,0.8865227699279785,0.9999794960021973,730,1509,0.32444438338279724,0.9486472606658936,0.9999266862869263,1204,234,0.40355920791625977,0.8652178645133972,0.9999810457229614,723,1453,0.339408814907074,0.9368115663528442,0.9999494552612305,1212,280,0.41715148091316223,0.805322527885437,0.9999911785125732,757,1429,0.3374231457710266,0.9054277539253235,0.9999755620956421,1793,636,0.002483183052390814,0.9999063014984131,0.999976634979248,1805,1030,-0.002892692806199193,0.9999265670776367,0.9999663829803467,1851,60,-0.3217798173427582,0.9927290081977844,0.9998213648796082,1981,1632,-0.3409401774406433,0.9910876154899597,0.9998865127563477,2486,70,-0.1914280652999878,0.7659554481506348,0.9923845529556274,2759,1635,-0.31457069516181946,0.8991413116455078,0.9748708605766296,2594,139,-0.18225622177124023,0.8439245820045471,0.9756115674972534,2920,1552,-0.31631606817245483,0.8884673118591309,0.9495323300361633,2718,-130,-0.29075002670288086,0.6348553895950317,0.8592759966850281,2933,1882,-0.46093347668647766,0.7763944864273071,0.6195393800735474,1061,816,758,1466,1242,264,2840,1594,None,None,33.89,33.89,nan,nan,nan
True,/data/uabcvmsc/shared/newborn/30/27.08.24 (2)/HM20240827121448.jpeg,36.9,24.7,740,606,0.2900678515434265,0.9999994039535522,1.0,735,556,0.34474319219589233,0.9999986886978149,0.9999998807907104,747,544,0.3445577323436737,0.9999977350234985,0.9999998807907104,756,532,0.34463226795196533,0.9999984502792358,0.9999997615814209,699,613,0.3240405321121216,0.9999992847442627,0.9999998807907104,682,647,0.32370370626449585,0.9999990463256836,0.9999998807907104,679,663,0.32370948791503906,0.9999992847442627,0.9999997615814209,820,545,0.5467208623886108,0.999998927116394,0.9999998807907104,729,739,0.45075178146362305,0.9999986886978149,0.9999998807907104,846,590,0.36287397146224976,0.9999988079071045,0.9999997615814209,769,691,0.3318404257297516,0.999998927116394,0.9999996423721313,1118,544,0.5548055171966553,0.9999845027923584,0.9999932050704956,1019,1072,0.49131715297698975,0.9999833106994629,0.9999841451644897,1442,338,0.45837727189064026,0.7242707014083862,0.99920254945755,1082,1387,0.3762250542640686,0.9291998147964478,0.9992353916168213,1186,298,0.23986858129501343,0.9672837853431702,0.9999898672103882,843,1449,0.2609071433544159,0.9814204573631287,0.9999603033065796,1125,232,0.21141134202480316,0.9555690288543701,0.9999806880950928,761,1476,0.23652321100234985,0.9720645546913147,0.9999303817749023,1077,267,0.20875318348407745,0.9466936588287354,0.9999858140945435,752,1418,0.2532689869403839,0.9651399850845337,0.9999569654464722,1105,309,0.23457594215869904,0.9050859212875366,0.9999932050704956,788,1403,0.2630157172679901,0.9422163963317871,0.9999791383743286,1847,648,0.007343231234699488,0.9997501969337463,0.9999266862869263,1839,1066,-0.007863164879381657,0.9998067021369934,0.9999203681945801,1926,72,-0.2966616153717041,0.9751653075218201,0.9997662901878357,2016,1631,-0.4659472703933716,0.9879494905471802,0.9999061822891235,2664,20,-0.24211303889751434,0.7561923265457153,0.9865409731864929,2806,1669,-0.49572840332984924,0.8764299154281616,0.9848237037658691,2811,90,-0.244633287191391,0.8354864120483398,0.9565216898918152,2990,1570,-0.5049518942832947,0.8978063464164734,0.9649947881698608,2833,-170,-0.39583253860473633,0.6459994316101074,0.8259033560752869,2989,1967,-0.6775561571121216,0.7884545922279358,0.6983561515808105,1068,808,786,1436,None,None,2898,1620,2738,55,34.46,34.46,nan,nan,nan
True,/data/uabcvmsc/shared/newborn/30/27.08.24 (2)/HM20240827121556.jpeg,36.5,24.9,709,602,0.24439191818237305,0.9999971389770508,0.9999997615814209,721,544,0.2947212755680084,0.9999935626983643,0.9999994039535522,735,530,0.2944684326648712,0.9999905824661255,0.9999992847442627,746,516,0.2945151627063751,0.9999933242797852,0.9999990463256836,676,609,0.27788934111595154,0.9999963045120239,0.9999991655349731,656,647,0.27746158838272095,0.999995231628418,0.9999991655349731,652,666,0.2773597240447998,0.9999960660934448,0.9999988079071045,810,560,0.4810929596424103,0.9999966621398926,0.9999996423721313,716,751,0.3995714485645294,0.9999947547912598,0.9999992847442627,825,595,0.31258586049079895,0.9999943971633911,0.9999990463256836,738,710,0.2857224941253662,0.999995231628418,0.9999986886978149,1095,559,0.4848388135433197,0.999971866607666,0.9999927282333374,1004,1079,0.4919878840446472,0.9999595880508423,0.9999716281890869,1430,361,0.5465125441551208,0.7327660918235779,0.9997523427009583,1091,1392,0.5002617239952087,0.840410590171814,0.9994524121284485,1165,371,0.5739015936851501,0.9460361003875732,0.9999953508377075,819,1466,0.4824334681034088,0.9560856819152832,0.9999816417694092,1103,320,0.5818926692008972,0.9260023236274719,0.9999892711639404,740,1498,0.47772935032844543,0.9494619369506836,0.9999691247940063,1074,355,0.5729860067367554,0.9143025279045105,0.9999902248382568,734,1431,0.4942316710948944,0.9405612349510193,0.999977707862854,1102,397,0.573050856590271,0.8639466166496277,0.9999954700469971,763,1413,0.4867679476737976,0.91180419921875,0.9999884366989136,1866,654,-0.016716070473194122,0.9995771050453186,0.9998569488525391,1875,1055,0.01643497683107853,0.9996041655540466,0.9998114705085754,1963,155,-0.3408094644546509,0.9623318314552307,0.9992425441741943,2021,1645,-0.4900967478752136,0.9665578007698059,0.9995458722114563,2676,15,-0.3204740583896637,0.6457977294921875,0.9620679616928101,2812,1655,-0.48099109530448914,0.7354257702827454,0.9715694189071655,2810,41,-0.32496777176856995,0.6353511214256287,0.8943039774894714,2997,1568,-0.4848915934562683,0.7465204000473022,0.9478337168693542,2840,-94,-0.477236807346344,0.5430667996406555,0.7051464319229126,2944,1987,-0.6455599665641785,0.5957815647125244,0.6986267566680908,1050,819,764,1452,None,None,2904,1612,None,None,35.32,33.00,nan,nan,nan
True,/data/uabcvmsc/shared/newborn/30/27.08.24 (2)/HM20240827121657.jpeg,36.4,25.1,717,604,0.26682496070861816,0.9999899864196777,0.9999990463256836,714,559,0.3131106197834015,0.9999744892120361,0.999997615814209,731,536,0.31284740567207336,0.999961256980896,0.9999974966049194,742,522,0.31285595893859863,0.9999756813049316,0.9999966621398926,668,617,0.2967946231365204,0.9999849796295166,0.9999970197677612,665,632,0.29640495777130127,0.9999802112579346,0.9999970197677612,661,648,0.2963230609893799,0.9999853372573853,0.9999957084655762,759,573,0.4774269461631775,0.999984622001648,0.9999984502792358,710,729,0.39934906363487244,0.9999722242355347,0.9999966621398926,791,637,0.3261967599391937,0.9999836683273315,0.9999978542327881,739,709,0.3003714382648468,0.9999853372573853,0.9999967813491821,1099,549,0.45917296409606934,0.9999704360961914,0.9999872446060181,998,1070,0.45991548895835876,0.9999517202377319,0.9999485015869141,1437,367,0.4640139043331146,0.649880588054657,0.999640941619873,1086,1387,0.3673407733440399,0.7976539134979248,0.9990931749343872,1173,364,0.4157852828502655,0.9062939882278442,0.9999895095825195,842,1457,0.23957476019859314,0.9350526332855225,0.9999585151672363,1106,314,0.41091957688331604,0.8787537813186646,0.9999738931655884,752,1494,0.2164306342601776,0.9232984781265259,0.9999210834503174,1074,344,0.40248045325279236,0.8613131642341614,0.999977707862854,744,1432,0.23096255958080292,0.9106152653694153,0.9999483823776245,1103,374,0.41310054063796997,0.7886731028556824,0.9999897480010986,779,1414,0.23990480601787567,0.8686713576316833,0.9999748468399048,1837,673,-0.01646723784506321,0.9995044469833374,0.9998511075973511,1852,1072,0.016049547120928764,0.9994955062866211,0.9997988343238831,1982,145,-0.3409233093261719,0.8530563116073608,0.9991971850395203,2024,1636,-0.4749332666397095,0.8606695532798767,0.999473512172699,2694,-23,-0.33553650975227356,0.39289653301239014,0.9545320272445679,2797,1647,-0.4816223680973053,0.4789341390132904,0.9659363031387329,2835,6,-0.3430989980697632,0.4295361042022705,0.8700618147850037,2981,1554,-0.4878269135951996,0.5600515604019165,0.9364517331123352,2856,-175,-0.4915866255760193,0.28540876507759094,0.661126971244812,2935,2017,-0.6397427916526794,0.33819812536239624,0.6653609871864319,1048,810,779,1449,None,None,None,None,None,None,30.73,32.99,nan,nan,nan
True,/data/uabcvmsc/shared/newborn/30/27.08.24 (2)/HM20240827121759.jpeg,36.4,25.9,733,597,0.27945587038993835,0.9999972581863403,0.9999997615814209,728,539,0.3299804925918579,0.9999940395355225,0.9999996423721313,741,523,0.3297428488731384,0.9999911785125732,0.9999996423721313,751,507,0.3297989070415497,0.9999940395355225,0.9999994039535522,688,606,0.3125865161418915,0.9999964237213135,0.9999995231628418,676,639,0.3121773302555084,0.9999954700469971,0.9999995231628418,665,660,0.3121117055416107,0.9999964237213135,0.9999992847442627,817,522,0.5109423398971558,0.999996542930603,0.9999997615814209,710,737,0.42874446511268616,0.999994158744812,0.9999994039535522,820,597,0.34526383876800537,0.9999951124191284,0.9999994039535522,759,685,0.31811439990997314,0.9999954700469971,0.9999990463256836,1111,538,0.5118260979652405,0.9999794960021973,0.9999932050704956,1005,1068,0.49331873655319214,0.999971866607666,0.9999768733978271,1421,363,0.5190305113792419,0.6760438680648804,0.9996509552001953,1095,1382,0.4791707396507263,0.8309317827224731,0.9994045495986938,1178,375,0.4609678089618683,0.9231792092323303,0.9999933242797852,841,1468,0.4536275565624237,0.9404652714729309,0.9999744892120361,1113,322,0.4563298225402832,0.8978419899940491,0.999984860420227,761,1484,0.4465099573135376,0.9241119623184204,0.9999561309814453,1078,364,0.4496872127056122,0.8819494843482971,0.9999873638153076,746,1436,0.46149173378944397,0.9103586673736572,0.9999682903289795,1107,390,0.45866984128952026,0.8158431649208069,0.9999940395355225,779,1421,0.45728012919425964,0.8686333894729614,0.9999839067459106,1834,639,-0.0020073160994797945,0.9996402263641357,0.9998767375946045,1849,1048,0.001611226354725659,0.9996604919433594,0.9998304843902588,1974,107,-0.34947794675827026,0.9317964315414429,0.9992407560348511,2029,1634,-0.46423935890197754,0.946808397769928,0.9995784163475037,2680,7,-0.3092517852783203,0.4420463740825653,0.9593939781188965,2820,1661,-0.47935155034065247,0.6439381241798401,0.9497243165969849,2816,53,-0.31191375851631165,0.5315148234367371,0.8835837244987488,2997,1569,-0.48639002442359924,0.6609452962875366,0.9046460390090942,2841,-147,-0.45712780952453613,0.3474718928337097,0.6979872584342957,2958,2015,-0.6497137546539307,0.48545101284980774,0.5793713927268982,1058,803,782,1452,1119,363,None,None,None,None,31.13,34.26,nan,nan,nan
True,/data/uabcvmsc/shared/newborn/30/27.08.24 (2)/HM20240827121900.jpeg,36.4,26.2,744,601,0.33411547541618347,1.0,1.0,727,569,0.38561829924583435,0.9999998807907104,1.0,742,545,0.38542425632476807,0.9999998807907104,1.0,750,535,0.38546550273895264,0.9999998807907104,1.0,698,618,0.3666580617427826,1.0,1.0,694,632,0.3663044571876526,0.9999998807907104,1.0,672,668,0.36629289388656616,1.0,1.0,785,565,0.5599501729011536,0.9999998807907104,1.0,717,726,0.4696740210056305,0.9999998807907104,1.0,856,596,0.3965586721897125,0.9999998807907104,1.0,766,704,0.36721161007881165,0.9999998807907104,1.0,1112,546,0.5352885127067566,0.9999958276748657,0.9999992847442627,1013,1058,0.5147656798362732,0.9999939203262329,0.9999972581863403,1438,361,0.5699937343597412,0.8184474110603333,0.9999175071716309,1087,1379,0.4476547837257385,0.9188342094421387,0.9998773336410522,1188,366,0.5860656499862671,0.9585152268409729,0.9999983310699463,868,1447,0.4037511646747589,0.9647806882858276,0.9999852180480957,1119,317,0.5954799652099609,0.943840503692627,0.9999963045120239,769,1500,0.39286938309669495,0.956012487411499,0.9999724626541138,1080,345,0.5896021723747253,0.9329861402511597,0.9999966621398926,765,1427,0.4133264422416687,0.9467129111289978,0.999980092048645,1108,386,0.5860018134117126,0.900229811668396,0.9999984502792358,802,1407,0.40779173374176025,0.9281057715415955,0.9999898672103882,1807,660,-0.015199776738882065,0.999749481678009,0.9999524354934692,1821,1073,0.01473286934196949,0.9997721314430237,0.9999442100524902,1969,183,-0.33590778708457947,0.9821863174438477,0.9998741149902344,2017,1630,-0.46010512113571167,0.9825059175491333,0.9999066591262817,2663,-36,-0.4053787291049957,0.7002959251403809,0.9831601977348328,2791,1646,-0.4900875985622406,0.7373932600021362,0.9914129972457886,2815,-29,-0.4203568398952484,0.8050245046615601,0.9430481791496277,2987,1566,-0.4985944926738739,0.8692506551742554,0.9811546206474304,2793,-142,-0.5754091739654541,0.7220068573951721,0.8228504061698914,2958,1913,-0.6462628841400146,0.7436193823814392,0.8514183759689331,1062,802,801,1445,1124,354,2912,1708,2757,-69,32.32,34.36,nan,nan,nan
True,/data/uabcvmsc/shared/newborn/30/27.08.24 (2)/HM20240827122001.jpeg,36.4,26.7,748,621,0.2727270722389221,0.9999994039535522,1.0,742,557,0.32286399602890015,0.999998927116394,0.9999998807907104,754,538,0.3226730525493622,0.9999984502792358,0.9999998807907104,765,522,0.3227180242538452,0.9999988079071045,0.9999998807907104,697,642,0.31034335494041443,0.9999994039535522,0.9999998807907104,694,659,0.3099742829799652,0.9999991655349731,0.9999998807907104,690,690,0.3099682033061981,0.9999994039535522,0.9999997615814209,833,530,0.508429229259491,0.9999994039535522,0.9999998807907104,732,744,0.4476671516895294,0.9999990463256836,0.9999998807907104,833,613,0.34012699127197266,0.999998927116394,0.9999997615814209,773,711,0.31943610310554504,0.9999990463256836,0.9999996423721313,1142,539,0.5048967003822327,0.9999737739562988,0.9999914169311523,1028,1065,0.4995521306991577,0.9999822378158569,0.9999815225601196,1474,390,0.43485620617866516,0.7802422642707825,0.9990635514259338,1074,1392,0.4564473330974579,0.9380465745925903,0.998955488204956,1239,319,0.2820497155189514,0.9612577557563782,0.9999719858169556,823,1446,0.40820249915122986,0.9679521322250366,0.9998856782913208,1194,250,0.26046913862228394,0.9565672874450684,0.9999371767044067,731,1482,0.39667314291000366,0.9634825587272644,0.9997932314872742,1138,267,0.25582176446914673,0.9488009214401245,0.9999502897262573,722,1437,0.40905821323394775,0.9558508396148682,0.9998596906661987,1148,301,0.2771399915218353,0.9193727374076843,0.9999769926071167,759,1412,0.40946173667907715,0.9398625493049622,0.9999309778213501,1844,629,0.002382890088483691,0.9997089505195618,0.9999024868011475,1854,1032,-0.0027456844691187143,0.9998480081558228,0.9999102354049683,1977,93,-0.28537747263908386,0.9825932383537292,0.998428225517273,2159,1530,-0.4486252963542938,0.9969640374183655,0.9994118213653564,2602,48,-0.13308373093605042,0.5853214263916016,0.9564557671546936,3007,1416,-0.4196195602416992,0.9438834190368652,0.9279164671897888,2714,104,-0.12309159338474274,0.7455766201019287,0.9026949405670166,3150,1322,-0.4214796721935272,0.9139794111251831,0.8645513653755188,2759,-94,-0.24800492823123932,0.6356837749481201,0.6878024339675903,3235,1588,-0.5964549779891968,0.8883708715438843,0.4057270586490631,1085,802,759,1444,1180,284,3078,1369,None,None,32.48,35.41,nan,nan,nan
True,/data/uabcvmsc/shared/newborn/30/27.08.24 (2)/HM20240827122103.jpeg,36.3,26.5,730,644,0.21527133882045746,0.9999995231628418,1.0,733,589,0.26571226119995117,0.9999991655349731,0.9999998807907104,740,579,0.2655544579029083,0.9999986886978149,0.9999998807907104,753,547,0.2656293511390686,0.999998927116394,0.9999997615814209,698,646,0.24862276017665863,0.9999995231628418,0.9999998807907104,694,681,0.24828492105007172,0.9999994039535522,0.9999998807907104,691,692,0.24828356504440308,0.9999995231628418,0.9999998807907104,784,573,0.4577093720436096,0.9999992847442627,0.9999998807907104,733,776,0.3771323263645172,0.9999994039535522,0.9999998807907104,823,645,0.28593942523002625,0.9999990463256836,0.9999997615814209,785,702,0.2596839666366577,0.9999992847442627,0.9999996423721313,1124,543,0.47928741574287415,0.9999619722366333,0.9999898672103882,1015,1074,0.41982656717300415,0.9999814033508301,0.9999847412109375,1463,397,0.355630099773407,0.6846644878387451,0.9983525276184082,1070,1398,0.3491418957710266,0.9671033620834351,0.9992152452468872,1248,318,0.12086804211139679,0.9506772756576538,0.9999403953552246,800,1438,0.27732959389686584,0.9883692264556885,0.9999316930770874,1211,249,0.08649840950965881,0.9560827612876892,0.9998986721038818,707,1478,0.2554575204849243,0.9878667593002319,0.9998819828033447,1145,278,0.07995425164699554,0.9481412768363953,0.9999232292175293,705,1430,0.2680186629295349,0.9851359724998474,0.9999278783798218,1156,311,0.11244761198759079,0.9181556701660156,0.9999613761901855,740,1404,0.2782963216304779,0.9771863222122192,0.999963641166687,1811,640,0.015362338162958622,0.9998340606689453,0.9999645948410034,1831,1035,-0.015719635412096977,0.9999123811721802,0.9999722242355347,1931,78,-0.3250734806060791,0.9939281940460205,0.9997736811637878,2153,1526,-0.4829130172729492,0.9984266757965088,0.9998989105224609,2626,39,-0.2285974621772766,0.9210207462310791,0.9948556423187256,2962,1406,-0.43787357211112976,0.9801477193832397,0.9922574758529663,2758,110,-0.22664397954940796,0.9519010782241821,0.9853140115737915,3112,1291,-0.4396107792854309,0.9642491340637207,0.983880341053009,2791,-140,-0.3848368227481842,0.9385764002799988,0.9213383793830872,3165,1547,-0.6322103142738342,0.9650649428367615,0.8506690263748169,1070,808,738,1438,1190,289,3080,1415,2725,3,31.38,34.30,nan,nan,nan
True,/data/uabcvmsc/shared/newborn/30/27.08.24 (2)/HM20240827122205.jpeg,36.4,26.5,731,614,0.16162198781967163,0.9999949932098389,0.9999984502792358,723,566,0.20719017088413239,0.999990701675415,0.999996542930603,744,533,0.20698153972625732,0.999984860420227,0.9999963045120239,756,514,0.20701266825199127,0.9999899864196777,0.9999945163726807,677,640,0.19427241384983063,0.9999946355819702,0.9999963045120239,672,662,0.19388727843761444,0.9999924898147583,0.999996542930603,667,694,0.19380152225494385,0.9999948740005493,0.9999954700469971,827,531,0.3902149200439453,0.9999936819076538,0.9999973773956299,713,760,0.32799750566482544,0.999993085861206,0.9999970197677612,836,604,0.22962668538093567,0.9999923706054688,0.9999955892562866,756,708,0.20855426788330078,0.9999939203262329,0.9999939203262329,1121,549,0.41411739587783813,0.9998818635940552,0.9999496936798096,1019,1078,0.3977839946746826,0.9999314546585083,0.9999157190322876,1456,400,0.3484460115432739,0.5831044316291809,0.997688889503479,1080,1398,0.37570658326148987,0.8913071751594543,0.9979440569877625,1245,326,0.17983485758304596,0.8774484395980835,0.9998888969421387,820,1442,0.31492048501968384,0.9527430534362793,0.9998061060905457,1206,245,0.1541752964258194,0.8613641858100891,0.9997500777244568,733,1483,0.29900193214416504,0.9432429075241089,0.9996157884597778,1146,268,0.14439286291599274,0.8452140092849731,0.9997984766960144,721,1420,0.3047468066215515,0.9349143505096436,0.9997426867485046,1159,307,0.17216934263706207,0.767745852470398,0.999904990196228,755,1397,0.3134976029396057,0.9063543677330017,0.9998791217803955,1854,640,0.0072240568697452545,0.9995409250259399,0.9998145699501038,1876,1036,-0.007442782633006573,0.9997718930244446,0.9998376369476318,1987,97,-0.2678501009941101,0.8886623978614807,0.9962739944458008,2161,1524,-0.45802217721939087,0.9805765748023987,0.9987258315086365,2618,43,-0.10217323899269104,0.37675416469573975,0.932929277420044,2999,1406,-0.3895343840122223,0.8225155472755432,0.9075489044189453,2720,98,-0.09083368629217148,0.4153974652290344,0.8571168780326843,3133,1295,-0.38711559772491455,0.6592413783073425,0.8371431231498718,2797,-123,-0.21945691108703613,0.300702303647995,0.5990877151489258,3255,1536,-0.5626926422119141,0.5947783589363098,0.37767481803894043,1070,814,757,1436,1189,286,2999,1406,None,None,31.43,34.42,nan,nan,nan
True,/data/uabcvmsc/shared/newborn/30/27.08.24 (2)/HM20240827122306.jpeg,36.2,26.7,730,634,0.2565973401069641,0.9999984502792358,0.9999998807907104,714,590,0.30913683772087097,0.9999969005584717,0.9999997615814209,748,554,0.30896779894828796,0.999995231628418,0.9999997615814209,760,540,0.30902352929115295,0.9999963045120239,0.9999996423721313,687,649,0.29604995250701904,0.9999984502792358,0.9999997615814209,681,682,0.29568928480148315,0.9999979734420776,0.9999997615814209,677,696,0.2956780195236206,0.9999984502792358,0.9999996423721313,830,547,0.5027520060539246,0.999997615814209,0.9999997615814209,707,753,0.4393952786922455,0.999997615814209,0.9999997615814209,825,633,0.32678544521331787,0.9999969005584717,0.9999995231628418,757,719,0.3054296374320984,0.9999974966049194,0.9999994039535522,1122,550,0.5130298733711243,0.9999362230300903,0.9999779462814331,1008,1081,0.4827154874801636,0.9999744892120361,0.9999724626541138,1473,397,0.40992701053619385,0.5383251905441284,0.9974840879440308,1074,1396,0.4165975749492645,0.9292787909507751,0.9986203908920288,1240,315,0.21478398144245148,0.905427873134613,0.9999207258224487,817,1442,0.34442535042762756,0.9718380570411682,0.999879002571106,1201,236,0.1876283586025238,0.910237729549408,0.999861478805542,725,1482,0.3271748125553131,0.9701473712921143,0.9997976422309875,1142,260,0.18397030234336853,0.8941860795021057,0.9998934268951416,720,1433,0.3401624858379364,0.9635414481163025,0.9998689889907837,1157,304,0.20897364616394043,0.8380438685417175,0.9999473094940186,753,1408,0.34540897607803345,0.9461435675621033,0.9999344348907471,1813,641,0.011343484744429588,0.9997300505638123,0.9999366998672485,1835,1043,-0.011732975952327251,0.9998650550842285,0.9999473094940186,1972,115,-0.31468188762664795,0.9890853762626648,0.9994445443153381,2155,1528,-0.4608416259288788,0.9974343180656433,0.9997792840003967,2581,25,-0.18432889878749847,0.8281839489936829,0.9864700436592102,2971,1407,-0.428570419549942,0.9659681916236877,0.9769739508628845,2759,101,-0.1784357875585556,0.9128404259681702,0.9643216729164124,3116,1299,-0.43178877234458923,0.9384475350379944,0.9533228278160095,2797,-153,-0.33475708961486816,0.8690373301506042,0.8392177820205688,3178,1569,-0.6334258913993835,0.9334679841995239,0.6595908403396606,1065,816,754,1441,1185,279,3044,1353,2712,-9,31.43,33.33,nan,nan,nan
False,/data/uabcvmsc/shared/newborn/30/27.08.24 (2)/HM20240827122407.jpeg,36.3,26.4
True,/data/uabcvmsc/shared/newborn/30/27.08.24 (2)/HM20240827122508.jpeg,36.1,26.5,692,674,0.3425769805908203,0.9999996423721313,1.0,706,603,0.4025789499282837,0.9999994039535522,1.0,725,581,0.4023665189743042,0.9999991655349731,1.0,745,552,0.4024927616119385,0.9999992847442627,0.9999998807907104,667,676,0.3957548439502716,0.9999996423721313,1.0,663,706,0.3953739404678345,0.9999995231628418,1.0,660,729,0.39537620544433594,0.9999995231628418,0.9999998807907104,824,543,0.597220778465271,0.9999996423721313,1.0,717,791,0.5631311535835266,0.9999995231628418,1.0,780,667,0.40983298420906067,0.9999990463256836,0.9999998807907104,727,743,0.3963471055030823,0.9999991655349731,0.9999997615814209,1114,531,0.5757591724395752,0.9999277591705322,0.9999699592590332,995,1097,0.5917447209358215,0.9999560117721558,0.9999406337738037,1425,411,0.3994166851043701,0.4775036871433258,0.9912868142127991,959,1402,0.6744965314865112,0.8714047074317932,0.997752845287323,1176,361,0.16771471500396729,0.8338350057601929,0.9998270869255066,691,1415,0.8418951630592346,0.8960580825805664,0.9995033740997314,1147,285,0.13727088272571564,0.8605781197547913,0.9997709393501282,621,1403,0.8590162992477417,0.876571774482727,0.9991989731788635,1101,311,0.14288154244422913,0.8446250557899475,0.9998264908790588,625,1378,0.8746833205223083,0.8613430857658386,0.9993591904640198,1120,345,0.16540464758872986,0.765830397605896,0.9998964071273804,658,1375,0.848606526851654,0.8430793881416321,0.9996411800384521,1810,640,0.012230868451297283,0.9975874423980713,0.9988793730735779,1845,1068,-0.01276814192533493,0.9987333416938782,0.9988429546356201,2032,84,-0.3455207645893097,0.9628164768218994,0.9911417961120605,2178,1490,-0.4916798174381256,0.98715740442276,0.9941089153289795,2919,6,-0.32852306962013245,0.4596617519855499,0.8311399817466736,3060,1429,-0.48615169525146484,0.735918402671814,0.6912224888801575,3057,44,-0.33379602432250977,0.746782660484314,0.6326429843902588,3191,1354,-0.4915720224380493,0.7661756873130798,0.5660810470581055,3140,-102,-0.5422674417495728,0.6806559562683105,0.35190728306770325,3303,1536,-0.7148255705833435,0.7614319324493408,0.1647251546382904,1054,814,649,1393,1136,326,None,None,None,None,35.12,34.14,nan,nan,nan
True,/data/uabcvmsc/shared/newborn/30/27.08.24 (2)/HM20240827122610.jpeg,36.2,26.6,693,663,0.31210845708847046,0.9999995231628418,1.0,708,595,0.36969801783561707,0.9999992847442627,1.0,731,565,0.36950618028640747,0.999998927116394,0.9999998807907104,746,548,0.3696148097515106,0.9999991655349731,0.9999998807907104,660,667,0.36250847578048706,0.9999996423721313,1.0,656,690,0.36207282543182373,0.9999994039535522,1.0,652,720,0.3620293438434601,0.9999995231628418,0.9999998807907104,824,545,0.5641857981681824,0.9999995231628418,1.0,697,778,0.5276874899864197,0.9999994039535522,1.0,786,656,0.38076305389404297,0.9999990463256836,0.9999997615814209,724,748,0.36649492383003235,0.9999992847442627,0.9999997615814209,1104,544,0.5621023774147034,0.9999492168426514,0.9999840259552002,984,1103,0.5877121090888977,0.9999783039093018,0.9999784231185913,1416,412,0.5074391961097717,0.44207632541656494,0.9977815747261047,949,1424,0.6926072239875793,0.8998320698738098,0.9994031190872192,1171,365,0.41401854157447815,0.8346047401428223,0.9999725818634033,689,1425,0.845119833946228,0.9495853781700134,0.9999520778656006,1135,291,0.40650030970573425,0.8244038224220276,0.9999560117721558,624,1411,0.8647060394287109,0.924621045589447,0.9999085664749146,1094,318,0.40404272079467773,0.8013825416564941,0.999962329864502,626,1364,0.8839187622070312,0.9145210385322571,0.999925971031189,1116,357,0.41291531920433044,0.7038411498069763,0.999980092048645,655,1361,0.8539501428604126,0.8913300037384033,0.9999607801437378,1789,629,-0.0009675235487520695,0.9986973404884338,0.9992777705192566,1828,1061,0.0005039036623202264,0.9992977380752563,0.9992907047271729,2022,94,-0.41036537289619446,0.9584354162216187,0.9948953986167908,2193,1497,-0.46422234177589417,0.9709912538528442,0.997065007686615,2929,20,-0.42587101459503174,0.45646387338638306,0.8700598478317261,3089,1439,-0.48452675342559814,0.6876779198646545,0.7562844753265381,3063,49,-0.43369197845458984,0.548269510269165,0.6726784110069275,3196,1361,-0.4925212562084198,0.6168956756591797,0.6202573776245117,3174,40,-0.6411300301551819,0.5002586245536804,0.3683399558067322,3242,1695,-0.7114984393119812,0.583805501461029,0.19697177410125732,1044,824,648,1390,1129,333,None,None,None,None,34.24,34.24,nan,nan,nan
True,/data/uabcvmsc/shared/newborn/30/27.08.24 (2)/HM20240827122712.jpeg,36.0,26.7,698,645,0.3603481352329254,0.9999997615814209,1.0,726,560,0.41833680868148804,0.9999997615814209,1.0,747,542,0.41812869906425476,0.9999995231628418,1.0,765,516,0.4182453751564026,0.9999996423721313,1.0,662,637,0.4045353829860687,0.9999997615814209,1.0,654,666,0.4040752053260803,0.9999997615814209,1.0,648,686,0.4040454030036926,0.9999997615814209,1.0,828,532,0.6151193380355835,0.9999997615814209,1.0,690,764,0.5474412441253662,0.9999997615814209,1.0,800,649,0.4304351210594177,0.9999995231628418,0.9999998807907104,739,734,0.4072519838809967,0.9999995231628418,0.9999998807907104,1102,544,0.6161211133003235,0.9999649524688721,0.9999908208847046,980,1101,0.5878438949584961,0.9999768733978271,0.9999755620956421,1430,415,0.6158873438835144,0.3529481589794159,0.9982781410217285,947,1440,0.6849055886268616,0.8673794269561768,0.9987512826919556,1203,369,0.5780078172683716,0.7745758295059204,0.9999712705612183,693,1434,0.8616076111793518,0.864547073841095,0.9998005032539368,1161,298,0.5818642377853394,0.7754527926445007,0.9999524354934692,630,1415,0.884833037853241,0.8151659369468689,0.9996562004089355,1113,322,0.578081488609314,0.7540038228034973,0.9999580383300781,631,1371,0.9071409106254578,0.797107458114624,0.9997197985649109,1128,366,0.5773283243179321,0.6538047790527344,0.9999768733978271,658,1365,0.8723066449165344,0.7549318671226501,0.9998451471328735,1794,631,0.01568482629954815,0.9983215928077698,0.9991316199302673,1841,1060,-0.016152173280715942,0.9989776611328125,0.9988780617713928,2052,70,-0.3233509659767151,0.9491997957229614,0.9889187216758728,2187,1511,-0.45363742113113403,0.9705039262771606,0.9899464249610901,2947,8,-0.3483973741531372,0.3822045922279358,0.7311716079711914,3084,1432,-0.4513472616672516,0.56212317943573,0.48587480187416077,3069,50,-0.35578322410583496,0.5407036542892456,0.4768229126930237,3195,1350,-0.45549461245536804,0.5219813585281372,0.3529443144798279,3198,-91,-0.5491640567779541,0.4206845462322235,0.1894378811120987,3269,1676,-0.6604710221290588,0.4415270686149597,0.07321362942457199,1041,822,653,1396,1159,330,None,None,None,None,35.05,34.14,nan,nan,nan
True,/data/uabcvmsc/shared/newborn/30/27.08.24 (2)/HM20240827122814.jpeg,36.0,26.6,684,658,0.30558347702026367,0.9999973773956299,0.9999997615814209,703,590,0.3587512969970703,0.9999960660934448,0.9999996423721313,729,565,0.3585157096385956,0.9999940395355225,0.9999995231628418,748,546,0.3585710823535919,0.9999958276748657,0.9999994039535522,654,654,0.3525943160057068,0.999997615814209,0.9999995231628418,648,673,0.35214096307754517,0.999996542930603,0.9999995231628418,641,696,0.35202786326408386,0.9999973773956299,0.9999994039535522,825,544,0.535559892654419,0.999997615814209,0.9999997615814209,684,755,0.5030231475830078,0.9999966621398926,0.9999996423721313,770,663,0.36814406514167786,0.999995231628418,0.9999991655349731,709,735,0.35503366589546204,0.9999964237213135,0.9999988079071045,1093,554,0.5308695435523987,0.9999158382415771,0.9999754428863525,978,1101,0.5683218836784363,0.9999473094940186,0.9999426603317261,1413,428,0.5521280169487,0.23919497430324554,0.9985910058021545,953,1422,0.700171709060669,0.6831795573234558,0.9991340041160583,1187,370,0.5649999380111694,0.5876258611679077,0.999968409538269,689,1432,0.8781131505966187,0.8029147386550903,0.999913215637207,1158,285,0.5742350220680237,0.5681808590888977,0.9999417066574097,627,1421,0.9030656218528748,0.7378457188606262,0.9998370409011841,1112,309,0.5665370225906372,0.5384337902069092,0.9999442100524902,629,1373,0.9207313656806946,0.7164127826690674,0.9998596906661987,1126,353,0.564495861530304,0.41991743445396423,0.9999710321426392,659,1367,0.8865875601768494,0.667315661907196,0.9999256134033203,1791,629,-0.0058363256976008415,0.9979745745658875,0.9990239143371582,1846,1062,0.00542659405618906,0.9987363219261169,0.9987829327583313,2027,100,-0.3998355269432068,0.7829636931419373,0.9907068610191345,2192,1501,-0.4482240080833435,0.8121100664138794,0.992906928062439,2942,13,-0.4307021498680115,0.14990368485450745,0.773822009563446,3094,1440,-0.4658336937427521,0.279434472322464,0.602156400680542,3072,30,-0.4394841194152832,0.19483262300491333,0.5202556848526001,3211,1361,-0.4728737473487854,0.2572720944881439,0.4658716917037964,3195,-43,-0.6410536170005798,0.15046332776546478,0.25753358006477356,3283,1705,-0.6812580823898315,0.19391173124313354,0.13014274835586548,1036,828,648,1409,None,None,None,None,None,None,35.04,34.12,nan,nan,nan
True,/data/uabcvmsc/shared/newborn/30/27.08.24 (2)/HM20240827122917.jpeg,36.0,23.3,697,648,0.1209123507142067,0.9999995231628418,0.9999996423721313,728,577,0.16805578768253326,0.9999990463256836,0.9999990463256836,748,562,0.1678517460823059,0.9999988079071045,0.999998927116394,766,544,0.16783712804317474,0.9999991655349731,0.9999986886978149,671,634,0.15969164669513702,0.9999995231628418,0.9999988079071045,660,653,0.15930591523647308,0.9999995231628418,0.999998927116394,650,666,0.15914951264858246,0.9999996423721313,0.9999986886978149,839,546,0.3518633544445038,0.9999995231628418,0.9999994039535522,683,717,0.31054404377937317,0.9999995231628418,0.9999992847442627,785,663,0.18772529065608978,0.9999994039535522,0.9999994039535522,706,726,0.17267893254756927,0.9999996423721313,0.9999992847442627,1108,541,0.37519925832748413,0.999980092048645,0.9999943971633911,983,1087,0.3677496910095215,0.9999831914901733,0.9999884366989136,1433,404,0.3500054180622101,0.9366225600242615,0.9998464584350586,954,1421,0.29142481088638306,0.989494264125824,0.9998266100883484,1183,349,0.23401109874248505,0.9878118634223938,0.9999977350234985,696,1438,0.2066803127527237,0.9946821331977844,0.9999760389328003,1157,281,0.21678727865219116,0.985024094581604,0.999993085861206,626,1426,0.18268439173698425,0.9926801919937134,0.9999350309371948,1110,303,0.20145343244075775,0.9826104044914246,0.9999932050704956,629,1388,0.19854305684566498,0.990784764289856,0.9999502897262573,1120,334,0.22609028220176697,0.9743764996528625,0.9999972581863403,657,1382,0.2083844095468521,0.988603949546814,0.9999784231185913,1791,668,-0.016990765929222107,0.9999812841415405,0.9999959468841553,1841,1084,0.016410265117883682,0.9999886751174927,0.9999970197677612,1922,450,-0.5542223453521729,0.9992921352386475,0.9999707937240601,2179,1536,-0.4207104742527008,0.9979850053787231,0.9999644756317139,2632,940,-0.5646263360977173,0.9727328419685364,0.9998549222946167,3049,1467,-0.44220060110092163,0.9887287616729736,0.9992316961288452,2738,997,-0.5699225664138794,0.969354510307312,0.9994246959686279,3181,1357,-0.44818857312202454,0.9837825894355774,0.998604953289032,2922,1179,-0.7483692765235901,0.9877766370773315,0.9931294322013855,3239,1706,-0.6315197348594666,0.9927710890769958,0.9748443961143494,1046,814,652,1408,1142,317,3156,1510,None,None,34.71,33.46,nan,nan,nan
False,/data/uabcvmsc/shared/newborn/30/27.08.24 (2)/HM20240827123019.jpeg,36.4,23.6
False,/data/uabcvmsc/shared/newborn/30/27.08.24 (2)/HM20240827123121.jpeg,36.2,23.5
False,/data/uabcvmsc/shared/newborn/30/27.08.24 (2)/HM20240827123223.jpeg,36.4,23.6
False,/data/uabcvmsc/shared/newborn/30/27.08.24 (2)/HM20240827123324.jpeg,36.3,23.7
False,/data/uabcvmsc/shared/newborn/30/27.08.24 (2)/HM20240827123426.jpeg,36.4,24.3
True,/data/uabcvmsc/shared/newborn/30/27.08.24 (2)/HM20240827123528.jpeg,36.0,26.9,689,681,0.153689444065094,0.9999982118606567,0.999998927116394,698,625,0.1974485218524933,0.9999958276748657,0.9999951124191284,713,601,0.1973171979188919,0.9999946355819702,0.999994158744812,723,584,0.19729945063591003,0.9999955892562866,0.999991774559021,660,673,0.19488582015037537,0.9999977350234985,0.9999949932098389,653,686,0.19453661143779755,0.999997615814209,0.999995231628418,643,710,0.19433356821537018,0.9999979734420776,0.9999940395355225,825,570,0.3660629093647003,0.9999947547912598,0.9999949932098389,670,747,0.3506385087966919,0.9999960660934448,0.9999957084655762,764,692,0.2128211259841919,0.9999958276748657,0.9999979734420776,716,738,0.20588621497154236,0.9999964237213135,0.9999974966049194,1102,523,0.37219151854515076,0.999954104423523,0.9999772310256958,961,1087,0.3891218304634094,0.9999728202819824,0.9999597072601318,1463,416,0.26652956008911133,0.8093820810317993,0.9991894364356995,949,1458,0.19256934523582458,0.974247395992279,0.9994340538978577,1220,338,0.07725010067224503,0.9619035720825195,0.9999924898147583,682,1439,-0.04978775233030319,0.9877316355705261,0.9999487400054932,1196,272,0.04706547036767006,0.966084361076355,0.9999830722808838,604,1438,-0.0966346338391304,0.9855506420135498,0.9998774528503418,1138,268,0.03580998256802559,0.9601625800132751,0.9999861717224121,618,1380,-0.07914207875728607,0.9812458753585815,0.9999220371246338,1146,309,0.06888371706008911,0.9384034276008606,0.999994158744812,654,1370,-0.05201480910181999,0.9771909713745117,0.9999668598175049,1738,777,-0.040375757962465286,0.9999721050262451,0.9999972581863403,1751,1119,0.03966546803712845,0.999982476234436,0.9999978542327881,1583,584,-0.6176800727844238,0.9977649450302124,0.9999963045120239,1903,1696,-0.3808134198188782,0.9960200190544128,0.9999828338623047,2223,567,-0.8523615598678589,0.9933846592903137,0.9999587535858154,2555,1379,-0.3238001763820648,0.9599051475524902,0.9999457597732544,2413,654,-0.8842443227767944,0.9929434657096863,0.9998160004615784,2679,1247,-0.32139527797698975,0.982770562171936,0.9999243021011353,2392,690,-1.0991160869598389,0.9981011748313904,0.9963932633399963,2845,1547,-0.4711975157260895,0.9864647388458252,0.9984570741653442,1032,805,640,1407,1175,297,2693,1391,2343,637,35.07,34.18,nan,31.43,31.43
False,/data/uabcvmsc/shared/newborn/30/27.08.24 (2)/HM20240827123631.jpeg,36.5,26.6
False,/data/uabcvmsc/shared/newborn/30/27.08.24 (2)/HM20240827123733.jpeg,36.3,27.0
True,/data/uabcvmsc/shared/newborn/30/27.08.24 (2)/HM20240827123835.jpeg,36.4,27.0,2242,1171,-0.3402375876903534,0.9991932511329651,0.9998776912689209,2315,1195,-0.3162885010242462,0.9983041286468506,0.9996030926704407,2317,1222,-0.3166804015636444,0.9970888495445251,0.9995181560516357,2317,1248,-0.3166421949863434,0.9977328777313232,0.9990088939666748,2314,1117,-0.33120018243789673,0.9994992017745972,0.9997321963310242,2314,1084,-0.3317117691040039,0.9994640946388245,0.9997851252555847,2315,1051,-0.3319573998451233,0.9997108578681946,0.9997031092643738,2276,1237,-0.1938113570213318,0.9970134496688843,0.9987940788269043,2275,965,-0.25981298089027405,0.9992615580558777,0.9996457099914551,2163,1195,-0.2888433337211609,0.9862123727798462,0.9974729418754578,2162,1091,-0.31091031432151794,0.9933680891990662,0.9975159168243408,1983,1211,-0.16792568564414978,0.996769905090332,0.9973716735839844,1945,834,-0.20105792582035065,0.9987202882766724,0.9994220733642578,1925,1289,-0.23148247599601746,0.03270014375448227,0.9889131188392639,1652,726,-0.16929179430007935,0.08092842996120453,0.9986172914505005,2100,1131,-0.22439275681972504,0.009692700579762459,0.9768586754798889,1402,603,-0.09193471819162369,0.11504361033439636,0.9990909099578857,2149,1074,-0.23907865583896637,0.013002841733396053,0.9466131925582886,1334,557,-0.09860481321811676,0.12635688483715057,0.9961381554603577,2183,1081,-0.22406698763370514,0.012776034884154797,0.9432395100593567,1329,560,-0.11546659469604492,0.1246703639626503,0.9956952333450317,2156,1090,-0.2196386456489563,0.015477911569178104,0.9654881358146667,1348,601,-0.09833177924156189,0.12712229788303375,0.9982401132583618,1226,936,0.0024693149607628584,0.9997332692146301,0.9999648332595825,1249,763,-0.0030309667345136404,0.9998569488525391,0.9999891519546509,1133,961,0.3581945598125458,0.01779283583164215,0.9996695518493652,1115,749,0.28148743510246277,0.011294291354715824,0.9999170303344727,957,878,0.5936350226402283,0.04138470068573952,0.9988289475440979,984,600,0.5010721683502197,0.040211599320173264,0.9985284805297852,920,866,0.6160627007484436,0.07910142838954926,0.9971113204956055,938,592,0.5248509049415588,0.047925207763910294,0.9977169036865234,837,825,0.609674334526062,0.057814907282590866,0.9927319884300232,900,537,0.5059113502502441,0.044743213802576065,0.9915653467178345,1964,1022,None,None,None,None,None,None,None,None,34.48,nan,nan,nan,nan
True,/data/uabcvmsc/shared/newborn/30/27.08.24 (2)/HM20240827123937.jpeg,36.5,27.5,686,672,0.31071075797080994,0.9999716281890869,0.999997615814209,696,613,0.35921913385391235,0.9999542236328125,0.9999922513961792,710,588,0.3590695261955261,0.9999402761459351,0.9999897480010986,735,569,0.35909757018089294,0.9999505281448364,0.9999850988388062,672,665,0.3580041229724884,0.9999843835830688,0.9999943971633911,669,679,0.35761502385139465,0.9999866485595703,0.999995231628418,656,693,0.35739561915397644,0.9999902248382568,0.9999948740005493,810,552,0.5257692337036133,0.9999202489852905,0.9999915361404419,701,737,0.5142742395401001,0.9999767541885376,0.9999970197677612,760,670,0.36720454692840576,0.9999409914016724,0.9999946355819702,720,731,0.36126548051834106,0.9999680519104004,0.9999957084655762,1098,539,0.48928898572921753,0.9998745918273926,0.9999200105667114,947,1055,0.5180226564407349,0.99996018409729,0.9999572038650513,1434,485,0.42809852957725525,0.04757152497768402,0.9965140223503113,969,1424,0.2998615503311157,0.468264639377594,0.9995383024215698,1233,322,0.3317447304725647,0.15879973769187927,0.9999665021896362,746,1444,0.060958921909332275,0.772048830986023,0.9999392032623291,1171,289,0.3218420743942261,0.19745135307312012,0.9999294281005859,653,1483,0.017705511301755905,0.749778687953949,0.9998041987419128,1138,300,0.3067234754562378,0.17309148609638214,0.9999361038208008,648,1392,0.039525650441646576,0.7051063179969788,0.999872088432312,1161,327,0.3239675462245941,0.14109951257705688,0.9999737739562988,690,1374,0.059816788882017136,0.6552149057388306,0.9999492168426514,1690,740,-0.05055698752403259,0.9999635219573975,0.9999988079071045,1685,1106,0.04979565367102623,0.9999830722808838,0.9999994039535522,1710,748,-0.606101930141449,0.9796020984649658,0.9999881982803345,1881,1712,-0.30966201424598694,0.7589764595031738,0.9999655485153198,2308,1309,-0.8872324228286743,0.8781249523162842,0.9999496936798096,2464,1256,-0.41230228543281555,0.32270297408103943,0.9999209642410278,2424,1356,-0.9207630753517151,0.9743046164512634,0.9997631907463074,2569,1162,-0.4263928532600403,0.8091944456100464,0.9998844861984253,2302,1706,-1.1655511856079102,0.9753178358078003,0.9978240728378296,2778,1396,-0.62273108959198,0.7763677835464478,0.9983751773834229,1022,797,682,1440,None,None,2674,1279,2345,1457,34.70,34.70,nan,31.98,31.98
True,/data/uabcvmsc/shared/newborn/30/27.08.24 (2)/HM20240827124038.jpeg,36.1,27.0,709,660,0.15111425518989563,0.9999914169311523,0.9999948740005493,728,589,0.18928027153015137,0.9999822378158569,0.9999860525131226,743,573,0.18904176354408264,0.9999830722808838,0.9999839067459106,755,559,0.1890413463115692,0.9999847412109375,0.999981164932251,679,646,0.18137142062187195,0.9999923706054688,0.9999855756759644,669,670,0.18100500106811523,0.9999946355819702,0.999987006187439,661,682,0.18075110018253326,0.9999945163726807,0.9999860525131226,817,555,0.3459807336330414,0.9999916553497314,0.9999905824661255,690,728,0.30626726150512695,0.999993085861206,0.9999918937683105,799,659,0.2095084935426712,0.9999908208847046,0.9999946355819702,733,731,0.19527554512023926,0.9999936819076538,0.9999938011169434,1102,558,0.35544225573539734,0.9999556541442871,0.9999816417694092,940,1069,0.3678774833679199,0.9999610185623169,0.9999725818634033,1434,471,0.4503588080406189,0.8623301386833191,0.9996680021286011,973,1459,0.24674105644226074,0.9630553722381592,0.9997197985649109,1254,381,0.4918827414512634,0.9668155312538147,0.9999970197677612,719,1439,0.06254756450653076,0.9878230094909668,0.9999802112579346,1204,332,0.49980035424232483,0.9646530151367188,0.9999929666519165,631,1460,0.027874678373336792,0.9881449937820435,0.9999550580978394,1153,344,0.47115767002105713,0.9623380303382874,0.9999924898147583,633,1392,0.04303811490535736,0.9858189821243286,0.9999661445617676,1172,376,0.4827321469783783,0.9565539360046387,0.9999969005584717,669,1371,0.061733100563287735,0.9829551577568054,0.9999847412109375,1710,756,-0.048172589391469955,0.9999550580978394,0.9999929666519165,1682,1129,0.04772001877427101,0.9999665021896362,0.9999959468841553,1801,726,-0.5045077204704285,0.999248206615448,0.9999741315841675,1861,1690,-0.21485552191734314,0.9918186664581299,0.9999383687973022,2392,1280,-0.6531481742858887,0.993826687335968,0.9998964071273804,2551,1377,-0.24666693806648254,0.9656054973602295,0.9998397827148438,2498,1325,-0.6728948950767517,0.9931377172470093,0.9996057152748108,2613,1269,-0.2527661919593811,0.9819398522377014,0.9997984766960144,2369,1651,-0.8705061078071594,0.9972568154335022,0.9967325925827026,2735,1540,-0.41161027550697327,0.9849237203598022,0.9975904226303101,1021,814,663,1416,None,None,None,None,2420,1419,34.28,34.28,nan,nan,31.53
True,/data/uabcvmsc/shared/newborn/30/27.08.24 (2)/HM20240827124140.jpeg,36.5,27.5,710,643,0.14733245968818665,0.9999992847442627,0.9999996423721313,725,571,0.19449864327907562,0.9999988079071045,0.9999991655349731,745,550,0.19427822530269623,0.9999986886978149,0.9999990463256836,776,532,0.1943107545375824,0.9999988079071045,0.9999986886978149,665,636,0.1862524300813675,0.9999994039535522,0.9999990463256836,653,658,0.18588292598724365,0.9999995231628418,0.9999990463256836,641,677,0.1856599599123001,0.9999995231628418,0.999998927116394,847,535,0.3783031105995178,0.9999991655349731,0.9999992847442627,680,728,0.335105299949646,0.9999992847442627,0.9999992847442627,805,637,0.21402762830257416,0.9999986886978149,0.9999992847442627,731,716,0.19866350293159485,0.9999990463256836,0.9999991655349731,1116,546,0.3978899419307709,0.9999746084213257,0.999992847442627,942,1067,0.3997972011566162,0.9999762773513794,0.9999866485595703,1453,443,0.4943201243877411,0.902468204498291,0.9998013377189636,977,1441,0.2898831367492676,0.9668015241622925,0.9997435212135315,1262,362,0.5368972420692444,0.9830537438392639,0.9999986886978149,733,1436,0.1276904195547104,0.9898411631584167,0.9999831914901733,1205,316,0.5478900671005249,0.980553388595581,0.999996542930603,634,1462,0.09564652293920517,0.9892570376396179,0.9999629259109497,1159,332,0.5225419998168945,0.9788899421691895,0.999996542930603,637,1393,0.114573173224926,0.9869943261146545,0.9999724626541138,1172,368,0.5296921133995056,0.9740917086601257,0.9999985694885254,675,1372,0.1288372129201889,0.9848995208740234,0.9999876022338867,1702,734,-0.03920016810297966,0.9999632835388184,0.9999948740005493,1676,1121,0.03874053806066513,0.9999697208404541,0.999996542930603,1789,753,-0.48806053400039673,0.9995515942573547,0.9999871253967285,1868,1680,-0.2878209352493286,0.9963279366493225,0.9999635219573975,2421,1277,-0.6474993228912354,0.9967910647392273,0.9999359846115112,2531,1356,-0.31104034185409546,0.9808334112167358,0.9999048709869385,2480,1304,-0.668519914150238,0.9960229396820068,0.9997242093086243,2619,1241,-0.3160330355167389,0.988911509513855,0.9998685121536255,2499,1613,-0.8760381937026978,0.9985536932945251,0.9972629547119141,2740,1535,-0.48210108280181885,0.9915012121200562,0.9980870485305786,1029,806,670,1416,1200,344,None,None,2467,1398,34.70,34.70,nan,nan,31.98
True,/data/uabcvmsc/shared/newborn/30/27.08.24 (2)/HM20240827124242.jpeg,36.3,27.4,695,664,0.16026754677295685,0.9999998807907104,1.0,713,595,0.20978592336177826,0.9999998807907104,1.0,735,573,0.2095257043838501,0.9999998807907104,0.9999998807907104,748,558,0.2095758616924286,0.9999998807907104,0.9999998807907104,660,661,0.20512394607067108,0.9999998807907104,0.9999998807907104,652,681,0.20473837852478027,1.0,0.9999998807907104,641,710,0.20454923808574677,0.9999998807907104,0.9999998807907104,821,567,0.39344608783721924,0.9999998807907104,1.0,688,764,0.3673112988471985,0.9999998807907104,0.9999998807907104,793,663,0.22585979104042053,0.9999997615814209,0.9999998807907104,714,748,0.21537558734416962,0.9999998807907104,0.9999998807907104,1116,545,0.40314966440200806,0.9999877214431763,0.9999977350234985,969,1082,0.44059088826179504,0.9999885559082031,0.9999959468841553,1452,437,0.5347763895988464,0.9475478529930115,0.9999140501022339,988,1432,0.39544498920440674,0.9799264073371887,0.9999034404754639,1230,320,0.6480641961097717,0.9922741055488586,0.9999995231628418,732,1425,0.3010135889053345,0.9958608746528625,0.9999967813491821,1165,279,0.6686437726020813,0.9908146262168884,0.9999985694885254,636,1456,0.28212159872055054,0.9956401586532593,0.9999927282333374,1128,295,0.6409690380096436,0.9901374578475952,0.9999985694885254,637,1386,0.29651308059692383,0.9947680234909058,0.9999943971633911,1147,316,0.6416022181510925,0.9884299039840698,0.9999994039535522,675,1367,0.30194199085235596,0.9940664768218994,0.9999974966049194,1744,744,-0.05141478404402733,0.9999572038650513,0.9999935626983643,1722,1137,0.0509614460170269,0.999964714050293,0.9999955892562866,1879,723,-0.4797990918159485,0.9997066855430603,0.9999872446060181,1865,1687,-0.2753370404243469,0.996609091758728,0.9999709129333496,2319,1318,-0.6413902640342712,0.9960648417472839,0.99994957447052,2552,1426,-0.2955326437950134,0.9784801006317139,0.9999086856842041,2490,1348,-0.6613245606422424,0.9963909983634949,0.9997884631156921,2616,1337,-0.29927971959114075,0.9899646639823914,0.9998716115951538,2332,1644,-0.8509835004806519,0.9985571503639221,0.9983624815940857,2674,1617,-0.4440407454967499,0.9919169545173645,0.9986571073532104,1042,814,670,1408,None,None,None,None,2380,1437,34.49,34.49,nan,nan,31.83
True,/data/uabcvmsc/shared/newborn/30/27.08.24 (2)/HM20240827124345.jpeg,36.6,27.6,693,650,0.11444161832332611,0.9999982118606567,0.999998927116394,708,588,0.1572464406490326,0.9999972581863403,0.9999977350234985,727,568,0.15695080161094666,0.9999974966049194,0.9999974966049194,753,550,0.15694871544837952,0.999997615814209,0.9999970197677612,664,644,0.1542070209980011,0.9999985694885254,0.9999971389770508,652,668,0.15383580327033997,0.999998927116394,0.9999971389770508,640,699,0.1535850614309311,0.9999988079071045,0.9999966621398926,832,549,0.3239225745201111,0.9999985694885254,0.9999983310699463,681,760,0.30650120973587036,0.9999983310699463,0.9999977350234985,768,656,0.17495013773441315,0.9999971389770508,0.9999984502792358,712,727,0.16689912974834442,0.999997615814209,0.9999978542327881,1092,545,0.3261992037296295,0.9999679327011108,0.9999916553497314,963,1088,0.3850104808807373,0.9999510049819946,0.9999750852584839,1457,465,0.42079243063926697,0.9260634779930115,0.9997913241386414,987,1447,0.31097519397735596,0.9499901533126831,0.9995773434638977,1269,318,0.46942758560180664,0.9864380359649658,0.9999980926513672,721,1448,0.17431704699993134,0.9873679280281067,0.9999837875366211,1235,264,0.4777655303478241,0.9850072264671326,0.9999948740005493,610,1481,0.14905603229999542,0.9881011247634888,0.9999690055847168,1181,280,0.44701623916625977,0.9841835498809814,0.9999947547912598,596,1427,0.15940168499946594,0.9861723780632019,0.9999761581420898,1192,311,0.45972681045532227,0.9830077886581421,0.9999979734420776,648,1400,0.17204521596431732,0.9851878881454468,0.9999887943267822,1703,740,-0.057600073516368866,0.9999427795410156,0.9999909400939941,1669,1111,0.05705557391047478,0.9999459981918335,0.9999932050704956,1836,784,-0.4928557574748993,0.9992607235908508,0.9999799728393555,1895,1698,-0.18910712003707886,0.9928174018859863,0.9999436140060425,2402,1273,-0.6373921036720276,0.9958019852638245,0.9998947381973267,2593,1342,-0.2013319730758667,0.9800441861152649,0.9998831748962402,2518,1310,-0.6566236615180969,0.9945811629295349,0.9995504021644592,2635,1231,-0.20471031963825226,0.9889048337936401,0.9998481273651123,2443,1614,-0.8503183722496033,0.998076319694519,0.9962126016616821,2721,1531,-0.34506839513778687,0.990105926990509,0.9979730248451233,1028,816,644,1439,1219,293,None,None,None,None,34.80,34.80,nan,nan,nan
True,/data/uabcvmsc/shared/newborn/30/27.08.24 (2)/HM20240827124447.jpeg,36.2,27.3,699,659,0.28152915835380554,0.9999974966049194,0.9999998807907104,694,615,0.3286641240119934,0.9999953508377075,0.9999995231628418,720,588,0.32837316393852234,0.9999947547912598,0.9999994039535522,732,573,0.32835546135902405,0.9999966621398926,0.9999994039535522,673,666,0.3227386176586151,0.9999973773956299,0.9999992847442627,670,677,0.32236120104789734,0.999997615814209,0.9999992847442627,665,689,0.322276771068573,0.9999977350234985,0.9999991655349731,811,567,0.48742690682411194,0.9999953508377075,0.9999996423721313,685,731,0.4600844979286194,0.9999932050704956,0.9999991655349731,760,667,0.3354584574699402,0.999995231628418,0.9999997615814209,722,718,0.324894517660141,0.999995231628418,0.9999995231628418,1074,570,0.45104074478149414,0.9999926090240479,0.9999984502792358,912,1041,0.4467829763889313,0.9999831914901733,0.9999914169311523,1448,473,0.42808371782302856,0.500774621963501,0.9999804496765137,842,1287,0.28177595138549805,0.9358646869659424,0.9999675750732422,1627,265,0.3061203956604004,0.8936430811882019,0.999997615814209,617,1219,0.08880282938480377,0.9906664490699768,0.9999979734420776,1733,184,0.290921688079834,0.9028360247612,0.9999905824661255,555,1218,0.04321978986263275,0.9890758991241455,0.9999936819076538,1713,179,0.24755150079727173,0.9085500240325928,0.9999903440475464,560,1175,0.05079691484570503,0.9875801801681519,0.999995231628418,1677,223,0.28642338514328003,0.8930593132972717,0.999996542930603,588,1168,0.08350984752178192,0.9824309945106506,0.9999982118606567,1680,731,-0.03542603924870491,0.9999454021453857,0.999997615814209,1639,1129,0.03462274372577667,0.9999560117721558,0.9999973773956299,1838,649,-0.5323474407196045,0.9733557105064392,0.9999830722808838,1711,1630,-0.40657830238342285,0.8938049674034119,0.9999665021896362,2245,1312,-0.8030990958213806,0.697057843208313,0.9999260902404785,2404,1440,-0.5679217576980591,0.3982105553150177,0.9998348951339722,2409,1386,-0.8363632559776306,0.9297611117362976,0.9996776580810547,2531,1351,-0.5875024199485779,0.8058416247367859,0.9997310042381287,2320,1580,-1.0307711362838745,0.9309607744216919,0.9983484745025635,2500,1619,-0.7404894232749939,0.8068439364433289,0.9977206587791443,993,806,580,1195,None,None,2516,1485,2364,1483,35.29,34.39,nan,31.73,31.73
True,/data/uabcvmsc/shared/newborn/30/27.08.24 (2)/HM20240827124549.jpeg,36.4,27.5,683,667,0.21871212124824524,1.0,1.0,688,603,0.26943519711494446,1.0,1.0,702,579,0.26917678117752075,0.9999998807907104,1.0,713,556,0.26920124888420105,1.0,1.0,651,676,0.26248031854629517,1.0,1.0,645,698,0.26214173436164856,1.0,1.0,634,731,0.2621059715747833,1.0,0.9999998807907104,818,554,0.4425704777240753,0.9999998807907104,1.0,680,782,0.4096049666404724,0.9999998807907104,0.9999998807907104,760,653,0.27781590819358826,0.9999998807907104,1.0,719,728,0.2655718922615051,0.9999997615814209,0.9999998807907104,1095,572,0.4041268527507782,0.9999959468841553,0.9999990463256836,965,1055,0.3934018909931183,0.9999873638153076,0.999992847442627,1442,474,0.37482553720474243,0.8854399919509888,0.9999902248382568,820,1364,0.2883843779563904,0.9929379820823669,0.9999759197235107,1637,260,0.27814894914627075,0.9717126488685608,0.9999985694885254,691,1127,0.24927625060081482,0.9924753308296204,0.9999964237213135,1753,173,0.26398414373397827,0.9693184494972229,0.9999915361404419,641,1077,0.22427794337272644,0.9851678609848022,0.9999819993972778,1723,174,0.22557581961154938,0.9716538190841675,0.999991774559021,652,1037,0.24445684254169464,0.9827127456665039,0.9999855756759644,1682,218,0.2608344256877899,0.9710797071456909,0.9999973773956299,684,1042,0.25321078300476074,0.9800192713737488,0.999995231628418,1743,777,-0.044188667088747025,0.9999756813049316,0.9999978542327881,1728,1125,0.043303269892930984,0.9999780654907227,0.9999973773956299,1806,774,-0.49151530861854553,0.9958670139312744,0.9999856948852539,1746,1716,-0.24752049148082733,0.9765239357948303,0.9999366998672485,2393,1338,-0.7559657692909241,0.9452752470970154,0.9998888969421387,2317,1380,-0.33644840121269226,0.6833822727203369,0.9998001456260681,2540,1366,-0.7847152948379517,0.9785485863685608,0.9994255304336548,2467,1285,-0.34531721472740173,0.8866751194000244,0.999699592590332,2460,1756,-0.973635196685791,0.982658863067627,0.9950641989707947,2521,1457,-0.4769890308380127,0.9026750326156616,0.9966985583305359,1030,814,667,1071,1699,206,2494,1371,2464,1487,34.59,35.49,nan,31.93,31.03
True,/data/uabcvmsc/shared/newborn/30/27.08.24 (2)/HM20240827124651.jpeg,36.4,27.7,679,681,0.2763994038105011,0.9999990463256836,0.9999998807907104,693,618,0.3241581320762634,0.9999982118606567,0.9999997615814209,708,603,0.32402557134628296,0.999997615814209,0.9999996423721313,725,579,0.3240448534488678,0.9999983310699463,0.9999995231628418,653,672,0.3199329078197479,0.9999992847442627,0.9999996423721313,644,703,0.31966832280158997,0.9999991655349731,0.9999996423721313,638,721,0.31957197189331055,0.9999992847442627,0.9999995231628418,797,573,0.48963913321495056,0.999997615814209,0.9999997615814209,673,783,0.4675271511077881,0.9999978542327881,0.9999996423721313,766,692,0.3336620330810547,0.9999983310699463,0.9999998807907104,707,758,0.3245581090450287,0.9999984502792358,0.9999997615814209,1088,558,0.4592099189758301,0.9999940395355225,0.9999972581863403,970,1075,0.48053357005119324,0.9999856948852539,0.9999892711639404,1466,428,0.35778942704200745,0.7593256831169128,0.9997887015342712,1054,1379,0.284575492143631,0.8946950435638428,0.9998037219047546,1231,344,0.18845456838607788,0.9539696574211121,0.9999995231628418,753,1336,0.0658004879951477,0.976273775100708,0.9999916553497314,1164,299,0.16713233292102814,0.9368083477020264,0.9999984502792358,682,1355,0.023072250187397003,0.9602838158607483,0.9999728202819824,1117,312,0.16288699209690094,0.927207350730896,0.999998927116394,665,1298,0.04839533939957619,0.9495061635971069,0.9999837875366211,1134,341,0.1846521943807602,0.8889321088790894,0.9999996423721313,696,1283,0.06694303452968597,0.9304875135421753,0.9999939203262329,1676,819,-0.040941186249256134,0.9999090433120728,0.9999961853027344,1608,1138,0.040255703032016754,0.999924898147583,0.9999964237213135,1874,899,-0.5103132128715515,0.9651144742965698,0.9999816417694092,1761,1689,-0.33500754833221436,0.6950850486755371,0.999915361404419,2469,1348,-0.6548315286636353,0.7194340825080872,0.9997122883796692,2431,1475,-0.361798495054245,0.1248975321650505,0.9996111989021301,2584,1380,-0.6733890771865845,0.9195042848587036,0.9986448884010315,2501,1360,-0.3676571547985077,0.5244752168655396,0.9994192123413086,2547,1635,-0.8757392764091492,0.9017879962921143,0.9929554462432861,2588,1599,-0.5304259657859802,0.43310418725013733,0.9936506152153015,1029,816,699,1318,None,None,None,None,2533,1454,34.63,34.63,nan,nan,32.03
True,/data/uabcvmsc/shared/newborn/30/27.08.24 (2)/HM20240827124752.jpeg,36.0,27.4,692,659,0.15677884221076965,0.9999995231628418,0.9999998807907104,675,643,0.19533143937587738,0.9999991655349731,0.9999996423721313,705,611,0.195121169090271,0.9999991655349731,0.9999995231628418,707,604,0.19513434171676636,0.9999992847442627,0.9999994039535522,664,691,0.1848091185092926,0.9999996423721313,0.9999995231628418,662,700,0.18449468910694122,0.9999997615814209,0.9999995231628418,655,738,0.1843169778585434,0.9999996423721313,0.9999994039535522,746,598,0.35228365659713745,0.9999996423721313,0.9999997615814209,691,781,0.3012567162513733,0.9999995231628418,0.9999994039535522,750,671,0.2150925248861313,0.9999996423721313,0.9999997615814209,728,718,0.19788886606693268,0.9999996423721313,0.9999996423721313,1076,546,0.35306861996650696,0.9999972581863403,0.9999986886978149,909,1074,0.3520756959915161,0.9999912977218628,0.9999946355819702,1436,431,0.41973698139190674,0.9905934929847717,0.9999395608901978,1038,1384,0.15253639221191406,0.9903808236122131,0.9998626708984375,1205,361,0.42777323722839355,0.9987072944641113,0.9999997615814209,851,1275,-0.11923618614673615,0.9970815777778625,0.9999948740005493,1126,337,0.42987415194511414,0.997808039188385,0.9999994039535522,784,1286,-0.16707037389278412,0.9963476061820984,0.9999874830245972,1087,345,0.4118100702762604,0.9975332021713257,0.9999995231628418,785,1210,-0.14461228251457214,0.9953176975250244,0.9999912977218628,1113,371,0.42302605509757996,0.9966387748718262,0.9999997615814209,824,1192,-0.1182284951210022,0.9939137101173401,0.9999963045120239,1686,734,-0.04615010321140289,0.9999605417251587,0.999993085861206,1613,1125,0.045678578317165375,0.9999552965164185,0.9999935626983643,1946,733,-0.4770648181438446,0.9997510313987732,0.9999740123748779,1764,1719,-0.22823093831539154,0.9932186007499695,0.9998875856399536,2492,1291,-0.6012915372848511,0.9966333508491516,0.9997766613960266,2343,1385,-0.19520264863967896,0.9347273707389832,0.9997615218162537,2552,1323,-0.6181281208992004,0.996895432472229,0.9991104006767273,2483,1262,-0.19435173273086548,0.9778968095779419,0.9996970891952515,2527,1654,-0.8047980666160583,0.9983733892440796,0.9937753677368164,2567,1531,-0.32897353172302246,0.979284405708313,0.9969276785850525,992,810,811,1241,None,None,2464,1393,2524,1423,34.28,34.28,nan,30.84,30.84
