Process,Image Path,Max Temp,Min Temp,X_0,Y_0,Z_0,Vis_0,Pres_0,X_1,Y_1,Z_1,Vis_1,Pres_1,X_2,Y_2,Z_2,Vis_2,Pres_2,X_3,Y_3,Z_3,Vis_3,Pres_3,X_4,Y_4,Z_4,Vis_4,Pres_4,X_5,Y_5,Z_5,Vis_5,Pres_5,X_6,Y_6,Z_6,Vis_6,Pres_6,X_7,Y_7,Z_7,Vis_7,Pres_7,X_8,Y_8,Z_8,Vis_8,Pres_8,X_9,Y_9,Z_9,Vis_9,Pres_9,X_10,Y_10,Z_10,Vis_10,Pres_10,X_11,Y_11,Z_11,Vis_11,Pres_11,X_12,Y_12,Z_12,Vis_12,Pres_12,X_13,Y_13,Z_13,Vis_13,Pres_13,X_14,Y_14,Z_14,Vis_14,Pres_14,X_15,Y_15,Z_15,Vis_15,Pres_15,X_16,Y_16,Z_16,Vis_16,Pres_16,X_17,Y_17,Z_17,Vis_17,Pres_17,X_18,Y_18,Z_18,Vis_18,Pres_18,X_19,Y_19,Z_19,Vis_19,Pres_19,X_20,Y_20,Z_20,Vis_20,Pres_20,X_21,Y_21,Z_21,Vis_21,Pres_21,X_22,Y_22,Z_22,Vis_22,Pres_22,X_23,Y_23,Z_23,Vis_23,Pres_23,X_24,Y_24,Z_24,Vis_24,Pres_24,X_25,Y_25,Z_25,Vis_25,Pres_25,X_26,Y_26,Z_26,Vis_26,Pres_26,X_27,Y_27,Z_27,Vis_27,Pres_27,X_28,Y_28,Z_28,Vis_28,Pres_28,X_29,Y_29,Z_29,Vis_29,Pres_29,X_30,Y_30,Z_30,Vis_30,Pres_30,X_31,Y_31,Z_31,Vis_31,Pres_31,X_32,Y_32,Z_32,Vis_32,Pres_32,torso_x,torso_y,left_hand_x,left_hand_y,right_hand_x,right_hand_y,left_foot_x,left_foot_y,right_foot_x,right_foot_y,torso_temp,left_hand_temp,right_hand_temp,left_foot_temp,right_foot_temp
False,/data/uabcvmsc/shared/newborn/30/24.08.24-25.08.24/HM20240824184505.jpeg,37.2,28.3
False,/data/uabcvmsc/shared/newborn/30/24.08.24-25.08.24/HM20240824184607.jpeg,37.2,28.6
False,/data/uabcvmsc/shared/newborn/30/24.08.24-25.08.24/HM20240824184708.jpeg,37.2,28.5
False,/data/uabcvmsc/shared/newborn/30/24.08.24-25.08.24/HM20240824184809.jpeg,37.1,28.1
False,/data/uabcvmsc/shared/newborn/30/24.08.24-25.08.24/HM20240824184910.jpeg,36.8,28.3
False,/data/uabcvmsc/shared/newborn/30/24.08.24-25.08.24/HM20240824185011.jpeg,36.9,28.4
False,/data/uabcvmsc/shared/newborn/30/24.08.24-25.08.24/HM20240824185112.jpeg,37.0,28.4
False,/data/uabcvmsc/shared/newborn/30/24.08.24-25.08.24/HM20240824185213.jpeg,36.9,28.2
False,/data/uabcvmsc/shared/newborn/30/24.08.24-25.08.24/HM20240824185315.jpeg,37.1,28.3
False,/data/uabcvmsc/shared/newborn/30/24.08.24-25.08.24/HM20240824185416.jpeg,37.1,28.4
False,/data/uabcvmsc/shared/newborn/30/24.08.24-25.08.24/HM20240824185517.jpeg,36.9,28.5
False,/data/uabcvmsc/shared/newborn/30/24.08.24-25.08.24/HM20240824185618.jpeg,36.6,28.4
False,/data/uabcvmsc/shared/newborn/30/24.08.24-25.08.24/HM20240824185719.jpeg,36.8,28.2
False,/data/uabcvmsc/shared/newborn/30/24.08.24-25.08.24/HM20240824185820.jpeg,37.3,28.4
False,/data/uabcvmsc/shared/newborn/30/24.08.24-25.08.24/HM20240824185921.jpeg,37.0,28.3
False,/data/uabcvmsc/shared/newborn/30/24.08.24-25.08.24/HM20240824190023.jpeg,36.7,28.4
True,/data/uabcvmsc/shared/newborn/30/24.08.24-25.08.24/HM20240824190124.jpeg,36.8,28.2,3121,286,0.25265637040138245,0.9999867677688599,0.9999997615814209,3150,306,0.29986628890037537,0.9999855756759644,0.9999997615814209,3155,330,0.29956117272377014,0.999981164932251,0.9999997615814209,3161,372,0.299560010433197,0.9999901056289673,0.9999997615814209,3131,244,0.28181707859039307,0.9999905824661255,0.9999995231628418,3118,217,0.2814340889453888,0.9999877214431763,0.9999992847442627,3108,200,0.28146734833717346,0.9999872446060181,0.9999984502792358,3142,415,0.45754048228263855,0.999994158744812,0.9999998807907104,3059,161,0.3806264400482178,0.9999402761459351,0.9999971389770508,3081,340,0.30778875946998596,0.9999573230743408,0.9999992847442627,3058,279,0.2829768657684326,0.9999346733093262,0.9999967813491821,2914,637,0.4899691939353943,0.9999902248382568,0.9999978542327881,2779,116,0.2478477954864502,0.9998754262924194,0.999850869178772,2801,976,0.3006954789161682,0.2579887807369232,0.9997146725654602,2444,177,-0.0699288472533226,0.2968291640281677,0.9724198579788208,2944,1228,-0.026885908097028732,0.393367737531662,0.9993688464164734,2744,396,-0.32662689685821533,0.1458635777235031,0.9881362915039062,3041,1343,-0.07333005964756012,0.569754421710968,0.9982649683952332,2806,461,-0.386658251285553,0.21365705132484436,0.989287257194519,3078,1287,-0.08004630357027054,0.5812605619430542,0.9987807869911194,2880,454,-0.36471793055534363,0.20211592316627502,0.9921188354492188,3065,1231,-0.03937021270394325,0.5554815530776978,0.9992873072624207,2860,436,-0.32609593868255615,0.16645419597625732,0.9946225881576538,2208,704,0.09635047614574432,0.9999672174453735,0.9999963045120239,2226,371,-0.09714139252901077,0.9999227523803711,0.9999810457229614,2127,1524,-0.2545207142829895,0.9797376990318298,0.9999663829803467,2239,698,-0.5729038119316101,0.9911079406738281,0.9999822378158569,1583,1224,-0.3265705108642578,0.9648807644844055,0.9999374151229858,1670,468,-0.7494405508041382,0.9787899851799011,0.9992107152938843,1568,1012,-0.33974161744117737,0.9871736764907837,0.9998083710670471,1519,444,-0.7661265730857849,0.9792534112930298,0.9983198046684265,1384,1397,-0.4891498386859894,0.9592525362968445,0.9985044002532959,1533,491,-0.9045934081077576,0.9786908626556396,0.978084146976471,2846,376,None,None,None,None,None,None,1512,1211,nan,nan,nan,nan,32.48
False,/data/uabcvmsc/shared/newborn/30/24.08.24-25.08.24/HM20240824190225.jpeg,37.7,28.9
False,/data/uabcvmsc/shared/newborn/30/24.08.24-25.08.24/HM20240824190326.jpeg,37.6,28.4
True,/data/uabcvmsc/shared/newborn/30/24.08.24-25.08.24/HM20240824190427.jpeg,37.4,29.1,3168,199,0.296619713306427,0.9981256127357483,0.99979168176651,3181,216,0.34053075313568115,0.9971816539764404,0.9996922016143799,3188,238,0.3402188718318939,0.9968922734260559,0.9997037053108215,3197,256,0.3403225243091583,0.9976512789726257,0.9996070265769958,3152,157,0.3445316553115845,0.9985093474388123,0.9995627999305725,3132,154,0.3441658914089203,0.998469889163971,0.9995681643486023,3123,149,0.3440258204936981,0.9986000657081604,0.999411940574646,3160,338,0.47120243310928345,0.9987671375274658,0.9997269511222839,3085,167,0.4903508126735687,0.9973474740982056,0.999305248260498,3146,257,0.339089572429657,0.9987591505050659,0.9997360110282898,3115,188,0.3408191204071045,0.9985333681106567,0.9993984699249268,2980,668,0.4167502820491791,0.9994819760322571,0.9989226460456848,2753,65,0.4473477602005005,0.998746395111084,0.9965788722038269,2832,1057,0.15248487889766693,0.2984820008277893,0.8306176066398621,2328,14,0.26125624775886536,0.024691293016076088,0.6988056302070618,3129,956,-0.17706072330474854,0.513149619102478,0.9832760095596313,2001,-13,0.0288886409252882,0.03161383047699928,0.7297229766845703,3168,957,-0.23129494488239288,0.6565532088279724,0.9816944003105164,1911,-55,-0.008441845886409283,0.058490294963121414,0.7453094124794006,3275,924,-0.2252594530582428,0.6694673299789429,0.988495945930481,1915,-20,-0.03344877064228058,0.06126254051923752,0.7984971404075623,3220,925,-0.18143798410892487,0.5896092057228088,0.9916670918464661,1947,14,0.010518575087189674,0.06340369582176208,0.8632405996322632,2185,811,0.013509352691471577,0.9809585213661194,0.9835737943649292,2106,418,-0.014458688907325268,0.9709756374359131,0.9753518104553223,2461,1373,-0.2867062985897064,0.8066108822822571,0.9927465319633484,2173,156,-0.44649621844291687,0.8137719631195068,0.994019627571106,2117,1486,-0.44898584485054016,0.7812607884407043,0.9792262315750122,1849,376,-0.6271727085113525,0.6757659912109375,0.9560922384262085,1954,1471,-0.4762561619281769,0.8785735368728638,0.9334607720375061,1722,482,-0.6487289071083069,0.8677098155021667,0.9188865423202515,2215,1588,-0.7107875347137451,0.7448208928108215,0.8890212178230286,1837,261,-0.8345826268196106,0.7017552256584167,0.8105069398880005,2866,366,None,None,None,None,None,None,2095,1515,nan,nan,nan,nan,32.42
False,/data/uabcvmsc/shared/newborn/30/24.08.24-25.08.24/HM20240824190528.jpeg,37.6,28.5
False,/data/uabcvmsc/shared/newborn/30/24.08.24-25.08.24/HM20240824190629.jpeg,36.9,28.4
False,/data/uabcvmsc/shared/newborn/30/24.08.24-25.08.24/HM20240824190730.jpeg,38.2,28.5
False,/data/uabcvmsc/shared/newborn/30/24.08.24-25.08.24/HM20240824190831.jpeg,37.9,28.8
False,/data/uabcvmsc/shared/newborn/30/24.08.24-25.08.24/HM20240824190933.jpeg,38.0,28.8
False,/data/uabcvmsc/shared/newborn/30/24.08.24-25.08.24/HM20240824191034.jpeg,38.1,29.0
False,/data/uabcvmsc/shared/newborn/30/24.08.24-25.08.24/HM20240824191135.jpeg,38.1,28.7
False,/data/uabcvmsc/shared/newborn/30/24.08.24-25.08.24/HM20240824191237.jpeg,38.1,28.5
False,/data/uabcvmsc/shared/newborn/30/24.08.24-25.08.24/HM20240824191338.jpeg,37.7,28.6
False,/data/uabcvmsc/shared/newborn/30/24.08.24-25.08.24/HM20240824191440.jpeg,38.0,28.6
False,/data/uabcvmsc/shared/newborn/30/24.08.24-25.08.24/HM20240824191542.jpeg,37.7,28.6
False,/data/uabcvmsc/shared/newborn/30/24.08.24-25.08.24/HM20240824191644.jpeg,38.0,28.6
False,/data/uabcvmsc/shared/newborn/30/24.08.24-25.08.24/HM20240824191746.jpeg,37.8,28.6
False,/data/uabcvmsc/shared/newborn/30/24.08.24-25.08.24/HM20240824191847.jpeg,38.1,28.3
False,/data/uabcvmsc/shared/newborn/30/24.08.24-25.08.24/HM20240824191948.jpeg,37.9,28.5
False,/data/uabcvmsc/shared/newborn/30/24.08.24-25.08.24/HM20240824192050.jpeg,38.7,28.6
False,/data/uabcvmsc/shared/newborn/30/24.08.24-25.08.24/HM20240824192152.jpeg,38.1,28.6
True,/data/uabcvmsc/shared/newborn/30/24.08.24-25.08.24/HM20240824192253.jpeg,38.1,28.6,2833,1013,-0.023213256150484085,0.8759892582893372,0.8761492967605591,2882,1024,0.0016451332485303283,0.8053525686264038,0.8360055088996887,2883,1040,0.0011491902405396104,0.793035089969635,0.8613029718399048,2882,1058,0.0011117218527942896,0.8617398142814636,0.8433966040611267,2881,970,-0.004737217910587788,0.8301773071289062,0.776665985584259,2880,947,-0.0050952862948179245,0.7980806231498718,0.7797805666923523,2880,924,-0.005350285209715366,0.8446347117424011,0.742496907711029,2848,1055,0.09251974523067474,0.9273549318313599,0.9195865392684937,2847,857,0.06486335396766663,0.813616931438446,0.7656365633010864,2766,1028,0.012018459849059582,0.8891465067863464,0.930054783821106,2764,963,-1.5131220607145224e-05,0.8580905199050903,0.8334497809410095,2587,1207,0.03285827860236168,0.9968235492706299,0.9779257774353027,2621,607,0.10952571779489517,0.9879893064498901,0.9141927361488342,2286,1431,-0.14969153702259064,0.032286886125802994,0.45180124044418335,2474,370,0.08418530225753784,0.020938947796821594,0.6356227993965149,2567,1413,-0.3140534460544586,0.02710316702723503,0.9237211346626282,2695,196,0.08311127126216888,0.04445025324821472,0.8665008544921875,2718,1442,-0.34369921684265137,0.04491640254855156,0.8912046551704407,2746,134,0.07189660519361496,0.06970543414354324,0.7731627821922302,2696,1389,-0.3394540250301361,0.042594052851200104,0.9178898334503174,2782,164,0.06166556105017662,0.07080576568841934,0.837364912033081,2671,1367,-0.31570881605148315,0.039180491119623184,0.9475612640380859,2761,206,0.07334641367197037,0.07451675087213516,0.9109187722206116,2018,1067,-0.028987279161810875,0.9794507622718811,0.9779924750328064,2012,685,0.028340807184576988,0.9800800681114197,0.9712659120559692,2090,1653,-0.03665831685066223,0.03319650888442993,0.9617025256156921,1977,144,-0.16985048353672028,0.06093394011259079,0.9664026498794556,1662,1776,0.07510799914598465,0.05730021744966507,0.7922627329826355,1389,378,-0.16634145379066467,0.08761686831712723,0.7618632316589355,1538,1734,0.0822574645280838,0.10150439292192459,0.6148674488067627,1254,532,-0.1666029393672943,0.17376239597797394,0.6826174259185791,1597,1975,0.015111668035387993,0.027385370805859566,0.36445194482803345,1238,89,-0.2454473227262497,0.03435269370675087,0.22570087015628815,None,None,None,None,None,None,None,None,None,None,nan,nan,nan,nan,nan
False,/data/uabcvmsc/shared/newborn/30/24.08.24-25.08.24/HM20240824192355.jpeg,37.4,28.6
False,/data/uabcvmsc/shared/newborn/30/24.08.24-25.08.24/HM20240824192456.jpeg,37.8,28.2
False,/data/uabcvmsc/shared/newborn/30/24.08.24-25.08.24/HM20240824192557.jpeg,37.6,28.0
False,/data/uabcvmsc/shared/newborn/30/24.08.24-25.08.24/HM20240824192658.jpeg,37.6,28.1
False,/data/uabcvmsc/shared/newborn/30/24.08.24-25.08.24/HM20240824192759.jpeg,37.7,28.5
False,/data/uabcvmsc/shared/newborn/30/24.08.24-25.08.24/HM20240824192901.jpeg,37.7,28.4
False,/data/uabcvmsc/shared/newborn/30/24.08.24-25.08.24/HM20240824193002.jpeg,37.6,28.3
False,/data/uabcvmsc/shared/newborn/30/24.08.24-25.08.24/HM20240824193103.jpeg,37.7,28.2
False,/data/uabcvmsc/shared/newborn/30/24.08.24-25.08.24/HM20240824193205.jpeg,38.0,28.4
False,/data/uabcvmsc/shared/newborn/30/24.08.24-25.08.24/HM20240824193306.jpeg,37.7,28.2
False,/data/uabcvmsc/shared/newborn/30/24.08.24-25.08.24/HM20240824193407.jpeg,38.1,28.2
False,/data/uabcvmsc/shared/newborn/30/24.08.24-25.08.24/HM20240824193508.jpeg,38.0,28.4
False,/data/uabcvmsc/shared/newborn/30/24.08.24-25.08.24/HM20240824193609.jpeg,38.3,28.6
True,/data/uabcvmsc/shared/newborn/30/24.08.24-25.08.24/HM20240824193710.jpeg,38.0,28.5,2893,204,0.3784310817718506,0.9999706745147705,0.9999988079071045,2924,186,0.439706414937973,0.9999774694442749,0.9999988079071045,2973,220,0.43912145495414734,0.999972939491272,0.9999988079071045,2994,240,0.4393141567707062,0.9999849796295166,0.9999986886978149,2818,124,0.43599358201026917,0.9999794960021973,0.9999977350234985,2766,108,0.4354230761528015,0.9999736547470093,0.9999974966049194,2768,116,0.4354592561721802,0.9999756813049316,0.9999961853027344,2994,321,0.6212314367294312,0.9999889135360718,0.9999990463256836,2730,157,0.6133708357810974,0.9999465942382812,0.9999954700469971,2870,320,0.43790262937545776,0.9999561309814453,0.9999967813491821,2710,217,0.4308660626411438,0.9999217987060547,0.9999898672103882,2941,756,0.5346680879592896,0.9999376535415649,0.9999790191650391,2408,269,0.5513894557952881,0.9997820258140564,0.9998981952667236,2773,1029,0.29554739594459534,0.08346232771873474,0.9985988736152649,2264,293,0.4726020097732544,0.2021767497062683,0.9982243180274963,2777,1288,-0.09603627771139145,0.21975520253181458,0.9997618794441223,2526,205,0.5017739534378052,0.2588614225387573,0.9995542168617249,2776,1386,-0.1625964492559433,0.4010094702243805,0.9995077848434448,2585,181,0.48872053623199463,0.35233527421951294,0.9992813467979431,2830,1332,-0.17787638306617737,0.38716059923171997,0.9995978474617004,2620,155,0.49482792615890503,0.3241165280342102,0.9994680285453796,2784,1293,-0.11147044599056244,0.3299044370651245,0.9997673630714417,2607,173,0.5016465783119202,0.29433774948120117,0.9997155070304871,2404,1397,-0.008201968856155872,0.9999738931655884,0.9999957084655762,2008,1056,0.006956628058105707,0.9999706745147705,0.9999929666519165,2959,2096,-0.3658531904220581,0.9831064939498901,0.9999219179153442,1662,753,-0.38261258602142334,0.9818766117095947,0.999984622001648,2178,1811,-0.2912747263908386,0.824581503868103,0.9999154806137085,960,1535,-0.6313166618347168,0.9799336194992065,0.9994163513183594,1918,1755,-0.2859461307525635,0.8870412707328796,0.9996987581253052,927,1778,-0.6560115814208984,0.9782162308692932,0.9983658194541931,2080,2074,-0.38866379857063293,0.7602314949035645,0.9970998764038086,464,1470,-0.7895095348358154,0.9632273316383362,0.9593327641487122,2674,512,None,None,None,None,None,None,2059,1880,38.00,nan,nan,nan,33.23
False,/data/uabcvmsc/shared/newborn/30/24.08.24-25.08.24/HM20240824193811.jpeg,38.0,28.5
False,/data/uabcvmsc/shared/newborn/30/24.08.24-25.08.24/HM20240824193912.jpeg,38.1,28.6
False,/data/uabcvmsc/shared/newborn/30/24.08.24-25.08.24/HM20240824194013.jpeg,37.9,28.2
False,/data/uabcvmsc/shared/newborn/30/24.08.24-25.08.24/HM20240824194114.jpeg,38.1,28.5
False,/data/uabcvmsc/shared/newborn/30/24.08.24-25.08.24/HM20240824194215.jpeg,37.9,28.6
False,/data/uabcvmsc/shared/newborn/30/24.08.24-25.08.24/HM20240824194316.jpeg,38.3,28.5
True,/data/uabcvmsc/shared/newborn/30/24.08.24-25.08.24/HM20240824194417.jpeg,38.5,28.5,3048,137,0.19459371268749237,0.9931100606918335,0.9936246871948242,3081,102,0.1858898401260376,0.9919953346252441,0.9949758052825928,3078,100,0.18534591794013977,0.9927321076393127,0.9953972697257996,3075,103,0.18544422090053558,0.9924301505088806,0.9944728016853333,3081,107,0.19082969427108765,0.9951925277709961,0.9951984286308289,3079,112,0.1899961531162262,0.9966917037963867,0.9963775277137756,3077,115,0.18961217999458313,0.997432291507721,0.9963626265525818,3010,120,0.19261622428894043,0.9971956014633179,0.9954447746276855,3025,134,0.21449783444404602,0.9978036284446716,0.9967150688171387,2985,160,0.21142272651195526,0.9822868704795837,0.9913220405578613,2982,164,0.21174921095371246,0.9854015111923218,0.9888309836387634,2594,267,0.09511728584766388,0.9986825585365295,0.99754399061203,2920,360,0.34700655937194824,0.9958113431930542,0.996260404586792,2286,492,0.11529599875211716,0.38804057240486145,0.922518253326416,2594,679,0.42938926815986633,0.023757927119731903,0.947271466255188,2310,378,0.21951039135456085,0.2235083431005478,0.9694299101829529,2622,446,0.5384014248847961,0.05644001439213753,0.9885649085044861,2311,296,0.21207769215106964,0.37042081356048584,0.9748873114585876,2660,401,0.5484269857406616,0.12801843881607056,0.9896984696388245,2362,274,0.20871643722057343,0.36811500787734985,0.9711518883705139,2673,358,0.5371361374855042,0.13353011012077332,0.9888564944267273,2371,314,0.223384827375412,0.353705495595932,0.9742028117179871,2643,369,0.5331101417541504,0.1378980427980423,0.9912412166595459,2114,1401,-0.12078045308589935,0.9953635931015015,0.9924069046974182,2424,1552,0.11985132843255997,0.9959911704063416,0.9947065711021423,1483,822,0.10142727941274643,0.9422277212142944,0.9962067604064941,2630,1736,0.1885811984539032,0.4134849011898041,0.9984580278396606,1068,1835,-0.211378812789917,0.9696857333183289,0.9889285564422607,2097,2244,-0.07369545847177505,0.7274954915046692,0.9803035259246826,1155,2052,-0.2407107651233673,0.9811341762542725,0.9677668809890747,2054,2659,-0.09497077763080597,0.8928421139717102,0.9663700461387634,584,1644,-0.2770213484764099,0.9696608781814575,0.9483416080474854,1885,2566,-0.11590277403593063,0.8034072518348694,0.936022162437439,2757,314,None,None,None,None,2012,2490,936,1844,nan,nan,nan,nan,33.48
False,/data/uabcvmsc/shared/newborn/30/24.08.24-25.08.24/HM20240824194519.jpeg,38.0,28.6
False,/data/uabcvmsc/shared/newborn/30/24.08.24-25.08.24/HM20240824194621.jpeg,38.1,28.5
False,/data/uabcvmsc/shared/newborn/30/24.08.24-25.08.24/HM20240824194723.jpeg,37.9,28.1
False,/data/uabcvmsc/shared/newborn/30/24.08.24-25.08.24/HM20240824194825.jpeg,38.1,28.5,1272,1445,-0.576228678226471,0.9728944301605225,0.9727811217308044,1168,1394,-0.5891286134719849,0.962774395942688,0.9726132154464722,1162,1367,-0.5898129343986511,0.9582330584526062,0.9781290888786316,1159,1340,-0.589788019657135,0.9706771969795227,0.9716349244117737,1170,1447,-0.5617886185646057,0.9662048816680908,0.955078125,1167,1461,-0.5623853206634521,0.9682656526565552,0.9554187059402466,1164,1476,-0.5627703070640564,0.9765397310256958,0.9441792964935303,1150,1240,-0.5584831833839417,0.9905529022216797,0.9743806719779968,1154,1438,-0.43709492683410645,0.9609853029251099,0.9423384070396423,1336,1373,-0.5513355731964111,0.9551464319229126,0.9720289707183838,1338,1438,-0.5215505957603455,0.9515756964683533,0.9342716336250305,1388,893,-0.5410729050636292,0.9980334639549255,0.9969511032104492,1521,1526,-0.2729579508304596,0.9868061542510986,0.9766674041748047,1738,534,-0.7894397377967834,0.8963997960090637,0.8755087852478027,2011,1697,-0.32790499925613403,0.021860942244529724,0.6442980170249939,1519,1387,-0.8766168355941772,0.6848662495613098,0.9941654205322266,1975,2053,-0.4499111473560333,0.03634350001811981,0.7650659084320068,1413,1572,-0.9052525758743286,0.46864160895347595,0.9912592768669128,1939,2170,-0.47012439370155334,0.042392656207084656,0.7248270511627197,1365,1609,-0.8520692586898804,0.4218316376209259,0.9934091567993164,1912,2176,-0.477588951587677,0.04665626585483551,0.7499035000801086,1469,1512,-0.8506382703781128,0.3211444616317749,0.9956041574478149,1922,2109,-0.45962315797805786,0.0503772608935833,0.8250554800033569,2312,793,-0.034246280789375305,0.960975170135498,0.9462880492210388,2339,1174,0.03389160707592964,0.9291184544563293,0.935390293598175,2655,203,0.2571781873703003,0.045074377208948135,0.733152449131012,2379,1186,-0.13467343151569366,0.021252106875181198,0.9363885521888733,2862,101,0.5651379823684692,0.02596092037856579,0.6852645874023438,2168,1377,-0.18307457864284515,0.02700173854827881,0.902277946472168,2918,89,0.5885198712348938,0.03793139383196831,0.5255910158157349,2225,1376,-0.18756935000419617,0.05983781814575195,0.8828635811805725,2955,101,0.49511104822158813,0.024464121088385582,0.6800034046173096,1990,1491,-0.2806740403175354,0.04471854865550995,0.8378846049308777
True,/data/uabcvmsc/shared/newborn/30/24.08.24-25.08.24/HM20240824194926.jpeg,37.9,28.4,2830,119,0.037537023425102234,0.999998927116394,0.9999998807907104,2891,73,0.07933030277490616,0.9999988079071045,0.9999997615814209,2918,86,0.07884008437395096,0.9999984502792358,0.9999997615814209,2945,100,0.07895759493112564,0.999998927116394,0.9999997615814209,2811,33,0.06680458039045334,0.9999992847442627,0.9999997615814209,2779,18,0.06623223423957825,0.9999992847442627,0.9999996423721313,2747,2,0.06597264111042023,0.9999992847442627,0.9999995231628418,2939,148,0.24989961087703705,0.9999995231628418,0.9999997615814209,2666,16,0.19339148700237274,0.9999988079071045,0.9999995231628418,2832,218,0.10215260088443756,0.9999964237213135,0.9999992847442627,2730,167,0.08300621062517166,0.9999954700469971,0.9999985694885254,2887,566,0.2535948157310486,0.9999932050704956,0.999998927116394,2393,233,0.22365282475948334,0.9999583959579468,0.9999954700469971,2807,1089,0.3207373023033142,0.8867049813270569,0.9999463558197021,2124,601,0.06586723774671555,0.619474470615387,0.9997584223747253,2658,1477,0.3242453634738922,0.821816623210907,0.999915599822998,2357,400,-0.06688673049211502,0.8022249341011047,0.9999721050262451,2641,1616,0.3198237121105194,0.7825706601142883,0.9996201992034912,2421,380,-0.09516030550003052,0.8179482221603394,0.9999517202377319,2601,1560,0.2951914966106415,0.7781661748886108,0.9995834231376648,2443,300,-0.07060545682907104,0.7922741174697876,0.9999594688415527,2587,1499,0.31587257981300354,0.7930110692977905,0.9998053908348083,2433,322,-0.05887840688228607,0.7742206454277039,0.9999790191650391,2461,1308,-0.008693411014974117,0.9999961853027344,0.9999992847442627,2177,981,0.00798224750906229,0.9999939203262329,0.9999990463256836,2547,2137,-0.1226780042052269,0.9993416666984558,0.9998489618301392,1828,321,-0.15421701967716217,0.9971445202827454,0.999992847442627,1927,1895,0.09936536848545074,0.983269214630127,0.9994070529937744,1643,1118,-0.27648672461509705,0.9908384680747986,0.9998466968536377,1851,1835,0.12687695026397705,0.972022533416748,0.9984379410743713,1662,1318,-0.282565712928772,0.982546865940094,0.9996418952941895,1660,2017,0.11572006344795227,0.9632999897003174,0.9916270971298218,1367,1219,-0.3189268708229065,0.987739622592926,0.9876614809036255,2640,400,2414,350,None,None,1557,1218,1813,1916,nan,nan,nan,33.13,33.13
False,/data/uabcvmsc/shared/newborn/30/24.08.24-25.08.24/HM20240824195027.jpeg,37.7,28.4
False,/data/uabcvmsc/shared/newborn/30/24.08.24-25.08.24/HM20240824195129.jpeg,37.9,28.4
False,/data/uabcvmsc/shared/newborn/30/24.08.24-25.08.24/HM20240824195230.jpeg,38.1,28.4,2893,265,0.20395444333553314,0.9992021918296814,0.9998984336853027,2909,183,0.21724234521389008,0.9993044137954712,0.9999027252197266,2906,186,0.21670055389404297,0.9991914629936218,0.999907374382019,2901,187,0.2168666422367096,0.9994280934333801,0.9998800754547119,2905,187,0.19940488040447235,0.9995359182357788,0.999871015548706,2898,192,0.19867680966854095,0.99960857629776,0.99988853931427,2895,157,0.19845306873321533,0.9996873140335083,0.9998661279678345,2886,203,0.30788540840148926,0.9996603727340698,0.9999105930328369,2804,158,0.22685332596302032,0.9994982481002808,0.9998751878738403,2847,323,0.24934694170951843,0.9988247752189636,0.9997925162315369,2826,293,0.22158099710941315,0.9988988637924194,0.9996812343597412,2714,466,0.30368736386299133,0.999850869178772,0.9999282360076904,2569,396,0.2066010981798172,0.9997202754020691,0.999896764755249,2553,1008,0.2619119882583618,0.059968095272779465,0.9977039694786072,2421,1003,0.1401025354862213,0.0798548236489296,0.9958354234695435,2508,1282,0.07121758908033371,0.044433172792196274,0.9982773065567017,2519,1304,0.08624499291181564,0.05375481769442558,0.993819534778595,2497,1367,0.038113560527563095,0.08984766155481339,0.9958015084266663,2504,1353,0.055197279900312424,0.08593355119228363,0.9878647923469543,2513,1316,0.014425255358219147,0.08875972032546997,0.995594322681427,2515,1304,0.05030530318617821,0.08533981442451477,0.9886471629142761,2514,1290,0.05930814519524574,0.07359343022108078,0.9969762563705444,2550,1312,0.0839180201292038,0.07845193892717361,0.9931769371032715,2346,1540,0.030770206823945045,0.9998075366020203,0.9999693632125854,2155,1384,-0.03164633363485336,0.9998323917388916,0.9999699592590332,2594,2236,-0.14944468438625336,0.8977716565132141,0.988559901714325,1715,1199,-0.30037522315979004,0.8362089991569519,0.9970471262931824,1805,2018,0.09236438572406769,0.3478405773639679,0.9891791343688965,1591,1984,-0.21181410551071167,0.5342556834220886,0.9822983741760254,1672,1994,0.12447824329137802,0.4477081894874573,0.979667067527771,1591,2111,-0.19357497990131378,0.5623605251312256,0.976327657699585,1451,2095,0.1103360578417778,0.30632033944129944,0.9655497074127197,1527,2191,-0.22693131864070892,0.4658285081386566,0.8893970251083374
True,/data/uabcvmsc/shared/newborn/30/24.08.24-25.08.24/HM20240824195332.jpeg,37.5,28.4,1471,1332,-0.44683411717414856,0.9768471121788025,0.9952589869499207,1394,1354,-0.4422468841075897,0.9549285173416138,0.9905036091804504,1386,1301,-0.442795068025589,0.9446204900741577,0.9916315674781799,1383,1296,-0.44276824593544006,0.9618901014328003,0.9878909587860107,1404,1404,-0.4314218759536743,0.9618998169898987,0.985372006893158,1406,1406,-0.43190714716911316,0.9616114497184753,0.9855214953422546,1407,1408,-0.43217554688453674,0.968546450138092,0.9799361228942871,1391,1179,-0.3587431013584137,0.9846125841140747,0.9891418218612671,1431,1396,-0.3086663484573364,0.9398185610771179,0.9757733941078186,1519,1310,-0.40697911381721497,0.9474624395370483,0.9926889538764954,1526,1369,-0.3963235914707184,0.919130802154541,0.9807024598121643,1636,913,-0.34473931789398193,0.9992469549179077,0.9990304708480835,1739,1463,-0.20256543159484863,0.9951948523521423,0.9971586465835571,1846,467,-0.629466712474823,0.7492397427558899,0.9784875512123108,2168,1560,-0.35378316044807434,0.02157784253358841,0.9782871603965759,1775,1215,-0.836202085018158,0.3338340222835541,0.9989895224571228,2273,1636,-0.5596178770065308,0.02738405019044876,0.9776743054389954,1846,1376,-0.891974151134491,0.2133098989725113,0.9976816177368164,2316,1669,-0.6122350096702576,0.035284534096717834,0.9541159868240356,1684,1437,-0.8446219563484192,0.1759110540151596,0.9987205862998962,2267,1648,-0.6076032519340515,0.032544493675231934,0.9692743420600891,1770,1356,-0.8182163238525391,0.11932153254747391,0.9991769194602966,2254,1618,-0.565960168838501,0.031283900141716,0.9815835356712341,2472,943,-0.028395352885127068,0.9954969882965088,0.9987390637397766,2461,1287,0.02785971388220787,0.994853675365448,0.9991496801376343,2642,738,0.3051498830318451,0.0068900263868272305,0.9437237977981567,2588,1728,0.06322091817855835,0.02334718592464924,0.9813385009765625,2766,926,0.6821361184120178,0.00200155982747674,0.9241915941238403,2898,1934,0.09170235693454742,0.02371189557015896,0.8822253346443176,2801,959,0.7171652317047119,0.0039862231351435184,0.879287838935852,3003,1876,0.09486018866300583,0.03760134428739548,0.8648138046264648,2855,1003,0.7149608135223389,0.001784576685167849,0.9110720157623291,2960,2204,0.04370323568582535,0.01754078082740307,0.6809739470481873,None,None,None,None,None,None,None,None,None,None,nan,nan,nan,nan,nan
False,/data/uabcvmsc/shared/newborn/30/24.08.24-25.08.24/HM20240824195433.jpeg,38.1,28.5
False,/data/uabcvmsc/shared/newborn/30/24.08.24-25.08.24/HM20240824195536.jpeg,38.0,28.5,1459,1438,-0.694098711013794,0.9748616814613342,0.975609302520752,1374,1395,-0.6929312348365784,0.9731692671775818,0.9669367074966431,1369,1367,-0.693462073802948,0.9527822136878967,0.9684726595878601,1367,1339,-0.6934128403663635,0.9743415117263794,0.9489439129829407,1379,1461,-0.6862642765045166,0.9819953441619873,0.9634232521057129,1379,1483,-0.6868858933448792,0.9785350561141968,0.9668716192245483,1378,1506,-0.6873844861984253,0.989812433719635,0.9578884243965149,1377,1265,-0.5974352359771729,0.9782524704933167,0.9474774599075317,1391,1504,-0.5690062046051025,0.969714343547821,0.9627799987792969,1519,1371,-0.6463421583175659,0.8572490215301514,0.9249502420425415,1525,1455,-0.6413806676864624,0.8827050924301147,0.8884354829788208,1620,1032,-0.487932950258255,0.9835431575775146,0.9828604459762573,1645,1589,-0.4483662247657776,0.9787302613258362,0.9893683791160583,1883,856,-0.5037986040115356,0.02704554796218872,0.6337631344795227,1894,1848,-0.4970986545085907,0.023363158106803894,0.8135101795196533,1757,1262,-0.47499319911003113,0.002480711555108428,0.627562403678894,1740,2045,-0.5887055993080139,0.008189881220459938,0.5390918254852295,1742,1392,-0.4866738021373749,0.00253317691385746,0.5227248668670654,1685,2098,-0.6307761073112488,0.008492141962051392,0.38938456773757935,1651,1411,-0.48060348629951477,0.0024184575304389,0.5831611156463623,1641,2090,-0.6244229078292847,0.008951650932431221,0.44268569350242615,1656,1376,-0.46929556131362915,0.002508845180273056,0.668113648891449,1660,2053,-0.5920578837394714,0.008645604364573956,0.5836180448532104,2266,1085,-0.005310676991939545,0.9710580110549927,0.9933905601501465,2220,1409,0.004791827406734228,0.9726850390434265,0.9971820116043091,2487,888,0.4047480523586273,0.0023616203106939793,0.7460244297981262,2203,1805,0.14732620120048523,0.0038168702740222216,0.9703012108802795,2559,1123,0.8156477212905884,0.0011320566991344094,0.8283951282501221,1929,2031,0.25323423743247986,0.0030844868160784245,0.9568405747413635,2580,1153,0.8577829003334045,0.002732727210968733,0.7457771301269531,1957,2016,0.26990070939064026,0.01013229601085186,0.9609048366546631,2636,1237,0.8427093029022217,0.0009744230774231255,0.8304585814476013,1795,2184,0.24222147464752197,0.0038913649041205645,0.8918920755386353
False,/data/uabcvmsc/shared/newborn/30/24.08.24-25.08.24/HM20240824195638.jpeg,38.0,28.5
False,/data/uabcvmsc/shared/newborn/30/24.08.24-25.08.24/HM20240824195739.jpeg,38.0,28.5
True,/data/uabcvmsc/shared/newborn/30/24.08.24-25.08.24/HM20240824195840.jpeg,38.1,28.5,2784,294,0.20451688766479492,0.9798857569694519,0.9965567588806152,2838,261,0.19504417479038239,0.9780453443527222,0.9973624348640442,2844,267,0.19445864856243134,0.9832240343093872,0.9980630278587341,2851,277,0.19440528750419617,0.9887632131576538,0.9979845285415649,2824,245,0.2140427976846695,0.9756729602813721,0.9936597943305969,2819,243,0.21344366669654846,0.9786376357078552,0.9934905767440796,2814,238,0.21320690214633942,0.9770819544792175,0.9913575649261475,2840,296,0.20355787873268127,0.995385468006134,0.9989761114120483,2791,236,0.29386091232299805,0.9624050259590149,0.9888592958450317,2743,337,0.2188034951686859,0.9820225834846497,0.9973326921463013,2729,319,0.2405359148979187,0.958297848701477,0.9906554818153381,2674,519,0.09119531512260437,0.9998975992202759,0.9999037981033325,2424,335,0.4132240116596222,0.9945927262306213,0.9921253323554993,2736,1187,-0.020479125902056694,0.6674416065216064,0.9979866743087769,2324,866,0.5007474422454834,0.005138896871358156,0.9571675658226013,2754,1546,-0.20114992558956146,0.63006591796875,0.99891197681427,2200,894,0.5596654415130615,0.009389604441821575,0.9787476062774658,2697,1752,-0.25176694989204407,0.6576870679855347,0.9967966675758362,2183,906,0.5787568688392639,0.020681006833910942,0.9681599140167236,2622,1673,-0.2631666362285614,0.654495120048523,0.9969401359558105,2165,849,0.5255383849143982,0.02212722785770893,0.9678614139556885,2618,1623,-0.20684030652046204,0.6009887456893921,0.9982194304466248,2172,849,0.5368384718894958,0.024481303989887238,0.9810521602630615,2270,1559,-0.09354855865240097,0.9914104342460632,0.9917723536491394,2163,1559,0.09272713214159012,0.9841596484184265,0.9725896120071411,2247,1262,-0.20660001039505005,0.7009599208831787,0.9725757837295532,2030,1739,0.008912128396332264,0.18013474345207214,0.8941611647605896,1115,1534,-0.6909926533699036,0.7235584259033203,0.8093814849853516,1511,2592,-0.18370945751667023,0.12829531729221344,0.1826581358909607,969,1670,-0.7433488965034485,0.7617853879928589,0.5653740763664246,1474,2756,-0.2012030929327011,0.23717689514160156,0.13903412222862244,744,1312,-0.8935654163360596,0.6211247444152832,0.41012418270111084,1266,2746,-0.28074541687965393,0.09558233618736267,0.09846559911966324,2549,427,None,None,None,None,None,None,1115,1534,nan,nan,nan,nan,32.34
False,/data/uabcvmsc/shared/newborn/30/24.08.24-25.08.24/HM20240824195942.jpeg,37.8,28.4
False,/data/uabcvmsc/shared/newborn/30/24.08.24-25.08.24/HM20240824200044.jpeg,38.2,28.6
False,/data/uabcvmsc/shared/newborn/30/24.08.24-25.08.24/HM20240824200146.jpeg,38.1,28.5
True,/data/uabcvmsc/shared/newborn/30/24.08.24-25.08.24/HM20240824200248.jpeg,38.2,28.6,990,1082,-0.7918696999549866,0.9652305245399475,0.8872875571250916,923,1148,-0.7790597677230835,0.930211067199707,0.8332415819168091,923,1160,-0.7799496054649353,0.926011860370636,0.8730301260948181,922,1172,-0.7801175713539124,0.953278660774231,0.8501005172729492,928,1176,-0.8104596138000488,0.9544619917869568,0.7815247774124146,934,1208,-0.8110502362251282,0.9552380442619324,0.8116457462310791,939,1244,-0.8115628361701965,0.970592200756073,0.7949966192245483,951,1318,-0.6319614052772522,0.9813264608383179,0.9164457321166992,991,1441,-0.7788890600204468,0.9379345178604126,0.7957423329353333,1116,1110,-0.7209085822105408,0.9768378734588623,0.9648675918579102,1128,1146,-0.7689816951751709,0.9802887439727783,0.937504231929779,1236,1140,-0.5380686521530151,0.9990068078041077,0.9979743361473083,1549,1618,-0.5923262238502502,0.9937531352043152,0.9792397022247314,1637,665,-0.5128615498542786,0.7822526693344116,0.942927360534668,2274,1793,-0.6394609212875366,0.1383805274963379,0.7307475805282593,1433,1493,-0.5465793013572693,0.3736513555049896,0.9938673377037048,2432,1929,-0.7355028986930847,0.08073187619447708,0.7400367259979248,1358,1722,-0.5837212204933167,0.24069003760814667,0.990044355392456,2454,1971,-0.7966155409812927,0.07920296490192413,0.6347771286964417,1269,1723,-0.555724561214447,0.21912188827991486,0.9906629323959351,2386,1986,-0.8091561794281006,0.08822759240865707,0.679561197757721,1290,1660,-0.5309286117553711,0.16919967532157898,0.9935077428817749,2365,1947,-0.7464484572410583,0.07776334881782532,0.7846696376800537,2391,945,0.06774161756038666,0.9902235865592957,0.9916846752166748,2574,1233,-0.06830990314483643,0.9846929311752319,0.9826938509941101,2626,363,0.5293952226638794,0.15856806933879852,0.9562903642654419,2619,668,0.2461698353290558,0.04304289072751999,0.9133473634719849,2875,192,1.1056667566299438,0.06060800701379776,0.794678807258606,2795,369,0.9267066121101379,0.04117933288216591,0.740431010723114,2940,174,1.1620898246765137,0.06859093904495239,0.6814570426940918,2837,326,0.9981862306594849,0.04284994676709175,0.7664999961853027,2968,95,1.0920994281768799,0.050004225224256516,0.5267041921615601,2871,261,0.9421099424362183,0.026094011962413788,0.5057316422462463,1392,1379,None,None,None,None,None,None,None,None,33.38,nan,nan,nan,nan
False,/data/uabcvmsc/shared/newborn/30/24.08.24-25.08.24/HM20240824200350.jpeg,38.2,28.7
False,/data/uabcvmsc/shared/newborn/30/24.08.24-25.08.24/HM20240824200456.jpeg,38.0,28.6
False,/data/uabcvmsc/shared/newborn/30/24.08.24-25.08.24/HM20240824200557.jpeg,38.1,28.3
False,/data/uabcvmsc/shared/newborn/30/24.08.24-25.08.24/HM20240824200658.jpeg,38.0,28.6
False,/data/uabcvmsc/shared/newborn/30/24.08.24-25.08.24/HM20240824200759.jpeg,38.4,28.5
False,/data/uabcvmsc/shared/newborn/30/24.08.24-25.08.24/HM20240824200901.jpeg,38.0,28.5
True,/data/uabcvmsc/shared/newborn/30/24.08.24-25.08.24/HM20240824201003.jpeg,37.9,28.4,1404,1645,-0.7076113224029541,0.9969022274017334,0.9989639520645142,1316,1597,-0.7055112719535828,0.9966578483581543,0.9984000325202942,1306,1551,-0.7061477303504944,0.9955079555511475,0.9986391663551331,1295,1521,-0.7060868144035339,0.9970068335533142,0.9979432225227356,1327,1662,-0.6837797164916992,0.9967828989028931,0.9971791505813599,1328,1684,-0.6843847632408142,0.9959369897842407,0.9970831274986267,1326,1694,-0.6848277449607849,0.9969792366027832,0.9958266615867615,1262,1363,-0.5879741907119751,0.9984114170074463,0.9979569911956787,1316,1675,-0.49114125967025757,0.9927888512611389,0.9949042797088623,1478,1534,-0.6518069505691528,0.9941079616546631,0.9982448816299438,1488,1624,-0.6278532147407532,0.9914219975471497,0.9944215416908264,1497,1046,-0.4982210695743561,0.9993939399719238,0.9994601607322693,1658,1639,-0.3514421284198761,0.9974365830421448,0.9977572560310364,1919,667,-0.7565724849700928,0.929003894329071,0.9411808252334595,2211,1777,-0.4708535373210907,0.03664923459291458,0.932838499546051,1671,1396,-0.9798399209976196,0.7231782674789429,0.9991791844367981,2482,2026,-0.6884969472885132,0.018563132733106613,0.7468680739402771,1608,1608,-1.0398340225219727,0.5742441415786743,0.9985259175300598,2535,2112,-0.7439552545547485,0.02095353603363037,0.5923227071762085,1545,1600,-1.0012431144714355,0.535020112991333,0.9990867376327515,2525,2111,-0.7523047924041748,0.02155357412993908,0.6253984570503235,1576,1574,-0.9647670388221741,0.4161553382873535,0.9993977546691895,2504,2047,-0.7010943293571472,0.02517995424568653,0.7602859139442444,2408,914,-0.014949088916182518,0.9978433847427368,0.9994582533836365,2462,1259,0.014242668636143208,0.9975587129592896,0.9994538426399231,2797,498,0.2957265079021454,0.086204893887043,0.9707685112953186,2659,1298,0.2640042304992676,0.03768061101436615,0.969021737575531,2673,452,0.7877946496009827,0.018219009041786194,0.9621053338050842,2653,1022,0.6691706776618958,0.019017573446035385,0.9576696753501892,2655,434,0.8384094834327698,0.03836901858448982,0.9349777102470398,2658,954,0.7137788534164429,0.03688843548297882,0.9594864845275879,2795,459,0.7974217534065247,0.024775821715593338,0.8824110627174377,2776,995,0.6802403926849365,0.021990973502397537,0.8785063028335571,None,None,None,None,1671,1396,None,None,None,None,nan,nan,32.16,nan,nan
False,/data/uabcvmsc/shared/newborn/30/24.08.24-25.08.24/HM20240824201105.jpeg,37.9,28.5
True,/data/uabcvmsc/shared/newborn/30/24.08.24-25.08.24/HM20240824201206.jpeg,37.7,28.4,1454,1933,-0.4186997711658478,0.9982457160949707,0.9984509944915771,1324,1900,-0.4081748127937317,0.9974082112312317,0.9977091550827026,1306,1867,-0.4087672233581543,0.9970661997795105,0.9980827569961548,1274,1811,-0.40879660844802856,0.997804582118988,0.9971187114715576,1375,2012,-0.3877726197242737,0.9978750944137573,0.9969195127487183,1381,2028,-0.3883609175682068,0.9979760050773621,0.9972405433654785,1391,2062,-0.3888093829154968,0.998645007610321,0.9966362714767456,1240,1705,-0.29109007120132446,0.999377965927124,0.9977858066558838,1412,2044,-0.1997804045677185,0.9978051781654358,0.9973834156990051,1495,1772,-0.36506927013397217,0.9973159432411194,0.9984496831893921,1550,1922,-0.34294039011001587,0.9969602227210999,0.9966651797294617,1423,1265,-0.2312667816877365,0.9996545314788818,0.9996114373207092,1846,1969,-0.11683811992406845,0.9993554949760437,0.9989227652549744,1676,656,-0.4892697334289551,0.9742825627326965,0.9704408645629883,2556,2096,-0.32360565662384033,0.5123867392539978,0.9707126021385193,1710,1610,-0.6517461538314819,0.7322520017623901,0.9990794658660889,1913,1995,-0.5517929196357727,0.6729894280433655,0.9990623593330383,1733,1822,-0.6910610198974609,0.5014092922210693,0.9982396364212036,1785,1902,-0.6054823994636536,0.5765122771263123,0.9987389445304871,1615,1877,-0.6163946986198425,0.4326823353767395,0.9989080429077148,1686,2034,-0.5458266735076904,0.535222053527832,0.9990468621253967,1666,1801,-0.6186792850494385,0.37978941202163696,0.9993316531181335,1745,1994,-0.5350723266601562,0.5072834491729736,0.9994331002235413,2436,925,0.006342473439872265,0.9991631507873535,0.9993614554405212,2663,1263,-0.006761660799384117,0.9992115497589111,0.9992462396621704,2718,224,0.28986799716949463,0.22357763350009918,0.9654219150543213,2885,620,0.22462181746959686,0.18950137495994568,0.9881085753440857,2910,23,0.7045838832855225,0.05858367681503296,0.8100996613502502,2953,282,0.5933354496955872,0.0696738213300705,0.8300784230232239,2944,-2,0.7453694343566895,0.10773368179798126,0.6839618682861328,2987,234,0.6364552974700928,0.09399110823869705,0.7948830723762512,3094,-121,0.6769548058509827,0.054917387664318085,0.4782518446445465,3017,83,0.5775815844535828,0.05762440711259842,0.5318278074264526,1634,1617,None,None,1710,1610,None,None,None,None,33.03,nan,33.03,nan,nan
False,/data/uabcvmsc/shared/newborn/30/24.08.24-25.08.24/HM20240824201307.jpeg,37.9,28.0
False,/data/uabcvmsc/shared/newborn/30/24.08.24-25.08.24/HM20240824201408.jpeg,37.8,28.4
False,/data/uabcvmsc/shared/newborn/30/24.08.24-25.08.24/HM20240824201509.jpeg,37.8,28.2
True,/data/uabcvmsc/shared/newborn/30/24.08.24-25.08.24/HM20240824201610.jpeg,37.8,28.1,1352,1452,-0.8606608510017395,0.9998979568481445,0.9999314546585083,1207,1453,-0.833872377872467,0.9998458623886108,0.9998816251754761,1187,1436,-0.8345568180084229,0.9997655749320984,0.9998897314071655,1171,1387,-0.8344865441322327,0.9998289346694946,0.9998065829277039,1270,1635,-0.8428562879562378,0.999886155128479,0.9998315572738647,1281,1660,-0.8434067964553833,0.9998363256454468,0.9998149275779724,1298,1709,-0.8437603116035461,0.9998829364776611,0.9996906518936157,1153,1326,-0.6048305034637451,0.999882698059082,0.9998028874397278,1323,1744,-0.6471261382102966,0.9996498823165894,0.9993841648101807,1437,1390,-0.7624481320381165,0.9992049336433411,0.99940025806427,1467,1497,-0.7792865037918091,0.9990653395652771,0.9982576966285706,1414,1003,-0.48825421929359436,0.9996293783187866,0.9996979236602783,1678,1806,-0.44864195585250854,0.9982269406318665,0.9982120990753174,1710,607,-0.7042669653892517,0.8883313536643982,0.9774866700172424,2124,2018,-0.5443661212921143,0.08492156863212585,0.9809804558753967,1611,1458,-0.877358615398407,0.48466137051582336,0.999464213848114,2449,2432,-0.6586702466011047,0.030179621651768684,0.8288535475730896,1575,1691,-0.921578586101532,0.25324398279190063,0.998935878276825,2547,2514,-0.6944602727890015,0.024789482355117798,0.5838974118232727,1494,1712,-0.8729892373085022,0.22038009762763977,0.9991656541824341,2551,2529,-0.7094340920448303,0.026433531194925308,0.582244336605072,1539,1658,-0.8588360548019409,0.18330110609531403,0.9994761347770691,2523,2435,-0.6724390387535095,0.03549886867403984,0.7649014592170715,2393,919,0.020444447174668312,0.9990161657333374,0.9997287392616272,2540,1285,-0.02085660770535469,0.9991198182106018,0.9997256398200989,2809,398,0.43397510051727295,0.060086920857429504,0.9849083423614502,2809,860,0.29411014914512634,0.038410790264606476,0.9862954020500183,2806,192,0.8848668336868286,0.017115116119384766,0.9354538917541504,2945,419,0.691871166229248,0.03259444981813431,0.9510511755943298,2804,162,0.9287315011024475,0.03111187554895878,0.8858424425125122,2968,359,0.7326457500457764,0.036493003368377686,0.937207818031311,2975,122,0.8731620907783508,0.020201928913593292,0.7904921770095825,3081,212,0.6501206159591675,0.02415332943201065,0.7677661180496216,1546,1404,None,None,None,None,None,None,None,None,32.93,nan,nan,nan,nan
False,/data/uabcvmsc/shared/newborn/30/24.08.24-25.08.24/HM20240824201711.jpeg,38.0,28.3
False,/data/uabcvmsc/shared/newborn/30/24.08.24-25.08.24/HM20240824201813.jpeg,37.7,28.4
False,/data/uabcvmsc/shared/newborn/30/24.08.24-25.08.24/HM20240824201914.jpeg,37.7,28.6
False,/data/uabcvmsc/shared/newborn/30/24.08.24-25.08.24/HM20240824202015.jpeg,37.4,28.1
True,/data/uabcvmsc/shared/newborn/30/24.08.24-25.08.24/HM20240824202116.jpeg,37.8,28.4,1222,1367,-0.5320506691932678,0.9999518394470215,0.9999613761901855,1105,1404,-0.49089908599853516,0.9999173879623413,0.9999111890792847,1096,1377,-0.49150553345680237,0.9998836517333984,0.9999127388000488,1088,1352,-0.4915226399898529,0.9999146461486816,0.9998477697372437,1138,1489,-0.5045547485351562,0.999946117401123,0.9998722076416016,1155,1538,-0.5049946308135986,0.9999284744262695,0.9998550415039062,1210,1647,-0.5052087903022766,0.9999440908432007,0.9997590184211731,1135,1343,-0.2759366035461426,0.9999445676803589,0.9998537302017212,1302,1697,-0.34137147665023804,0.9998130202293396,0.9995617270469666,1303,1314,-0.4476507604122162,0.9996986389160156,0.9997633099555969,1367,1460,-0.4711482524871826,0.9997205138206482,0.9994876384735107,1443,1020,-0.25048133730888367,0.9998575448989868,0.9998210072517395,1765,1770,-0.19860577583312988,0.9992142915725708,0.9986439347267151,1736,525,-0.4689828157424927,0.9171674847602844,0.9807296395301819,2406,1742,-0.3149794638156891,0.11530555039644241,0.9642573595046997,1631,1391,-0.6307989954948425,0.7333039045333862,0.9996351003646851,2755,2031,-0.45927613973617554,0.1254519671201706,0.9570136070251465,1606,1595,-0.6689499020576477,0.5254629850387573,0.9990780353546143,2779,2063,-0.48695915937423706,0.12858054041862488,0.858278214931488,1523,1620,-0.611754298210144,0.46738284826278687,0.9993587136268616,2751,2069,-0.4988665282726288,0.1354774534702301,0.8895266652107239,1558,1564,-0.6077739596366882,0.3995700478553772,0.9996572732925415,2713,1998,-0.4704068601131439,0.15669207274913788,0.9503660202026367,2384,830,0.0204462930560112,0.9987285733222961,0.999472439289093,2575,1171,-0.021060723811388016,0.9981604218482971,0.9990923404693604,2499,256,0.1827041506767273,0.21146012842655182,0.9848922491073608,2648,785,0.11698663979768753,0.03671295568346977,0.9787482023239136,2632,193,0.508546769618988,0.031017892062664032,0.9477044939994812,2695,528,0.4658183157444,0.021943464875221252,0.9175211787223816,2656,199,0.544011116027832,0.05532877892255783,0.902266800403595,2714,494,0.5055199861526489,0.03130142763257027,0.9088316559791565,2816,110,0.5332120656967163,0.03452462702989578,0.7604496479034424,2794,358,0.4910111427307129,0.019645720720291138,0.7064523100852966,None,None,None,None,1631,1391,None,None,None,None,nan,nan,33.08,nan,nan
False,/data/uabcvmsc/shared/newborn/30/24.08.24-25.08.24/HM20240824202217.jpeg,37.7,28.2
False,/data/uabcvmsc/shared/newborn/30/24.08.24-25.08.24/HM20240824202319.jpeg,37.8,28.1
True,/data/uabcvmsc/shared/newborn/30/24.08.24-25.08.24/HM20240824202421.jpeg,37.7,28.3,1518,1894,-0.5578680038452148,0.9999951124191284,0.9999985694885254,1357,1861,-0.5392600893974304,0.9999942779541016,0.9999979734420776,1321,1799,-0.5397866368293762,0.9999924898147583,0.9999979734420776,1289,1749,-0.5397214889526367,0.999994158744812,0.9999959468841553,1427,2006,-0.5184230804443359,0.9999948740005493,0.9999967813491821,1441,2049,-0.5190066695213318,0.9999934434890747,0.9999960660934448,1448,2076,-0.5193151235580444,0.9999946355819702,0.9999927282333374,1228,1660,-0.36820027232170105,0.9999973773956299,0.9999951124191284,1454,2057,-0.27321863174438477,0.9999839067459106,0.9999898672103882,1542,1702,-0.4822801351547241,0.9999328851699829,0.9999804496765137,1642,1881,-0.4591263234615326,0.9999080896377563,0.9999417066574097,1442,1243,-0.2605302035808563,0.9999476671218872,0.9999769926071167,1853,2027,-0.14356359839439392,0.9997817873954773,0.9998520612716675,1635,602,-0.44246283173561096,0.9924343824386597,0.9968380928039551,2597,1957,-0.26763153076171875,0.4525745213031769,0.993641197681427,1706,1564,-0.5065789818763733,0.8909975290298462,0.9998598098754883,2143,1982,-0.4243710935115814,0.5166014432907104,0.998908519744873,1824,1723,-0.5222756862640381,0.6921663880348206,0.9996126294136047,2064,1965,-0.4558655619621277,0.446670800447464,0.9979165196418762,1661,1830,-0.4524184465408325,0.623625636100769,0.9997585415840149,1946,2038,-0.4181661903858185,0.4153381586074829,0.9982245564460754,1694,1759,-0.4721706807613373,0.589000403881073,0.9998704195022583,1969,2014,-0.414924293756485,0.4442616105079651,0.9990405440330505,2410,949,0.029176024720072746,0.9994909763336182,0.9998177886009216,2628,1295,-0.02947399578988552,0.9994352459907532,0.9997307658195496,2627,216,0.24152451753616333,0.5090147852897644,0.9898215532302856,2714,525,0.07631857693195343,0.4778938293457031,0.996174156665802,2718,337,0.6336023807525635,0.04232696071267128,0.9562667608261108,2852,311,0.45276758074760437,0.09377318620681763,0.9103468060493469,2736,367,0.6780378818511963,0.0867924615740776,0.9255934357643127,2912,293,0.5032259225845337,0.12660010159015656,0.892940878868103,2892,289,0.7332329750061035,0.041629619896411896,0.8485783934593201,2904,110,0.5616885423660278,0.07730897516012192,0.7202913165092468,None,None,None,None,1706,1564,None,None,None,None,nan,nan,32.98,nan,nan
True,/data/uabcvmsc/shared/newborn/30/24.08.24-25.08.24/HM20240824202523.jpeg,37.4,28.1,1415,1503,-0.8281237483024597,0.9987758994102478,0.9998579025268555,1296,1473,-0.8227097392082214,0.9988142251968384,0.9997702240943909,1280,1435,-0.8232346177101135,0.9979975819587708,0.9997281432151794,1266,1397,-0.8230788111686707,0.9982597231864929,0.9994195699691772,1327,1567,-0.817318856716156,0.9992707371711731,0.9997819066047668,1336,1602,-0.8179427981376648,0.999137282371521,0.9997933506965637,1343,1638,-0.8184364438056946,0.9994557499885559,0.9996805191040039,1248,1315,-0.6737302541732788,0.9974529147148132,0.9988490343093872,1350,1652,-0.6482623219490051,0.9984117746353149,0.9994434714317322,1437,1425,-0.7587472796440125,0.9759328365325928,0.9971707463264465,1497,1523,-0.7544267177581787,0.9774986505508423,0.9946650266647339,1436,1067,-0.5406853556632996,0.9927000403404236,0.9936360120773315,1547,1658,-0.49797970056533813,0.9951423406600952,0.997901201248169,1743,1132,-0.65458744764328,0.025244655087590218,0.8215198516845703,1873,1771,-0.5539583563804626,0.05778878554701805,0.9786978363990784,1725,1495,-0.781832754611969,0.006071416195482016,0.8150336742401123,1878,2102,-0.6975499391555786,0.0557871013879776,0.9501781463623047,1760,1601,-0.8194058537483215,0.011532002128660679,0.7294303178787231,1876,2198,-0.7443460822105408,0.07274623215198517,0.8841477036476135,1581,1630,-0.8239464163780212,0.0127399992197752,0.7666955590248108,1845,2237,-0.766022264957428,0.08110563457012177,0.8892245888710022,1651,1572,-0.7851548790931702,0.01224468369036913,0.8255956768989563,1847,2168,-0.7133082747459412,0.07526148110628128,0.9473226070404053,2133,1111,-0.0022476743906736374,0.9910598397254944,0.9987431168556213,2145,1447,0.001836842973716557,0.9948666095733643,0.999629020690918,2396,956,0.26405367255210876,0.013935803435742855,0.9573206305503845,2387,1742,0.11554320901632309,0.03874271363019943,0.9883165955543518,2566,994,0.5692891478538513,0.01891682855784893,0.9585801959037781,2479,1587,0.40682947635650635,0.020802035927772522,0.9791598320007324,2609,1000,0.5986520051956177,0.05018151178956032,0.9217801094055176,2506,1515,0.44047969579696655,0.040396496653556824,0.9787983298301697,2701,1015,0.5752500295639038,0.01983688585460186,0.8654017448425293,2604,1643,0.4237324893474579,0.016306698322296143,0.9048066139221191,1492,1362,None,None,None,None,None,None,None,None,32.73,nan,nan,nan,nan
True,/data/uabcvmsc/shared/newborn/30/24.08.24-25.08.24/HM20240824202625.jpeg,37.6,28.3,1355,1465,-0.9837453365325928,0.9997808337211609,0.9998770952224731,1244,1449,-0.974556028842926,0.999777615070343,0.9998443126678467,1236,1350,-0.9752606749534607,0.9997187256813049,0.999861478805542,1226,1314,-0.9752256870269775,0.9997962117195129,0.9997925162315369,1264,1534,-0.9583882093429565,0.9997926354408264,0.9997335076332092,1268,1544,-0.9589347839355469,0.9997729659080505,0.9997076392173767,1275,1578,-0.95926833152771,0.9998056292533875,0.9995763897895813,1222,1221,-0.7949880361557007,0.9999173879623413,0.99973064661026,1292,1537,-0.7231924533843994,0.9994553923606873,0.9992502331733704,1424,1333,-0.9017891883850098,0.9996980428695679,0.9997125267982483,1447,1492,-0.8856859803199768,0.9995825886726379,0.9992252588272095,1470,962,-0.657670259475708,0.9998205304145813,0.9997534155845642,1699,1618,-0.504906952381134,0.9991216063499451,0.9988147020339966,1783,445,-0.9261994957923889,0.9927253723144531,0.9725125432014465,2307,1746,-0.6481961607933044,0.5712198615074158,0.9410118460655212,1622,1287,-1.2465780973434448,0.9720970988273621,0.9994391798973083,2478,1804,-0.9812051653862,0.4077378213405609,0.9280952215194702,1576,1496,-1.338482141494751,0.9308803677558899,0.9989593029022217,2526,1836,-1.0660121440887451,0.3817117214202881,0.8725295066833496,1507,1516,-1.3000980615615845,0.9158086776733398,0.9993500113487244,2460,1813,-1.0777095556259155,0.38010162115097046,0.8991608619689941,1549,1464,-1.2328252792358398,0.8537002205848694,0.9995817542076111,2437,1775,-0.9964609742164612,0.35371503233909607,0.9408488273620605,2462,805,0.0016929105622693896,0.9977321624755859,0.9987678527832031,2575,1234,-0.0022563531529158354,0.9967638254165649,0.9981719255447388,2658,124,0.006091353949159384,0.7705439925193787,0.9641621708869934,2749,1404,0.06429759413003922,0.5430582165718079,0.9451559782028198,2832,261,0.6105538606643677,0.33079132437705994,0.9637119770050049,2757,991,0.5219982862472534,0.43248602747917175,0.9285545349121094,2871,320,0.6686661839485168,0.40504440665245056,0.939445436000824,2766,888,0.5667747259140015,0.3907935917377472,0.9393604397773743,2997,168,0.5402882695198059,0.30565792322158813,0.8602402806282043,2877,926,0.4238193929195404,0.317143052816391,0.7721472978591919,None,None,None,None,1564,1441,None,None,None,None,nan,nan,32.93,nan,nan
False,/data/uabcvmsc/shared/newborn/30/24.08.24-25.08.24/HM20240824202727.jpeg,37.5,28.1
False,/data/uabcvmsc/shared/newborn/30/24.08.24-25.08.24/HM20240824202828.jpeg,37.3,28.1
True,/data/uabcvmsc/shared/newborn/30/24.08.24-25.08.24/HM20240824202929.jpeg,37.5,28.3,1307,1701,-0.6115323305130005,0.9999756813049316,0.9999856948852539,1193,1651,-0.5933073163032532,0.9999634027481079,0.9999595880508423,1168,1585,-0.5938136577606201,0.9999418258666992,0.9999557733535767,1144,1521,-0.5937452912330627,0.9999562501907349,0.9999160766601562,1228,1745,-0.5751144289970398,0.9999759197235107,0.9999526739120483,1239,1783,-0.5756567716598511,0.9999682903289795,0.9999524354934692,1243,1798,-0.5759825110435486,0.9999779462814331,0.9999319314956665,1122,1427,-0.4350690543651581,0.9999691247940063,0.9998902082443237,1250,1782,-0.3563860058784485,0.9999322891235352,0.999916672706604,1388,1519,-0.5448565483093262,0.9999170303344727,0.9999369382858276,1420,1663,-0.5264060497283936,0.9999243021011353,0.9998868703842163,1386,1150,-0.35222747921943665,0.9998984336853027,0.999889612197876,1656,1782,-0.2229480892419815,0.999902606010437,0.9999006986618042,1793,594,-0.6005092263221741,0.9638959169387817,0.9806982278823853,2263,1821,-0.3374992907047272,0.3197556436061859,0.995391845703125,1614,1344,-0.796271800994873,0.8136242032051086,0.9996857643127441,2659,1899,-0.5685613751411438,0.29440248012542725,0.988548755645752,1581,1561,-0.8485759496688843,0.6539478302001953,0.9992415904998779,2771,1887,-0.6236447691917419,0.24807409942150116,0.9522806406021118,1536,1607,-0.8044476509094238,0.6087795495986938,0.999605119228363,2741,1844,-0.6302754878997803,0.25752750039100647,0.9680362343788147,1600,1507,-0.7772535085678101,0.5089817643165588,0.9997789263725281,2697,1797,-0.579849362373352,0.27480337023735046,0.9854012131690979,2318,883,0.0002730927080847323,0.9988906979560852,0.9996609687805176,2490,1198,-0.0008564645540900528,0.9992726445198059,0.999786913394928,2526,326,0.23322267830371857,0.1125672310590744,0.9822797179222107,2731,804,0.1305617094039917,0.09150618314743042,0.9913068413734436,2633,231,0.5786516070365906,0.024647517129778862,0.946758508682251,2801,428,0.4485475718975067,0.042478322982788086,0.9344589114189148,2664,218,0.6124074459075928,0.04545948654413223,0.9030548334121704,2825,367,0.48289984464645386,0.055513061583042145,0.9222325682640076,2765,174,0.561377763748169,0.0336807556450367,0.8219170570373535,2880,282,0.42772942781448364,0.043209586292505264,0.8023097515106201,None,None,None,None,1614,1344,None,None,None,None,nan,nan,32.88,nan,nan
False,/data/uabcvmsc/shared/newborn/30/24.08.24-25.08.24/HM20240824203030.jpeg,37.6,28.3
False,/data/uabcvmsc/shared/newborn/30/24.08.24-25.08.24/HM20240824203132.jpeg,37.5,28.2
False,/data/uabcvmsc/shared/newborn/30/24.08.24-25.08.24/HM20240824203233.jpeg,37.9,28.4
False,/data/uabcvmsc/shared/newborn/30/24.08.24-25.08.24/HM20240824203337.jpeg,37.7,28.2
False,/data/uabcvmsc/shared/newborn/30/24.08.24-25.08.24/HM20240824203439.jpeg,38.1,28.2
False,/data/uabcvmsc/shared/newborn/30/24.08.24-25.08.24/HM20240824203542.jpeg,37.8,28.5
False,/data/uabcvmsc/shared/newborn/30/24.08.24-25.08.24/HM20240824203644.jpeg,37.5,28.4
False,/data/uabcvmsc/shared/newborn/30/24.08.24-25.08.24/HM20240824203745.jpeg,37.4,28.1
False,/data/uabcvmsc/shared/newborn/30/24.08.24-25.08.24/HM20240824203846.jpeg,37.4,28.3
False,/data/uabcvmsc/shared/newborn/30/24.08.24-25.08.24/HM20240824203947.jpeg,37.4,28.2
False,/data/uabcvmsc/shared/newborn/30/24.08.24-25.08.24/HM20240824204048.jpeg,37.4,28.1
False,/data/uabcvmsc/shared/newborn/30/24.08.24-25.08.24/HM20240824204149.jpeg,37.7,28.3
False,/data/uabcvmsc/shared/newborn/30/24.08.24-25.08.24/HM20240824204251.jpeg,37.7,28.5
False,/data/uabcvmsc/shared/newborn/30/24.08.24-25.08.24/HM20240824204352.jpeg,37.7,28.3
False,/data/uabcvmsc/shared/newborn/30/24.08.24-25.08.24/HM20240824204453.jpeg,37.7,28.4
False,/data/uabcvmsc/shared/newborn/30/24.08.24-25.08.24/HM20240824204554.jpeg,37.9,28.6
False,/data/uabcvmsc/shared/newborn/30/24.08.24-25.08.24/HM20240824204655.jpeg,37.8,28.6
False,/data/uabcvmsc/shared/newborn/30/24.08.24-25.08.24/HM20240824204756.jpeg,38.1,28.7
False,/data/uabcvmsc/shared/newborn/30/24.08.24-25.08.24/HM20240824204857.jpeg,37.8,28.6
False,/data/uabcvmsc/shared/newborn/30/24.08.24-25.08.24/HM20240824204959.jpeg,38.0,28.9
False,/data/uabcvmsc/shared/newborn/30/24.08.24-25.08.24/HM20240824205100.jpeg,38.1,28.9
False,/data/uabcvmsc/shared/newborn/30/24.08.24-25.08.24/HM20240824205201.jpeg,37.5,28.1
False,/data/uabcvmsc/shared/newborn/30/24.08.24-25.08.24/HM20240824205302.jpeg,37.7,28.5
False,/data/uabcvmsc/shared/newborn/30/24.08.24-25.08.24/HM20240824205403.jpeg,38.1,28.6
False,/data/uabcvmsc/shared/newborn/30/24.08.24-25.08.24/HM20240824205504.jpeg,37.7,28.2
False,/data/uabcvmsc/shared/newborn/30/24.08.24-25.08.24/HM20240824205605.jpeg,36.6,21.2
False,/data/uabcvmsc/shared/newborn/30/24.08.24-25.08.24/HM20240824205706.jpeg,35.7,25.5
False,/data/uabcvmsc/shared/newborn/30/24.08.24-25.08.24/HM20240824205807.jpeg,36.5,23.9
False,/data/uabcvmsc/shared/newborn/30/24.08.24-25.08.24/HM20240824205908.jpeg,37.1,24.7
False,/data/uabcvmsc/shared/newborn/30/24.08.24-25.08.24/HM20240824210009.jpeg,37.2,25.2
False,/data/uabcvmsc/shared/newborn/30/24.08.24-25.08.24/HM20240824210110.jpeg,37.0,25.1
False,/data/uabcvmsc/shared/newborn/30/24.08.24-25.08.24/HM20240824210211.jpeg,36.5,25.3
False,/data/uabcvmsc/shared/newborn/30/24.08.24-25.08.24/HM20240824210313.jpeg,36.9,25.9
False,/data/uabcvmsc/shared/newborn/30/24.08.24-25.08.24/HM20240824210415.jpeg,36.9,26.5
False,/data/uabcvmsc/shared/newborn/30/24.08.24-25.08.24/HM20240824210516.jpeg,36.8,26.4
False,/data/uabcvmsc/shared/newborn/30/24.08.24-25.08.24/HM20240824210617.jpeg,36.7,26.7
False,/data/uabcvmsc/shared/newborn/30/24.08.24-25.08.24/HM20240824210718.jpeg,36.5,26.4
False,/data/uabcvmsc/shared/newborn/30/24.08.24-25.08.24/HM20240824210819.jpeg,37.1,26.6
True,/data/uabcvmsc/shared/newborn/30/24.08.24-25.08.24/HM20240824210920.jpeg,36.9,26.6,2818,682,0.3440144658088684,0.999946117401123,0.9999997615814209,2831,700,0.3952513337135315,0.9999216794967651,0.9999995231628418,2847,712,0.394912451505661,0.9998816251754761,0.9999995231628418,2847,747,0.3950369954109192,0.9999115467071533,0.9999994039535522,2831,624,0.38412314653396606,0.9999583959579468,0.9999995231628418,2824,638,0.3838399350643158,0.9999529123306274,0.9999995231628418,2816,617,0.38398081064224243,0.9999517202377319,0.9999992847442627,2797,776,0.5561736822128296,0.9999486207962036,0.9999996423721313,2760,566,0.5108413696289062,0.9998822212219238,0.999998927116394,2722,734,0.39776670932769775,0.9999500513076782,0.9999996423721313,2701,694,0.3816218972206116,0.9999134540557861,0.9999988079071045,2552,1017,0.4799199104309082,0.9999856948852539,0.999991774559021,2487,372,0.42267143726348877,0.9999557733535767,0.9999610185623169,2263,1337,0.18712849915027618,0.09223289787769318,0.9954332709312439,2135,271,0.056156013160943985,0.2965559959411621,0.9969233870506287,2036,1387,-0.250136137008667,0.2110406458377838,0.9970358610153198,2123,31,-0.36896365880966187,0.8351583480834961,0.9994097948074341,1963,1415,-0.3292786180973053,0.3714958429336548,0.9947781562805176,2040,-4,-0.46156197786331177,0.9224466681480408,0.999035120010376,2000,1364,-0.34138479828834534,0.37645357847213745,0.9975855350494385,2135,17,-0.47271519899368286,0.9178756475448608,0.9996150732040405,2017,1340,-0.2669300138950348,0.31527474522590637,0.9984174966812134,2159,73,-0.3894069492816925,0.8476763963699341,0.9997971653938293,1894,1044,0.013373902067542076,0.9996811151504517,0.9999793767929077,1912,549,-0.014344676397740841,0.9996366500854492,0.999972939491272,1812,1803,-0.2955508828163147,0.9305869936943054,0.9998284578323364,1677,132,-0.3205169141292572,0.8645941615104675,0.999782383441925,1034,1363,-0.27803170680999756,0.6194217205047607,0.9995748400688171,912,325,-0.330733060836792,0.6940073370933533,0.9972033500671387,879,1195,-0.2849038243293762,0.9127161502838135,0.9985472559928894,757,450,-0.3381357491016388,0.8683798909187317,0.9953672885894775,862,1561,-0.45346933603286743,0.6095418334007263,0.9886847138404846,697,82,-0.5038556456565857,0.5914503931999207,0.9473438858985901,None,None,2114,29,None,None,757,450,879,1195,nan,nan,nan,34.84,31.73
False,/data/uabcvmsc/shared/newborn/30/24.08.24-25.08.24/HM20240824211021.jpeg,36.5,26.3
False,/data/uabcvmsc/shared/newborn/30/24.08.24-25.08.24/HM20240824211122.jpeg,36.9,26.2
False,/data/uabcvmsc/shared/newborn/30/24.08.24-25.08.24/HM20240824211224.jpeg,36.9,26.5
True,/data/uabcvmsc/shared/newborn/30/24.08.24-25.08.24/HM20240824211327.jpeg,36.8,26.5,934,515,-0.6508304476737976,0.3403763473033905,0.3208618462085724,848,355,-0.6929511427879333,0.20710109174251556,0.2013271003961563,860,321,-0.6937335729598999,0.18846499919891357,0.2123515009880066,875,290,-0.6936235427856445,0.2163015902042389,0.1631646305322647,826,419,-0.6854320168495178,0.33693811297416687,0.29648709297180176,817,440,-0.6869243383407593,0.4571661651134491,0.432550847530365,661,462,-0.68800950050354,0.5965700745582581,0.4782773554325104,962,221,-0.6984444856643677,0.43615788221359253,0.24165959656238556,689,503,-0.662386953830719,0.6732650995254517,0.7186700701713562,979,567,-0.6233722567558289,0.5347622632980347,0.732910692691803,1018,590,-0.6185688972473145,0.5761709809303284,0.7092747092247009,1670,508,-0.5304816365242004,0.9951057434082031,0.9828489422798157,1206,703,-0.5284053683280945,0.99790358543396,0.9970381259918213,2660,1564,-0.4107097089290619,0.09211603552103043,0.4768349826335907,1747,1536,-0.4051949381828308,0.025416221469640732,0.9351907968521118,2360,1424,-0.29352980852127075,0.014407671056687832,0.8244757652282715,1841,1611,-0.40821728110313416,0.04678944870829582,0.965723991394043,2204,1454,-0.30074870586395264,0.026782378554344177,0.8803202509880066,1915,1646,-0.4525078535079956,0.08727985620498657,0.955977201461792,2163,1218,-0.33583271503448486,0.029235849156975746,0.8881670236587524,1830,1575,-0.45709580183029175,0.08897166699171066,0.9537975788116455,2187,1206,-0.30046841502189636,0.03472493961453438,0.903766393661499,1824,1529,-0.41187041997909546,0.08798743784427643,0.9722971320152283,2408,1588,-0.016792289912700653,0.9928985834121704,0.991707980632782,2194,1551,0.016161631792783737,0.9967561364173889,0.99791020154953,2482,2173,0.46017372608184814,0.14699548482894897,0.9493569135665894,2069,1964,0.37460213899612427,0.09226804226636887,0.9915615916252136,2867,2847,0.8161946535110474,0.20727282762527466,0.7534047365188599,2405,2563,0.6654580235481262,0.1232047900557518,0.7955793142318726,2955,2936,0.8530974388122559,0.2538393437862396,0.5816617608070374,2510,2639,0.7024470567703247,0.1574210226535797,0.7696962356567383,2894,3104,0.7859475612640381,0.1381913721561432,0.3854246437549591,2427,2829,0.6487358212471008,0.09102489054203033,0.5514081120491028,None,None,None,None,None,None,None,None,None,None,nan,nan,nan,nan,nan
False,/data/uabcvmsc/shared/newborn/30/24.08.24-25.08.24/HM20240824211428.jpeg,36.8,26.3
False,/data/uabcvmsc/shared/newborn/30/24.08.24-25.08.24/HM20240824211529.jpeg,36.9,26.4
False,/data/uabcvmsc/shared/newborn/30/24.08.24-25.08.24/HM20240824211630.jpeg,36.8,26.4
False,/data/uabcvmsc/shared/newborn/30/24.08.24-25.08.24/HM20240824211731.jpeg,36.8,26.4
False,/data/uabcvmsc/shared/newborn/30/24.08.24-25.08.24/HM20240824211832.jpeg,37.1,26.3
False,/data/uabcvmsc/shared/newborn/30/24.08.24-25.08.24/HM20240824211933.jpeg,37.0,26.2
False,/data/uabcvmsc/shared/newborn/30/24.08.24-25.08.24/HM20240824212034.jpeg,36.8,26.2
False,/data/uabcvmsc/shared/newborn/30/24.08.24-25.08.24/HM20240824212135.jpeg,36.9,26.3
False,/data/uabcvmsc/shared/newborn/30/24.08.24-25.08.24/HM20240824212236.jpeg,36.6,26.3
False,/data/uabcvmsc/shared/newborn/30/24.08.24-25.08.24/HM20240824212338.jpeg,36.9,26.5
False,/data/uabcvmsc/shared/newborn/30/24.08.24-25.08.24/HM20240824212439.jpeg,37.0,26.6
False,/data/uabcvmsc/shared/newborn/30/24.08.24-25.08.24/HM20240824212540.jpeg,36.8,26.5
False,/data/uabcvmsc/shared/newborn/30/24.08.24-25.08.24/HM20240824212642.jpeg,36.7,26.2
False,/data/uabcvmsc/shared/newborn/30/24.08.24-25.08.24/HM20240824212743.jpeg,36.8,26.3
False,/data/uabcvmsc/shared/newborn/30/24.08.24-25.08.24/HM20240824212844.jpeg,36.8,26.6
False,/data/uabcvmsc/shared/newborn/30/24.08.24-25.08.24/HM20240824212945.jpeg,36.9,26.4
False,/data/uabcvmsc/shared/newborn/30/24.08.24-25.08.24/HM20240824213046.jpeg,36.9,26.5
False,/data/uabcvmsc/shared/newborn/30/24.08.24-25.08.24/HM20240824213147.jpeg,36.9,26.4
False,/data/uabcvmsc/shared/newborn/30/24.08.24-25.08.24/HM20240824213248.jpeg,36.6,26.3
False,/data/uabcvmsc/shared/newborn/30/24.08.24-25.08.24/HM20240824213349.jpeg,36.6,26.4
False,/data/uabcvmsc/shared/newborn/30/24.08.24-25.08.24/HM20240824213450.jpeg,36.5,26.3
False,/data/uabcvmsc/shared/newborn/30/24.08.24-25.08.24/HM20240824213551.jpeg,36.5,26.1
False,/data/uabcvmsc/shared/newborn/30/24.08.24-25.08.24/HM20240824213652.jpeg,36.9,26.4
False,/data/uabcvmsc/shared/newborn/30/24.08.24-25.08.24/HM20240824213753.jpeg,36.8,26.1
False,/data/uabcvmsc/shared/newborn/30/24.08.24-25.08.24/HM20240824213854.jpeg,37.3,26.4
False,/data/uabcvmsc/shared/newborn/30/24.08.24-25.08.24/HM20240824213955.jpeg,36.6,26.2
False,/data/uabcvmsc/shared/newborn/30/24.08.24-25.08.24/HM20240824214057.jpeg,37.1,26.2
False,/data/uabcvmsc/shared/newborn/30/24.08.24-25.08.24/HM20240824214159.jpeg,36.8,26.6
False,/data/uabcvmsc/shared/newborn/30/24.08.24-25.08.24/HM20240824214301.jpeg,37.0,26.3
False,/data/uabcvmsc/shared/newborn/30/24.08.24-25.08.24/HM20240824214402.jpeg,36.6,26.2
False,/data/uabcvmsc/shared/newborn/30/24.08.24-25.08.24/HM20240824214503.jpeg,37.1,26.4
False,/data/uabcvmsc/shared/newborn/30/24.08.24-25.08.24/HM20240824214604.jpeg,36.8,26.3
True,/data/uabcvmsc/shared/newborn/30/24.08.24-25.08.24/HM20240824214706.jpeg,36.9,26.4,2184,1800,0.472732812166214,0.9434474110603333,0.9979704022407532,2217,1893,0.5041487216949463,0.8637018203735352,0.9947211742401123,2199,1892,0.5036121010780334,0.8359572887420654,0.9941588640213013,2179,1941,0.5037492513656616,0.8423900604248047,0.9907209873199463,2268,1832,0.5151270031929016,0.9369781613349915,0.9971030354499817,2288,1811,0.5143822431564331,0.951686680316925,0.9981352090835571,2309,1790,0.5137454867362976,0.9708823561668396,0.9983007311820984,2171,1984,0.6305690407752991,0.8876889944076538,0.9944593906402588,2336,1767,0.6845667362213135,0.9601163864135742,0.9991764426231384,2168,1786,0.5195050239562988,0.9003039598464966,0.9976964592933655,2276,1718,0.5304462909698486,0.9223195314407349,0.9978935122489929,1762,1926,0.559603750705719,0.9983353018760681,0.9960947632789612,2520,1411,0.5955764055252075,0.999858021736145,0.9996562004089355,1680,1462,0.3835066556930542,0.0005093241925351322,0.8360717296600342,2642,846,0.2523413300514221,0.11507327854633331,0.9922278523445129,1780,1386,0.240884929895401,0.0003064042830374092,0.7182304263114929,2362,1546,-0.09065603464841843,0.29825761914253235,0.9993295669555664,1791,1331,0.2074740082025528,0.000953391776420176,0.734429121017456,2246,1628,-0.17163343727588654,0.3221241235733032,0.9990776777267456,1794,1409,0.21674063801765442,0.000988302519544959,0.7747350931167603,2206,1727,-0.12176111340522766,0.31039124727249146,0.9993383288383484,1804,1420,0.24396227300167084,0.0010518537601456046,0.7864074110984802,2229,1702,-0.08221227675676346,0.23108389973640442,0.9995500445365906,1362,980,-0.0019013184355571866,0.9057957530021667,0.9364334344863892,1787,724,0.0002678349264897406,0.9804549813270569,0.9826481938362122,1703,2271,-0.03266884759068489,0.003295085160061717,0.9538238644599915,2171,1418,-0.17354445159435272,0.073524110019207,0.997180700302124,1119,1652,-0.31900081038475037,0.006832841318100691,0.7317525148391724,1586,27,-0.4476138651371002,0.0600532628595829,0.5695025324821472,941,1373,-0.3578106760978699,0.03211870416998863,0.5469567179679871,1447,-221,-0.4748591184616089,0.1201745867729187,0.4095756411552429,751,1519,-0.5710103511810303,0.00879568513482809,0.29908573627471924,1437,-330,-0.6941915154457092,0.05367087200284004,0.11426151543855667,2141,1668,None,None,None,None,None,None,None,None,34.76,nan,nan,nan,nan
True,/data/uabcvmsc/shared/newborn/30/24.08.24-25.08.24/HM20240824214807.jpeg,36.7,26.1,2117,1850,0.3786163926124573,0.9962575435638428,0.9988014698028564,2103,1913,0.4293820559978485,0.9928039908409119,0.9971373081207275,2089,1922,0.4290305972099304,0.9907955527305603,0.9968806505203247,2076,1932,0.4291304349899292,0.9916337728500366,0.9951778650283813,2171,1874,0.42358362674713135,0.9966050386428833,0.9980732202529907,2199,1858,0.42295315861701965,0.9967740178108215,0.9986078143119812,2251,1831,0.42245855927467346,0.9979883432388306,0.9985674619674683,2039,1898,0.6077561974525452,0.9913784265518188,0.9973664879798889,2302,1763,0.5790826082229614,0.9966340661048889,0.9991675615310669,2060,1818,0.4409867823123932,0.9917540550231934,0.9983766078948975,2146,1772,0.4282802939414978,0.9926829934120178,0.998241662979126,1710,1712,0.5884533524513245,0.9985349178314209,0.994976282119751,2394,1279,0.4795958399772644,0.9994774460792542,0.9976984858512878,1272,1569,0.3928426504135132,0.0006191112915985286,0.5228013396263123,2595,880,0.1439463496208191,0.06201649457216263,0.8231124877929688,1053,1823,0.1050834059715271,0.0005056329537183046,0.38428163528442383,2324,1510,-0.16303426027297974,0.07122265547513962,0.9792851209640503,988,1910,0.06831291317939758,0.0017744435463100672,0.4534268081188202,2237,1654,-0.24176719784736633,0.08517760038375854,0.9821741580963135,1020,1940,0.06115558370947838,0.0019470350816845894,0.5315765738487244,2204,1747,-0.192951038479805,0.08287566900253296,0.9886520504951477,1061,1895,0.09582097083330154,0.002086286898702383,0.5548127293586731,2215,1697,-0.15581610798835754,0.06008806452155113,0.9911744594573975,1429,929,0.020547624677419662,0.8197722434997559,0.8345101475715637,1744,605,-0.02189839631319046,0.9380367994308472,0.909691572189331,1676,1645,0.03031102940440178,0.008789587765932083,0.9117305874824524,1892,135,-0.17825178802013397,0.0933079868555069,0.9377502202987671,971,1340,-0.29992714524269104,0.0332176499068737,0.6118434071540833,1512,-479,-0.2399495244026184,0.03504674881696701,0.1639997363090515,808,1181,-0.34316056966781616,0.12114311009645462,0.3672182559967041,1428,-571,-0.2465326189994812,0.06431890279054642,0.11703348159790039,887,1439,-0.5992773771286011,0.049370601773262024,0.22939281165599823,1356,-672,-0.48679816722869873,0.026507152244448662,0.0565834678709507,2052,1496,None,None,None,None,None,None,None,None,34.58,nan,nan,nan,nan
False,/data/uabcvmsc/shared/newborn/30/24.08.24-25.08.24/HM20240824214908.jpeg,36.7,26.1,2037,1868,0.41149473190307617,0.9079996943473816,0.9735152721405029,2021,1920,0.4695664942264557,0.8612086772918701,0.9536983966827393,1979,1939,0.46899741888046265,0.8681782484054565,0.9580775499343872,1963,1944,0.4690190255641937,0.8565300107002258,0.9435268044471741,2102,1885,0.47884491086006165,0.9083684086799622,0.9608378410339355,2129,1875,0.47825032472610474,0.9325103759765625,0.9703086018562317,2158,1865,0.4776451289653778,0.9463486075401306,0.9710630774497986,1908,1892,0.642266035079956,0.9205318689346313,0.9721091389656067,2213,1767,0.6834317445755005,0.9164514541625977,0.9830544590950012,1992,1815,0.4651290774345398,0.9298846125602722,0.9902334213256836,2083,1765,0.472499817609787,0.9296063780784607,0.9860320091247559,1579,1689,0.5553281307220459,0.9981505274772644,0.9914854168891907,2298,1289,0.6023086309432983,0.9990853071212769,0.993608832359314,1393,1264,0.3540600836277008,0.004069656133651733,0.5463960766792297,2408,777,0.26248687505722046,0.034416314214468,0.7178615927696228,1444,1481,0.12307821214199066,0.004133983980864286,0.8215440511703491,2251,1199,-0.10366557538509369,0.11485622823238373,0.9568623304367065,1448,1525,0.08276314288377762,0.010007196106016636,0.8496519923210144,2183,1296,-0.18174172937870026,0.14682577550411224,0.9583671689033508,1450,1584,0.08635226637125015,0.009382657706737518,0.8739876747131348,2175,1413,-0.14507026970386505,0.14241404831409454,0.9703599810600281,1478,1563,0.12144004553556442,0.009666390717029572,0.890740156173706,2187,1393,-0.10273445397615433,0.11867769062519073,0.9789655804634094,1437,926,-0.00392794469371438,0.930523693561554,0.7730841636657715,1808,760,0.0020138705149292946,0.9590779542922974,0.7808292508125305,1563,1871,-0.08889701962471008,0.04404962435364723,0.9160804152488708,1966,1630,0.027850918471813202,0.1376209557056427,0.9699628353118896,956,1683,-0.25154241919517517,0.07487381994724274,0.5136158466339111,1437,1557,-0.1826431006193161,0.22900955379009247,0.44210243225097656,853,1554,-0.2715175151824951,0.23947876691818237,0.2578572630882263,1334,1459,-0.2015964835882187,0.45877042412757874,0.3358355462551117,834,1757,-0.4853925406932831,0.05516815930604935,0.12833642959594727,1308,1639,-0.39742499589920044,0.1990380585193634,0.1098012626171112
True,/data/uabcvmsc/shared/newborn/30/24.08.24-25.08.24/HM20240824215010.jpeg,36.7,26.2,2103,1849,0.18164850771427155,0.9970765113830566,0.9986985921859741,2054,1913,0.22663354873657227,0.9942089319229126,0.997665524482727,2031,1922,0.22624571621418,0.9930965304374695,0.9975209832191467,2010,1931,0.22635483741760254,0.9942571520805359,0.9962198138237,2136,1870,0.23382702469825745,0.9973450303077698,0.9981330037117004,2174,1850,0.23308272659778595,0.9980455636978149,0.9986193180084229,2205,1840,0.23258145153522491,0.9987496137619019,0.9985777139663696,1965,1896,0.4178520441055298,0.9951580166816711,0.9970694184303284,2244,1766,0.45253074169158936,0.9971676468849182,0.9989998936653137,2039,1814,0.25532788038253784,0.9951759576797485,0.9983848333358765,2129,1769,0.2608298659324646,0.9962539672851562,0.9980377554893494,1575,1711,0.4658659100532532,0.9969774484634399,0.9928334951400757,2305,1282,0.4439515173435211,0.9989516735076904,0.9971126317977905,1264,1289,0.32568663358688354,0.01866496540606022,0.8498364090919495,2394,779,0.20145809650421143,0.41053855419158936,0.9460625648498535,1234,1254,-0.015710964798927307,0.013446491211652756,0.7220132350921631,2319,1319,-0.2411918044090271,0.5813011527061462,0.9939985275268555,1203,1228,-0.08356104046106339,0.028790900483727455,0.6446384787559509,2209,1314,-0.3405264616012573,0.6337729692459106,0.9922426342964172,1241,1307,-0.10049180686473846,0.03289727494120598,0.7156273722648621,2242,1466,-0.32273492217063904,0.6464959383010864,0.9945703148841858,1270,1305,-0.030037827789783478,0.030652882531285286,0.7735023498535156,2250,1437,-0.24742598831653595,0.5483801960945129,0.9965073466300964,1246,684,0.013641837984323502,0.9449034333229065,0.9335506558418274,1753,450,-0.014551608823239803,0.9725967645645142,0.9653891324996948,985,182,-0.3411821126937866,0.05896230787038803,0.5493451952934265,1594,-298,-0.2298296093940735,0.09042245149612427,0.7751917243003845,774,-780,-0.33240532875061035,0.03363358601927757,0.182209774851799,1238,-1104,-0.0781719982624054,0.03733035922050476,0.09329579770565033,748,-925,-0.3418075740337372,0.0740579143166542,0.09603552520275116,1177,-1206,-0.06665419042110443,0.04096217453479767,0.0929890125989914,734,-1108,-0.6541947722434998,0.03525739163160324,0.058939266949892044,1042,-1387,-0.34511131048202515,0.025429759174585342,0.04249720275402069,None,None,None,None,None,None,None,None,None,None,nan,nan,nan,nan,nan
True,/data/uabcvmsc/shared/newborn/30/24.08.24-25.08.24/HM20240824215111.jpeg,37.2,26.5,2118,2005,0.2852810323238373,0.9956001043319702,0.9989055395126343,2102,2014,0.32860031723976135,0.9931086301803589,0.9970627427101135,2059,2025,0.3282276690006256,0.9900068044662476,0.9967290163040161,2049,2031,0.3283960819244385,0.9911738038063049,0.9949171543121338,2173,1988,0.33126023411750793,0.9968671202659607,0.9982555508613586,2185,1959,0.33066174387931824,0.9972836971282959,0.9988023042678833,2204,1947,0.33025944232940674,0.9984540939331055,0.9988522529602051,1996,1979,0.452786386013031,0.9928156137466431,0.9971036314964294,2226,1878,0.46265465021133423,0.9974797368049622,0.9994577765464783,2081,1946,0.3260785639286041,0.9939893484115601,0.999052107334137,2118,1890,0.32502350211143494,0.9958611130714417,0.999118983745575,1726,1715,0.3855510652065277,0.9990509152412415,0.9982312321662903,2230,1547,0.39867088198661804,0.9998706579208374,0.9998082518577576,1657,1212,0.21104609966278076,0.0010061527136713266,0.8279553055763245,2494,949,0.2097819298505783,0.04571034386754036,0.9904981255531311,1763,1095,0.010180908255279064,0.001151207135990262,0.8668246269226074,2248,934,-0.019726164638996124,0.10516320168972015,0.9954037666320801,1775,1054,-0.03130298852920532,0.0031566640827804804,0.8750594854354858,2214,889,-0.0827002078294754,0.1397256702184677,0.9917997121810913,1785,1114,-0.03810551390051842,0.0033440461847931147,0.8991661667823792,2150,966,-0.06859949231147766,0.14830312132835388,0.9947970509529114,1798,1121,0.003679172368720174,0.0034952592104673386,0.9165928363800049,2157,986,-0.02193436026573181,0.11386372148990631,0.9966927766799927,1614,988,-0.024871062487363815,0.9868934154510498,0.9871475100517273,1900,925,0.023436887189745903,0.9950048327445984,0.9956434965133667,1786,1327,0.031110195443034172,0.006359393242746592,0.9772246479988098,2248,1069,0.11563056707382202,0.012346283532679081,0.996191143989563,1474,963,0.08853202313184738,0.005130125675350428,0.8155457973480225,2151,799,-0.04561091214418411,0.014173266477882862,0.8253054618835449,1392,844,0.09102348238229752,0.0205279141664505,0.6053059101104736,2060,680,-0.06294615566730499,0.0414002425968647,0.72540283203125,1473,942,-0.02532954141497612,0.007866250351071358,0.6096155047416687,2267,821,-0.20081377029418945,0.021144917234778404,0.5665419101715088,1978,1631,None,None,None,None,None,None,None,None,32.92,nan,nan,nan,nan
False,/data/uabcvmsc/shared/newborn/30/24.08.24-25.08.24/HM20240824215212.jpeg,36.8,26.4
False,/data/uabcvmsc/shared/newborn/30/24.08.24-25.08.24/HM20240824215318.jpeg,36.7,26.1
False,/data/uabcvmsc/shared/newborn/30/24.08.24-25.08.24/HM20240824215420.jpeg,36.8,26.2
True,/data/uabcvmsc/shared/newborn/30/24.08.24-25.08.24/HM20240824215522.jpeg,36.9,26.3,2081,1767,0.2562600076198578,0.9750542044639587,0.9944990277290344,2050,1831,0.30300867557525635,0.9695370197296143,0.9865180850028992,2031,1842,0.30260562896728516,0.9597328305244446,0.9850719571113586,1998,1862,0.30275440216064453,0.9662331342697144,0.9760769009590149,2130,1769,0.3116947114467621,0.9828432202339172,0.9914134740829468,2173,1748,0.3110383450984955,0.9842661619186401,0.9939497709274292,2204,1734,0.3104483485221863,0.9912558794021606,0.9941878318786621,1933,1836,0.4604189693927765,0.9684744477272034,0.9853916764259338,2241,1687,0.4998135268688202,0.9834545850753784,0.9970940351486206,2002,1742,0.31059205532073975,0.9719656705856323,0.9956158399581909,2093,1676,0.3182663023471832,0.9777594208717346,0.9951578974723816,1567,1618,0.45554620027542114,0.9974206686019897,0.991395890712738,2174,1366,0.43982627987861633,0.9995856881141663,0.9984342455863953,1463,1048,0.33326256275177,0.0006479022558778524,0.5030933022499084,2433,831,0.19042587280273438,0.15608668327331543,0.9255875945091248,1564,1016,0.1480063647031784,0.001160015119239688,0.814424455165863,2172,1251,-0.12167893350124359,0.4504823386669159,0.9974058270454407,1583,994,0.11818737536668777,0.0031456458382308483,0.8453006148338318,2072,1359,-0.19503873586654663,0.43073007464408875,0.9966930150985718,1584,1073,0.11299994587898254,0.0030844383873045444,0.8774107098579407,2067,1483,-0.15134719014167786,0.4173518717288971,0.9979225993156433,1599,1076,0.14517495036125183,0.0029979883693158627,0.9001189470291138,2090,1447,-0.11320829391479492,0.31483304500579834,0.9986773133277893,1380,914,0.006285260431468487,0.8387919068336487,0.6713742613792419,1727,745,-0.007570985704660416,0.9339234828948975,0.8179019093513489,1267,1367,-0.18290674686431885,0.014811269007623196,0.5962425470352173,1919,807,-0.1144048348069191,0.03931720554828644,0.8155260682106018,1057,1122,-0.31960493326187134,0.013140494003891945,0.2603103816509247,1613,811,-0.17845088243484497,0.015467770397663116,0.10159270465373993,985,993,-0.3356134295463562,0.05098232999444008,0.10610387474298477,1505,745,-0.18098784983158112,0.045279376208782196,0.08089639246463776,1079,1221,-0.5282730460166931,0.015008296817541122,0.06849408149719238,1620,902,-0.3485994338989258,0.016215387731790543,0.040770161896944046,None,None,None,None,None,None,None,None,None,None,nan,nan,nan,nan,nan
True,/data/uabcvmsc/shared/newborn/30/24.08.24-25.08.24/HM20240824215624.jpeg,36.9,26.3,2119,1778,0.2174653708934784,0.9191779494285583,0.9795788526535034,2110,1828,0.25215306878089905,0.8823872804641724,0.9541561603546143,2082,1861,0.2517933249473572,0.8421659469604492,0.9518821239471436,2071,1869,0.25200802087783813,0.8805106282234192,0.9306225180625916,2158,1802,0.25122490525245667,0.9316083788871765,0.9702450633049011,2195,1781,0.2505022883415222,0.9437341094017029,0.9801486134529114,2200,1794,0.24992279708385468,0.9713774919509888,0.9818170070648193,2015,1836,0.39024364948272705,0.8999395966529846,0.9627124071121216,2237,1712,0.3874588906764984,0.9505112767219543,0.9917857050895691,2058,1768,0.2711324393749237,0.9120334982872009,0.9888750314712524,2124,1708,0.2666165232658386,0.9241002798080444,0.9865375757217407,1647,1648,0.4397403299808502,0.9959433674812317,0.9920012950897217,2221,1473,0.33090940117836,0.9993466734886169,0.9985312223434448,1480,1062,0.3836672604084015,0.0005992545047774911,0.8553919196128845,2476,889,0.14513234794139862,0.23597507178783417,0.9809442162513733,1535,881,0.2055012583732605,0.0010559170041233301,0.8506046533584595,2174,1251,-0.14215119183063507,0.5893833041191101,0.999001681804657,1540,814,0.1710060089826584,0.0030538844875991344,0.8255501389503479,2093,1328,-0.22187462449073792,0.6099811792373657,0.9984115362167358,1556,908,0.15364466607570648,0.0033545864280313253,0.8511843085289001,2110,1452,-0.1897301822900772,0.6139644980430603,0.9989005327224731,1572,928,0.19578856229782104,0.0031232060864567757,0.8834143280982971,2128,1423,-0.13769157230854034,0.4816713035106659,0.9993263483047485,1440,896,0.032711755484342575,0.9110510349273682,0.932614803314209,1778,780,-0.03374170884490013,0.9640627503395081,0.9742470383644104,1349,835,-0.06273167580366135,0.0031312452629208565,0.5728052258491516,1816,466,-0.08514208346605301,0.012619659304618835,0.8678421378135681,1156,-137,-0.08012928068637848,0.004558205604553223,0.24803519248962402,1567,-159,-0.04968412220478058,0.007856554351747036,0.13039816915988922,1138,-296,-0.08731354027986526,0.014326919801533222,0.11953336745500565,1511,-286,-0.04444160312414169,0.01814705692231655,0.12130455672740936,1092,-418,-0.278554767370224,0.005043365526944399,0.0841754749417305,1448,-279,-0.21786631643772125,0.007383634801954031,0.05992380529642105,None,None,None,None,None,None,None,None,None,None,nan,nan,nan,nan,nan
False,/data/uabcvmsc/shared/newborn/30/24.08.24-25.08.24/HM20240824215726.jpeg,36.5,26.0,2094,1809,0.31887584924697876,0.9907771348953247,0.9983423948287964,2089,1862,0.366304874420166,0.9870638847351074,0.9957972764968872,2055,1878,0.36593735218048096,0.9847735166549683,0.9951915740966797,2041,1888,0.3660874366760254,0.9832403063774109,0.992416262626648,2158,1829,0.36635175347328186,0.9929956793785095,0.9974466562271118,2180,1819,0.3657514750957489,0.9947431087493896,0.9981961846351624,2205,1811,0.3652469515800476,0.9964123368263245,0.9982739686965942,2021,1845,0.5289998054504395,0.9885224103927612,0.9953029155731201,2254,1725,0.5267047882080078,0.9949972629547119,0.9990013241767883,2053,1773,0.3755752146244049,0.9896991848945618,0.9981542229652405,2130,1731,0.37129542231559753,0.9925044775009155,0.9982607960700989,1727,1666,0.5001727342605591,0.9988449811935425,0.995438277721405,2252,1397,0.46180281043052673,0.9997993111610413,0.9992522597312927,1524,1124,0.35196593403816223,0.002706373343244195,0.6636545658111572,2477,833,0.19661945104599,0.44210153818130493,0.9642285704612732,1633,1172,0.1402636617422104,0.006239567417651415,0.9245683550834656,2168,1242,-0.08734914660453796,0.8560190796852112,0.9990045428276062,1660,1172,0.10997433215379715,0.01589062064886093,0.9387223720550537,2077,1342,-0.16002732515335083,0.8338575959205627,0.99861741065979,1668,1254,0.11011981219053268,0.015277224592864513,0.9512077569961548,2077,1467,-0.11021900922060013,0.8259266018867493,0.9991293549537659,1682,1246,0.1390102058649063,0.014913261868059635,0.9594873785972595,2100,1437,-0.07577165961265564,0.7429375052452087,0.9994320273399353,1552,961,0.0018572964472696185,0.8683003783226013,0.6732298135757446,1838,786,-0.0034086417872458696,0.9484176635742188,0.8286953568458557,1696,1650,-0.04282993823289871,0.03595665842294693,0.6652949452400208,2162,1064,0.01917124353349209,0.14620138704776764,0.8715449571609497,1517,1279,-0.157048761844635,0.02991962805390358,0.21845705807209015,1821,1069,-0.06186370924115181,0.07885177433490753,0.11459918320178986,1437,1168,-0.1689196079969406,0.09196925163269043,0.086030013859272,1714,1018,-0.06593815982341766,0.20550255477428436,0.0855218842625618,1637,1274,-0.33566346764564514,0.022784601897001266,0.05820281803607941,1837,1151,-0.2199113368988037,0.06734529882669449,0.03620472922921181
True,/data/uabcvmsc/shared/newborn/30/24.08.24-25.08.24/HM20240824215827.jpeg,36.6,26.0,2099,1757,0.17121200263500214,0.8396111726760864,0.973838746547699,2067,1820,0.2127957046031952,0.8003811836242676,0.9529050588607788,2047,1831,0.2123955935239792,0.7504748106002808,0.9537563920021057,2025,1862,0.21251846849918365,0.815661609172821,0.9348244667053223,2151,1775,0.21485616266727448,0.8825787305831909,0.9562416672706604,2191,1753,0.21421386301517487,0.8948728442192078,0.9644163250923157,2223,1736,0.2136908620595932,0.9380297660827637,0.9617556929588318,1984,1829,0.38367730379104614,0.8414453268051147,0.963539183139801,2260,1678,0.3944101631641388,0.8570898771286011,0.9777708649635315,2038,1744,0.23625773191452026,0.8048989772796631,0.9822125434875488,2131,1686,0.23535938560962677,0.834445595741272,0.974579930305481,1680,1741,0.40302717685699463,0.9959717392921448,0.9918341636657715,2279,1407,0.38227686285972595,0.9969502091407776,0.993478536605835,1490,1316,0.27778002619743347,0.0013204015558585525,0.82405686378479,2345,832,0.16916966438293457,0.02041413076221943,0.8948410749435425,1628,1273,0.025499356910586357,0.002126162638887763,0.8582932353019714,2166,1126,-0.1521192044019699,0.06053900346159935,0.9856498837471008,1654,1248,-0.023063888773322105,0.004929410293698311,0.7897671461105347,2092,1197,-0.22620585560798645,0.08572835475206375,0.9790695309638977,1685,1330,-0.02832004241645336,0.005170077551156282,0.8310471177101135,2121,1328,-0.2008926123380661,0.08851441740989685,0.98610919713974,1697,1328,0.019202617928385735,0.004532576072961092,0.8801637887954712,2135,1307,-0.15071266889572144,0.061035409569740295,0.9909905195236206,1457,923,0.009081895463168621,0.9143469929695129,0.9321504235267639,1849,779,-0.010331721045076847,0.932029128074646,0.947282075881958,1262,1067,-0.24037465453147888,0.008197395130991936,0.559095561504364,1991,925,-0.060273315757513046,0.004682271275669336,0.791953980922699,1400,276,-0.23155085742473602,0.0029599368572235107,0.23010973632335663,1730,439,-0.13206979632377625,0.0035279719159007072,0.10443568229675293,1418,148,-0.23237724602222443,0.01011357456445694,0.1135285496711731,1640,317,-0.13675375282764435,0.009304569102823734,0.09354206174612045,1494,34,-0.4194915294647217,0.002842516405507922,0.08889009058475494,1709,379,-0.3031505048274994,0.003539231140166521,0.041030704975128174,None,None,None,None,None,None,None,None,None,None,nan,nan,nan,nan,nan
True,/data/uabcvmsc/shared/newborn/30/24.08.24-25.08.24/HM20240824215928.jpeg,36.9,26.3,2094,1770,0.2212776243686676,0.9751608967781067,0.9952425956726074,2061,1821,0.2650565803050995,0.9668282270431519,0.9890674948692322,2050,1848,0.2646167278289795,0.9580614566802979,0.9883798360824585,2020,1869,0.264774352312088,0.9655100107192993,0.9828540086746216,2138,1779,0.2678210735321045,0.9804096817970276,0.9914372563362122,2166,1767,0.2672267556190491,0.9822028875350952,0.9933542013168335,2209,1749,0.26673391461372375,0.9889196753501892,0.9931290149688721,1990,1837,0.43103471398353577,0.968374490737915,0.9899551868438721,2258,1704,0.4430333375930786,0.9768571257591248,0.9959583878517151,2027,1749,0.2809726595878601,0.9690495133399963,0.9963382482528687,2117,1699,0.2803453803062439,0.9721612334251404,0.9952898025512695,1653,1642,0.4254228472709656,0.998414158821106,0.9956933856010437,2246,1392,0.4119630455970764,0.9994489550590515,0.9980473518371582,1486,1108,0.31825581192970276,0.0014611808583140373,0.6933020353317261,2306,867,0.1889965981245041,0.05131469666957855,0.9064189195632935,1596,1093,0.12082090973854065,0.002980978926643729,0.904177188873291,2113,1191,-0.11459299176931381,0.19774697721004486,0.9932275414466858,1614,1073,0.08491165935993195,0.007580490317195654,0.9076781272888184,2041,1262,-0.1883639693260193,0.25280648469924927,0.9915505647659302,1633,1149,0.07617027312517166,0.007932686246931553,0.928537130355835,2044,1382,-0.16010528802871704,0.26313191652297974,0.9946678876876831,1648,1149,0.11566521972417831,0.007124581839889288,0.9440785646438599,2061,1362,-0.11280326545238495,0.18516956269741058,0.9964196681976318,1466,888,0.001031016232445836,0.7860711216926575,0.6864884495735168,1827,719,-0.002343318425118923,0.8887614011764526,0.7824039459228516,1369,1491,-0.12524224817752838,0.0071871294640004635,0.6186184883117676,2072,836,-0.045151326805353165,0.018914615735411644,0.8197829723358154,1175,1099,-0.23659543693065643,0.005161931738257408,0.2988085150718689,1847,392,-0.15478186309337616,0.011835016310214996,0.09497786313295364,1121,961,-0.2514362335205078,0.020892217755317688,0.1550913155078888,1758,266,-0.16400860249996185,0.029122618958353996,0.07334832102060318,1205,1129,-0.42290768027305603,0.007279636804014444,0.12674681842327118,1863,367,-0.3279382586479187,0.011904348619282246,0.04285615682601929,None,None,None,None,None,None,None,None,None,None,nan,nan,nan,nan,nan
False,/data/uabcvmsc/shared/newborn/30/24.08.24-25.08.24/HM20240824220029.jpeg,36.5,26.1,2132,1805,0.3114970326423645,0.8545382618904114,0.9799210429191589,2097,1855,0.35340678691864014,0.8080629110336304,0.9478363990783691,2079,1864,0.35297536849975586,0.7704522013664246,0.9430051445960999,2065,1874,0.3530955910682678,0.7968510985374451,0.9171646237373352,2170,1823,0.3582761287689209,0.8890961408615112,0.9668186902999878,2207,1807,0.3576686978340149,0.9083537459373474,0.9769312739372253,2235,1798,0.35708490014076233,0.9461222887039185,0.9791503548622131,2011,1840,0.4936143755912781,0.8420039415359497,0.9536181688308716,2255,1718,0.5151563882827759,0.9053829312324524,0.9901976585388184,2056,1782,0.36009806394577026,0.9018023610115051,0.9914956092834473,2142,1737,0.36273667216300964,0.9181493520736694,0.9912579655647278,1683,1733,0.46771350502967834,0.9979436993598938,0.9932413101196289,2245,1442,0.4677245318889618,0.9995686411857605,0.9988481998443604,1437,1090,0.3760407269001007,0.0012301162350922823,0.736417829990387,2464,879,0.24083368480205536,0.13370457291603088,0.978412926197052,1594,1064,0.2148054838180542,0.003099268302321434,0.9589897990226746,2274,1354,-0.06954259425401688,0.7337270379066467,0.9994039535522461,1643,1036,0.18977193534374237,0.007033958099782467,0.9583910703659058,2183,1442,-0.1451926976442337,0.7293766736984253,0.9990088939666748,1656,1134,0.18423476815223694,0.006479138042777777,0.9670106768608093,2161,1502,-0.10655669867992401,0.7182709574699402,0.9993602633476257,1663,1141,0.2127852439880371,0.006135315168648958,0.9761677980422974,2210,1475,-0.06378716975450516,0.6032664179801941,0.9996240139007568,1506,999,-0.00877077691257,0.8584848046302795,0.7194055318832397,1837,878,0.007403241004794836,0.9392828941345215,0.8751082420349121,1488,1690,-0.08838272839784622,0.008111070841550827,0.5142541527748108,2123,1275,-0.012669828720390797,0.026077227666974068,0.8613052368164062,1488,1163,-0.21113304793834686,0.0043166386894881725,0.1728578805923462,1748,1055,-0.1683395802974701,0.015961218625307083,0.09956437349319458,1446,1027,-0.22522565722465515,0.01845669187605381,0.07375988364219666,1625,954,-0.18106164038181305,0.06593199819326401,0.07357802987098694,1643,1119,-0.39291828870773315,0.004259968176484108,0.04733060672879219,1811,1081,-0.3364369571208954,0.016858113929629326,0.02685897797346115
False,/data/uabcvmsc/shared/newborn/30/24.08.24-25.08.24/HM20240824220130.jpeg,36.8,26.0
False,/data/uabcvmsc/shared/newborn/30/24.08.24-25.08.24/HM20240824220231.jpeg,36.6,26.0
False,/data/uabcvmsc/shared/newborn/30/24.08.24-25.08.24/HM20240824220332.jpeg,37.0,26.2
False,/data/uabcvmsc/shared/newborn/30/24.08.24-25.08.24/HM20240824220433.jpeg,37.0,26.3
False,/data/uabcvmsc/shared/newborn/30/24.08.24-25.08.24/HM20240824220534.jpeg,37.2,26.2
False,/data/uabcvmsc/shared/newborn/30/24.08.24-25.08.24/HM20240824220635.jpeg,37.0,26.1
False,/data/uabcvmsc/shared/newborn/30/24.08.24-25.08.24/HM20240824220736.jpeg,36.8,26.1
False,/data/uabcvmsc/shared/newborn/30/24.08.24-25.08.24/HM20240824220837.jpeg,37.1,26.1
False,/data/uabcvmsc/shared/newborn/30/24.08.24-25.08.24/HM20240824220938.jpeg,36.7,26.3
False,/data/uabcvmsc/shared/newborn/30/24.08.24-25.08.24/HM20240824221039.jpeg,36.7,26.1
False,/data/uabcvmsc/shared/newborn/30/24.08.24-25.08.24/HM20240824221140.jpeg,37.0,26.2
False,/data/uabcvmsc/shared/newborn/30/24.08.24-25.08.24/HM20240824221241.jpeg,37.0,26.1
False,/data/uabcvmsc/shared/newborn/30/24.08.24-25.08.24/HM20240824221343.jpeg,36.7,26.2
False,/data/uabcvmsc/shared/newborn/30/24.08.24-25.08.24/HM20240824221444.jpeg,36.6,26.0
False,/data/uabcvmsc/shared/newborn/30/24.08.24-25.08.24/HM20240824221545.jpeg,36.9,25.6
False,/data/uabcvmsc/shared/newborn/30/24.08.24-25.08.24/HM20240824221646.jpeg,36.7,26.0
False,/data/uabcvmsc/shared/newborn/30/24.08.24-25.08.24/HM20240824221747.jpeg,35.5,25.9
False,/data/uabcvmsc/shared/newborn/30/24.08.24-25.08.24/HM20240824221848.jpeg,36.8,17.5
False,/data/uabcvmsc/shared/newborn/30/24.08.24-25.08.24/HM20240824221949.jpeg,39.3,17.1
False,/data/uabcvmsc/shared/newborn/30/24.08.24-25.08.24/HM20240824222050.jpeg,38.9,26.3
False,/data/uabcvmsc/shared/newborn/30/24.08.24-25.08.24/HM20240824222151.jpeg,38.3,26.5
False,/data/uabcvmsc/shared/newborn/30/24.08.24-25.08.24/HM20240824222252.jpeg,37.3,26.1
False,/data/uabcvmsc/shared/newborn/30/24.08.24-25.08.24/HM20240824222353.jpeg,37.3,26.5
False,/data/uabcvmsc/shared/newborn/30/24.08.24-25.08.24/HM20240824222454.jpeg,36.8,27.1
False,/data/uabcvmsc/shared/newborn/30/24.08.24-25.08.24/HM20240824222555.jpeg,36.9,26.4
False,/data/uabcvmsc/shared/newborn/30/24.08.24-25.08.24/HM20240824222656.jpeg,37.1,26.3
False,/data/uabcvmsc/shared/newborn/30/24.08.24-25.08.24/HM20240824222758.jpeg,36.7,26.4
False,/data/uabcvmsc/shared/newborn/30/24.08.24-25.08.24/HM20240824222859.jpeg,37.1,26.4
False,/data/uabcvmsc/shared/newborn/30/24.08.24-25.08.24/HM20240824223000.jpeg,37.1,26.5
False,/data/uabcvmsc/shared/newborn/30/24.08.24-25.08.24/HM20240824223101.jpeg,36.4,26.5
False,/data/uabcvmsc/shared/newborn/30/24.08.24-25.08.24/HM20240824223202.jpeg,37.0,26.5
False,/data/uabcvmsc/shared/newborn/30/24.08.24-25.08.24/HM20240824223304.jpeg,36.3,26.3
True,/data/uabcvmsc/shared/newborn/30/24.08.24-25.08.24/HM20240824223405.jpeg,37.4,26.5,2769,1651,-0.025794629007577896,0.999583899974823,0.9997469782829285,2758,1689,0.012265616096556187,0.9984821677207947,0.9993305206298828,2741,1704,0.011924006044864655,0.9981524348258972,0.9993225336074829,2723,1721,0.011875605210661888,0.9984654188156128,0.9989410042762756,2800,1642,0.009945194236934185,0.9991756081581116,0.9993937015533447,2812,1624,0.00946121197193861,0.9991821646690369,0.9994906187057495,2828,1603,0.009163635782897472,0.9993891716003418,0.9993897676467896,2679,1707,0.15870267152786255,0.9982713460922241,0.9989952445030212,2811,1535,0.15128518640995026,0.9983959794044495,0.9994404911994934,2708,1641,0.026734769344329834,0.9981604218482971,0.9994412064552307,2762,1586,0.020841380581259727,0.9982919096946716,0.9992515444755554,2322,1611,0.1722649335861206,0.9993677735328674,0.9985687732696533,2740,1162,0.16378305852413177,0.9997639060020447,0.9992724061012268,1964,1583,0.01387376431375742,0.016340358182787895,0.9524090886116028,2713,787,0.011590758338570595,0.1329033374786377,0.990166425704956,1860,1691,-0.240203857421875,0.006614477839320898,0.8642652034759521,2488,902,-0.2055213749408722,0.0902353823184967,0.9883430600166321,1811,1730,-0.2902284562587738,0.015387620776891708,0.8250572085380554,2445,881,-0.25785794854164124,0.12430820614099503,0.9797695875167847,1865,1754,-0.30488303303718567,0.017082538455724716,0.8375363945960999,2459,957,-0.26890939474105835,0.13321413099765778,0.9834594130516052,1888,1729,-0.2531447410583496,0.01617228426039219,0.8721792697906494,2466,971,-0.21864053606987,0.12245956063270569,0.9893935918807983,1909,1069,-0.008801579475402832,0.9891008734703064,0.9881255626678467,2148,786,0.007863559760153294,0.9948469400405884,0.9935430288314819,1910,1659,-0.4100814163684845,0.2047915756702423,0.9922027587890625,2304,763,-0.3391600251197815,0.3814573884010315,0.9971107244491577,1021,1728,-0.6147463917732239,0.202031210064888,0.9184021353721619,1879,-60,-0.37440377473831177,0.26653608679771423,0.8631032109260559,872,1663,-0.6451393961906433,0.2649299204349518,0.8259463310241699,1774,-175,-0.3807526230812073,0.23242054879665375,0.8077951073646545,795,1874,-0.8109031915664673,0.22400085628032684,0.5951129794120789,1802,-329,-0.5117690563201904,0.18833494186401367,0.516100287437439,2531,1386,None,None,None,None,None,None,None,None,35.22,nan,nan,nan,nan
False,/data/uabcvmsc/shared/newborn/30/24.08.24-25.08.24/HM20240824223507.jpeg,37.7,26.6,2874,855,0.41482314467430115,0.999895453453064,0.9999994039535522,2871,894,0.46209436655044556,0.9998501539230347,0.999998927116394,2864,907,0.4618150293827057,0.9998214840888977,0.999998927116394,2852,931,0.46195459365844727,0.9998158812522888,0.9999983310699463,2892,838,0.47495338320732117,0.9998825788497925,0.9999985694885254,2896,821,0.47455406188964844,0.9998836517333984,0.9999985694885254,2901,807,0.4745575487613678,0.9998745918273926,0.9999979734420776,2813,945,0.5969784259796143,0.9998787641525269,0.9999985694885254,2877,772,0.6514738202095032,0.9995701909065247,0.9999969005584717,2815,872,0.45447301864624023,0.999840497970581,0.9999985694885254,2829,795,0.46642565727233887,0.9997724890708923,0.9999966621398926,2437,1062,0.5318610668182373,0.9999637603759766,0.9999856948852539,2755,547,0.5386042594909668,0.9999659061431885,0.9999747276306152,2082,1261,0.2717873752117157,0.21522870659828186,0.9978530406951904,2646,343,0.18243016302585602,0.23237790167331696,0.9993475079536438,2244,1514,0.007113398984074593,0.3098456561565399,0.9999169111251831,2597,316,-0.1853405237197876,0.7119037508964539,0.9997976422309875,2290,1589,-0.02695486508309841,0.40373507142066956,0.9998944997787476,2589,310,-0.255401611328125,0.7396458983421326,0.999670147895813,2318,1600,-0.030966822057962418,0.36213982105255127,0.9999308586120605,2567,357,-0.24953678250312805,0.73228520154953,0.9997847676277161,2308,1554,0.0017339426558464766,0.31892409920692444,0.9999537467956543,2555,383,-0.1994849592447281,0.6795157194137573,0.9998689889907837,1892,760,0.031005309894680977,0.9997989535331726,0.999971866607666,2114,473,-0.03263018652796745,0.9996989965438843,0.9999504089355469,1976,1654,-0.1751667559146881,0.973403811454773,0.9999680519104004,2678,917,-0.2598040699958801,0.9702990651130676,0.9999879598617554,1093,1624,-0.5314099788665771,0.955355703830719,0.9994634985923767,2493,1344,-0.5471788644790649,0.9068049788475037,0.9999344348907471,956,1566,-0.5751202702522278,0.9826580882072449,0.9974009990692139,2305,1345,-0.575426459312439,0.9813507795333862,0.999855637550354,991,1870,-0.7623757123947144,0.9236491918563843,0.9917961359024048,2561,1593,-0.6718490123748779,0.9313731789588928,0.9989380240440369
True,/data/uabcvmsc/shared/newborn/30/24.08.24-25.08.24/HM20240824223608.jpeg,37.4,26.1,2892,849,0.4009827971458435,0.9989853501319885,0.9999920129776001,2910,860,0.42947474122047424,0.998666524887085,0.9999816417694092,2907,865,0.42912569642066956,0.9981914162635803,0.9999822378158569,2898,889,0.42920786142349243,0.9986864924430847,0.9999741315841675,2927,820,0.45049354434013367,0.9988217949867249,0.9999796152114868,2918,797,0.45005327463150024,0.9986193180084229,0.9999817609786987,2924,784,0.44987940788269043,0.9990234375,0.9999780654907227,2860,916,0.5058161020278931,0.9989234805107117,0.9999779462814331,2853,855,0.6018824577331543,0.9961928129196167,0.9999736547470093,2818,897,0.4226439893245697,0.9988282322883606,0.99998939037323,2809,845,0.44732797145843506,0.9980854988098145,0.9999743700027466,2444,1131,0.4499277174472809,0.9998912811279297,0.9999655485153198,2684,766,0.4753158390522003,0.9999773502349854,0.9999774694442749,2118,972,0.25352001190185547,0.032080650329589844,0.998196542263031,2660,610,0.20891021192073822,0.3570394814014435,0.9998738765716553,2171,874,0.06995552778244019,0.04525115713477135,0.9997665286064148,2552,542,-0.14826051890850067,0.7639029622077942,0.9998921155929565,2154,834,0.032010797411203384,0.07953045517206192,0.9996758699417114,2517,493,-0.22836975753307343,0.7805397510528564,0.9997158646583557,2206,872,0.02218945510685444,0.0759604200720787,0.9997536540031433,2488,539,-0.2350812703371048,0.794448733329773,0.9997610449790955,2209,879,0.0643133670091629,0.0628245621919632,0.9998314380645752,2485,563,-0.16704556345939636,0.7373740673065186,0.9998809099197388,1851,842,0.042918749153614044,0.9987444877624512,0.9995847344398499,2001,596,-0.044026874005794525,0.9993051290512085,0.9996139407157898,2034,1667,-0.11814486980438232,0.12033484876155853,0.9995424747467041,2288,1200,-0.26419445872306824,0.6680771708488464,0.9998931884765625,1174,1744,-0.46627873182296753,0.19176259636878967,0.9901024103164673,1775,1237,-0.44671866297721863,0.2761319875717163,0.9969356060028076,1005,1649,-0.5114147663116455,0.4402870535850525,0.9658975601196289,1630,1164,-0.46414729952812195,0.5960769653320312,0.9937931299209595,1079,2038,-0.6917366981506348,0.23558667302131653,0.9115407466888428,1734,1410,-0.5648882985115051,0.3710159361362457,0.9778168797492981,None,None,None,None,None,None,None,None,None,None,nan,nan,nan,nan,nan
False,/data/uabcvmsc/shared/newborn/30/24.08.24-25.08.24/HM20240824223709.jpeg,37.5,26.1
False,/data/uabcvmsc/shared/newborn/30/24.08.24-25.08.24/HM20240824223810.jpeg,37.5,26.0
False,/data/uabcvmsc/shared/newborn/30/24.08.24-25.08.24/HM20240824223911.jpeg,37.8,26.0
False,/data/uabcvmsc/shared/newborn/30/24.08.24-25.08.24/HM20240824224013.jpeg,36.3,26.4,2447,1774,0.3173997402191162,0.999826967716217,0.9999940395355225,2424,1808,0.35602709650993347,0.9993185997009277,0.9999841451644897,2398,1814,0.35571032762527466,0.999497652053833,0.999984622001648,2382,1821,0.35568222403526306,0.9992660880088806,0.99997878074646,2493,1792,0.3620792031288147,0.9996945858001709,0.9999852180480957,2518,1783,0.3616812527179718,0.9998014569282532,0.9999876022338867,2541,1774,0.36151114106178284,0.9997448325157166,0.9999852180480957,2337,1803,0.46762609481811523,0.9996721744537354,0.9999923706054688,2504,1769,0.4924803674221039,0.999697208404541,0.9999895095825195,2407,1731,0.3510777950286865,0.999605119228363,0.9999933242797852,2473,1696,0.35548457503318787,0.9995618462562561,0.9999891519546509,2134,1639,0.39906036853790283,0.9999902248382568,0.999991774559021,2568,1359,0.4653545320034027,0.9999849796295166,0.9999809265136719,1860,1484,0.2727007567882538,0.3806408941745758,0.999565064907074,2543,923,0.33632510900497437,0.1436503827571869,0.999300479888916,1708,1789,0.14988066256046295,0.5873160362243652,0.9999589920043945,2756,629,0.1877262443304062,0.35790324211120605,0.9995470643043518,1652,1821,0.13330413401126862,0.6666419506072998,0.9999375343322754,2785,547,0.1644696146249771,0.4073222577571869,0.9993233680725098,1664,1868,0.12135940790176392,0.6451834440231323,0.9999321699142456,2779,538,0.13553109765052795,0.4067889153957367,0.9992235898971558,1697,1849,0.14059951901435852,0.6255903840065002,0.9999549388885498,2766,596,0.16650761663913727,0.4419652223587036,0.9995514750480652,1991,1135,-0.025064978748559952,0.9994845390319824,0.9996901750564575,2281,959,0.023784207180142403,0.9995664954185486,0.999521017074585,2200,1498,-0.07472063601016998,0.8646254539489746,0.999962329864502,2513,1273,-0.07566177845001221,0.7486785054206848,0.9999160766601562,1789,1423,-0.25953221321105957,0.5594289302825928,0.9995162487030029,2346,900,-0.1477399468421936,0.30791178345680237,0.9976369142532349,1709,1345,-0.28538596630096436,0.9261178374290466,0.9983229041099548,2279,795,-0.15849675238132477,0.8491358757019043,0.9963077306747437,1735,1560,-0.4097546637058258,0.903913676738739,0.9967799782752991,2384,878,-0.2519601583480835,0.7277951240539551,0.9920045733451843
False,/data/uabcvmsc/shared/newborn/30/24.08.24-25.08.24/HM20240824224114.jpeg,37.2,26.3
True,/data/uabcvmsc/shared/newborn/30/24.08.24-25.08.24/HM20240824224215.jpeg,36.2,25.8,3008,893,0.38440215587615967,0.9947665929794312,0.999873161315918,3049,912,0.42566925287246704,0.9940563440322876,0.9998718500137329,3052,931,0.42520543932914734,0.9962719678878784,0.9998965263366699,3052,951,0.42516785860061646,0.9963899254798889,0.9998964071273804,3042,861,0.4287223219871521,0.99383544921875,0.9997314810752869,3037,845,0.428394079208374,0.9955469369888306,0.9996950626373291,3033,829,0.42822161316871643,0.9938263297080994,0.999599039554596,2980,947,0.5520356297492981,0.9990515112876892,0.9999610185623169,2983,818,0.5666225552558899,0.9901443719863892,0.9995837807655334,2937,937,0.4251171052455902,0.9983041286468506,0.9999632835388184,2923,879,0.4258219301700592,0.9955698847770691,0.9998338222503662,2635,1232,0.5321398973464966,0.9999425411224365,0.9999531507492065,2723,652,0.49624478816986084,0.9996570348739624,0.9991806149482727,2333,1370,0.3367275595664978,0.35827797651290894,0.9895285964012146,2369,583,0.3250628709793091,0.04755984991788864,0.9653415679931641,2551,1510,0.06985826045274734,0.8549375534057617,0.9999426603317261,2618,534,0.13855305314064026,0.5794980525970459,0.9986715316772461,2708,1566,0.03662865236401558,0.8904491662979126,0.9999366998672485,2680,519,0.10155356675386429,0.7376028299331665,0.9990206956863403,2737,1555,0.03763653337955475,0.8704161643981934,0.9999521970748901,2747,520,0.09714413434267044,0.7235398292541504,0.9991668462753296,2729,1510,0.06556185334920883,0.8386186957359314,0.9999709129333496,2729,544,0.12704958021640778,0.6842234134674072,0.9994827508926392,2001,1130,0.05217328667640686,0.9984478950500488,0.999006450176239,2094,764,-0.05321168527007103,0.9975019097328186,0.9968549013137817,2437,1715,-0.21895883977413177,0.8888819217681885,0.9997695088386536,2523,1003,-0.320580393075943,0.9729904532432556,0.9997443556785583,1939,1460,-0.49714696407318115,0.7465248107910156,0.9995548129081726,1991,1280,-0.5618095993995667,0.9358865022659302,0.9973434805870056,1746,1359,-0.5347005128860474,0.950764536857605,0.9983236193656921,1805,1308,-0.5887126326560974,0.9842979907989502,0.9954656958580017,1931,1601,-0.7447665929794312,0.9042196869850159,0.9890488386154175,2014,1369,-0.7589747905731201,0.9753012657165527,0.9632242321968079,None,None,None,None,2681,1535,1937,1319,1872,1473,nan,nan,30.98,34.12,32.00
False,/data/uabcvmsc/shared/newborn/30/24.08.24-25.08.24/HM20240824224316.jpeg,36.0,25.9
False,/data/uabcvmsc/shared/newborn/30/24.08.24-25.08.24/HM20240824224417.jpeg,36.7,26.6
False,/data/uabcvmsc/shared/newborn/30/24.08.24-25.08.24/HM20240824224518.jpeg,36.3,26.2
False,/data/uabcvmsc/shared/newborn/30/24.08.24-25.08.24/HM20240824224619.jpeg,35.9,26.0
False,/data/uabcvmsc/shared/newborn/30/24.08.24-25.08.24/HM20240824224720.jpeg,35.9,26.8
False,/data/uabcvmsc/shared/newborn/30/24.08.24-25.08.24/HM20240824224821.jpeg,35.8,26.1
False,/data/uabcvmsc/shared/newborn/30/24.08.24-25.08.24/HM20240824224923.jpeg,36.1,26.2
True,/data/uabcvmsc/shared/newborn/30/24.08.24-25.08.24/HM20240824225025.jpeg,35.9,26.2,2857,1725,0.06795043498277664,0.9996329545974731,0.9999209642410278,2848,1765,0.10025744885206223,0.999077558517456,0.9997718930244446,2828,1786,0.09992068260908127,0.9989266991615295,0.9997772574424744,2811,1808,0.10002817958593369,0.9991201758384705,0.9996809959411621,2888,1707,0.10652709007263184,0.9994333386421204,0.9998055100440979,2898,1687,0.10604121536016464,0.9994612336158752,0.9998513460159302,2894,1657,0.10572685301303864,0.9996306896209717,0.9998412132263184,2752,1813,0.23198674619197845,0.9990414977073669,0.9997813105583191,2860,1616,0.265598326921463,0.9991105198860168,0.9998602867126465,2780,1732,0.11611633747816086,0.9990754127502441,0.9998797178268433,2818,1668,0.12186820060014725,0.9986479878425598,0.9997932314872742,2223,1714,0.2366175353527069,0.9993440508842468,0.9993948936462402,2707,1254,0.2689599394798279,0.9997411370277405,0.9995978474617004,1961,1263,0.09492243826389313,0.004824846982955933,0.9197661876678467,2478,893,0.1916043609380722,0.05430784076452255,0.9913057684898376,2043,1012,-0.11745046824216843,0.002310497220605612,0.9421036839485168,2337,831,0.0534125454723835,0.02451273798942566,0.9873532056808472,2044,937,-0.1667655110359192,0.006123936269432306,0.9585318565368652,2291,797,0.013956766575574875,0.04619792103767395,0.9857869148254395,2079,991,-0.1752244085073471,0.007125371135771275,0.9639093279838562,2314,854,-0.007787338923662901,0.053966037929058075,0.9867035150527954,2083,1006,-0.12351251393556595,0.005945610348135233,0.9659965634346008,2326,870,0.03955719619989395,0.05060170963406563,0.9905685782432556,1713,1023,-0.009549432434141636,0.9494010806083679,0.9728278517723083,1960,732,0.00843579601496458,0.9724956154823303,0.9826179146766663,2120,1734,-0.45680639147758484,0.11421871185302734,0.9980176687240601,2291,906,-0.242070734500885,0.21410025656223297,0.9984374642372131,1149,1523,-0.7856642603874207,0.17325186729431152,0.9674444198608398,1608,180,-0.19746899604797363,0.1335325390100479,0.9402903914451599,898,1282,-0.828742504119873,0.2548806369304657,0.9065189361572266,1469,59,-0.1936037838459015,0.12766945362091064,0.9118881821632385,940,1570,-1.057046890258789,0.3233718276023865,0.7235041260719299,1487,6,-0.33338314294815063,0.1705523282289505,0.7484066486358643,2465,1484,None,None,None,None,None,None,None,None,33.96,nan,nan,nan,nan
False,/data/uabcvmsc/shared/newborn/30/24.08.24-25.08.24/HM20240824225127.jpeg,36.5,26.3
False,/data/uabcvmsc/shared/newborn/30/24.08.24-25.08.24/HM20240824225228.jpeg,36.3,26.5
False,/data/uabcvmsc/shared/newborn/30/24.08.24-25.08.24/HM20240824225329.jpeg,36.8,26.3
False,/data/uabcvmsc/shared/newborn/30/24.08.24-25.08.24/HM20240824225435.jpeg,36.2,26.3
False,/data/uabcvmsc/shared/newborn/30/24.08.24-25.08.24/HM20240824225536.jpeg,36.3,26.7
False,/data/uabcvmsc/shared/newborn/30/24.08.24-25.08.24/HM20240824225637.jpeg,36.4,27.1
False,/data/uabcvmsc/shared/newborn/30/24.08.24-25.08.24/HM20240824225738.jpeg,36.4,27.1
False,/data/uabcvmsc/shared/newborn/30/24.08.24-25.08.24/HM20240824225840.jpeg,36.3,26.9
False,/data/uabcvmsc/shared/newborn/30/24.08.24-25.08.24/HM20240824225941.jpeg,36.3,25.9
False,/data/uabcvmsc/shared/newborn/30/24.08.24-25.08.24/HM20240824230042.jpeg,36.3,26.3
False,/data/uabcvmsc/shared/newborn/30/24.08.24-25.08.24/HM20240824230143.jpeg,36.1,26.3
False,/data/uabcvmsc/shared/newborn/30/24.08.24-25.08.24/HM20240824230244.jpeg,36.2,26.4
False,/data/uabcvmsc/shared/newborn/30/24.08.24-25.08.24/HM20240824230346.jpeg,36.1,26.3
True,/data/uabcvmsc/shared/newborn/30/24.08.24-25.08.24/HM20240824230447.jpeg,36.2,26.1,2468,1412,0.35204237699508667,0.9989691972732544,0.9998608827590942,2450,1499,0.37262383103370667,0.9979731440544128,0.99983811378479,2430,1509,0.37223246693611145,0.9980928301811218,0.9998358488082886,2409,1517,0.3723871409893036,0.9979092478752136,0.9997625946998596,2507,1484,0.38380056619644165,0.9984758496284485,0.9998353719711304,2526,1481,0.3833756148815155,0.9988552331924438,0.9998540878295898,2547,1478,0.38322755694389343,0.9989319443702698,0.9998296499252319,2373,1534,0.46447116136550903,0.9989301562309265,0.9997296929359436,2576,1484,0.5113845467567444,0.9982724189758301,0.9997847676277161,2420,1369,0.3900482952594757,0.9962698221206665,0.9993925094604492,2483,1351,0.39799898862838745,0.995776891708374,0.9991920590400696,2201,1402,0.36119920015335083,0.9995477795600891,0.9982136487960815,2698,1215,0.5136087536811829,0.9996522665023804,0.9984999895095825,1916,1004,0.10947547107934952,0.11735749989748001,0.8404762744903564,2618,906,0.4100584387779236,0.03699690103530884,0.9666168093681335,2456,985,-0.10418172925710678,0.07386067509651184,0.9801270961761475,2582,676,0.33106720447540283,0.060120295733213425,0.9709903597831726,2593,936,-0.15173138678073883,0.14177750051021576,0.9827685952186584,2593,583,0.30993321537971497,0.11063586920499802,0.9574410319328308,2635,1011,-0.11235804110765457,0.14538885653018951,0.9857743978500366,2583,597,0.29472604393959045,0.12121187150478363,0.9616104960441589,2587,1016,-0.08812640607357025,0.114148810505867,0.9860468506813049,2566,632,0.3179478347301483,0.1252310425043106,0.9719241261482239,1937,587,-0.01735188625752926,0.9486246109008789,0.916979968547821,2243,364,0.015853479504585266,0.9599154591560364,0.9221625924110413,1942,1538,-0.23215940594673157,0.16736264526844025,0.9720877408981323,2339,383,0.030357610434293747,0.2004004716873169,0.9683746099472046,903,986,-0.47080010175704956,0.2301652878522873,0.8455159664154053,2112,-561,0.04043184965848923,0.22740599513053894,0.5307968854904175,750,677,-0.5029228925704956,0.35678377747535706,0.6779098510742188,2038,-714,0.04012973606586456,0.2740454077720642,0.47193580865859985,641,749,-0.7058839797973633,0.29235950112342834,0.426242858171463,2056,-886,-0.10479987412691116,0.21896274387836456,0.25448742508888245,2450,1308,None,None,None,None,None,None,None,None,32.16,nan,nan,nan,nan
False,/data/uabcvmsc/shared/newborn/30/24.08.24-25.08.24/HM20240824230548.jpeg,36.1,26.0
True,/data/uabcvmsc/shared/newborn/30/24.08.24-25.08.24/HM20240824230649.jpeg,35.8,26.1,2329,1899,0.1341618150472641,0.9914134740829468,0.9980327486991882,2311,1973,0.15382541716098785,0.9872778654098511,0.9970352649688721,2289,1985,0.1534288078546524,0.986122190952301,0.9971911311149597,2267,1995,0.15354523062705994,0.9875164031982422,0.9962068796157837,2367,1952,0.1704975813627243,0.9905920624732971,0.9970948696136475,2374,1952,0.17000341415405273,0.9921384453773499,0.9976134300231934,2385,1952,0.16962720453739166,0.9941693544387817,0.9974874258041382,2207,1973,0.23978430032730103,0.9929021000862122,0.9974926710128784,2374,1904,0.31929072737693787,0.9905286431312561,0.9982886910438538,2254,1861,0.16778655350208282,0.9831262230873108,0.9981714487075806,2319,1825,0.18668659031391144,0.9764544367790222,0.9964812994003296,1929,1777,0.218597412109375,0.9985887408256531,0.9981583952903748,2384,1613,0.3486921191215515,0.9989560842514038,0.9984103441238403,1758,1274,0.1190221980214119,0.0073808711022138596,0.8622750043869019,2343,1179,0.35237374901771545,0.01430143415927887,0.9741265773773193,2005,1202,0.027602775022387505,0.004868595395237207,0.9622690081596375,2313,1236,0.315093070268631,0.03084729239344597,0.9928268194198608,2065,1146,0.0010431446135044098,0.01254755537956953,0.9619703888893127,2299,1222,0.29720810055732727,0.06494728475809097,0.9910291433334351,2084,1221,0.0015576666919514537,0.013470683246850967,0.9676525592803955,2301,1302,0.29482197761535645,0.0696982592344284,0.9917790293693542,2072,1233,0.028626488521695137,0.012422007508575916,0.9729218482971191,2298,1309,0.31047502160072327,0.06748313456773758,0.9944456815719604,1772,975,-0.04124228656291962,0.9887468218803406,0.9904878735542297,2087,904,0.04030177742242813,0.9915629625320435,0.9932825565338135,1894,1702,-0.2953847050666809,0.2582972049713135,0.9959040284156799,2332,1240,0.06695305556058884,0.2078457772731781,0.9973638653755188,1339,795,-0.4218822717666626,0.3327427804470062,0.9723145961761475,2124,474,-0.021622996777296066,0.35134896636009216,0.9362921118736267,1277,643,-0.4374491274356842,0.37153053283691406,0.9191506505012512,2036,336,-0.029703831300139427,0.36100107431411743,0.913709819316864,1234,573,-0.5775557160377502,0.35694438219070435,0.6370578408241272,2167,233,-0.13252438604831696,0.2996581196784973,0.5729297995567322,2156,1695,None,None,None,None,None,None,None,None,33.86,nan,nan,nan,nan
False,/data/uabcvmsc/shared/newborn/30/24.08.24-25.08.24/HM20240824230750.jpeg,36.0,26.2
False,/data/uabcvmsc/shared/newborn/30/24.08.24-25.08.24/HM20240824230851.jpeg,35.9,26.2
True,/data/uabcvmsc/shared/newborn/30/24.08.24-25.08.24/HM20240824230952.jpeg,35.8,26.2,2371,1746,0.14509356021881104,0.9981067180633545,0.9998588562011719,2284,1827,0.18813924491405487,0.9971227049827576,0.9997407793998718,2250,1827,0.18771398067474365,0.9965069890022278,0.9997527003288269,2199,1829,0.1878591924905777,0.997177243232727,0.9996464252471924,2390,1838,0.1967492699623108,0.9977807402610779,0.9996672868728638,2421,1842,0.19629846513271332,0.9976173043251038,0.9996836185455322,2462,1842,0.195977583527565,0.9982516169548035,0.9995935559272766,2120,1785,0.3587019741535187,0.9966764450073242,0.9997120499610901,2473,1804,0.39717161655426025,0.9938014149665833,0.9995794892311096,2306,1641,0.20578765869140625,0.9929355978965759,0.9996802806854248,2422,1644,0.21222923696041107,0.9897469282150269,0.999372661113739,1909,1498,0.36796969175338745,0.9983378648757935,0.998508870601654,2578,1363,0.38910114765167236,0.9983723759651184,0.9969552755355835,1762,1017,0.22000890970230103,0.008596999570727348,0.8737908601760864,2555,816,0.23864096403121948,0.008039501495659351,0.9033703207969666,1997,1107,0.02586466819047928,0.006309869233518839,0.9780910015106201,2407,1068,0.08613535761833191,0.008175056427717209,0.9652416110038757,2060,1103,-0.009389146231114864,0.013708683662116528,0.9773010611534119,2373,1110,0.045655570924282074,0.015271049924194813,0.9640321731567383,2067,1171,-0.005350411869585514,0.014037217944860458,0.983130693435669,2394,1196,0.053036998957395554,0.016494741663336754,0.9700931310653687,2063,1164,0.026579326018691063,0.011684735305607319,0.9864199757575989,2396,1181,0.08149776607751846,0.01623830758035183,0.9787698984146118,1848,592,0.026505323126912117,0.9236863255500793,0.9617685675621033,2217,500,-0.02777109295129776,0.9325485229492188,0.9505874514579773,1774,1720,-0.2776954472064972,0.032243840396404266,0.9899135828018188,2311,1284,-0.18203331530094147,0.09734205156564713,0.9944278001785278,1116,702,-0.5639452934265137,0.04113053157925606,0.8606970906257629,1796,143,-0.31426912546157837,0.12094321846961975,0.7814213037490845,1004,400,-0.6014430522918701,0.09498033672571182,0.6731932759284973,1715,-83,-0.3282031714916229,0.15645188093185425,0.6691308617591858,864,561,-0.8161452412605286,0.06198868155479431,0.3701227307319641,1660,-42,-0.49208810925483704,0.10947857052087784,0.3005044758319855,2244,1430,None,None,None,None,None,None,None,None,33.84,nan,nan,nan,nan
True,/data/uabcvmsc/shared/newborn/30/24.08.24-25.08.24/HM20240824231054.jpeg,36.0,26.3,2337,1747,0.16727060079574585,0.9920936226844788,0.9995330572128296,2260,1806,0.2118345946073532,0.9904701709747314,0.9992936849594116,2218,1800,0.21126669645309448,0.9890333414077759,0.9993775486946106,2189,1798,0.21130448579788208,0.9915470480918884,0.9991819262504578,2365,1838,0.21499842405319214,0.9917562007904053,0.9989977478981018,2397,1849,0.21455201506614685,0.9918965697288513,0.9990540146827698,2427,1858,0.21419943869113922,0.994059681892395,0.9987913966178894,2136,1756,0.39066073298454285,0.9941603541374207,0.9994254112243652,2466,1836,0.40182995796203613,0.9827287793159485,0.9988792538642883,2305,1639,0.23124350607395172,0.9794658422470093,0.9990715980529785,2435,1666,0.23003019392490387,0.9712253212928772,0.9983581900596619,1935,1461,0.4035404324531555,0.9980145692825317,0.9983018636703491,2687,1398,0.37836453318595886,0.9976245760917664,0.9952086806297302,1710,994,0.33380621671676636,0.007851704955101013,0.9304463267326355,2463,914,0.1928098052740097,0.01738033816218376,0.8918609023094177,1907,995,0.22481974959373474,0.004318137187510729,0.9716609120368958,2336,1329,0.022551247850060463,0.027524182572960854,0.9821443557739258,1960,950,0.2044265866279602,0.009531737305223942,0.97206050157547,2280,1435,-0.021840346977114677,0.047844234853982925,0.9845389723777771,1975,1036,0.20695269107818604,0.009747102856636047,0.9735779166221619,2344,1510,-0.005550967529416084,0.05167493596673012,0.9841342568397522,1976,1048,0.22636401653289795,0.009201250970363617,0.9775843024253845,2349,1471,0.0209730863571167,0.04858020320534706,0.9886731505393982,1860,574,0.04206085205078125,0.9489495754241943,0.9573186635971069,2262,489,-0.04339977726340294,0.948746383190155,0.9284607768058777,1777,1724,-0.1782146841287613,0.053288862109184265,0.9842521548271179,2228,1410,-0.1120641678571701,0.1632712334394455,0.994422972202301,1020,650,-0.4341605007648468,0.07455817610025406,0.8533505201339722,1657,281,-0.2320455014705658,0.22030134499073029,0.8061873912811279,964,441,-0.4676152467727661,0.1510472148656845,0.6942572593688965,1606,59,-0.2425878793001175,0.2547701299190521,0.7143430709838867,805,510,-0.6950947046279907,0.11273575574159622,0.3691250681877136,1379,78,-0.41777944564819336,0.2121296525001526,0.3257821798324585,None,None,None,None,None,None,None,None,None,None,nan,nan,nan,nan,nan
True,/data/uabcvmsc/shared/newborn/30/24.08.24-25.08.24/HM20240824231156.jpeg,36.2,26.6,2272,1804,0.17906548082828522,0.9960870742797852,0.999440610408783,2228,1848,0.21577215194702148,0.9919735193252563,0.9990288019180298,2202,1849,0.21532756090164185,0.9917439818382263,0.9991675615310669,2159,1855,0.2153964340686798,0.9928939938545227,0.9989572763442993,2322,1852,0.2169082760810852,0.993800938129425,0.9987030029296875,2348,1855,0.2165057361125946,0.9945152401924133,0.9988345503807068,2374,1859,0.2162388116121292,0.9954541921615601,0.9985931515693665,2144,1826,0.36743345856666565,0.9951710104942322,0.9993388056755066,2419,1840,0.3732253909111023,0.9887612462043762,0.9986314177513123,2230,1722,0.23580604791641235,0.9917530417442322,0.9994801878929138,2336,1717,0.2324829250574112,0.9866420030593872,0.9989468455314636,1908,1545,0.3477771282196045,0.9993351101875305,0.9993407130241394,2601,1383,0.38814958930015564,0.9985950589179993,0.9974812865257263,1601,1138,0.1812431365251541,0.031481869518756866,0.956505298614502,2415,929,0.2363346964120865,0.018921444192528725,0.9457913041114807,1899,1042,-0.07753507792949677,0.01573539711534977,0.9766555428504944,2302,1134,0.058337774127721786,0.021840039640665054,0.9767458438873291,1983,967,-0.1306353062391281,0.03310944139957428,0.977527916431427,2254,1167,0.006491627544164658,0.047576624900102615,0.9804409742355347,2025,1052,-0.12040620297193527,0.03444989398121834,0.9815307259559631,2293,1262,0.01101930532604456,0.05021694302558899,0.9824312329292297,2003,1070,-0.07599908858537674,0.027238629758358,0.9830993413925171,2303,1253,0.05176518112421036,0.045763108879327774,0.9861078262329102,1868,602,0.0022859694436192513,0.958323061466217,0.971807599067688,2239,493,-0.0035562943667173386,0.9608889818191528,0.962422788143158,1834,1744,-0.31200066208839417,0.15978701412677765,0.9966543912887573,2380,1079,-0.1623971164226532,0.3726635277271271,0.9970027804374695,1067,744,-0.5107046365737915,0.22703659534454346,0.9441820383071899,1989,-337,-0.23362495005130768,0.5723865032196045,0.8412799835205078,941,376,-0.5409285426139832,0.2938121259212494,0.8583508729934692,1910,-574,-0.2442554533481598,0.47918781638145447,0.7479488253593445,839,416,-0.7699007987976074,0.28606006503105164,0.5617095232009888,1928,-697,-0.44493043422698975,0.4625166058540344,0.3051195442676544,2254,1464,None,None,None,None,None,None,None,None,35.71,nan,nan,nan,nan
True,/data/uabcvmsc/shared/newborn/30/24.08.24-25.08.24/HM20240824231257.jpeg,35.9,26.2,2339,1686,0.18142345547676086,0.9955268502235413,0.9996463060379028,2263,1750,0.21771672368049622,0.9932205677032471,0.9994778037071228,2224,1750,0.21726644039154053,0.9927969574928284,0.999561607837677,2195,1750,0.21731875836849213,0.9940206408500671,0.9994421601295471,2358,1773,0.22403228282928467,0.9940630793571472,0.9991705417633057,2387,1784,0.2236177623271942,0.9943764209747314,0.999197781085968,2417,1802,0.22331567108631134,0.9954664707183838,0.9989602565765381,2160,1750,0.37512069940567017,0.9957155585289001,0.9996583461761475,2442,1779,0.4008735716342926,0.9866275191307068,0.9989950060844421,2297,1609,0.24070119857788086,0.9911432266235352,0.9996482133865356,2415,1621,0.2434229850769043,0.9858242273330688,0.9992592930793762,1977,1514,0.3756401836872101,0.9995718598365784,0.9996685981750488,2658,1409,0.4090781509876251,0.9990360736846924,0.998185932636261,1664,1156,0.22749076783657074,0.03892168775200844,0.9838278293609619,2544,867,0.23110057413578033,0.016766361892223358,0.9488645792007446,1960,1106,-0.009786780923604965,0.025185011327266693,0.9918769598007202,2328,1105,0.01075365487486124,0.02353215590119362,0.9821662306785583,2043,1039,-0.05653417110443115,0.04553268849849701,0.9891529083251953,2258,1154,-0.04532982409000397,0.04449286684393883,0.983250081539154,2083,1131,-0.0443163700401783,0.04557465761899948,0.9911547899246216,2305,1260,-0.03349372372031212,0.04598351567983627,0.9851802587509155,2066,1146,-0.006387760862708092,0.03659765049815178,0.992931604385376,2320,1245,0.006259125657379627,0.04209250584244728,0.9891751408576965,1935,674,0.021141115576028824,0.9816719889640808,0.9903466105461121,2308,546,-0.022413700819015503,0.9806305766105652,0.9815425276756287,1841,1761,-0.30917879939079285,0.1533886045217514,0.996798574924469,2360,1170,-0.23302386701107025,0.4201338589191437,0.996675968170166,1071,709,-0.5528171062469482,0.17917874455451965,0.9088449478149414,1734,-96,-0.3553099036216736,0.4709749221801758,0.8010311722755432,1005,410,-0.5867253541946411,0.259342223405838,0.7651003003120422,1647,-310,-0.3693646490573883,0.43146267533302307,0.6789979338645935,846,409,-0.8284192085266113,0.20507988333702087,0.3680375814437866,1528,-400,-0.580683708190918,0.36074361205101013,0.22618743777275085,2318,1462,None,None,None,None,None,None,None,None,35.41,nan,nan,nan,nan
False,/data/uabcvmsc/shared/newborn/30/24.08.24-25.08.24/HM20240824231400.jpeg,36.5,26.7
True,/data/uabcvmsc/shared/newborn/30/24.08.24-25.08.24/HM20240824231501.jpeg,36.2,26.3,2397,1756,0.15546709299087524,0.9958003163337708,0.9998447895050049,2303,1827,0.19417493045330048,0.9955700039863586,0.9997636675834656,2275,1823,0.19369691610336304,0.9951334595680237,0.9997867941856384,2232,1828,0.19373710453510284,0.9963188171386719,0.9997174143791199,2399,1843,0.20429639518260956,0.995682954788208,0.9996452331542969,2439,1845,0.20381303131580353,0.9955887794494629,0.9996563196182251,2460,1852,0.20347505807876587,0.9969171285629272,0.9995542168617249,2170,1789,0.34986186027526855,0.9966040849685669,0.9997768998146057,2463,1852,0.39354729652404785,0.9898390769958496,0.9995474219322205,2333,1668,0.21098226308822632,0.9880582690238953,0.9996483325958252,2452,1669,0.21967582404613495,0.9826666116714478,0.999330997467041,1965,1538,0.36833083629608154,0.9989168643951416,0.9994792342185974,2674,1455,0.3715696334838867,0.999290943145752,0.9990198612213135,1909,1086,0.31077489256858826,0.00598494615405798,0.9891390204429626,2743,992,0.23130923509597778,0.03927168622612953,0.9826348423957825,1975,940,0.21654900908470154,0.005179420579224825,0.9918917417526245,2421,1270,0.05551211163401604,0.058457035571336746,0.9978302121162415,1976,864,0.19864481687545776,0.012022938579320908,0.989521861076355,2339,1326,0.017757399007678032,0.09292341768741608,0.9977920055389404,1982,941,0.18867221474647522,0.012559394352138042,0.9900797605514526,2366,1414,0.025178978219628334,0.09918227046728134,0.9978830218315125,2001,962,0.21343432366847992,0.012076064944267273,0.992836058139801,2382,1389,0.05198407545685768,0.09100236743688583,0.998611569404602,1949,769,0.03793168067932129,0.9889631271362305,0.9957642555236816,2337,671,-0.03899366781115532,0.9907298684120178,0.9929117560386658,1805,1698,-0.22616034746170044,0.12838192284107208,0.9975903034210205,2294,1364,-0.313924640417099,0.563382089138031,0.9993922710418701,1339,868,-0.5953181982040405,0.19286715984344482,0.977436363697052,1631,524,-0.5684325098991394,0.43606624007225037,0.9729414582252502,1306,594,-0.6412121653556824,0.38047313690185547,0.93232262134552,1558,333,-0.5916518568992615,0.49278488755226135,0.9427317380905151,1038,770,-0.8490599393844604,0.28166523575782776,0.747725248336792,1385,453,-0.7566352486610413,0.45669835805892944,0.731769859790802,2320,1496,None,None,None,None,None,None,None,None,34.18,nan,nan,nan,nan
True,/data/uabcvmsc/shared/newborn/30/24.08.24-25.08.24/HM20240824231602.jpeg,36.2,26.6,2380,1692,0.13378320634365082,0.9867520332336426,0.9994383454322815,2316,1784,0.1635638028383255,0.9864194989204407,0.9991449117660522,2296,1785,0.16312144696712494,0.9847685098648071,0.9992241859436035,2257,1792,0.16318586468696594,0.9884074330329895,0.9989898800849915,2381,1788,0.17568054795265198,0.9861483573913574,0.9988038539886475,2414,1786,0.17519783973693848,0.9860638380050659,0.9988833069801331,2427,1791,0.17481818795204163,0.9909228682518005,0.9986264705657959,2201,1795,0.29335033893585205,0.9886165261268616,0.9992430210113525,2436,1748,0.3477618098258972,0.9733741879463196,0.9986609220504761,2322,1620,0.1818644106388092,0.9655697345733643,0.9990990161895752,2418,1631,0.19390445947647095,0.9482002258300781,0.9980879426002502,1940,1551,0.3161976635456085,0.9984666109085083,0.9991793036460876,2599,1446,0.32414349913597107,0.9989547729492188,0.9985359907150269,1911,1020,0.2714521884918213,0.0036301109939813614,0.9830817580223083,2643,954,0.19051995873451233,0.03658132255077362,0.9766324758529663,1986,836,0.19559802114963531,0.003229344030842185,0.9908995628356934,2361,1253,0.020591840147972107,0.06262346357107162,0.9982544779777527,1988,750,0.1823367476463318,0.007963188923895359,0.9878998398780823,2287,1323,-0.01832772232592106,0.09401172399520874,0.9981514811515808,1990,828,0.1700712889432907,0.00854181032627821,0.9890037178993225,2319,1414,-0.005343675147742033,0.10013584792613983,0.9982701539993286,2009,852,0.19252851605415344,0.008195077069103718,0.9920932650566101,2333,1387,0.01960253342986107,0.09003893285989761,0.9989092350006104,1907,809,0.027731746435165405,0.9815674424171448,0.9937916398048401,2267,700,-0.028651099652051926,0.9853795170783997,0.991174042224884,1848,1748,-0.2190311998128891,0.05858602747321129,0.9956602454185486,2336,1326,-0.29457199573516846,0.3083454966545105,0.9986396431922913,1304,816,-0.5412476658821106,0.09985560923814774,0.9716109037399292,1629,633,-0.45749372243881226,0.1769849956035614,0.9695703387260437,1314,619,-0.5804327130317688,0.2054726630449295,0.920341968536377,1547,483,-0.46964937448501587,0.2570337951183319,0.9457453489303589,1119,747,-0.7688580751419067,0.14132097363471985,0.7226044535636902,1378,576,-0.6073391437530518,0.19613011181354523,0.7589640617370605,2270,1498,None,None,None,None,None,None,None,None,31.38,nan,nan,nan,nan
True,/data/uabcvmsc/shared/newborn/30/24.08.24-25.08.24/HM20240824231703.jpeg,36.2,26.4,2382,1744,0.16733120381832123,0.9987198114395142,0.9999654293060303,2292,1824,0.21031245589256287,0.9986543655395508,0.9999473094940186,2247,1827,0.20985917747020721,0.9984492063522339,0.9999493360519409,2222,1828,0.20992864668369293,0.9987779259681702,0.9999278783798218,2396,1839,0.21904142200946808,0.9988116025924683,0.999924898147583,2442,1839,0.21857357025146484,0.9987493753433228,0.9999247789382935,2469,1843,0.21826902031898499,0.9990957975387573,0.9998966455459595,2153,1801,0.3802875578403473,0.9987732768058777,0.9999409914016724,2476,1845,0.41804760694503784,0.9969526529312134,0.9998905658721924,2322,1655,0.22781948745250702,0.9939868450164795,0.9998544454574585,2445,1653,0.23478659987449646,0.9919030070304871,0.9997370839118958,1973,1541,0.39718756079673767,0.9990008473396301,0.9995274543762207,2685,1452,0.40316593647003174,0.9993569254875183,0.9991586208343506,1916,1116,0.34863120317459106,0.003999296110123396,0.9838210344314575,2748,978,0.24562177062034607,0.036309488117694855,0.9736332297325134,1955,1040,0.2866392135620117,0.003908124286681414,0.9902104139328003,2424,1270,0.07453136891126633,0.051763392984867096,0.9979091286659241,1949,991,0.2750520408153534,0.009224114008247852,0.988318145275116,2341,1341,0.0406348817050457,0.08150674402713776,0.9980833530426025,1952,1059,0.26798155903816223,0.009572441689670086,0.9892396926879883,2367,1434,0.05454348400235176,0.0854201689362526,0.9982683658599854,1974,1069,0.2851082980632782,0.0093745281919837,0.992120623588562,2384,1406,0.0737045407295227,0.07746587693691254,0.9988179802894592,1947,763,0.031073926016688347,0.9839181900024414,0.994875967502594,2334,661,-0.032152507454156876,0.9864792227745056,0.9918014407157898,1814,1688,-0.2511730194091797,0.11705804616212845,0.9982162117958069,2309,1309,-0.30563679337501526,0.4682875871658325,0.9995071887969971,1365,845,-0.6308024525642395,0.19571122527122498,0.9825650453567505,1740,443,-0.554887056350708,0.3998560905456543,0.9741466641426086,1307,582,-0.6781831383705139,0.40293771028518677,0.9440040588378906,1666,243,-0.5782126188278198,0.49548542499542236,0.9448943734169006,1088,742,-0.8866943120956421,0.29632219672203064,0.790625274181366,1551,353,-0.7399225234985352,0.4325016438961029,0.7421694993972778,2329,1496,None,None,None,None,None,None,None,None,34.24,nan,nan,nan,nan
True,/data/uabcvmsc/shared/newborn/30/24.08.24-25.08.24/HM20240824231804.jpeg,36.2,26.6,2311,1789,0.30525335669517517,0.9881566166877747,0.9991439580917358,2215,1840,0.3584129810333252,0.9910249710083008,0.9988607168197632,2185,1836,0.357805997133255,0.9894946217536926,0.9990168809890747,2162,1832,0.35789066553115845,0.9920927882194519,0.9988208413124084,2319,1851,0.34925520420074463,0.9886560440063477,0.9982972741127014,2361,1859,0.34878602623939514,0.9880347847938538,0.9983245730400085,2384,1867,0.34844550490379333,0.9911579489707947,0.9979178309440613,2151,1801,0.5625575184822083,0.9958294034004211,0.9991763234138489,2436,1839,0.51606684923172,0.9798325300216675,0.9976623058319092,2291,1683,0.3770071864128113,0.9891960620880127,0.999128520488739,2396,1714,0.3586532771587372,0.9817657470703125,0.9983665347099304,1927,1497,0.5506926774978638,0.9989715814590454,0.9991948008537292,2761,1465,0.4148659110069275,0.9993225336074829,0.9981275200843811,1804,939,0.28353291749954224,0.021268676966428757,0.9667806625366211,2750,1154,0.038214005529880524,0.18170812726020813,0.9500491619110107,2167,839,-0.07949867844581604,0.034526560455560684,0.9959213733673096,2427,1757,-0.2662128508090973,0.21556352078914642,0.9886499643325806,2244,727,-0.14559213817119598,0.06248728558421135,0.9952591061592102,2310,1838,-0.3488968312740326,0.2385413944721222,0.9851453304290771,2271,847,-0.1257542073726654,0.06060583516955376,0.9961754083633423,2297,1835,-0.29785385727882385,0.2446044534444809,0.9882951974868774,2267,876,-0.07687193155288696,0.0484703965485096,0.9969107508659363,2336,1789,-0.2570020258426666,0.21533718705177307,0.9922934770584106,1765,680,0.09933066368103027,0.9847241640090942,0.9780994057655334,2196,574,-0.10096540302038193,0.9879106283187866,0.9563847184181213,1768,1775,0.02681649848818779,0.059044379740953445,0.9875505566596985,1967,1746,-0.17054009437561035,0.5385748147964478,0.9968286156654358,920,994,-0.30715999007225037,0.11733186990022659,0.930299699306488,965,924,-0.36024796962738037,0.5076569318771362,0.9340001344680786,822,729,-0.34966006875038147,0.20831215381622314,0.826129138469696,907,707,-0.37588298320770264,0.5727996230125427,0.8775478601455688,549,812,-0.6071493625640869,0.16156725585460663,0.5235702991485596,407,930,-0.5821680426597595,0.5006406307220459,0.4937579035758972,2344,1481,None,None,None,None,None,None,None,None,32.32,nan,nan,nan,nan
True,/data/uabcvmsc/shared/newborn/30/24.08.24-25.08.24/HM20240824231905.jpeg,36.1,26.3,2318,1785,0.18899479508399963,0.9961426854133606,0.9995500445365906,2227,1842,0.23868311941623688,0.9955779314041138,0.9993191957473755,2196,1839,0.23815399408340454,0.994819700717926,0.9993969202041626,2173,1835,0.23816637694835663,0.9959653615951538,0.9992225170135498,2328,1856,0.23577973246574402,0.9957132339477539,0.9990861415863037,2369,1865,0.23527003824710846,0.9956179857254028,0.9991366267204285,2393,1875,0.23490984737873077,0.9971133470535278,0.998956561088562,2147,1810,0.43914714455604553,0.9970120191574097,0.9994140863418579,2445,1845,0.4199256896972656,0.989998996257782,0.998918890953064,2298,1681,0.2598564922809601,0.9944919347763062,0.9995232820510864,2403,1712,0.2495269924402237,0.9930035471916199,0.9992749094963074,1939,1539,0.4493768811225891,0.9995102882385254,0.9995976090431213,2763,1408,0.3999788165092468,0.9996968507766724,0.999293327331543,1706,1072,0.307384729385376,0.026956401765346527,0.9897275567054749,2776,899,0.16895714402198792,0.07100948691368103,0.9858877062797546,1983,1060,0.04686403274536133,0.026992620900273323,0.9970531463623047,2485,1206,-0.11785270273685455,0.1310877501964569,0.9964459538459778,2047,998,-0.004604362417012453,0.04464882239699364,0.9951412677764893,2454,1262,-0.18489156663417816,0.16077500581741333,0.9938742518424988,2078,1101,0.0028569891583174467,0.042882274836301804,0.9957718253135681,2450,1341,-0.16843870282173157,0.1696215718984604,0.9949221014976501,2078,1112,0.04694119095802307,0.03592207282781601,0.9971449971199036,2460,1334,-0.12131720781326294,0.15576580166816711,0.9969784021377563,1821,743,0.07043354958295822,0.9946050047874451,0.995161235332489,2184,560,-0.07176125794649124,0.9951313734054565,0.9903392195701599,1771,1778,-0.14183878898620605,0.10992051661014557,0.9909012317657471,1957,1559,-0.2186056226491928,0.3621613681316376,0.9968199729919434,934,971,-0.5062320828437805,0.07053618878126144,0.8527880311012268,924,855,-0.40935948491096497,0.20040901005268097,0.8673151731491089,784,693,-0.5495537519454956,0.12929178774356842,0.6786220073699951,845,682,-0.42436063289642334,0.25671881437301636,0.7800249457359314,555,715,-0.7741661071777344,0.08304433524608612,0.2746075689792633,437,848,-0.5985531210899353,0.18057578802108765,0.3393837511539459,2351,1474,None,None,None,None,None,None,None,None,35.60,nan,nan,nan,nan
True,/data/uabcvmsc/shared/newborn/30/24.08.24-25.08.24/HM20240824232006.jpeg,36.1,26.2,2280,1859,0.14980603754520416,0.9980432987213135,0.9998400211334229,2205,1896,0.18932479619979858,0.9982877373695374,0.9997783303260803,2171,1896,0.18868853151798248,0.9979808926582336,0.9998125433921814,2148,1893,0.18875758349895477,0.9985643029212952,0.9997641444206238,2316,1911,0.17937621474266052,0.9981399774551392,0.9996453523635864,2348,1916,0.17885448038578033,0.9979373216629028,0.9996505975723267,2378,1921,0.17853794991970062,0.9985122084617615,0.9995515942573547,2147,1864,0.36465540528297424,0.9989834427833557,0.9998015761375427,2439,1894,0.3151685893535614,0.995267927646637,0.9994366765022278,2258,1765,0.2137976735830307,0.9969820380210876,0.9997552037239075,2373,1779,0.19502051174640656,0.9954959154129028,0.9995642304420471,1930,1568,0.40310007333755493,0.9994864463806152,0.9998202919960022,2726,1478,0.2536299228668213,0.9997716546058655,0.9995821118354797,1839,1049,0.22457434237003326,0.019682060927152634,0.9947924017906189,2774,975,0.0024980022571980953,0.16266542673110962,0.9879804253578186,2171,1005,-0.0621856190264225,0.026228347793221474,0.9987354874610901,2391,1283,-0.21883869171142578,0.09958697110414505,0.9957125186920166,2228,915,-0.11731498688459396,0.049278561025857925,0.9980692267417908,2281,1327,-0.2772994339466095,0.13307733833789825,0.9937591552734375,2261,1030,-0.10342448204755783,0.04778550937771797,0.9983134269714355,2296,1427,-0.2571863532066345,0.14230000972747803,0.9945861101150513,2263,1049,-0.060913074761629105,0.04025721922516823,0.9987597465515137,2330,1401,-0.2179511934518814,0.13588818907737732,0.9965041875839233,1792,770,0.11004386842250824,0.9959784746170044,0.9974850416183472,2147,627,-0.11141147464513779,0.9967028498649597,0.9944484233856201,1674,1723,0.12763512134552002,0.03842328116297722,0.9958011507987976,1906,1744,-0.1555936336517334,0.605644166469574,0.9991410970687866,726,1021,-0.3593904972076416,0.13849829137325287,0.9456058740615845,1012,910,-0.47595149278640747,0.5985010266304016,0.9686762094497681,648,804,-0.41940855979919434,0.27943155169487,0.8536849617958069,939,627,-0.5042998194694519,0.6229338645935059,0.9290096759796143,354,1063,-0.642125129699707,0.25678154826164246,0.556520938873291,418,899,-0.6688649654388428,0.6506239771842957,0.6326134204864502,2328,1523,None,None,None,None,None,None,None,None,34.12,nan,nan,nan,nan
True,/data/uabcvmsc/shared/newborn/30/24.08.24-25.08.24/HM20240824232108.jpeg,36.5,26.6,2295,1827,0.13781632483005524,0.9621241092681885,0.9945333003997803,2205,1869,0.1815803200006485,0.9595997333526611,0.9929385781288147,2171,1863,0.1810033768415451,0.9571408033370972,0.9942597150802612,2148,1857,0.1809929460287094,0.9668393135070801,0.99286288022995,2321,1906,0.18178710341453552,0.9573370218276978,0.9891104102134705,2357,1917,0.18131424486637115,0.960211992263794,0.9897965788841248,2390,1928,0.18092036247253418,0.9727904200553894,0.9876460433006287,2143,1812,0.37130624055862427,0.9796619415283203,0.9947618842124939,2454,1904,0.3642507493495941,0.918820321559906,0.988114058971405,2269,1727,0.2074243575334549,0.9382491707801819,0.9939208030700684,2408,1763,0.20060396194458008,0.9179534912109375,0.9906589984893799,1942,1556,0.3960593342781067,0.9970259070396423,0.9972556233406067,2740,1457,0.34899893403053284,0.997527539730072,0.992226243019104,1737,1131,0.29192185401916504,0.008452258072793484,0.9502439498901367,2696,912,0.14915764331817627,0.01054832898080349,0.8363967537879944,2047,1001,0.09207437932491302,0.003724573878571391,0.9514159560203552,2366,1181,-0.10513607412576675,0.010113655589520931,0.9297093749046326,2120,895,0.04598129540681839,0.008082769811153412,0.9368856549263,2269,1231,-0.1654142141342163,0.02072804793715477,0.9281666874885559,2155,998,0.05661636218428612,0.008143533021211624,0.9435685276985168,2314,1336,-0.1551416516304016,0.023687561973929405,0.9376989603042603,2148,1027,0.0947057232260704,0.0074074300937354565,0.956095278263092,2342,1315,-0.10951576381921768,0.023618342354893684,0.9549456238746643,1828,752,0.08186367899179459,0.9779512882232666,0.9810024499893188,2187,589,-0.08315793424844742,0.9735291004180908,0.9487686157226562,1784,1765,-0.11813308298587799,0.062503382563591,0.9799742698669434,1948,1556,-0.23033687472343445,0.30697181820869446,0.9916308522224426,944,981,-0.44343578815460205,0.06431421637535095,0.7523111701011658,875,909,-0.39441514015197754,0.199677973985672,0.7752711176872253,877,685,-0.48260581493377686,0.1430201381444931,0.5450531840324402,802,732,-0.40531155467033386,0.2575222849845886,0.6737372875213623,580,798,-0.7087329030036926,0.08342910557985306,0.20872679352760315,350,968,-0.580374538898468,0.17708151042461395,0.27822211384773254,2341,1506,None,None,None,None,None,None,None,None,35.49,nan,nan,nan,nan
True,/data/uabcvmsc/shared/newborn/30/24.08.24-25.08.24/HM20240824232210.jpeg,36.0,26.2,2312,1874,0.12985150516033173,0.9930336475372314,0.99894779920578,2233,1917,0.1756756752729416,0.9897204041481018,0.9982516169548035,2196,1917,0.17516668140888214,0.9882578253746033,0.9984390139579773,2170,1914,0.17518804967403412,0.9913166761398315,0.9979653358459473,2353,1924,0.171556755900383,0.9904299378395081,0.9976335763931274,2390,1926,0.17110393941402435,0.990425169467926,0.9977363348007202,2428,1925,0.17078444361686707,0.9934303164482117,0.9971953630447388,2168,1877,0.3637128472328186,0.9936802387237549,0.9983454942703247,2485,1888,0.3402461111545563,0.9800968766212463,0.9968835711479187,2282,1781,0.1980370134115219,0.9861300587654114,0.9987412095069885,2416,1786,0.1864089071750641,0.9817179441452026,0.9979537725448608,1947,1592,0.36306074261665344,0.9991185069084167,0.9989738464355469,2749,1437,0.349601686000824,0.999138593673706,0.9975652694702148,1684,1122,0.22409646213054657,0.03456013649702072,0.9767102599143982,2775,892,0.14193028211593628,0.07823092490434647,0.9635940790176392,2050,938,-0.001186542329378426,0.022774092853069305,0.9914892911911011,2508,1284,-0.10739468783140182,0.12177270650863647,0.9952607750892639,2134,819,-0.04995472729206085,0.03773760795593262,0.9870514869689941,2497,1369,-0.16703085601329803,0.1625007688999176,0.9931229948997498,2180,921,-0.03130275383591652,0.03696144372224808,0.9895965456962585,2474,1451,-0.1475237011909485,0.1712220311164856,0.9945695996284485,2167,951,0.005133615341037512,0.030648216605186462,0.9924464821815491,2474,1436,-0.10792436450719833,0.1547652930021286,0.9965985417366028,1787,758,0.050686586648225784,0.9817989468574524,0.9829350113868713,2157,579,-0.05197048932313919,0.981855571269989,0.9703105092048645,1784,1761,-0.14319530129432678,0.06598681211471558,0.9885870814323425,2045,1430,-0.24497434496879578,0.23070397973060608,0.9959154725074768,908,953,-0.42454490065574646,0.10685577243566513,0.88726407289505,1222,550,-0.32394686341285706,0.18457308411598206,0.9049989581108093,777,654,-0.4608291685581207,0.16775980591773987,0.7659482955932617,1149,376,-0.32823342084884644,0.19420017302036285,0.8524115085601807,556,692,-0.6779331564903259,0.12835098803043365,0.38704460859298706,824,398,-0.489182710647583,0.15998850762844086,0.45516425371170044,2348,1514,None,None,None,None,None,None,None,None,34.00,nan,nan,nan,nan
False,/data/uabcvmsc/shared/newborn/30/24.08.24-25.08.24/HM20240824232311.jpeg,36.0,26.2
True,/data/uabcvmsc/shared/newborn/30/24.08.24-25.08.24/HM20240824232419.jpeg,36.3,26.6,142,1158,-1.270544171333313,0.9131777882575989,0.8595725297927856,-73,1171,-1.2833406925201416,0.8056851625442505,0.8093425631523132,-127,1117,-1.2845972776412964,0.8299908638000488,0.8276411294937134,-176,1060,-1.2844157218933105,0.8259736895561218,0.781299889087677,25,1352,-1.2652535438537598,0.8753553032875061,0.8470079302787781,52,1427,-1.2669856548309326,0.9359375238418579,0.9007071256637573,80,1538,-1.268639087677002,0.9459180235862732,0.9102346897125244,-212,899,-1.113490343093872,0.9421111941337585,0.8406426906585693,215,1396,-1.0168408155441284,0.9566556215286255,0.9437459111213684,194,898,-1.1748590469360352,0.9256133437156677,0.955292820930481,361,1179,-1.153053641319275,0.9157850742340088,0.9218153357505798,389,-64,-0.8217188119888306,0.9966667294502258,0.9945934414863586,888,1350,-0.8211315274238586,0.9970335960388184,0.9970759153366089,1943,-257,-0.7293072938919067,0.14054618775844574,0.7381635308265686,1979,1739,-1.2128220796585083,0.7621751427650452,0.9585837125778198,2635,321,-0.7478582859039307,0.06177288666367531,0.7408506870269775,1115,1087,-1.7730050086975098,0.9088668823242188,0.998806357383728,2871,495,-0.796271800994873,0.15423621237277985,0.7025028467178345,893,933,-1.9480106830596924,0.9207164645195007,0.99871826171875,2667,586,-0.8185994029045105,0.18295417726039886,0.7244575619697571,466,1195,-1.847503900527954,0.9156870245933533,0.9990724325180054,2586,564,-0.746076762676239,0.1775449961423874,0.7447609305381775,737,905,-1.750383973121643,0.8955663442611694,0.999439537525177,2302,-92,0.006155505310744047,0.9853014349937439,0.9870787858963013,2445,743,-0.0068520172499120235,0.993118405342102,0.9960683584213257,3697,-253,0.46432623267173767,0.04881373420357704,0.347553551197052,3629,825,0.6401271820068359,0.13780942559242249,0.7190731167793274,4911,-81,1.1124345064163208,0.09925819933414459,0.19453035295009613,4707,843,1.4255331754684448,0.16597583889961243,0.24377687275409698,5052,-64,1.1663590669631958,0.09280639886856079,0.12787194550037384,4865,792,1.506905436515808,0.11603754013776779,0.29360926151275635,5539,9,0.8805356621742249,0.09272298961877823,0.0660497322678566,5222,817,1.2835217714309692,0.09598611295223236,0.08526141941547394,638,643,803,1030,None,None,None,None,None,None,34.36,34.36,nan,nan,nan
False,/data/uabcvmsc/shared/newborn/30/24.08.24-25.08.24/HM20240824232520.jpeg,36.2,26.4
False,/data/uabcvmsc/shared/newborn/30/24.08.24-25.08.24/HM20240824232622.jpeg,36.3,26.3,2137,1806,0.2637784779071808,0.9909895062446594,0.9996830224990845,2194,1835,0.275978684425354,0.9838201999664307,0.9988710284233093,2195,1835,0.2754499912261963,0.9806194305419922,0.9988021850585938,2166,1867,0.2755405902862549,0.9818549156188965,0.9981635212898254,2232,1815,0.2656380236148834,0.9876322746276855,0.9990054965019226,2235,1808,0.26514989137649536,0.987677276134491,0.9992121458053589,2198,1814,0.26482999324798584,0.9926141500473022,0.9991453886032104,2182,1836,0.3296140134334564,0.9775829315185547,0.9980378746986389,2214,1772,0.2833588719367981,0.981391966342926,0.9987072944641113,2113,1775,0.28744086623191833,0.9767186641693115,0.9989336133003235,2135,1742,0.2707628905773163,0.9759023785591125,0.9985509514808655,2107,1540,0.3148120939731598,0.9986569881439209,0.998746395111084,2157,1550,0.19705067574977875,0.9998040795326233,0.999679446220398,2299,1028,0.1876804232597351,0.005638875532895327,0.9884526133537292,2199,1153,0.08800510317087173,0.06562157720327377,0.9983484745025635,2649,982,0.036514878273010254,0.014666025526821613,0.9981885552406311,2353,1025,5.23935304954648e-05,0.5809084177017212,0.9996053576469421,2589,885,0.0077569507993757725,0.034771744161844254,0.9974867105484009,2396,986,-0.03788614273071289,0.6434465646743774,0.9988839030265808,2704,908,-0.0027931025251746178,0.03467974066734314,0.9974026083946228,2403,1009,-0.05811099708080292,0.6702114939689636,0.9989547729492188,2645,951,0.030140522867441177,0.02721106819808483,0.9980779886245728,2381,1013,-0.013707708567380905,0.6427440643310547,0.999523401260376,1818,720,0.09301940351724625,0.9719367027282715,0.9758068919181824,1828,716,-0.09411449730396271,0.9890027046203613,0.9797850251197815,1800,1356,0.1930900365114212,0.0030207382515072823,0.9625179767608643,1918,1708,-0.18776974081993103,0.12979774177074432,0.9937570095062256,1089,1462,-0.22585023939609528,0.007894949987530708,0.8636989593505859,1145,1245,-0.38900431990623474,0.0515645407140255,0.862028956413269,962,1366,-0.2727227210998535,0.04705965518951416,0.7170220017433167,1064,1097,-0.4061039388179779,0.15473760664463043,0.7631632685661316,935,1739,-0.3469466269016266,0.015678351745009422,0.6828244924545288,859,1410,-0.4756774604320526,0.06558817625045776,0.6296873688697815
False,/data/uabcvmsc/shared/newborn/30/24.08.24-25.08.24/HM20240824232723.jpeg,36.4,26.5,2162,1808,0.30254682898521423,0.9777883887290955,0.9989998936653137,2185,1851,0.32047364115715027,0.9569180607795715,0.9965720176696777,2179,1856,0.3200109899044037,0.9466316103935242,0.9961822628974915,2171,1859,0.320150226354599,0.9502803087234497,0.9942046999931335,2205,1836,0.3100913465023041,0.9728888869285583,0.9975706934928894,2214,1828,0.3096139430999756,0.9741795063018799,0.9982250332832336,2223,1821,0.3093322217464447,0.9854388236999512,0.998237133026123,2183,1823,0.3915928602218628,0.9370445013046265,0.9936326146125793,2242,1775,0.34317412972450256,0.969168484210968,0.9979162812232971,2139,1768,0.33050134778022766,0.950504720211029,0.9964680671691895,2169,1743,0.31320643424987793,0.9577968716621399,0.9965789914131165,2085,1533,0.36319699883461,0.995583713054657,0.993078887462616,2244,1527,0.2565499544143677,0.9996212720870972,0.999180257320404,2200,1090,0.21152502298355103,0.0014388366835191846,0.9205029606819153,2334,1152,0.19246678054332733,0.02471252903342247,0.994503378868103,2309,1121,0.02210892178118229,0.0027678431943058968,0.9827299118041992,2455,977,0.16912837326526642,0.24071954190731049,0.9986338019371033,2332,1102,-0.010568181052803993,0.00874862540513277,0.9817757606506348,2488,920,0.14668282866477966,0.3217085003852844,0.9965445399284363,2320,1167,-0.02361644245684147,0.009191791526973248,0.9806404113769531,2485,933,0.11641625314950943,0.35563960671424866,0.9966314435005188,2314,1166,0.012442580424249172,0.008516225032508373,0.9846248626708984,2468,942,0.15326949954032898,0.3513689637184143,0.9983583092689514,1811,717,0.08375010639429092,0.9452944397926331,0.9478276968002319,1876,688,-0.08490418642759323,0.9794482588768005,0.9638460874557495,1797,1382,0.16650746762752533,0.0034666932187974453,0.9322121739387512,2041,1629,-0.189993217587471,0.10400393605232239,0.992438793182373,1136,1367,-0.2513222396373749,0.010476750321686268,0.7645413875579834,1187,1164,-0.37525686621665955,0.04634783789515495,0.8507723212242126,1028,1248,-0.29831182956695557,0.050066348165273666,0.5843153595924377,1098,1017,-0.390193372964859,0.12345635145902634,0.7513384222984314,975,1620,-0.4023396074771881,0.019691945984959602,0.5112700462341309,875,1291,-0.4731411933898926,0.05225575342774391,0.5588999390602112
True,/data/uabcvmsc/shared/newborn/30/24.08.24-25.08.24/HM20240824232825.jpeg,36.2,26.5,2150,1880,0.07538517564535141,0.9999608993530273,0.9999901056289673,2159,1916,0.09723640978336334,0.9998950958251953,0.999970555305481,2145,1914,0.09680653363466263,0.9998651742935181,0.9999651908874512,2102,1952,0.09693140536546707,0.9998695850372314,0.9999432563781738,2195,1945,0.08951249718666077,0.9999407529830933,0.9999768733978271,2217,1942,0.08901742100715637,0.9999444484710693,0.9999805688858032,2298,1896,0.08882243186235428,0.9999560117721558,0.9999775886535645,2102,1908,0.2108837217092514,0.9998717308044434,0.9999194145202637,2289,1893,0.170695498585701,0.9999057054519653,0.999971866607666,2121,1803,0.12069147080183029,0.9997628331184387,0.9999274015426636,2195,1794,0.10479135811328888,0.9997815489768982,0.999933123588562,2014,1513,0.18120932579040527,0.9996403455734253,0.9995684027671814,2370,1538,0.18346375226974487,0.9999300241470337,0.9998842477798462,2017,932,0.08187950402498245,0.11760429292917252,0.9795889258384705,2355,1202,0.13251091539859772,0.24671544134616852,0.9981833100318909,2365,941,-0.019968705251812935,0.056145600974559784,0.996703565120697,2468,1063,0.10007031261920929,0.3521833121776581,0.9981940388679504,2456,898,-0.050512149930000305,0.09381422400474548,0.9963029623031616,2508,995,0.07447773963212967,0.42878565192222595,0.9958494901657104,2458,980,-0.04838855192065239,0.09623092412948608,0.9961385130882263,2499,1011,0.04800911620259285,0.46772387623786926,0.995516836643219,2430,988,-0.01900082267820835,0.08264246582984924,0.9967578053474426,2475,1030,0.08449939638376236,0.47341153025627136,0.9974796175956726,1795,592,0.027850449085235596,0.9853160977363586,0.9740470051765442,2010,546,-0.028983157128095627,0.9941390752792358,0.9857032895088196,1710,1146,0.01776103675365448,0.21397243440151215,0.9831244945526123,2124,1180,-0.1260271668434143,0.6558507680892944,0.9971621036529541,876,843,-0.2561231851577759,0.23268724977970123,0.843115508556366,1851,-51,-0.21414493024349213,0.4623573124408722,0.9219268560409546,747,705,-0.2906040549278259,0.2858879566192627,0.7058141827583313,1839,-254,-0.22252865135669708,0.35528308153152466,0.8478466868400574,704,950,-0.4234916567802429,0.3379921019077301,0.5316386222839355,1648,-325,-0.32731419801712036,0.4220419228076935,0.5972511172294617,None,None,None,None,None,None,None,None,None,None,nan,nan,nan,nan,nan
True,/data/uabcvmsc/shared/newborn/30/24.08.24-25.08.24/HM20240824232926.jpeg,36.1,26.4,2173,1992,0.09765568375587463,0.9996788501739502,0.9999574422836304,2112,1988,0.13686974346637726,0.9992425441741943,0.999893069267273,2083,1975,0.136399045586586,0.9991450309753418,0.9998915195465088,2055,1965,0.13644644618034363,0.9992522597312927,0.9998401403427124,2204,2018,0.1411127746105194,0.9994542002677917,0.999887228012085,2238,2022,0.14066699147224426,0.9994961023330688,0.9998999834060669,2279,2023,0.14037837088108063,0.9995884299278259,0.999876856803894,2052,1922,0.2937118411064148,0.9993287324905396,0.9998427629470825,2344,1968,0.30919378995895386,0.9989737272262573,0.9998760223388672,2134,1892,0.15336249768733978,0.9989004135131836,0.9998942613601685,2290,1921,0.15369869768619537,0.9986045956611633,0.9998666048049927,1840,1599,0.2806897759437561,0.99958735704422,0.9996144771575928,2537,1595,0.3205185830593109,0.9998257756233215,0.9996528625488281,1677,1123,0.16728824377059937,0.0639553964138031,0.9817697405815125,2525,1145,0.1463628113269806,0.15563777089118958,0.9889417290687561,1915,1084,-0.00328093976713717,0.05002984032034874,0.9953983426094055,2370,1241,-0.08186718821525574,0.20632945001125336,0.9972422122955322,1979,1033,-0.04393227398395538,0.08851069957017899,0.9953007698059082,2326,1246,-0.1359127163887024,0.29166141152381897,0.9968736171722412,2001,1123,-0.040389638394117355,0.08981519937515259,0.9958540201187134,2316,1330,-0.13275544345378876,0.3093869984149933,0.9973235726356506,1991,1135,-0.0028160852380096912,0.07049984484910965,0.9966201782226562,2323,1326,-0.0890761986374855,0.27798137068748474,0.9982366561889648,1807,726,0.002028125338256359,0.9749842882156372,0.9728895425796509,2180,664,-0.003178453305736184,0.9840914607048035,0.9743368625640869,1777,1699,-0.2619002163410187,0.391903281211853,0.9975737929344177,2333,1315,-0.21868035197257996,0.6965165138244629,0.998916745185852,956,1080,-0.5210769772529602,0.4994884133338928,0.9714714288711548,2102,163,-0.25583744049072266,0.6504393219947815,0.9539322257041931,855,901,-0.5567499399185181,0.5960069894790649,0.9253336787223816,2062,-39,-0.2606593370437622,0.583973228931427,0.9115076065063477,756,1146,-0.769781231880188,0.62724369764328,0.7582900524139404,2035,-112,-0.42651137709617615,0.6068687438964844,0.6741318702697754,2188,1597,None,None,None,None,None,None,None,None,35.11,nan,nan,nan,nan
True,/data/uabcvmsc/shared/newborn/30/24.08.24-25.08.24/HM20240824233028.jpeg,36.3,26.6,2180,2149,0.18224520981311798,0.9875226616859436,0.999470055103302,2151,2156,0.21688827872276306,0.9826031923294067,0.9984489679336548,2132,2156,0.21651779115200043,0.9752055406570435,0.9982740879058838,2110,2159,0.21665705740451813,0.981061577796936,0.9974700212478638,2202,2153,0.2293885499238968,0.9900652766227722,0.9990707635879517,2229,2147,0.2288498431444168,0.9907854795455933,0.9993744492530823,2253,2141,0.2283579409122467,0.9958147406578064,0.9994345307350159,2099,2130,0.3470538556575775,0.9716652631759644,0.9979920387268066,2289,2075,0.40547803044319153,0.987113356590271,0.9996381998062134,2144,2115,0.2265346497297287,0.9809352159500122,0.9996034502983093,2211,2104,0.2399275302886963,0.9793700575828552,0.9995474219322205,1779,1816,0.35393157601356506,0.9979463219642639,0.9989135265350342,2410,1810,0.3578609228134155,0.9998000264167786,0.999873161315918,1825,1305,0.3143157362937927,0.001390403020195663,0.9815954566001892,2462,1515,0.14624004065990448,0.14014513790607452,0.9990935325622559,1931,1252,0.25404930114746094,0.0012373244389891624,0.9956619143486023,2315,1937,-0.13643130660057068,0.5273997783660889,0.999957799911499,1951,1208,0.24317939579486847,0.003045125398784876,0.9955976605415344,2289,2039,-0.2013016641139984,0.5712631344795227,0.9999339580535889,1926,1277,0.22168652713298798,0.0031520070042461157,0.9955358505249023,2259,2089,-0.18490687012672424,0.5714002251625061,0.9999344348907471,1936,1295,0.24706459045410156,0.003118223277851939,0.9967949986457825,2297,2050,-0.14086368680000305,0.5046067237854004,0.9999645948410034,1742,1103,0.005652523133903742,0.994612455368042,0.9988811612129211,2107,1040,-0.006578368600457907,0.998234748840332,0.9995918869972229,1799,1862,-0.3303895890712738,0.058075033128261566,0.9994646906852722,2111,1707,-0.34799450635910034,0.2741703689098358,0.999948263168335,1331,960,-0.6378229260444641,0.1339840292930603,0.9970430731773376,1558,664,-0.45812347531318665,0.23798395693302155,0.9985425472259521,1192,748,-0.6774632334709167,0.23539040982723236,0.9907652139663696,1486,496,-0.4676266610622406,0.3236806392669678,0.9969455599784851,1146,781,-0.9030186533927917,0.2500416040420532,0.9569470882415771,1372,471,-0.6445677280426025,0.3387187421321869,0.976210355758667,2094,1813,None,None,None,None,None,None,None,None,34.36,nan,nan,nan,nan
False,/data/uabcvmsc/shared/newborn/30/24.08.24-25.08.24/HM20240824233129.jpeg,36.2,26.5
False,/data/uabcvmsc/shared/newborn/30/24.08.24-25.08.24/HM20240824233230.jpeg,36.1,26.6
False,/data/uabcvmsc/shared/newborn/30/24.08.24-25.08.24/HM20240824233331.jpeg,36.1,26.5
False,/data/uabcvmsc/shared/newborn/30/24.08.24-25.08.24/HM20240824233432.jpeg,36.1,26.4
False,/data/uabcvmsc/shared/newborn/30/24.08.24-25.08.24/HM20240824233533.jpeg,36.0,26.2
False,/data/uabcvmsc/shared/newborn/30/24.08.24-25.08.24/HM20240824233634.jpeg,35.9,26.1
False,/data/uabcvmsc/shared/newborn/30/24.08.24-25.08.24/HM20240824233735.jpeg,35.8,25.9
False,/data/uabcvmsc/shared/newborn/30/24.08.24-25.08.24/HM20240824233836.jpeg,35.8,26.1
False,/data/uabcvmsc/shared/newborn/30/24.08.24-25.08.24/HM20240824233937.jpeg,36.6,26.2
False,/data/uabcvmsc/shared/newborn/30/24.08.24-25.08.24/HM20240824234038.jpeg,36.3,26.0
False,/data/uabcvmsc/shared/newborn/30/24.08.24-25.08.24/HM20240824234139.jpeg,37.7,26.2
False,/data/uabcvmsc/shared/newborn/30/24.08.24-25.08.24/HM20240824234241.jpeg,37.4,26.3,2568,1772,-0.1352238655090332,0.9960007071495056,0.9969788789749146,2612,1750,-0.13046517968177795,0.9952204823493958,0.9961075186729431,2613,1749,-0.13079151511192322,0.9949240684509277,0.9969653487205505,2615,1750,-0.1306772083044052,0.9963052272796631,0.9963896870613098,2607,1733,-0.16191573441028595,0.9973379969596863,0.9960455298423767,2606,1723,-0.1624521166086197,0.9980170726776123,0.9971129894256592,2605,1713,-0.16275714337825775,0.9986403584480286,0.9971464276313782,2606,1702,-0.06997460126876831,0.998927891254425,0.9983308911323547,2577,1657,-0.20937830209732056,0.9974877834320068,0.998234748840332,2526,1768,-0.10223830491304398,0.9971576929092407,0.9991056323051453,2515,1752,-0.14522044360637665,0.9957140684127808,0.997967541217804,2388,1504,0.06880161911249161,0.9994900226593018,0.9997735619544983,2288,1502,-0.2467273473739624,0.9989475607872009,0.99962317943573,1932,1289,0.06850796937942505,0.021500209346413612,0.9790447354316711,1780,1218,-0.2305673211812973,0.9106419682502747,0.9857016801834106,1977,1609,-0.05800160393118858,0.02463846281170845,0.9871550798416138,1936,1647,-0.18671856820583344,0.9683435559272766,0.9981774091720581,2016,1642,-0.07004791498184204,0.04944295808672905,0.985929548740387,1963,1738,-0.23937995731830597,0.9714474678039551,0.9983647465705872,2029,1675,-0.09541569650173187,0.05343564972281456,0.9870158433914185,2046,1724,-0.23469233512878418,0.9684134125709534,0.998420000076294,2003,1644,-0.07154708355665207,0.05045141652226448,0.9891921877861023,2034,1690,-0.18687310814857483,0.941973865032196,0.9987773299217224,2060,672,0.0975722223520279,0.9778183698654175,0.9856199026107788,1993,751,-0.09781341254711151,0.9743606448173523,0.9824625253677368,2061,483,0.22255392372608185,0.058725375682115555,0.8881205916404724,2139,1138,-0.012170279398560524,0.42639634013175964,0.9552086591720581,1991,-110,0.38333752751350403,0.04079651087522507,0.5066710114479065,1988,887,0.10312085598707199,0.15209436416625977,0.543142557144165,1987,-177,0.4011385440826416,0.1151474267244339,0.34362342953681946,1953,779,0.11945805698633194,0.335482656955719,0.5651478171348572,2012,-237,0.3929142951965332,0.05692112445831299,0.5938735008239746,1964,1058,0.12514780461788177,0.21428385376930237,0.596977710723877
False,/data/uabcvmsc/shared/newborn/30/24.08.24-25.08.24/HM20240824234342.jpeg,37.8,26.6,2472,1319,-0.11151284724473953,0.9957247972488403,0.9993340373039246,2379,1355,-0.18815375864505768,0.9972819089889526,0.9995124340057373,2368,1346,-0.18874597549438477,0.9971422553062439,0.9995155334472656,2348,1339,-0.1886477768421173,0.99727863073349,0.9993115663528442,2374,1363,-0.09757254272699356,0.9983838796615601,0.9994451403617859,2361,1360,-0.09815821796655655,0.9986711740493774,0.9994961023330688,2346,1358,-0.09849792718887329,0.9988672733306885,0.9993808269500732,2229,1218,-0.4048061966896057,0.9983702301979065,0.9988380074501038,2255,1256,0.0146432900801301,0.998377799987793,0.9989564418792725,2503,1243,-0.16718117892742157,0.9820560812950134,0.9914678335189819,2504,1246,-0.05099920928478241,0.981967568397522,0.9834436178207397,2112,818,-0.5534781217575073,0.9924581050872803,0.9888829588890076,2337,726,0.19050060212612152,0.9900693297386169,0.982517421245575,1817,1108,-0.6670473217964172,0.37657904624938965,0.8415456414222717,2475,719,0.2735578119754791,0.008170440793037415,0.7197484970092773,1653,1218,-0.46931806206703186,0.4096900522708893,0.8245009779930115,2611,820,0.18169397115707397,0.011407610960304737,0.857831597328186,1627,1228,-0.505262017250061,0.5001842379570007,0.8085823655128479,2643,841,0.18000243604183197,0.02428847923874855,0.8831872344017029,1649,1192,-0.4974534511566162,0.52577143907547,0.7929721474647522,2666,874,0.11516928672790527,0.028612133115530014,0.845824122428894,1663,1176,-0.45832130312919617,0.42421954870224,0.8099520206451416,2653,864,0.1490645706653595,0.029853221029043198,0.8707170486450195,3691,722,-0.23929837346076965,0.47426822781562805,0.12230516225099564,3657,772,0.23836944997310638,0.5859108567237854,0.16756659746170044,2805,980,-0.20668448507785797,0.2601158618927002,0.46579426527023315,2908,1116,0.4453955292701721,0.01987789385020733,0.584486186504364,2288,1145,0.24611325562000275,0.05193911865353584,0.6588908433914185,2567,1027,0.5754480957984924,0.021830709651112556,0.49614158272743225,2304,1107,0.2964933216571808,0.08141535520553589,0.5929914116859436,2603,1015,0.592563271522522,0.05366803705692291,0.5726876258850098,1880,1379,0.35425907373428345,0.08641082793474197,0.8368579745292664,2251,1029,0.6211144328117371,0.03807820752263069,0.7711413502693176
False,/data/uabcvmsc/shared/newborn/30/24.08.24-25.08.24/HM20240824234444.jpeg,35.8,26.4
False,/data/uabcvmsc/shared/newborn/30/24.08.24-25.08.24/HM20240824234546.jpeg,36.7,26.5
False,/data/uabcvmsc/shared/newborn/30/24.08.24-25.08.24/HM20240824234647.jpeg,36.6,26.3
False,/data/uabcvmsc/shared/newborn/30/24.08.24-25.08.24/HM20240824234749.jpeg,36.4,26.1
False,/data/uabcvmsc/shared/newborn/30/24.08.24-25.08.24/HM20240824234850.jpeg,37.0,26.4
False,/data/uabcvmsc/shared/newborn/30/24.08.24-25.08.24/HM20240824234951.jpeg,36.8,26.3
False,/data/uabcvmsc/shared/newborn/30/24.08.24-25.08.24/HM20240824235052.jpeg,36.5,26.1
False,/data/uabcvmsc/shared/newborn/30/24.08.24-25.08.24/HM20240824235153.jpeg,36.5,26.4
False,/data/uabcvmsc/shared/newborn/30/24.08.24-25.08.24/HM20240824235254.jpeg,36.6,26.4
False,/data/uabcvmsc/shared/newborn/30/24.08.24-25.08.24/HM20240824235400.jpeg,36.5,26.3
False,/data/uabcvmsc/shared/newborn/30/24.08.24-25.08.24/HM20240824235501.jpeg,36.5,26.6
False,/data/uabcvmsc/shared/newborn/30/24.08.24-25.08.24/HM20240824235602.jpeg,36.7,26.6
False,/data/uabcvmsc/shared/newborn/30/24.08.24-25.08.24/HM20240824235703.jpeg,36.7,26.5
False,/data/uabcvmsc/shared/newborn/30/24.08.24-25.08.24/HM20240824235805.jpeg,36.5,26.5
False,/data/uabcvmsc/shared/newborn/30/24.08.24-25.08.24/HM20240824235907.jpeg,36.6,26.6
False,/data/uabcvmsc/shared/newborn/30/24.08.24-25.08.24/HM20240825000009.jpeg,36.6,26.4
False,/data/uabcvmsc/shared/newborn/30/24.08.24-25.08.24/HM20240825000111.jpeg,37.1,26.7
False,/data/uabcvmsc/shared/newborn/30/24.08.24-25.08.24/HM20240825000212.jpeg,36.5,26.6
False,/data/uabcvmsc/shared/newborn/30/24.08.24-25.08.24/HM20240825000313.jpeg,36.3,26.3
False,/data/uabcvmsc/shared/newborn/30/24.08.24-25.08.24/HM20240825000416.jpeg,36.3,26.4
False,/data/uabcvmsc/shared/newborn/30/24.08.24-25.08.24/HM20240825000517.jpeg,36.3,26.2
False,/data/uabcvmsc/shared/newborn/30/24.08.24-25.08.24/HM20240825000618.jpeg,36.5,26.3
False,/data/uabcvmsc/shared/newborn/30/24.08.24-25.08.24/HM20240825000720.jpeg,36.4,26.1
False,/data/uabcvmsc/shared/newborn/30/24.08.24-25.08.24/HM20240825000821.jpeg,36.4,26.2
False,/data/uabcvmsc/shared/newborn/30/24.08.24-25.08.24/HM20240825000922.jpeg,36.5,26.2
False,/data/uabcvmsc/shared/newborn/30/24.08.24-25.08.24/HM20240825001023.jpeg,36.2,26.1
False,/data/uabcvmsc/shared/newborn/30/24.08.24-25.08.24/HM20240825001124.jpeg,36.4,26.2
False,/data/uabcvmsc/shared/newborn/30/24.08.24-25.08.24/HM20240825001226.jpeg,36.2,26.4
False,/data/uabcvmsc/shared/newborn/30/24.08.24-25.08.24/HM20240825001328.jpeg,36.3,26.4
False,/data/uabcvmsc/shared/newborn/30/24.08.24-25.08.24/HM20240825001431.jpeg,36.5,26.4
False,/data/uabcvmsc/shared/newborn/30/24.08.24-25.08.24/HM20240825001533.jpeg,36.2,26.4
False,/data/uabcvmsc/shared/newborn/30/24.08.24-25.08.24/HM20240825001634.jpeg,36.3,26.2
False,/data/uabcvmsc/shared/newborn/30/24.08.24-25.08.24/HM20240825001735.jpeg,37.0,26.6
False,/data/uabcvmsc/shared/newborn/30/24.08.24-25.08.24/HM20240825001836.jpeg,36.7,26.2
False,/data/uabcvmsc/shared/newborn/30/24.08.24-25.08.24/HM20240825001937.jpeg,36.5,26.3
False,/data/uabcvmsc/shared/newborn/30/24.08.24-25.08.24/HM20240825002038.jpeg,36.5,26.4
False,/data/uabcvmsc/shared/newborn/30/24.08.24-25.08.24/HM20240825002139.jpeg,36.5,26.1
False,/data/uabcvmsc/shared/newborn/30/24.08.24-25.08.24/HM20240825002241.jpeg,36.6,26.3
False,/data/uabcvmsc/shared/newborn/30/24.08.24-25.08.24/HM20240825002342.jpeg,36.6,26.2
False,/data/uabcvmsc/shared/newborn/30/24.08.24-25.08.24/HM20240825002443.jpeg,36.6,26.0
False,/data/uabcvmsc/shared/newborn/30/24.08.24-25.08.24/HM20240825002544.jpeg,36.6,26.0
False,/data/uabcvmsc/shared/newborn/30/24.08.24-25.08.24/HM20240825002645.jpeg,36.5,26.5
False,/data/uabcvmsc/shared/newborn/30/24.08.24-25.08.24/HM20240825002746.jpeg,36.7,26.3
False,/data/uabcvmsc/shared/newborn/30/24.08.24-25.08.24/HM20240825002847.jpeg,36.5,26.2
False,/data/uabcvmsc/shared/newborn/30/24.08.24-25.08.24/HM20240825002949.jpeg,36.8,26.5
False,/data/uabcvmsc/shared/newborn/30/24.08.24-25.08.24/HM20240825003050.jpeg,36.5,26.1
False,/data/uabcvmsc/shared/newborn/30/24.08.24-25.08.24/HM20240825003151.jpeg,36.7,26.4
False,/data/uabcvmsc/shared/newborn/30/24.08.24-25.08.24/HM20240825003252.jpeg,36.1,26.1
False,/data/uabcvmsc/shared/newborn/30/24.08.24-25.08.24/HM20240825003355.jpeg,36.5,26.2
False,/data/uabcvmsc/shared/newborn/30/24.08.24-25.08.24/HM20240825003456.jpeg,37.4,26.5
False,/data/uabcvmsc/shared/newborn/30/24.08.24-25.08.24/HM20240825003557.jpeg,36.5,26.4
False,/data/uabcvmsc/shared/newborn/30/24.08.24-25.08.24/HM20240825003658.jpeg,36.3,26.1
False,/data/uabcvmsc/shared/newborn/30/24.08.24-25.08.24/HM20240825003800.jpeg,36.5,26.3
False,/data/uabcvmsc/shared/newborn/30/24.08.24-25.08.24/HM20240825003901.jpeg,36.7,26.4
False,/data/uabcvmsc/shared/newborn/30/24.08.24-25.08.24/HM20240825004002.jpeg,36.7,26.5
False,/data/uabcvmsc/shared/newborn/30/24.08.24-25.08.24/HM20240825004104.jpeg,36.9,26.7
True,/data/uabcvmsc/shared/newborn/30/24.08.24-25.08.24/HM20240825004205.jpeg,36.7,26.7,2798,1421,0.25339406728744507,0.9953740239143372,0.9997311234474182,2853,1474,0.2827413082122803,0.9926734566688538,0.9992086291313171,2861,1489,0.28216931223869324,0.9911025762557983,0.9991463422775269,2859,1487,0.28230297565460205,0.9925421476364136,0.9987032413482666,2869,1403,0.2930809557437897,0.996300458908081,0.9994507431983948,2874,1377,0.29238054156303406,0.9968118071556091,0.9995854496955872,2880,1351,0.2918551564216614,0.9978548884391785,0.9995713829994202,2809,1564,0.4203813076019287,0.9941546320915222,0.9989238381385803,2865,1322,0.4707415699958801,0.9949067234992981,0.999647855758667,2717,1450,0.30373308062553406,0.9956419467926025,0.9996669292449951,2731,1361,0.31408411264419556,0.9944164752960205,0.9995156526565552,2325,1653,0.3989401161670685,0.9995680451393127,0.9996210336685181,2770,1071,0.4496780335903168,0.9998142123222351,0.9998341798782349,1914,1422,0.27151957154273987,0.02644306607544422,0.9845555424690247,2564,782,0.21358415484428406,0.060929495841264725,0.9977378845214844,2084,1530,0.08706637471914291,0.06026312708854675,0.9971455931663513,2842,877,-0.20646308362483978,0.6404351592063904,0.9996747970581055,2106,1550,0.05243169143795967,0.10522409528493881,0.9958456158638,2811,793,-0.28479641675949097,0.7681112885475159,0.999369204044342,2180,1618,0.030779428780078888,0.10889828205108643,0.9963772892951965,2785,961,-0.3076874315738678,0.7817127704620361,0.9994472861289978,2184,1590,0.0764215886592865,0.09632574766874313,0.997706413269043,2767,1003,-0.23033146560192108,0.7322703003883362,0.9997175335884094,1578,962,-0.001937223831191659,0.9859776496887207,0.9859719276428223,1899,619,0.0008250298560597003,0.9922716617584229,0.9906021356582642,1915,1829,-0.042179789394140244,0.16263888776302338,0.986029326915741,2661,1216,-0.20089638233184814,0.40005889534950256,0.9978965520858765,1392,1399,-0.5644487142562866,0.1732742339372635,0.9068883061408997,1661,1007,-0.5170456171035767,0.1614127904176712,0.9380888342857361,1396,1268,-0.6255730986595154,0.32734742760658264,0.7688412070274353,1479,1030,-0.5457701086997986,0.3421894609928131,0.8853646516799927,1352,1531,-0.8119609951972961,0.18664126098155975,0.5072527527809143,1542,1034,-0.6571124792098999,0.18627843260765076,0.6454689502716064,None,None,2788,919,None,None,None,None,None,None,nan,34.70,nan,nan,nan
False,/data/uabcvmsc/shared/newborn/30/24.08.24-25.08.24/HM20240825004306.jpeg,36.7,26.7
False,/data/uabcvmsc/shared/newborn/30/24.08.24-25.08.24/HM20240825004407.jpeg,36.7,26.9
False,/data/uabcvmsc/shared/newborn/30/24.08.24-25.08.24/HM20240825004508.jpeg,36.7,26.6
False,/data/uabcvmsc/shared/newborn/30/24.08.24-25.08.24/HM20240825004609.jpeg,36.6,26.7
False,/data/uabcvmsc/shared/newborn/30/24.08.24-25.08.24/HM20240825004711.jpeg,36.8,26.8
False,/data/uabcvmsc/shared/newborn/30/24.08.24-25.08.24/HM20240825004812.jpeg,36.8,26.9
False,/data/uabcvmsc/shared/newborn/30/24.08.24-25.08.24/HM20240825004913.jpeg,36.8,26.7
False,/data/uabcvmsc/shared/newborn/30/24.08.24-25.08.24/HM20240825005014.jpeg,36.8,26.8
False,/data/uabcvmsc/shared/newborn/30/24.08.24-25.08.24/HM20240825005115.jpeg,36.8,26.6
False,/data/uabcvmsc/shared/newborn/30/24.08.24-25.08.24/HM20240825005216.jpeg,36.8,26.4
False,/data/uabcvmsc/shared/newborn/30/24.08.24-25.08.24/HM20240825005318.jpeg,36.3,26.3
False,/data/uabcvmsc/shared/newborn/30/24.08.24-25.08.24/HM20240825005424.jpeg,36.5,26.6
False,/data/uabcvmsc/shared/newborn/30/24.08.24-25.08.24/HM20240825005525.jpeg,36.4,26.6
False,/data/uabcvmsc/shared/newborn/30/24.08.24-25.08.24/HM20240825005627.jpeg,36.4,26.4
False,/data/uabcvmsc/shared/newborn/30/24.08.24-25.08.24/HM20240825005728.jpeg,36.3,26.4
False,/data/uabcvmsc/shared/newborn/30/24.08.24-25.08.24/HM20240825005829.jpeg,36.4,26.3
False,/data/uabcvmsc/shared/newborn/30/24.08.24-25.08.24/HM20240825005931.jpeg,36.3,26.2
False,/data/uabcvmsc/shared/newborn/30/24.08.24-25.08.24/HM20240825010034.jpeg,36.4,26.5
False,/data/uabcvmsc/shared/newborn/30/24.08.24-25.08.24/HM20240825010135.jpeg,36.8,26.2
False,/data/uabcvmsc/shared/newborn/30/24.08.24-25.08.24/HM20240825010237.jpeg,36.8,26.3
False,/data/uabcvmsc/shared/newborn/30/24.08.24-25.08.24/HM20240825010338.jpeg,37.0,26.8
False,/data/uabcvmsc/shared/newborn/30/24.08.24-25.08.24/HM20240825010439.jpeg,37.3,26.7
False,/data/uabcvmsc/shared/newborn/30/24.08.24-25.08.24/HM20240825010541.jpeg,36.6,26.7
False,/data/uabcvmsc/shared/newborn/30/24.08.24-25.08.24/HM20240825010642.jpeg,36.5,26.4
False,/data/uabcvmsc/shared/newborn/30/24.08.24-25.08.24/HM20240825010744.jpeg,36.9,26.7
False,/data/uabcvmsc/shared/newborn/30/24.08.24-25.08.24/HM20240825010846.jpeg,36.4,26.5
False,/data/uabcvmsc/shared/newborn/30/24.08.24-25.08.24/HM20240825010948.jpeg,36.9,26.2
False,/data/uabcvmsc/shared/newborn/30/24.08.24-25.08.24/HM20240825011049.jpeg,37.0,26.6
False,/data/uabcvmsc/shared/newborn/30/24.08.24-25.08.24/HM20240825011150.jpeg,36.7,26.3
False,/data/uabcvmsc/shared/newborn/30/24.08.24-25.08.24/HM20240825011251.jpeg,36.8,26.2
False,/data/uabcvmsc/shared/newborn/30/24.08.24-25.08.24/HM20240825011352.jpeg,36.2,26.1
False,/data/uabcvmsc/shared/newborn/30/24.08.24-25.08.24/HM20240825011453.jpeg,36.6,26.3
False,/data/uabcvmsc/shared/newborn/30/24.08.24-25.08.24/HM20240825011554.jpeg,36.5,26.4
False,/data/uabcvmsc/shared/newborn/30/24.08.24-25.08.24/HM20240825011655.jpeg,36.7,26.3
False,/data/uabcvmsc/shared/newborn/30/24.08.24-25.08.24/HM20240825011757.jpeg,36.6,26.4
False,/data/uabcvmsc/shared/newborn/30/24.08.24-25.08.24/HM20240825011858.jpeg,37.0,26.5
False,/data/uabcvmsc/shared/newborn/30/24.08.24-25.08.24/HM20240825011959.jpeg,36.7,26.4
False,/data/uabcvmsc/shared/newborn/30/24.08.24-25.08.24/HM20240825012100.jpeg,36.6,26.5
False,/data/uabcvmsc/shared/newborn/30/24.08.24-25.08.24/HM20240825012201.jpeg,36.4,26.1
False,/data/uabcvmsc/shared/newborn/30/24.08.24-25.08.24/HM20240825012303.jpeg,36.2,26.6
False,/data/uabcvmsc/shared/newborn/30/24.08.24-25.08.24/HM20240825012404.jpeg,36.5,26.4
False,/data/uabcvmsc/shared/newborn/30/24.08.24-25.08.24/HM20240825012506.jpeg,36.6,26.1
False,/data/uabcvmsc/shared/newborn/30/24.08.24-25.08.24/HM20240825012607.jpeg,36.8,26.4
False,/data/uabcvmsc/shared/newborn/30/24.08.24-25.08.24/HM20240825012708.jpeg,36.5,26.2
False,/data/uabcvmsc/shared/newborn/30/24.08.24-25.08.24/HM20240825012809.jpeg,36.6,26.4
False,/data/uabcvmsc/shared/newborn/30/24.08.24-25.08.24/HM20240825012911.jpeg,36.7,26.1
False,/data/uabcvmsc/shared/newborn/30/24.08.24-25.08.24/HM20240825013013.jpeg,36.7,26.2
False,/data/uabcvmsc/shared/newborn/30/24.08.24-25.08.24/HM20240825013115.jpeg,36.7,26.0
False,/data/uabcvmsc/shared/newborn/30/24.08.24-25.08.24/HM20240825013217.jpeg,37.0,26.5
False,/data/uabcvmsc/shared/newborn/30/24.08.24-25.08.24/HM20240825013318.jpeg,36.9,26.5
False,/data/uabcvmsc/shared/newborn/30/24.08.24-25.08.24/HM20240825013419.jpeg,37.0,26.7
False,/data/uabcvmsc/shared/newborn/30/24.08.24-25.08.24/HM20240825013520.jpeg,36.7,26.5
False,/data/uabcvmsc/shared/newborn/30/24.08.24-25.08.24/HM20240825013621.jpeg,36.7,26.3
False,/data/uabcvmsc/shared/newborn/30/24.08.24-25.08.24/HM20240825013723.jpeg,36.5,26.4
False,/data/uabcvmsc/shared/newborn/30/24.08.24-25.08.24/HM20240825013825.jpeg,36.6,26.5
False,/data/uabcvmsc/shared/newborn/30/24.08.24-25.08.24/HM20240825013927.jpeg,36.6,26.5
False,/data/uabcvmsc/shared/newborn/30/24.08.24-25.08.24/HM20240825014028.jpeg,36.9,26.6
False,/data/uabcvmsc/shared/newborn/30/24.08.24-25.08.24/HM20240825014129.jpeg,36.6,26.5
False,/data/uabcvmsc/shared/newborn/30/24.08.24-25.08.24/HM20240825014230.jpeg,36.8,26.5
False,/data/uabcvmsc/shared/newborn/30/24.08.24-25.08.24/HM20240825014331.jpeg,36.3,26.2
False,/data/uabcvmsc/shared/newborn/30/24.08.24-25.08.24/HM20240825014432.jpeg,36.5,26.5
False,/data/uabcvmsc/shared/newborn/30/24.08.24-25.08.24/HM20240825014533.jpeg,36.3,26.4
False,/data/uabcvmsc/shared/newborn/30/24.08.24-25.08.24/HM20240825014636.jpeg,36.4,26.5
False,/data/uabcvmsc/shared/newborn/30/24.08.24-25.08.24/HM20240825014737.jpeg,36.3,26.5
False,/data/uabcvmsc/shared/newborn/30/24.08.24-25.08.24/HM20240825014838.jpeg,36.6,26.3
False,/data/uabcvmsc/shared/newborn/30/24.08.24-25.08.24/HM20240825014939.jpeg,36.8,26.5
False,/data/uabcvmsc/shared/newborn/30/24.08.24-25.08.24/HM20240825015040.jpeg,36.3,26.7
False,/data/uabcvmsc/shared/newborn/30/24.08.24-25.08.24/HM20240825015141.jpeg,36.3,26.6
True,/data/uabcvmsc/shared/newborn/30/24.08.24-25.08.24/HM20240825015242.jpeg,35.6,26.2,1170,807,-0.646059513092041,0.9857949018478394,0.9947454929351807,1138,739,-0.6842790842056274,0.9857865571975708,0.9930194020271301,1153,734,-0.6847879886627197,0.9799869656562805,0.9927002787590027,1169,729,-0.684704065322876,0.9818537831306458,0.9882920384407043,1112,732,-0.6673405170440674,0.9926425814628601,0.9947715401649475,1108,724,-0.6682846546173096,0.9939277172088623,0.9962367415428162,1103,716,-0.6688150763511658,0.9968149065971375,0.9957802295684814,1277,686,-0.714049220085144,0.9831454753875732,0.9837028980255127,1186,653,-0.6413785219192505,0.9953542947769165,0.9972565770149231,1277,810,-0.632993221282959,0.9722603559494019,0.9923678040504456,1248,816,-0.6155587434768677,0.9894826412200928,0.9941347241401672,1794,1001,-0.6014114022254944,0.9958134293556213,0.9938334226608276,1469,453,-0.5040844082832336,0.9994481205940247,0.9995525479316711,2222,1467,-0.5417628288269043,0.4244099259376526,0.9269075393676758,1783,461,-0.37197449803352356,0.01579541712999344,0.9932739734649658,1576,1321,-0.4990135133266449,0.22009806334972382,0.9819413423538208,1850,402,-0.3800617456436157,0.04537748545408249,0.9934272766113281,1446,1296,-0.5577501654624939,0.262862890958786,0.9838468432426453,1856,330,-0.4316987991333008,0.06612688302993774,0.98921799659729,1457,1113,-0.5855880975723267,0.2745663523674011,0.9844159483909607,1859,378,-0.4515952467918396,0.0735250860452652,0.9889033436775208,1500,1104,-0.5129928588867188,0.21811166405677795,0.9891853332519531,1870,420,-0.39074718952178955,0.06206934154033661,0.9935153722763062,2497,1121,-0.05901984125375748,0.9992126226425171,0.999649167060852,2353,797,0.058656446635723114,0.9995558857917786,0.9998871088027954,2846,1076,0.4589528441429138,0.1333586871623993,0.9915457367897034,2588,713,0.5430338978767395,0.00641761627048254,0.9992870688438416,3054,825,1.0022259950637817,0.1381479799747467,0.9683331251144409,2812,720,1.0728617906570435,0.008012994192540646,0.9926283359527588,3135,745,1.057232141494751,0.17944836616516113,0.9407154321670532,2886,711,1.1328579187393188,0.021928953006863594,0.9896531701087952,2928,956,1.0565191507339478,0.07726331055164337,0.9711726903915405,2717,780,1.153645396232605,0.011275398544967175,0.9945918917655945,1632,727,None,None,None,None,None,None,None,None,34.64,nan,nan,nan,nan
False,/data/uabcvmsc/shared/newborn/30/24.08.24-25.08.24/HM20240825015343.jpeg,36.2,26.2
False,/data/uabcvmsc/shared/newborn/30/24.08.24-25.08.24/HM20240825015445.jpeg,36.5,26.3
False,/data/uabcvmsc/shared/newborn/30/24.08.24-25.08.24/HM20240825015546.jpeg,36.7,26.0
False,/data/uabcvmsc/shared/newborn/30/24.08.24-25.08.24/HM20240825015647.jpeg,36.6,26.2
False,/data/uabcvmsc/shared/newborn/30/24.08.24-25.08.24/HM20240825015748.jpeg,36.8,26.2
False,/data/uabcvmsc/shared/newborn/30/24.08.24-25.08.24/HM20240825015849.jpeg,36.7,25.9
False,/data/uabcvmsc/shared/newborn/30/24.08.24-25.08.24/HM20240825015950.jpeg,36.5,25.8
False,/data/uabcvmsc/shared/newborn/30/24.08.24-25.08.24/HM20240825020051.jpeg,36.3,26.2
False,/data/uabcvmsc/shared/newborn/30/24.08.24-25.08.24/HM20240825020153.jpeg,36.5,26.3
False,/data/uabcvmsc/shared/newborn/30/24.08.24-25.08.24/HM20240825020254.jpeg,36.8,26.2
False,/data/uabcvmsc/shared/newborn/30/24.08.24-25.08.24/HM20240825020355.jpeg,37.0,26.5
False,/data/uabcvmsc/shared/newborn/30/24.08.24-25.08.24/HM20240825020456.jpeg,36.5,25.9
False,/data/uabcvmsc/shared/newborn/30/24.08.24-25.08.24/HM20240825020557.jpeg,36.5,26.4
False,/data/uabcvmsc/shared/newborn/30/24.08.24-25.08.24/HM20240825020658.jpeg,36.6,26.2
False,/data/uabcvmsc/shared/newborn/30/24.08.24-25.08.24/HM20240825020759.jpeg,36.2,25.9
False,/data/uabcvmsc/shared/newborn/30/24.08.24-25.08.24/HM20240825020900.jpeg,36.0,26.1
False,/data/uabcvmsc/shared/newborn/30/24.08.24-25.08.24/HM20240825021001.jpeg,36.6,26.1
False,/data/uabcvmsc/shared/newborn/30/24.08.24-25.08.24/HM20240825021102.jpeg,36.7,26.7
False,/data/uabcvmsc/shared/newborn/30/24.08.24-25.08.24/HM20240825021203.jpeg,36.4,26.3
False,/data/uabcvmsc/shared/newborn/30/24.08.24-25.08.24/HM20240825021304.jpeg,36.6,26.4
False,/data/uabcvmsc/shared/newborn/30/24.08.24-25.08.24/HM20240825021405.jpeg,36.1,26.3
False,/data/uabcvmsc/shared/newborn/30/24.08.24-25.08.24/HM20240825021506.jpeg,36.9,26.2
False,/data/uabcvmsc/shared/newborn/30/24.08.24-25.08.24/HM20240825021607.jpeg,36.8,26.5
False,/data/uabcvmsc/shared/newborn/30/24.08.24-25.08.24/HM20240825021714.jpeg,36.7,26.0
False,/data/uabcvmsc/shared/newborn/30/24.08.24-25.08.24/HM20240825021815.jpeg,36.2,26.2
False,/data/uabcvmsc/shared/newborn/30/24.08.24-25.08.24/HM20240825021917.jpeg,36.9,26.2
False,/data/uabcvmsc/shared/newborn/30/24.08.24-25.08.24/HM20240825022018.jpeg,36.5,26.3
False,/data/uabcvmsc/shared/newborn/30/24.08.24-25.08.24/HM20240825022119.jpeg,36.5,26.3
False,/data/uabcvmsc/shared/newborn/30/24.08.24-25.08.24/HM20240825022220.jpeg,36.0,26.2
False,/data/uabcvmsc/shared/newborn/30/24.08.24-25.08.24/HM20240825022321.jpeg,36.1,26.3
False,/data/uabcvmsc/shared/newborn/30/24.08.24-25.08.24/HM20240825022422.jpeg,36.2,25.9
False,/data/uabcvmsc/shared/newborn/30/24.08.24-25.08.24/HM20240825022524.jpeg,37.3,26.1
False,/data/uabcvmsc/shared/newborn/30/24.08.24-25.08.24/HM20240825022625.jpeg,35.9,26.1
True,/data/uabcvmsc/shared/newborn/30/24.08.24-25.08.24/HM20240825022726.jpeg,36.6,26.0,3015,1760,0.09256654977798462,0.9980892539024353,0.9993560910224915,3001,1847,0.15244537591934204,0.9977849721908569,0.9989789724349976,2968,1873,0.15180149674415588,0.997585654258728,0.9990060925483704,2946,1894,0.15182797610759735,0.9980862140655518,0.9985780715942383,3103,1770,0.1473911702632904,0.998363196849823,0.998638927936554,3135,1742,0.14686062932014465,0.9984706044197083,0.9986959099769592,3164,1726,0.1465156078338623,0.9987815022468567,0.9982500672340393,2912,1829,0.38613617420196533,0.9986028075218201,0.9989113807678223,3165,1627,0.3613932728767395,0.9962924122810364,0.9981702566146851,2901,1692,0.1754785031080246,0.9951974749565125,0.9987866282463074,3016,1618,0.16331563889980316,0.9936947226524353,0.9979245662689209,2545,1568,0.40918806195259094,0.9991523027420044,0.9985113739967346,3058,1162,0.38035649061203003,0.9985802173614502,0.9950738549232483,1978,1315,0.38310694694519043,0.012496847659349442,0.9393033385276794,2525,641,0.21831758320331573,0.016785576939582825,0.8352904319763184,2119,1257,0.24719363451004028,0.013887821696698666,0.9698488712310791,2510,930,-0.04343177378177643,0.06670718640089035,0.9826809763908386,2128,1211,0.21890367567539215,0.02973639965057373,0.9597053527832031,2483,985,-0.10081832855939865,0.1466263383626938,0.9821908473968506,2208,1272,0.21525806188583374,0.029812734574079514,0.966355562210083,2582,1084,-0.10595504939556122,0.15402978658676147,0.9867781400680542,2225,1271,0.245322585105896,0.028730209916830063,0.9769834876060486,2581,1084,-0.05435536429286003,0.13199976086616516,0.9915916919708252,1964,876,0.031394340097904205,0.9888855218887329,0.9869695901870728,2311,548,-0.03263060748577118,0.9868471026420593,0.9758418798446655,2129,1905,-0.08776922523975372,0.3007708489894867,0.983077347278595,2563,774,-0.13885603845119476,0.44034695625305176,0.9879040122032166,1562,1327,-0.40152785181999207,0.3644635081291199,0.9563972353935242,1862,299,-0.35205957293510437,0.46809306740760803,0.7706331014633179,1437,1086,-0.44157058000564575,0.512394905090332,0.8797468543052673,1699,189,-0.3726000189781189,0.504382848739624,0.6663069128990173,1209,1309,-0.646469235420227,0.34459900856018066,0.5642383098602295,1747,219,-0.5465601086616516,0.3561687767505646,0.2559695839881897,2802,1365,None,None,None,None,None,None,None,None,32.32,nan,nan,nan,nan
False,/data/uabcvmsc/shared/newborn/30/24.08.24-25.08.24/HM20240825022827.jpeg,39.6,25.9
False,/data/uabcvmsc/shared/newborn/30/24.08.24-25.08.24/HM20240825022928.jpeg,37.8,25.9
False,/data/uabcvmsc/shared/newborn/30/24.08.24-25.08.24/HM20240825023030.jpeg,37.4,26.1
False,/data/uabcvmsc/shared/newborn/30/24.08.24-25.08.24/HM20240825023132.jpeg,36.7,26.1
False,/data/uabcvmsc/shared/newborn/30/24.08.24-25.08.24/HM20240825023233.jpeg,36.6,26.4
False,/data/uabcvmsc/shared/newborn/30/24.08.24-25.08.24/HM20240825023334.jpeg,36.8,26.4
False,/data/uabcvmsc/shared/newborn/30/24.08.24-25.08.24/HM20240825023435.jpeg,36.3,26.2
False,/data/uabcvmsc/shared/newborn/30/24.08.24-25.08.24/HM20240825023536.jpeg,36.6,26.1
False,/data/uabcvmsc/shared/newborn/30/24.08.24-25.08.24/HM20240825023637.jpeg,36.5,26.1
False,/data/uabcvmsc/shared/newborn/30/24.08.24-25.08.24/HM20240825023742.jpeg,36.5,26.1
False,/data/uabcvmsc/shared/newborn/30/24.08.24-25.08.24/HM20240825023843.jpeg,36.1,23.2
False,/data/uabcvmsc/shared/newborn/30/24.08.24-25.08.24/HM20240825023945.jpeg,36.8,25.7
True,/data/uabcvmsc/shared/newborn/30/24.08.24-25.08.24/HM20240825024046.jpeg,36.7,22.1,2518,744,-1.2438085079193115,0.9985215067863464,0.9983880519866943,2382,914,-1.177894115447998,0.9967038035392761,0.9984048008918762,2300,902,-1.1790268421173096,0.9972409009933472,0.9983575940132141,2234,895,-1.1788594722747803,0.9964070916175842,0.9974976181983948,2583,954,-1.1738780736923218,0.9982876181602478,0.9982703924179077,2645,965,-1.1749931573867798,0.9990412592887878,0.9985707998275757,2704,974,-1.1758953332901,0.9987828135490417,0.9981693029403687,2156,849,-0.7075265049934387,0.9984911680221558,0.997047483921051,2838,908,-0.6841320395469666,0.9984778761863708,0.9974186420440674,2406,539,-1.0473992824554443,0.9920198321342468,0.9934119582176208,2654,583,-1.0489122867584229,0.9931901097297668,0.9888750314712524,1860,-30,-0.419684499502182,0.9925954937934875,0.9677010178565979,3319,145,-0.39300820231437683,0.9869557619094849,0.9403824210166931,1813,-924,-0.7047737240791321,0.1612202376127243,0.03790488466620445,3618,-795,-0.9927029609680176,0.09166774898767471,0.04913955554366112,2368,-337,-1.1781740188598633,0.06769496947526932,0.08008895814418793,3008,48,-1.8467154502868652,0.4507601261138916,0.8195757865905762,2363,-650,-1.284072995185852,0.15464819967746735,0.10639800131320953,2898,225,-2.040165424346924,0.6508932709693909,0.8998181819915771,2414,-475,-1.2847540378570557,0.20338456332683563,0.16323696076869965,2888,359,-2.0048718452453613,0.706508994102478,0.9457805156707764,2553,-35,-1.1821237802505493,0.1781807243824005,0.1514945775270462,2869,264,-1.8583589792251587,0.6609570980072021,0.9517307281494141,2442,-2116,0.0094199413433671,0.02077494002878666,0.0031955025624483824,3362,-1980,-0.010008239187300205,0.02398894913494587,0.003333071246743202,2538,-4027,-0.15787607431411743,0.0006643681554123759,0.00017430949083063751,3346,-3747,-0.6027786135673523,0.001112187746912241,0.0004367307701613754,2679,-5512,-0.03596356138586998,0.0013883216306567192,0.00034271497861482203,3550,-5276,-0.13743725419044495,0.0010181056568399072,0.0004541334055829793,2659,-5799,-0.05344867333769798,0.004504664335399866,0.0002747088728938252,3602,-5531,-0.10412988066673279,0.002404628787189722,0.0006456769187934697,2883,-5813,-0.558264434337616,0.002813617466017604,0.0011015471536666155,3474,-5684,-0.5125552415847778,0.0013776689302176237,0.001233645249158144,2590,58,2888,359,None,None,None,None,None,None,nan,nan,nan,nan,nan
False,/data/uabcvmsc/shared/newborn/30/24.08.24-25.08.24/HM20240825024148.jpeg,35.6,21.1
False,/data/uabcvmsc/shared/newborn/30/24.08.24-25.08.24/HM20240825024249.jpeg,34.3,21.1
False,/data/uabcvmsc/shared/newborn/30/24.08.24-25.08.24/HM20240825024350.jpeg,35.4,23.3
False,/data/uabcvmsc/shared/newborn/30/24.08.24-25.08.24/HM20240825024451.jpeg,36.2,23.1,2519,1457,0.1913759559392929,0.999784529209137,0.9999960660934448,2503,1497,0.21300096809864044,0.9994578957557678,0.9999887943267822,2489,1503,0.2127809226512909,0.999578058719635,0.9999892711639404,2475,1509,0.21282488107681274,0.9995625615119934,0.9999855756759644,2539,1482,0.2245122492313385,0.9995580315589905,0.9999823570251465,2549,1478,0.22421878576278687,0.9996310472488403,0.9999802112579346,2560,1475,0.22408075630664825,0.9994866847991943,0.9999713897705078,2426,1518,0.2867785394191742,0.9996862411499023,0.9999916553497314,2573,1465,0.33785006403923035,0.9989901185035706,0.9999730587005615,2471,1441,0.21659916639328003,0.9993222951889038,0.9999918937683105,2509,1424,0.22944745421409607,0.998671293258667,0.9999748468399048,2220,1456,0.2710046172142029,0.9999779462814331,0.9999936819076538,2552,1304,0.31641316413879395,0.999893069267273,0.999942421913147,1888,1436,0.18849855661392212,0.3385474681854248,0.9996727705001831,2525,1079,0.21013900637626648,0.04647005349397659,0.9983931183815002,1629,1511,0.08900051563978195,0.49317726492881775,0.9998577833175659,2459,990,0.05725033953785896,0.06677521765232086,0.9987016916275024,1559,1543,0.07641145586967468,0.6168633699417114,0.9997630715370178,2451,967,0.030384229496121407,0.12820357084274292,0.9988138675689697,1572,1561,0.05797330662608147,0.6205005645751953,0.9998038411140442,2445,994,0.02255265973508358,0.12144370377063751,0.9988850951194763,1606,1542,0.07945716381072998,0.6114667654037476,0.999876856803894,2444,1005,0.04688458889722824,0.14335407316684723,0.9992372989654541,2085,1076,-0.017020585015416145,0.9994528889656067,0.9999676942825317,2287,981,0.016242625191807747,0.999255359172821,0.9999436140060425,1933,1276,-0.1123780757188797,0.9432999491691589,0.9999864101409912,2518,915,-0.136921688914299,0.9670981168746948,0.9999642372131348,1710,1328,-0.35607704520225525,0.9675998687744141,0.9999139308929443,2290,915,-0.1287239044904709,0.6596112847328186,0.9999281167984009,1650,1242,-0.388327032327652,0.9890059232711792,0.9996782541275024,2219,885,-0.12869668006896973,0.9345921874046326,0.9999046325683594,1730,1529,-0.5449011921882629,0.9902717471122742,0.9990911483764648,2285,958,-0.2055717259645462,0.8701066970825195,0.9997676014900208
False,/data/uabcvmsc/shared/newborn/30/24.08.24-25.08.24/HM20240825024552.jpeg,36.1,23.2
False,/data/uabcvmsc/shared/newborn/30/24.08.24-25.08.24/HM20240825024654.jpeg,37.0,22.7
False,/data/uabcvmsc/shared/newborn/30/24.08.24-25.08.24/HM20240825024756.jpeg,36.8,22.5
True,/data/uabcvmsc/shared/newborn/30/24.08.24-25.08.24/HM20240825024857.jpeg,37.9,22.0,1109,1413,-0.6164983510971069,0.9925335645675659,0.9939903020858765,1103,1442,-0.6205793023109436,0.9942886829376221,0.9947970509529114,1096,1453,-0.6212521195411682,0.9931575655937195,0.9958751797676086,1091,1463,-0.621317982673645,0.9960660338401794,0.9953216910362244,1140,1420,-0.6588358879089355,0.9961601495742798,0.9894834160804749,1161,1414,-0.659471333026886,0.9954845905303955,0.9893866777420044,1180,1407,-0.6599782705307007,0.9961332082748413,0.9854322075843811,1169,1489,-0.5566278696060181,0.9976342916488647,0.9964818954467773,1284,1403,-0.7274060249328613,0.9888789653778076,0.9728062152862549,1150,1341,-0.5769637823104858,0.992713987827301,0.9969080090522766,1212,1350,-0.630052924156189,0.9873839616775513,0.9863561391830444,1353,1495,-0.3597032427787781,0.999541163444519,0.9996364116668701,1662,1152,-0.7370516657829285,0.9889683723449707,0.9835950136184692,1197,1378,-0.28567856550216675,0.029535366222262383,0.9982707500457764,1639,1052,-0.8860782384872437,0.09881122410297394,0.9513738751411438,947,1370,-0.38640233874320984,0.17569158971309662,0.9985236525535583,1313,1261,-1.0006334781646729,0.13253240287303925,0.9252001047134399,955,1355,-0.40205734968185425,0.3184068202972412,0.9964249730110168,1217,1307,-1.0935719013214111,0.15165163576602936,0.9036478996276855,895,1363,-0.4621337056159973,0.33776944875717163,0.9960641264915466,1192,1396,-1.0961631536483765,0.14775986969470978,0.8968346118927002,970,1313,-0.4118790626525879,0.29906970262527466,0.9974502921104431,1219,1387,-1.0133652687072754,0.10424954444169998,0.9302362203598022,2366,1397,0.15967954695224762,0.9987661838531494,0.9995081424713135,2504,1213,-0.15990592539310455,0.9985255599021912,0.999198853969574,2689,1393,0.6291059851646423,0.002975735580548644,0.9661256074905396,2934,1123,-0.1150408610701561,0.25747576355934143,0.9387041926383972,2722,1821,0.9013268947601318,0.007498427294194698,0.9671594500541687,2936,1567,0.13753244280815125,0.07560843229293823,0.9551123976707458,2706,1861,0.9227052330970764,0.02292420156300068,0.9389321804046631,2887,1627,0.16991394758224487,0.11698620021343231,0.9657671451568604,2684,2106,0.951271116733551,0.008160442113876343,0.9672081470489502,3000,1747,0.22276929020881653,0.048103660345077515,0.9497106671333313,1508,1324,None,None,None,None,None,None,None,None,34.72,nan,nan,nan,nan
False,/data/uabcvmsc/shared/newborn/30/24.08.24-25.08.24/HM20240825024959.jpeg,38.0,23.5
False,/data/uabcvmsc/shared/newborn/30/24.08.24-25.08.24/HM20240825025101.jpeg,38.0,23.3
False,/data/uabcvmsc/shared/newborn/30/24.08.24-25.08.24/HM20240825025202.jpeg,35.8,25.0
False,/data/uabcvmsc/shared/newborn/30/24.08.24-25.08.24/HM20240825025303.jpeg,35.4,24.1
True,/data/uabcvmsc/shared/newborn/30/24.08.24-25.08.24/HM20240825025404.jpeg,36.1,24.7,1089,189,-1.611682415008545,0.7997837066650391,0.6304061412811279,1088,-139,-1.6005258560180664,0.5580737590789795,0.593085765838623,1146,-178,-1.6019843816757202,0.6317389607429504,0.6322696208953857,1192,-207,-1.6020402908325195,0.6090297698974609,0.5809718370437622,857,5,-1.5898710489273071,0.6478722095489502,0.5620368719100952,780,33,-1.5915486812591553,0.7753445506095886,0.6180182099342346,692,64,-1.5931446552276611,0.7587424516677856,0.6061339378356934,1222,-232,-1.2728298902511597,0.8611838817596436,0.6371023058891296,642,107,-1.2101770639419556,0.7933911681175232,0.5916101336479187,1252,244,-1.4511867761611938,0.7666351795196533,0.7062803506851196,1030,345,-1.4419901371002197,0.7387452721595764,0.5434527397155762,2055,258,-1.0273555517196655,0.9968224763870239,0.9731355905532837,439,802,-0.819478452205658,0.9867089986801147,0.9252714514732361,2762,1479,-1.1777832508087158,0.7463601231575012,0.57911616563797,755,2060,-1.068480372428894,0.32540690898895264,0.7076206803321838,2392,1937,-1.5686651468276978,0.4150780439376831,0.790673017501831,1446,2462,-1.6836670637130737,0.3955845534801483,0.8921714425086975,2343,2332,-1.7220191955566406,0.5057677626609802,0.7030849456787109,1596,2664,-1.8638306856155396,0.4833579659461975,0.8456298112869263,2146,2136,-1.7474491596221924,0.5635232925415039,0.7691406607627869,1669,2470,-1.8767844438552856,0.5298274755477905,0.8910852670669556,2123,2062,-1.5810588598251343,0.519790768623352,0.7989333868026733,1676,2373,-1.7081408500671387,0.4948127567768097,0.9259602427482605,2206,2287,-0.08850102126598358,0.8462965488433838,0.7136871218681335,1284,2498,0.08767039328813553,0.8185840845108032,0.677566409111023,2773,4130,-0.24584650993347168,0.1209469810128212,0.06924425810575485,1826,4029,0.5198339223861694,0.026817958801984787,0.04969523102045059,2992,5622,0.15226806700229645,0.08080007880926132,0.036810316145420074,1994,5442,1.4259682893753052,0.02882096916437149,0.023473607376217842,3078,5766,0.17329932749271393,0.04241892322897911,0.020969174802303314,2080,5624,1.5076640844345093,0.025067679584026337,0.035741087049245834,2757,6359,-0.3273164927959442,0.0593688003718853,0.017206914722919464,2010,6066,1.176751732826233,0.016453715041279793,0.017375174909830093,1247,530,None,None,None,None,None,None,None,None,34.94,nan,nan,nan,nan
False,/data/uabcvmsc/shared/newborn/30/24.08.24-25.08.24/HM20240825025505.jpeg,34.3,24.5
True,/data/uabcvmsc/shared/newborn/30/24.08.24-25.08.24/HM20240825025606.jpeg,35.8,26.2,3086,814,0.3195330500602722,0.9999113082885742,0.9999979734420776,3116,803,0.36369800567626953,0.9999356269836426,0.9999966621398926,3128,817,0.36330142617225647,0.9998923540115356,0.9999969005584717,3138,833,0.3632846474647522,0.9999473094940186,0.9999963045120239,3075,759,0.3563002943992615,0.9999537467956543,0.9999958276748657,3057,746,0.35593539476394653,0.9999334812164307,0.9999963045120239,3040,731,0.35591763257980347,0.9999582767486572,0.9999947547912598,3092,879,0.49156761169433594,0.999961256980896,0.9999979734420776,2955,672,0.4657224416732788,0.9998891353607178,0.9999948740005493,3047,890,0.35988080501556396,0.9999418258666992,0.9999978542327881,2993,838,0.3495444655418396,0.9999010562896729,0.9999943971633911,2928,1229,0.4080136716365814,0.9999762773513794,0.9999914169311523,2626,736,0.3523952066898346,0.9999656677246094,0.9999855756759644,2661,1655,0.21330498158931732,0.011841961182653904,0.9992192983627319,2439,935,0.044726260006427765,0.4164113402366638,0.9997591376304626,2533,1931,-0.05715975537896156,0.0029533079359680414,0.9988693594932556,2818,1007,-0.1687803864479065,0.3464379608631134,0.9999431371688843,2505,2029,-0.09677661210298538,0.006527352146804333,0.9976297616958618,2906,1047,-0.22105033695697784,0.33040058612823486,0.9998914003372192,2525,1995,-0.10928209125995636,0.006102763116359711,0.9979700446128845,2936,1015,-0.1910218596458435,0.28134021162986755,0.9999240636825562,2522,1946,-0.06787648797035217,0.006251912098377943,0.9987930059432983,2905,1013,-0.16499049961566925,0.22623194754123688,0.9999624490737915,2373,1611,-0.0011305368971079588,0.9999954700469971,0.9999997615814209,2159,1282,0.0002161658921977505,0.9999979734420776,0.9999997615814209,2726,2291,-0.23125571012496948,0.8830667734146118,0.9999191761016846,1958,984,-0.35655540227890015,0.9849073886871338,0.9999964237213135,2117,2174,-0.15760889649391174,0.15916548669338226,0.9999450445175171,1392,1771,-0.619570255279541,0.9608064293861389,0.9998672008514404,2018,2090,-0.15033812820911407,0.33236896991729736,0.9998433589935303,1259,1961,-0.6437609791755676,0.9665753841400146,0.9995431900024414,2024,2343,-0.21788659691810608,0.12076956778764725,0.9986501336097717,1130,1633,-0.7728680372238159,0.9358550906181335,0.979784369468689,None,None,None,None,None,None,1260,1788,None,None,nan,nan,nan,30.98,nan
False,/data/uabcvmsc/shared/newborn/30/24.08.24-25.08.24/HM20240825090125.jpeg,35.9,26.3,2659,1078,0.14783403277397156,0.9995259046554565,0.9999983310699463,2707,1082,0.16882194578647614,0.9984361529350281,0.9999970197677612,2713,1097,0.16848377883434296,0.9991101622581482,0.9999978542327881,2718,1111,0.16838735342025757,0.9990332126617432,0.9999973773956299,2693,1037,0.16707365214824677,0.998711109161377,0.9999957084655762,2689,1022,0.1669377088546753,0.9991430044174194,0.999995231628418,2686,1006,0.1669236272573471,0.9986820816993713,0.9999927282333374,2707,1130,0.22112511098384857,0.9996883869171143,0.9999994039535522,2659,971,0.21940764784812927,0.9977157115936279,0.9999935626983643,2620,1108,0.1658826321363449,0.998910665512085,0.9999985694885254,2604,1060,0.1633663773536682,0.9978426694869995,0.9999934434890747,2532,1364,0.15085527300834656,0.9999991655349731,0.9999996423721313,2429,752,0.15760508179664612,0.9999788999557495,0.9999850988388062,2214,1596,-0.04821807146072388,0.07832718640565872,0.9999071359634399,2134,633,-0.03970969468355179,0.030371330678462982,0.9996261596679688,1986,1780,-0.2650620937347412,0.019481685012578964,0.9998693466186523,1981,496,-0.16615451872348785,0.00829213485121727,0.9990221261978149,1933,1853,-0.30820298194885254,0.028882084414362907,0.9997525811195374,1947,448,-0.19861634075641632,0.014693481847643852,0.9986931681632996,1957,1828,-0.3181939721107483,0.026497170329093933,0.9998328685760498,1982,453,-0.20992708206176758,0.014088044874370098,0.9992285966873169,1974,1779,-0.2763759195804596,0.032985102385282516,0.9998903274536133,2001,475,-0.17875880002975464,0.015914881601929665,0.9995038509368896,2259,1288,-0.0050923083908855915,0.9999136924743652,0.9999985694885254,2260,876,0.003960166126489639,0.9997074007987976,0.9999920129776001,2243,1748,-0.1927715539932251,0.25276264548301697,0.9999966621398926,2150,749,0.141364187002182,0.007312470581382513,0.9999674558639526,1921,1666,-0.25913262367248535,0.019829105585813522,0.9999487400054932,2057,898,0.2693912386894226,0.0008680649334564805,0.9997088313102722,1789,1604,-0.2712297737598419,0.34224432706832886,0.9997918009757996,1974,980,0.2800107002258301,0.029095105826854706,0.9997518658638,2000,1770,-0.3777664601802826,0.07405786961317062,0.9994970560073853,2121,802,0.24768851697444916,0.0053188130259513855,0.9995546936988831
False,/data/uabcvmsc/shared/newborn/30/24.08.24-25.08.24/HM20240825090227.jpeg,36.0,26.5
False,/data/uabcvmsc/shared/newborn/30/24.08.24-25.08.24/HM20240825090329.jpeg,36.0,26.3
False,/data/uabcvmsc/shared/newborn/30/24.08.24-25.08.24/HM20240825090430.jpeg,35.9,26.2
False,/data/uabcvmsc/shared/newborn/30/24.08.24-25.08.24/HM20240825090531.jpeg,36.1,26.2
False,/data/uabcvmsc/shared/newborn/30/24.08.24-25.08.24/HM20240825090632.jpeg,36.2,26.4
False,/data/uabcvmsc/shared/newborn/30/24.08.24-25.08.24/HM20240825090733.jpeg,36.1,26.5
False,/data/uabcvmsc/shared/newborn/30/24.08.24-25.08.24/HM20240825090836.jpeg,35.8,26.4
False,/data/uabcvmsc/shared/newborn/30/24.08.24-25.08.24/HM20240825090937.jpeg,36.1,26.2
False,/data/uabcvmsc/shared/newborn/30/24.08.24-25.08.24/HM20240825091038.jpeg,35.8,26.0
False,/data/uabcvmsc/shared/newborn/30/24.08.24-25.08.24/HM20240825091140.jpeg,35.9,26.0
True,/data/uabcvmsc/shared/newborn/30/24.08.24-25.08.24/HM20240825091245.jpeg,35.8,25.9,2810,1102,0.04632844775915146,0.9815855026245117,0.9988730549812317,2850,1096,0.05660795792937279,0.9811546206474304,0.9970970153808594,2858,1105,0.05636066943407059,0.9774761199951172,0.9975838661193848,2866,1115,0.05630343034863472,0.9906530380249023,0.9975469708442688,2828,1066,0.05591639131307602,0.984657347202301,0.9941113591194153,2820,1056,0.055585604161024094,0.9819893836975098,0.9941695928573608,2813,1046,0.05546969175338745,0.9879336953163147,0.9924041628837585,2867,1137,0.12818318605422974,0.9913445711135864,0.9989287257194519,2797,1042,0.12476073950529099,0.9590505361557007,0.9930532574653625,2796,1145,0.07739924639463425,0.9938303828239441,0.999675989151001,2768,1109,0.074308380484581,0.9891602396965027,0.9988453388214111,2696,1378,0.13762925565242767,0.9999136924743652,0.9999639987945557,2597,1054,0.10725334286689758,0.9991486072540283,0.9995166063308716,2406,1539,0.038173191249370575,0.4662743806838989,0.9996943473815918,2415,1301,-0.008639344945549965,0.07585978507995605,0.9992172718048096,2505,1571,-0.1435670405626297,0.5149311423301697,0.999988317489624,2512,1462,-0.17641285061836243,0.1750585436820984,0.9997155070304871,2553,1607,-0.1725311577320099,0.5783452391624451,0.9999538660049438,2514,1506,-0.21913038194179535,0.2549443542957306,0.9991807341575623,2581,1593,-0.18692730367183685,0.5859788060188293,0.9999587535858154,2563,1497,-0.22058048844337463,0.25723278522491455,0.9993103742599487,2576,1584,-0.15135662257671356,0.48647287487983704,0.9999828338623047,2564,1487,-0.1826850324869156,0.21059705317020416,0.9996895790100098,2103,1578,0.01206483319401741,0.9998791217803955,0.9999946355819702,2024,1342,-0.012346450239419937,0.9998754262924194,0.9999921321868896,1992,1956,-0.27253279089927673,0.3320983350276947,0.9977161884307861,1835,1270,-0.37337160110473633,0.33535805344581604,0.9986069798469543,1356,1584,-0.3115556836128235,0.09484788775444031,0.9984143972396851,1382,1814,-0.4378879964351654,0.16649049520492554,0.997104823589325,1306,1519,-0.3160378038883209,0.13111352920532227,0.9962803721427917,1324,1904,-0.44291892647743225,0.21489551663398743,0.9958076477050781,1185,1461,-0.4286017119884491,0.1049397811293602,0.9926046133041382,1296,1935,-0.5568686723709106,0.1935667097568512,0.9774624109268188,2646,1216,None,None,None,None,None,None,None,None,33.82,nan,nan,nan,nan
False,/data/uabcvmsc/shared/newborn/30/24.08.24-25.08.24/HM20240825091346.jpeg,35.8,26.1
True,/data/uabcvmsc/shared/newborn/30/24.08.24-25.08.24/HM20240825091447.jpeg,36.0,26.2,2569,1709,0.21643789112567902,0.9964773058891296,0.9999715089797974,2575,1723,0.25153157114982605,0.9951537847518921,0.9999481439590454,2566,1733,0.2513110041618347,0.9941084384918213,0.999950647354126,2560,1742,0.25133368372917175,0.9963349103927612,0.9999361038208008,2592,1681,0.23275010287761688,0.997288703918457,0.9999302625656128,2595,1662,0.23246432840824127,0.9973847270011902,0.9999309778213501,2597,1644,0.23241779208183289,0.9978092312812805,0.9999040365219116,2538,1727,0.37060874700546265,0.9976282715797424,0.9999638795852661,2586,1595,0.2874941825866699,0.9920172691345215,0.9998906850814819,2535,1710,0.25829678773880005,0.9962815642356873,0.9999630451202393,2549,1663,0.2322821170091629,0.9956015348434448,0.9999278783798218,2367,1721,0.37878620624542236,0.999885082244873,0.9999525547027588,2555,1449,0.19995726644992828,0.9997888207435608,0.9998236298561096,2125,1853,0.2363239824771881,0.017128564417362213,0.9986349940299988,2415,1515,-0.02228076569736004,0.1418198198080063,0.9984291195869446,2184,1955,-0.02346174791455269,0.04536968842148781,0.999667763710022,2555,1676,-0.20521652698516846,0.48333463072776794,0.9997202754020691,2196,1985,-0.06211882457137108,0.08885478228330612,0.9993315935134888,2587,1718,-0.2568328082561493,0.5357401967048645,0.9994602799415588,2243,1983,-0.06913527101278305,0.08622057735919952,0.9994663596153259,2590,1707,-0.24215061962604523,0.5109682083129883,0.9995984435081482,2243,1966,-0.033915210515260696,0.06753884255886078,0.999675989151001,2573,1692,-0.20630094408988953,0.3829464316368103,0.9997761845588684,1994,1577,0.060950424522161484,0.9998138546943665,0.9999679327011108,2103,1404,-0.06155506893992424,0.9998078942298889,0.9999476671218872,1803,1952,-0.14174965023994446,0.5422453880310059,0.9996187686920166,2042,1681,-0.23576109111309052,0.5075579285621643,0.9998917579650879,1485,1515,-0.27588900923728943,0.31417497992515564,0.9989720582962036,1550,1448,-0.33886149525642395,0.4392496645450592,0.9943209886550903,1455,1418,-0.29486340284347534,0.539097785949707,0.9966551065444946,1443,1394,-0.35130739212036133,0.5545576214790344,0.9879851937294006,1359,1458,-0.4323291480541229,0.35082319378852844,0.9871747493743896,1450,1444,-0.47249770164489746,0.4683581292629242,0.9330345988273621,2461,1585,None,None,None,None,None,None,None,None,34.00,nan,nan,nan,nan
False,/data/uabcvmsc/shared/newborn/30/24.08.24-25.08.24/HM20240825091548.jpeg,35.7,26.0
False,/data/uabcvmsc/shared/newborn/30/24.08.24-25.08.24/HM20240825091649.jpeg,35.9,26.3
False,/data/uabcvmsc/shared/newborn/30/24.08.24-25.08.24/HM20240825091752.jpeg,36.1,26.2
True,/data/uabcvmsc/shared/newborn/30/24.08.24-25.08.24/HM20240825091853.jpeg,35.9,26.0,2776,843,0.42572328448295593,0.9999868869781494,0.9999998807907104,2848,893,0.454702764749527,0.9999550580978394,0.9999997615814209,2848,909,0.4543931484222412,0.9999548196792603,0.9999997615814209,2844,923,0.4543983042240143,0.9999629259109497,0.9999997615814209,2836,825,0.452399879693985,0.9999758005142212,0.9999997615814209,2822,778,0.45209482312202454,0.9999769926071167,0.9999997615814209,2721,822,0.45212680101394653,0.9999774694442749,0.9999996423721313,2724,970,0.5218470692634583,0.9999841451644897,0.9999998807907104,2697,780,0.5158772468566895,0.9999638795852661,0.9999997615814209,2651,941,0.45018523931503296,0.9999594688415527,0.9999997615814209,2639,882,0.4456346333026886,0.9999585151672363,0.9999994039535522,2593,1181,0.4476848542690277,0.9999988079071045,0.9999988079071045,2562,532,0.45326751470565796,0.9999970197677612,0.9999967813491821,2416,1404,0.23030085861682892,0.12393434345722198,0.9998302459716797,2388,275,0.3594290614128113,0.39687615633010864,0.9999066591262817,2486,1560,-0.024185307323932648,0.24871939420700073,0.9999328851699829,2534,265,0.3382929861545563,0.6862894296646118,0.9999768733978271,2503,1648,-0.07294326275587082,0.2854970693588257,0.9998072981834412,2566,237,0.3161171078681946,0.6980862617492676,0.9999467134475708,2525,1638,-0.06843363493680954,0.24085617065429688,0.9998798370361328,2615,316,0.3282893896102905,0.6532805562019348,0.9999679327011108,2511,1583,-0.030731670558452606,0.21788211166858673,0.9999426603317261,2600,346,0.33727332949638367,0.6071493029594421,0.9999836683273315,2285,1152,0.004699751269072294,0.9999490976333618,0.9999971389770508,2224,734,-0.0054993219673633575,0.9999493360519409,0.9999966621398926,2106,1964,-0.22755049169063568,0.6299612522125244,0.9999750852584839,1692,670,-0.20800520479679108,0.36930039525032043,0.99998939037323,1347,1728,-0.18663209676742554,0.022610988467931747,0.998802661895752,1052,259,-0.2627171576023102,0.054905228316783905,0.9898884892463684,1180,1637,-0.18995341658592224,0.29747146368026733,0.995863676071167,869,305,-0.27270907163619995,0.37527522444725037,0.9823868274688721,1237,1830,-0.2830638885498047,0.050479717552661896,0.9838274717330933,954,-77,-0.3716687560081482,0.12664824724197388,0.903714120388031,None,None,None,None,None,None,None,None,None,None,nan,nan,nan,nan,nan
False,/data/uabcvmsc/shared/newborn/30/24.08.24-25.08.24/HM20240825091955.jpeg,36.1,26.3
